"Year","Month","sex","race","obitos","age_x"
2011,1,"Female","All_races",1583,0
2012,1,"Female","All_races",1484,0
2013,1,"Female","All_races",1502,0
2014,1,"Female","All_races",1511,0
2015,1,"Female","All_races",1491,0
2016,1,"Female","All_races",1477,0
2017,1,"Female","All_races",1354,0
2018,1,"Female","All_races",1491,0
2019,1,"Female","All_races",1480,0
2020,1,"Female","All_races",1328,0
2011,2,"Female","All_races",1409,0
2012,2,"Female","All_races",1401,0
2013,2,"Female","All_races",1399,0
2014,2,"Female","All_races",1340,0
2015,2,"Female","All_races",1288,0
2016,2,"Female","All_races",1400,0
2017,2,"Female","All_races",1310,0
2018,2,"Female","All_races",1295,0
2019,2,"Female","All_races",1311,0
2020,2,"Female","All_races",1232,0
2011,3,"Female","All_races",1679,0
2012,3,"Female","All_races",1524,0
2013,3,"Female","All_races",1535,0
2014,3,"Female","All_races",1521,0
2015,3,"Female","All_races",1507,0
2016,3,"Female","All_races",1519,0
2017,3,"Female","All_races",1575,0
2018,3,"Female","All_races",1501,0
2019,3,"Female","All_races",1447,0
2020,3,"Female","All_races",1461,0
2011,4,"Female","All_races",1628,0
2012,4,"Female","All_races",1541,0
2013,4,"Female","All_races",1652,0
2014,4,"Female","All_races",1498,0
2015,4,"Female","All_races",1509,0
2016,4,"Female","All_races",1645,0
2017,4,"Female","All_races",1544,0
2018,4,"Female","All_races",1539,0
2019,4,"Female","All_races",1573,0
2020,4,"Female","All_races",1288,0
2011,5,"Female","All_races",1584,0
2012,5,"Female","All_races",1623,0
2013,5,"Female","All_races",1636,0
2014,5,"Female","All_races",1645,0
2015,5,"Female","All_races",1674,0
2016,5,"Female","All_races",1654,0
2017,5,"Female","All_races",1613,0
2018,5,"Female","All_races",1597,0
2019,5,"Female","All_races",1592,0
2020,5,"Female","All_races",1295,0
2011,6,"Female","All_races",1509,0
2012,6,"Female","All_races",1597,0
2013,6,"Female","All_races",1585,0
2014,6,"Female","All_races",1522,0
2015,6,"Female","All_races",1532,0
2016,6,"Female","All_races",1565,0
2017,6,"Female","All_races",1492,0
2018,6,"Female","All_races",1470,0
2019,6,"Female","All_races",1485,0
2020,6,"Female","All_races",1233,0
2011,7,"Female","All_races",1564,0
2012,7,"Female","All_races",1611,0
2013,7,"Female","All_races",1528,0
2014,7,"Female","All_races",1490,0
2015,7,"Female","All_races",1478,0
2016,7,"Female","All_races",1486,0
2017,7,"Female","All_races",1527,0
2018,7,"Female","All_races",1449,0
2019,7,"Female","All_races",1380,0
2020,7,"Female","All_races",1188,0
2010,8,"Female","All_races",1557,0
2011,8,"Female","All_races",1514,0
2012,8,"Female","All_races",1511,0
2013,8,"Female","All_races",1488,0
2014,8,"Female","All_races",1451,0
2015,8,"Female","All_races",1390,0
2016,8,"Female","All_races",1354,0
2017,8,"Female","All_races",1451,0
2018,8,"Female","All_races",1446,0
2019,8,"Female","All_races",1399,0
2020,8,"Female","All_races",1189,0
2010,9,"Female","All_races",1449,0
2011,9,"Female","All_races",1397,0
2012,9,"Female","All_races",1416,0
2013,9,"Female","All_races",1388,0
2014,9,"Female","All_races",1457,0
2015,9,"Female","All_races",1304,0
2016,9,"Female","All_races",1297,0
2017,9,"Female","All_races",1352,0
2018,9,"Female","All_races",1368,0
2019,9,"Female","All_races",1304,0
2020,9,"Female","All_races",1136,0
2010,10,"Female","All_races",1416,0
2011,10,"Female","All_races",1439,0
2012,10,"Female","All_races",1573,0
2013,10,"Female","All_races",1386,0
2014,10,"Female","All_races",1438,0
2015,10,"Female","All_races",1392,0
2016,10,"Female","All_races",1308,0
2017,10,"Female","All_races",1392,0
2018,10,"Female","All_races",1384,0
2019,10,"Female","All_races",1316,0
2020,10,"Female","All_races",1166,0
2010,11,"Female","All_races",1477,0
2011,11,"Female","All_races",1377,0
2012,11,"Female","All_races",1408,0
2013,11,"Female","All_races",1396,0
2014,11,"Female","All_races",1473,0
2015,11,"Female","All_races",1483,0
2016,11,"Female","All_races",1268,0
2017,11,"Female","All_races",1389,0
2018,11,"Female","All_races",1406,0
2019,11,"Female","All_races",1324,0
2020,11,"Female","All_races",1112,0
2010,12,"Female","All_races",1459,0
2011,12,"Female","All_races",1490,0
2012,12,"Female","All_races",1442,0
2013,12,"Female","All_races",1513,0
2014,12,"Female","All_races",1511,0
2015,12,"Female","All_races",1438,0
2016,12,"Female","All_races",1423,0
2017,12,"Female","All_races",1507,0
2018,12,"Female","All_races",1437,0
2019,12,"Female","All_races",1327,0
2020,12,"Female","All_races",1240,0
2011,1,"Female","All_races",165,5
2012,1,"Female","All_races",137,5
2013,1,"Female","All_races",130,5
2014,1,"Female","All_races",123,5
2015,1,"Female","All_races",139,5
2016,1,"Female","All_races",98,5
2017,1,"Female","All_races",113,5
2018,1,"Female","All_races",97,5
2019,1,"Female","All_races",88,5
2020,1,"Female","All_races",119,5
2011,2,"Female","All_races",131,5
2012,2,"Female","All_races",107,5
2013,2,"Female","All_races",106,5
2014,2,"Female","All_races",99,5
2015,2,"Female","All_races",104,5
2016,2,"Female","All_races",109,5
2017,2,"Female","All_races",101,5
2018,2,"Female","All_races",86,5
2019,2,"Female","All_races",76,5
2020,2,"Female","All_races",115,5
2011,3,"Female","All_races",133,5
2012,3,"Female","All_races",144,5
2013,3,"Female","All_races",112,5
2014,3,"Female","All_races",120,5
2015,3,"Female","All_races",109,5
2016,3,"Female","All_races",128,5
2017,3,"Female","All_races",105,5
2018,3,"Female","All_races",118,5
2019,3,"Female","All_races",122,5
2020,3,"Female","All_races",97,5
2011,4,"Female","All_races",141,5
2012,4,"Female","All_races",129,5
2013,4,"Female","All_races",115,5
2014,4,"Female","All_races",124,5
2015,4,"Female","All_races",130,5
2016,4,"Female","All_races",113,5
2017,4,"Female","All_races",106,5
2018,4,"Female","All_races",111,5
2019,4,"Female","All_races",116,5
2020,4,"Female","All_races",70,5
2011,5,"Female","All_races",137,5
2012,5,"Female","All_races",148,5
2013,5,"Female","All_races",125,5
2014,5,"Female","All_races",121,5
2015,5,"Female","All_races",147,5
2016,5,"Female","All_races",120,5
2017,5,"Female","All_races",122,5
2018,5,"Female","All_races",115,5
2019,5,"Female","All_races",127,5
2020,5,"Female","All_races",101,5
2011,6,"Female","All_races",145,5
2012,6,"Female","All_races",118,5
2013,6,"Female","All_races",123,5
2014,6,"Female","All_races",126,5
2015,6,"Female","All_races",98,5
2016,6,"Female","All_races",118,5
2017,6,"Female","All_races",109,5
2018,6,"Female","All_races",123,5
2019,6,"Female","All_races",128,5
2020,6,"Female","All_races",83,5
2011,7,"Female","All_races",163,5
2012,7,"Female","All_races",126,5
2013,7,"Female","All_races",123,5
2014,7,"Female","All_races",114,5
2015,7,"Female","All_races",130,5
2016,7,"Female","All_races",129,5
2017,7,"Female","All_races",125,5
2018,7,"Female","All_races",103,5
2019,7,"Female","All_races",114,5
2020,7,"Female","All_races",84,5
2010,8,"Female","All_races",126,5
2011,8,"Female","All_races",123,5
2012,8,"Female","All_races",139,5
2013,8,"Female","All_races",115,5
2014,8,"Female","All_races",117,5
2015,8,"Female","All_races",102,5
2016,8,"Female","All_races",131,5
2017,8,"Female","All_races",90,5
2018,8,"Female","All_races",96,5
2019,8,"Female","All_races",114,5
2020,8,"Female","All_races",74,5
2010,9,"Female","All_races",121,5
2011,9,"Female","All_races",126,5
2012,9,"Female","All_races",130,5
2013,9,"Female","All_races",144,5
2014,9,"Female","All_races",109,5
2015,9,"Female","All_races",106,5
2016,9,"Female","All_races",98,5
2017,9,"Female","All_races",107,5
2018,9,"Female","All_races",112,5
2019,9,"Female","All_races",105,5
2020,9,"Female","All_races",68,5
2010,10,"Female","All_races",139,5
2011,10,"Female","All_races",129,5
2012,10,"Female","All_races",141,5
2013,10,"Female","All_races",121,5
2014,10,"Female","All_races",124,5
2015,10,"Female","All_races",109,5
2016,10,"Female","All_races",112,5
2017,10,"Female","All_races",123,5
2018,10,"Female","All_races",95,5
2019,10,"Female","All_races",117,5
2020,10,"Female","All_races",55,5
2010,11,"Female","All_races",126,5
2011,11,"Female","All_races",121,5
2012,11,"Female","All_races",117,5
2013,11,"Female","All_races",119,5
2014,11,"Female","All_races",130,5
2015,11,"Female","All_races",105,5
2016,11,"Female","All_races",101,5
2017,11,"Female","All_races",92,5
2018,11,"Female","All_races",117,5
2019,11,"Female","All_races",95,5
2020,11,"Female","All_races",82,5
2010,12,"Female","All_races",141,5
2011,12,"Female","All_races",146,5
2012,12,"Female","All_races",157,5
2013,12,"Female","All_races",131,5
2014,12,"Female","All_races",143,5
2015,12,"Female","All_races",102,5
2016,12,"Female","All_races",110,5
2017,12,"Female","All_races",117,5
2018,12,"Female","All_races",97,5
2019,12,"Female","All_races",126,5
2020,12,"Female","All_races",90,5
2011,1,"Female","All_races",191,10
2012,1,"Female","All_races",175,10
2013,1,"Female","All_races",176,10
2014,1,"Female","All_races",183,10
2015,1,"Female","All_races",175,10
2016,1,"Female","All_races",151,10
2017,1,"Female","All_races",135,10
2018,1,"Female","All_races",154,10
2019,1,"Female","All_races",151,10
2020,1,"Female","All_races",140,10
2011,2,"Female","All_races",148,10
2012,2,"Female","All_races",168,10
2013,2,"Female","All_races",149,10
2014,2,"Female","All_races",165,10
2015,2,"Female","All_races",134,10
2016,2,"Female","All_races",134,10
2017,2,"Female","All_races",149,10
2018,2,"Female","All_races",108,10
2019,2,"Female","All_races",121,10
2020,2,"Female","All_races",123,10
2011,3,"Female","All_races",163,10
2012,3,"Female","All_races",172,10
2013,3,"Female","All_races",171,10
2014,3,"Female","All_races",155,10
2015,3,"Female","All_races",143,10
2016,3,"Female","All_races",188,10
2017,3,"Female","All_races",139,10
2018,3,"Female","All_races",131,10
2019,3,"Female","All_races",135,10
2020,3,"Female","All_races",151,10
2011,4,"Female","All_races",157,10
2012,4,"Female","All_races",153,10
2013,4,"Female","All_races",161,10
2014,4,"Female","All_races",143,10
2015,4,"Female","All_races",147,10
2016,4,"Female","All_races",164,10
2017,4,"Female","All_races",113,10
2018,4,"Female","All_races",130,10
2019,4,"Female","All_races",133,10
2020,4,"Female","All_races",110,10
2011,5,"Female","All_races",164,10
2012,5,"Female","All_races",168,10
2013,5,"Female","All_races",141,10
2014,5,"Female","All_races",159,10
2015,5,"Female","All_races",171,10
2016,5,"Female","All_races",148,10
2017,5,"Female","All_races",150,10
2018,5,"Female","All_races",143,10
2019,5,"Female","All_races",140,10
2020,5,"Female","All_races",133,10
2011,6,"Female","All_races",177,10
2012,6,"Female","All_races",153,10
2013,6,"Female","All_races",163,10
2014,6,"Female","All_races",154,10
2015,6,"Female","All_races",159,10
2016,6,"Female","All_races",164,10
2017,6,"Female","All_races",144,10
2018,6,"Female","All_races",146,10
2019,6,"Female","All_races",115,10
2020,6,"Female","All_races",111,10
2011,7,"Female","All_races",161,10
2012,7,"Female","All_races",176,10
2013,7,"Female","All_races",175,10
2014,7,"Female","All_races",144,10
2015,7,"Female","All_races",144,10
2016,7,"Female","All_races",170,10
2017,7,"Female","All_races",157,10
2018,7,"Female","All_races",166,10
2019,7,"Female","All_races",165,10
2020,7,"Female","All_races",117,10
2010,8,"Female","All_races",175,10
2011,8,"Female","All_races",150,10
2012,8,"Female","All_races",154,10
2013,8,"Female","All_races",158,10
2014,8,"Female","All_races",155,10
2015,8,"Female","All_races",124,10
2016,8,"Female","All_races",150,10
2017,8,"Female","All_races",142,10
2018,8,"Female","All_races",151,10
2019,8,"Female","All_races",149,10
2020,8,"Female","All_races",111,10
2010,9,"Female","All_races",169,10
2011,9,"Female","All_races",154,10
2012,9,"Female","All_races",157,10
2013,9,"Female","All_races",173,10
2014,9,"Female","All_races",164,10
2015,9,"Female","All_races",122,10
2016,9,"Female","All_races",131,10
2017,9,"Female","All_races",141,10
2018,9,"Female","All_races",154,10
2019,9,"Female","All_races",138,10
2020,9,"Female","All_races",112,10
2010,10,"Female","All_races",188,10
2011,10,"Female","All_races",154,10
2012,10,"Female","All_races",186,10
2013,10,"Female","All_races",118,10
2014,10,"Female","All_races",155,10
2015,10,"Female","All_races",144,10
2016,10,"Female","All_races",160,10
2017,10,"Female","All_races",159,10
2018,10,"Female","All_races",119,10
2019,10,"Female","All_races",134,10
2020,10,"Female","All_races",127,10
2010,11,"Female","All_races",189,10
2011,11,"Female","All_races",156,10
2012,11,"Female","All_races",168,10
2013,11,"Female","All_races",152,10
2014,11,"Female","All_races",137,10
2015,11,"Female","All_races",132,10
2016,11,"Female","All_races",114,10
2017,11,"Female","All_races",146,10
2018,11,"Female","All_races",149,10
2019,11,"Female","All_races",123,10
2020,11,"Female","All_races",130,10
2010,12,"Female","All_races",198,10
2011,12,"Female","All_races",174,10
2012,12,"Female","All_races",185,10
2013,12,"Female","All_races",164,10
2014,12,"Female","All_races",157,10
2015,12,"Female","All_races",166,10
2016,12,"Female","All_races",133,10
2017,12,"Female","All_races",155,10
2018,12,"Female","All_races",155,10
2019,12,"Female","All_races",151,10
2020,12,"Female","All_races",143,10
2011,1,"Female","All_races",365,15
2012,1,"Female","All_races",328,15
2013,1,"Female","All_races",370,15
2014,1,"Female","All_races",332,15
2015,1,"Female","All_races",337,15
2016,1,"Female","All_races",312,15
2017,1,"Female","All_races",318,15
2018,1,"Female","All_races",295,15
2019,1,"Female","All_races",259,15
2020,1,"Female","All_races",311,15
2011,2,"Female","All_races",254,15
2012,2,"Female","All_races",319,15
2013,2,"Female","All_races",316,15
2014,2,"Female","All_races",282,15
2015,2,"Female","All_races",285,15
2016,2,"Female","All_races",296,15
2017,2,"Female","All_races",264,15
2018,2,"Female","All_races",276,15
2019,2,"Female","All_races",271,15
2020,2,"Female","All_races",274,15
2011,3,"Female","All_races",323,15
2012,3,"Female","All_races",312,15
2013,3,"Female","All_races",365,15
2014,3,"Female","All_races",321,15
2015,3,"Female","All_races",309,15
2016,3,"Female","All_races",323,15
2017,3,"Female","All_races",301,15
2018,3,"Female","All_races",274,15
2019,3,"Female","All_races",276,15
2020,3,"Female","All_races",315,15
2011,4,"Female","All_races",334,15
2012,4,"Female","All_races",351,15
2013,4,"Female","All_races",320,15
2014,4,"Female","All_races",319,15
2015,4,"Female","All_races",323,15
2016,4,"Female","All_races",338,15
2017,4,"Female","All_races",307,15
2018,4,"Female","All_races",311,15
2019,4,"Female","All_races",289,15
2020,4,"Female","All_races",269,15
2011,5,"Female","All_races",340,15
2012,5,"Female","All_races",345,15
2013,5,"Female","All_races",340,15
2014,5,"Female","All_races",350,15
2015,5,"Female","All_races",339,15
2016,5,"Female","All_races",325,15
2017,5,"Female","All_races",304,15
2018,5,"Female","All_races",308,15
2019,5,"Female","All_races",283,15
2020,5,"Female","All_races",290,15
2011,6,"Female","All_races",323,15
2012,6,"Female","All_races",350,15
2013,6,"Female","All_races",335,15
2014,6,"Female","All_races",331,15
2015,6,"Female","All_races",285,15
2016,6,"Female","All_races",287,15
2017,6,"Female","All_races",271,15
2018,6,"Female","All_races",275,15
2019,6,"Female","All_races",324,15
2020,6,"Female","All_races",251,15
2011,7,"Female","All_races",326,15
2012,7,"Female","All_races",335,15
2013,7,"Female","All_races",345,15
2014,7,"Female","All_races",303,15
2015,7,"Female","All_races",297,15
2016,7,"Female","All_races",329,15
2017,7,"Female","All_races",323,15
2018,7,"Female","All_races",253,15
2019,7,"Female","All_races",266,15
2020,7,"Female","All_races",283,15
2010,8,"Female","All_races",330,15
2011,8,"Female","All_races",343,15
2012,8,"Female","All_races",328,15
2013,8,"Female","All_races",311,15
2014,8,"Female","All_races",315,15
2015,8,"Female","All_races",299,15
2016,8,"Female","All_races",299,15
2017,8,"Female","All_races",344,15
2018,8,"Female","All_races",290,15
2019,8,"Female","All_races",263,15
2020,8,"Female","All_races",278,15
2010,9,"Female","All_races",327,15
2011,9,"Female","All_races",324,15
2012,9,"Female","All_races",313,15
2013,9,"Female","All_races",312,15
2014,9,"Female","All_races",311,15
2015,9,"Female","All_races",299,15
2016,9,"Female","All_races",275,15
2017,9,"Female","All_races",291,15
2018,9,"Female","All_races",296,15
2019,9,"Female","All_races",268,15
2020,9,"Female","All_races",278,15
2010,10,"Female","All_races",313,15
2011,10,"Female","All_races",351,15
2012,10,"Female","All_races",324,15
2013,10,"Female","All_races",290,15
2014,10,"Female","All_races",297,15
2015,10,"Female","All_races",310,15
2016,10,"Female","All_races",295,15
2017,10,"Female","All_races",317,15
2018,10,"Female","All_races",234,15
2019,10,"Female","All_races",263,15
2020,10,"Female","All_races",298,15
2010,11,"Female","All_races",300,15
2011,11,"Female","All_races",306,15
2012,11,"Female","All_races",287,15
2013,11,"Female","All_races",307,15
2014,11,"Female","All_races",281,15
2015,11,"Female","All_races",298,15
2016,11,"Female","All_races",286,15
2017,11,"Female","All_races",316,15
2018,11,"Female","All_races",282,15
2019,11,"Female","All_races",263,15
2020,11,"Female","All_races",276,15
2010,12,"Female","All_races",345,15
2011,12,"Female","All_races",352,15
2012,12,"Female","All_races",365,15
2013,12,"Female","All_races",354,15
2014,12,"Female","All_races",314,15
2015,12,"Female","All_races",363,15
2016,12,"Female","All_races",301,15
2017,12,"Female","All_races",307,15
2018,12,"Female","All_races",307,15
2019,12,"Female","All_races",281,15
2020,12,"Female","All_races",277,15
2011,1,"Female","All_races",434,20
2012,1,"Female","All_races",377,20
2013,1,"Female","All_races",393,20
2014,1,"Female","All_races",403,20
2015,1,"Female","All_races",400,20
2016,1,"Female","All_races",390,20
2017,1,"Female","All_races",367,20
2018,1,"Female","All_races",400,20
2019,1,"Female","All_races",368,20
2020,1,"Female","All_races",384,20
2011,2,"Female","All_races",354,20
2012,2,"Female","All_races",345,20
2013,2,"Female","All_races",355,20
2014,2,"Female","All_races",334,20
2015,2,"Female","All_races",343,20
2016,2,"Female","All_races",354,20
2017,2,"Female","All_races",350,20
2018,2,"Female","All_races",318,20
2019,2,"Female","All_races",338,20
2020,2,"Female","All_races",383,20
2011,3,"Female","All_races",391,20
2012,3,"Female","All_races",391,20
2013,3,"Female","All_races",387,20
2014,3,"Female","All_races",402,20
2015,3,"Female","All_races",375,20
2016,3,"Female","All_races",421,20
2017,3,"Female","All_races",397,20
2018,3,"Female","All_races",381,20
2019,3,"Female","All_races",377,20
2020,3,"Female","All_races",431,20
2011,4,"Female","All_races",388,20
2012,4,"Female","All_races",398,20
2013,4,"Female","All_races",368,20
2014,4,"Female","All_races",385,20
2015,4,"Female","All_races",366,20
2016,4,"Female","All_races",405,20
2017,4,"Female","All_races",354,20
2018,4,"Female","All_races",373,20
2019,4,"Female","All_races",373,20
2020,4,"Female","All_races",378,20
2011,5,"Female","All_races",382,20
2012,5,"Female","All_races",387,20
2013,5,"Female","All_races",402,20
2014,5,"Female","All_races",388,20
2015,5,"Female","All_races",406,20
2016,5,"Female","All_races",393,20
2017,5,"Female","All_races",378,20
2018,5,"Female","All_races",370,20
2019,5,"Female","All_races",384,20
2020,5,"Female","All_races",448,20
2011,6,"Female","All_races",389,20
2012,6,"Female","All_races",413,20
2013,6,"Female","All_races",360,20
2014,6,"Female","All_races",414,20
2015,6,"Female","All_races",351,20
2016,6,"Female","All_races",378,20
2017,6,"Female","All_races",352,20
2018,6,"Female","All_races",384,20
2019,6,"Female","All_races",401,20
2020,6,"Female","All_races",392,20
2011,7,"Female","All_races",389,20
2012,7,"Female","All_races",425,20
2013,7,"Female","All_races",409,20
2014,7,"Female","All_races",319,20
2015,7,"Female","All_races",338,20
2016,7,"Female","All_races",365,20
2017,7,"Female","All_races",396,20
2018,7,"Female","All_races",369,20
2019,7,"Female","All_races",403,20
2020,7,"Female","All_races",388,20
2010,8,"Female","All_races",391,20
2011,8,"Female","All_races",390,20
2012,8,"Female","All_races",381,20
2013,8,"Female","All_races",364,20
2014,8,"Female","All_races",401,20
2015,8,"Female","All_races",375,20
2016,8,"Female","All_races",353,20
2017,8,"Female","All_races",394,20
2018,8,"Female","All_races",380,20
2019,8,"Female","All_races",348,20
2020,8,"Female","All_races",410,20
2010,9,"Female","All_races",389,20
2011,9,"Female","All_races",386,20
2012,9,"Female","All_races",406,20
2013,9,"Female","All_races",327,20
2014,9,"Female","All_races",352,20
2015,9,"Female","All_races",359,20
2016,9,"Female","All_races",348,20
2017,9,"Female","All_races",400,20
2018,9,"Female","All_races",346,20
2019,9,"Female","All_races",352,20
2020,9,"Female","All_races",438,20
2010,10,"Female","All_races",415,20
2011,10,"Female","All_races",370,20
2012,10,"Female","All_races",399,20
2013,10,"Female","All_races",387,20
2014,10,"Female","All_races",345,20
2015,10,"Female","All_races",389,20
2016,10,"Female","All_races",370,20
2017,10,"Female","All_races",342,20
2018,10,"Female","All_races",379,20
2019,10,"Female","All_races",373,20
2020,10,"Female","All_races",447,20
2010,11,"Female","All_races",376,20
2011,11,"Female","All_races",393,20
2012,11,"Female","All_races",331,20
2013,11,"Female","All_races",348,20
2014,11,"Female","All_races",355,20
2015,11,"Female","All_races",372,20
2016,11,"Female","All_races",381,20
2017,11,"Female","All_races",349,20
2018,11,"Female","All_races",369,20
2019,11,"Female","All_races",416,20
2020,11,"Female","All_races",396,20
2010,12,"Female","All_races",415,20
2011,12,"Female","All_races",415,20
2012,12,"Female","All_races",412,20
2013,12,"Female","All_races",347,20
2014,12,"Female","All_races",368,20
2015,12,"Female","All_races",361,20
2016,12,"Female","All_races",396,20
2017,12,"Female","All_races",378,20
2018,12,"Female","All_races",378,20
2019,12,"Female","All_races",395,20
2020,12,"Female","All_races",446,20
2011,1,"Female","All_races",495,25
2012,1,"Female","All_races",484,25
2013,1,"Female","All_races",504,25
2014,1,"Female","All_races",488,25
2015,1,"Female","All_races",492,25
2016,1,"Female","All_races",463,25
2017,1,"Female","All_races",424,25
2018,1,"Female","All_races",438,25
2019,1,"Female","All_races",423,25
2020,1,"Female","All_races",420,25
2011,2,"Female","All_races",462,25
2012,2,"Female","All_races",488,25
2013,2,"Female","All_races",423,25
2014,2,"Female","All_races",438,25
2015,2,"Female","All_races",447,25
2016,2,"Female","All_races",485,25
2017,2,"Female","All_races",398,25
2018,2,"Female","All_races",396,25
2019,2,"Female","All_races",388,25
2020,2,"Female","All_races",433,25
2011,3,"Female","All_races",489,25
2012,3,"Female","All_races",477,25
2013,3,"Female","All_races",459,25
2014,3,"Female","All_races",496,25
2015,3,"Female","All_races",462,25
2016,3,"Female","All_races",477,25
2017,3,"Female","All_races",423,25
2018,3,"Female","All_races",428,25
2019,3,"Female","All_races",456,25
2020,3,"Female","All_races",488,25
2011,4,"Female","All_races",505,25
2012,4,"Female","All_races",479,25
2013,4,"Female","All_races",422,25
2014,4,"Female","All_races",473,25
2015,4,"Female","All_races",421,25
2016,4,"Female","All_races",494,25
2017,4,"Female","All_races",466,25
2018,4,"Female","All_races",421,25
2019,4,"Female","All_races",422,25
2020,4,"Female","All_races",431,25
2011,5,"Female","All_races",510,25
2012,5,"Female","All_races",468,25
2013,5,"Female","All_races",515,25
2014,5,"Female","All_races",503,25
2015,5,"Female","All_races",457,25
2016,5,"Female","All_races",466,25
2017,5,"Female","All_races",427,25
2018,5,"Female","All_races",421,25
2019,5,"Female","All_races",442,25
2020,5,"Female","All_races",537,25
2011,6,"Female","All_races",483,25
2012,6,"Female","All_races",468,25
2013,6,"Female","All_races",447,25
2014,6,"Female","All_races",437,25
2015,6,"Female","All_races",441,25
2016,6,"Female","All_races",431,25
2017,6,"Female","All_races",445,25
2018,6,"Female","All_races",406,25
2019,6,"Female","All_races",455,25
2020,6,"Female","All_races",513,25
2011,7,"Female","All_races",484,25
2012,7,"Female","All_races",513,25
2013,7,"Female","All_races",475,25
2014,7,"Female","All_races",460,25
2015,7,"Female","All_races",436,25
2016,7,"Female","All_races",438,25
2017,7,"Female","All_races",437,25
2018,7,"Female","All_races",400,25
2019,7,"Female","All_races",440,25
2020,7,"Female","All_races",510,25
2010,8,"Female","All_races",465,25
2011,8,"Female","All_races",497,25
2012,8,"Female","All_races",466,25
2013,8,"Female","All_races",452,25
2014,8,"Female","All_races",480,25
2015,8,"Female","All_races",438,25
2016,8,"Female","All_races",485,25
2017,8,"Female","All_races",433,25
2018,8,"Female","All_races",438,25
2019,8,"Female","All_races",422,25
2020,8,"Female","All_races",465,25
2010,9,"Female","All_races",514,25
2011,9,"Female","All_races",450,25
2012,9,"Female","All_races",468,25
2013,9,"Female","All_races",478,25
2014,9,"Female","All_races",520,25
2015,9,"Female","All_races",449,25
2016,9,"Female","All_races",383,25
2017,9,"Female","All_races",428,25
2018,9,"Female","All_races",421,25
2019,9,"Female","All_races",441,25
2020,9,"Female","All_races",478,25
2010,10,"Female","All_races",461,25
2011,10,"Female","All_races",527,25
2012,10,"Female","All_races",454,25
2013,10,"Female","All_races",469,25
2014,10,"Female","All_races",443,25
2015,10,"Female","All_races",465,25
2016,10,"Female","All_races",444,25
2017,10,"Female","All_races",450,25
2018,10,"Female","All_races",394,25
2019,10,"Female","All_races",441,25
2020,10,"Female","All_races",496,25
2010,11,"Female","All_races",454,25
2011,11,"Female","All_races",454,25
2012,11,"Female","All_races",432,25
2013,11,"Female","All_races",454,25
2014,11,"Female","All_races",401,25
2015,11,"Female","All_races",431,25
2016,11,"Female","All_races",452,25
2017,11,"Female","All_races",439,25
2018,11,"Female","All_races",398,25
2019,11,"Female","All_races",450,25
2020,11,"Female","All_races",469,25
2010,12,"Female","All_races",537,25
2011,12,"Female","All_races",510,25
2012,12,"Female","All_races",482,25
2013,12,"Female","All_races",490,25
2014,12,"Female","All_races",487,25
2015,12,"Female","All_races",440,25
2016,12,"Female","All_races",446,25
2017,12,"Female","All_races",419,25
2018,12,"Female","All_races",455,25
2019,12,"Female","All_races",395,25
2020,12,"Female","All_races",563,25
2011,1,"Female","All_races",643,30
2012,1,"Female","All_races",594,30
2013,1,"Female","All_races",671,30
2014,1,"Female","All_races",640,30
2015,1,"Female","All_races",660,30
2016,1,"Female","All_races",649,30
2017,1,"Female","All_races",627,30
2018,1,"Female","All_races",616,30
2019,1,"Female","All_races",621,30
2020,1,"Female","All_races",603,30
2011,2,"Female","All_races",572,30
2012,2,"Female","All_races",609,30
2013,2,"Female","All_races",572,30
2014,2,"Female","All_races",625,30
2015,2,"Female","All_races",562,30
2016,2,"Female","All_races",589,30
2017,2,"Female","All_races",578,30
2018,2,"Female","All_races",566,30
2019,2,"Female","All_races",596,30
2020,2,"Female","All_races",585,30
2011,3,"Female","All_races",666,30
2012,3,"Female","All_races",623,30
2013,3,"Female","All_races",686,30
2014,3,"Female","All_races",706,30
2015,3,"Female","All_races",632,30
2016,3,"Female","All_races",655,30
2017,3,"Female","All_races",649,30
2018,3,"Female","All_races",599,30
2019,3,"Female","All_races",564,30
2020,3,"Female","All_races",674,30
2011,4,"Female","All_races",609,30
2012,4,"Female","All_races",656,30
2013,4,"Female","All_races",629,30
2014,4,"Female","All_races",594,30
2015,4,"Female","All_races",632,30
2016,4,"Female","All_races",710,30
2017,4,"Female","All_races",591,30
2018,4,"Female","All_races",619,30
2019,4,"Female","All_races",595,30
2020,4,"Female","All_races",614,30
2011,5,"Female","All_races",649,30
2012,5,"Female","All_races",671,30
2013,5,"Female","All_races",678,30
2014,5,"Female","All_races",680,30
2015,5,"Female","All_races",648,30
2016,5,"Female","All_races",663,30
2017,5,"Female","All_races",585,30
2018,5,"Female","All_races",616,30
2019,5,"Female","All_races",634,30
2020,5,"Female","All_races",773,30
2011,6,"Female","All_races",632,30
2012,6,"Female","All_races",643,30
2013,6,"Female","All_races",622,30
2014,6,"Female","All_races",621,30
2015,6,"Female","All_races",645,30
2016,6,"Female","All_races",620,30
2017,6,"Female","All_races",634,30
2018,6,"Female","All_races",616,30
2019,6,"Female","All_races",604,30
2020,6,"Female","All_races",699,30
2011,7,"Female","All_races",592,30
2012,7,"Female","All_races",639,30
2013,7,"Female","All_races",638,30
2014,7,"Female","All_races",647,30
2015,7,"Female","All_races",622,30
2016,7,"Female","All_races",639,30
2017,7,"Female","All_races",664,30
2018,7,"Female","All_races",604,30
2019,7,"Female","All_races",583,30
2020,7,"Female","All_races",687,30
2010,8,"Female","All_races",603,30
2011,8,"Female","All_races",560,30
2012,8,"Female","All_races",650,30
2013,8,"Female","All_races",638,30
2014,8,"Female","All_races",612,30
2015,8,"Female","All_races",653,30
2016,8,"Female","All_races",618,30
2017,8,"Female","All_races",594,30
2018,8,"Female","All_races",562,30
2019,8,"Female","All_races",618,30
2020,8,"Female","All_races",641,30
2010,9,"Female","All_races",617,30
2011,9,"Female","All_races",629,30
2012,9,"Female","All_races",608,30
2013,9,"Female","All_races",674,30
2014,9,"Female","All_races",623,30
2015,9,"Female","All_races",570,30
2016,9,"Female","All_races",549,30
2017,9,"Female","All_races",582,30
2018,9,"Female","All_races",602,30
2019,9,"Female","All_races",597,30
2020,9,"Female","All_races",611,30
2010,10,"Female","All_races",615,30
2011,10,"Female","All_races",573,30
2012,10,"Female","All_races",680,30
2013,10,"Female","All_races",617,30
2014,10,"Female","All_races",653,30
2015,10,"Female","All_races",612,30
2016,10,"Female","All_races",645,30
2017,10,"Female","All_races",622,30
2018,10,"Female","All_races",592,30
2019,10,"Female","All_races",540,30
2020,10,"Female","All_races",659,30
2010,11,"Female","All_races",603,30
2011,11,"Female","All_races",599,30
2012,11,"Female","All_races",610,30
2013,11,"Female","All_races",607,30
2014,11,"Female","All_races",579,30
2015,11,"Female","All_races",565,30
2016,11,"Female","All_races",616,30
2017,11,"Female","All_races",586,30
2018,11,"Female","All_races",515,30
2019,11,"Female","All_races",595,30
2020,11,"Female","All_races",679,30
2010,12,"Female","All_races",671,30
2011,12,"Female","All_races",656,30
2012,12,"Female","All_races",652,30
2013,12,"Female","All_races",611,30
2014,12,"Female","All_races",662,30
2015,12,"Female","All_races",636,30
2016,12,"Female","All_races",612,30
2017,12,"Female","All_races",594,30
2018,12,"Female","All_races",585,30
2019,12,"Female","All_races",551,30
2020,12,"Female","All_races",757,30
2011,1,"Female","All_races",845,35
2012,1,"Female","All_races",752,35
2013,1,"Female","All_races",846,35
2014,1,"Female","All_races",805,35
2015,1,"Female","All_races",875,35
2016,1,"Female","All_races",901,35
2017,1,"Female","All_races",889,35
2018,1,"Female","All_races",835,35
2019,1,"Female","All_races",858,35
2020,1,"Female","All_races",859,35
2011,2,"Female","All_races",705,35
2012,2,"Female","All_races",685,35
2013,2,"Female","All_races",726,35
2014,2,"Female","All_races",764,35
2015,2,"Female","All_races",749,35
2016,2,"Female","All_races",785,35
2017,2,"Female","All_races",831,35
2018,2,"Female","All_races",749,35
2019,2,"Female","All_races",767,35
2020,2,"Female","All_races",799,35
2011,3,"Female","All_races",769,35
2012,3,"Female","All_races",819,35
2013,3,"Female","All_races",791,35
2014,3,"Female","All_races",864,35
2015,3,"Female","All_races",914,35
2016,3,"Female","All_races",884,35
2017,3,"Female","All_races",872,35
2018,3,"Female","All_races",903,35
2019,3,"Female","All_races",906,35
2020,3,"Female","All_races",918,35
2011,4,"Female","All_races",703,35
2012,4,"Female","All_races",778,35
2013,4,"Female","All_races",833,35
2014,4,"Female","All_races",821,35
2015,4,"Female","All_races",815,35
2016,4,"Female","All_races",912,35
2017,4,"Female","All_races",854,35
2018,4,"Female","All_races",810,35
2019,4,"Female","All_races",880,35
2020,4,"Female","All_races",974,35
2011,5,"Female","All_races",789,35
2012,5,"Female","All_races",765,35
2013,5,"Female","All_races",841,35
2014,5,"Female","All_races",841,35
2015,5,"Female","All_races",934,35
2016,5,"Female","All_races",951,35
2017,5,"Female","All_races",823,35
2018,5,"Female","All_races",890,35
2019,5,"Female","All_races",909,35
2020,5,"Female","All_races",1142,35
2011,6,"Female","All_races",702,35
2012,6,"Female","All_races",761,35
2013,6,"Female","All_races",802,35
2014,6,"Female","All_races",804,35
2015,6,"Female","All_races",836,35
2016,6,"Female","All_races",843,35
2017,6,"Female","All_races",828,35
2018,6,"Female","All_races",850,35
2019,6,"Female","All_races",855,35
2020,6,"Female","All_races",1062,35
2011,7,"Female","All_races",757,35
2012,7,"Female","All_races",795,35
2013,7,"Female","All_races",784,35
2014,7,"Female","All_races",821,35
2015,7,"Female","All_races",860,35
2016,7,"Female","All_races",900,35
2017,7,"Female","All_races",900,35
2018,7,"Female","All_races",857,35
2019,7,"Female","All_races",907,35
2020,7,"Female","All_races",1136,35
2010,8,"Female","All_races",785,35
2011,8,"Female","All_races",743,35
2012,8,"Female","All_races",774,35
2013,8,"Female","All_races",784,35
2014,8,"Female","All_races",791,35
2015,8,"Female","All_races",790,35
2016,8,"Female","All_races",877,35
2017,8,"Female","All_races",866,35
2018,8,"Female","All_races",827,35
2019,8,"Female","All_races",851,35
2020,8,"Female","All_races",1059,35
2010,9,"Female","All_races",747,35
2011,9,"Female","All_races",703,35
2012,9,"Female","All_races",707,35
2013,9,"Female","All_races",723,35
2014,9,"Female","All_races",774,35
2015,9,"Female","All_races",741,35
2016,9,"Female","All_races",785,35
2017,9,"Female","All_races",801,35
2018,9,"Female","All_races",834,35
2019,9,"Female","All_races",803,35
2020,9,"Female","All_races",949,35
2010,10,"Female","All_races",708,35
2011,10,"Female","All_races",738,35
2012,10,"Female","All_races",797,35
2013,10,"Female","All_races",738,35
2014,10,"Female","All_races",815,35
2015,10,"Female","All_races",810,35
2016,10,"Female","All_races",820,35
2017,10,"Female","All_races",860,35
2018,10,"Female","All_races",841,35
2019,10,"Female","All_races",834,35
2020,10,"Female","All_races",929,35
2010,11,"Female","All_races",735,35
2011,11,"Female","All_races",733,35
2012,11,"Female","All_races",775,35
2013,11,"Female","All_races",702,35
2014,11,"Female","All_races",767,35
2015,11,"Female","All_races",817,35
2016,11,"Female","All_races",840,35
2017,11,"Female","All_races",819,35
2018,11,"Female","All_races",771,35
2019,11,"Female","All_races",745,35
2020,11,"Female","All_races",913,35
2010,12,"Female","All_races",714,35
2011,12,"Female","All_races",750,35
2012,12,"Female","All_races",873,35
2013,12,"Female","All_races",783,35
2014,12,"Female","All_races",846,35
2015,12,"Female","All_races",840,35
2016,12,"Female","All_races",903,35
2017,12,"Female","All_races",845,35
2018,12,"Female","All_races",854,35
2019,12,"Female","All_races",813,35
2020,12,"Female","All_races",1081,35
2011,1,"Female","All_races",1176,40
2012,1,"Female","All_races",1104,40
2013,1,"Female","All_races",1114,40
2014,1,"Female","All_races",1065,40
2015,1,"Female","All_races",1087,40
2016,1,"Female","All_races",1077,40
2017,1,"Female","All_races",1169,40
2018,1,"Female","All_races",1048,40
2019,1,"Female","All_races",1040,40
2020,1,"Female","All_races",1169,40
2011,2,"Female","All_races",996,40
2012,2,"Female","All_races",1021,40
2013,2,"Female","All_races",1004,40
2014,2,"Female","All_races",928,40
2015,2,"Female","All_races",951,40
2016,2,"Female","All_races",1027,40
2017,2,"Female","All_races",967,40
2018,2,"Female","All_races",955,40
2019,2,"Female","All_races",1011,40
2020,2,"Female","All_races",1124,40
2011,3,"Female","All_races",1088,40
2012,3,"Female","All_races",1081,40
2013,3,"Female","All_races",1065,40
2014,3,"Female","All_races",1063,40
2015,3,"Female","All_races",1066,40
2016,3,"Female","All_races",1197,40
2017,3,"Female","All_races",1040,40
2018,3,"Female","All_races",1109,40
2019,3,"Female","All_races",1148,40
2020,3,"Female","All_races",1228,40
2011,4,"Female","All_races",988,40
2012,4,"Female","All_races",1048,40
2013,4,"Female","All_races",1045,40
2014,4,"Female","All_races",981,40
2015,4,"Female","All_races",1049,40
2016,4,"Female","All_races",1205,40
2017,4,"Female","All_races",1065,40
2018,4,"Female","All_races",1112,40
2019,4,"Female","All_races",1164,40
2020,4,"Female","All_races",1334,40
2011,5,"Female","All_races",1121,40
2012,5,"Female","All_races",1073,40
2013,5,"Female","All_races",1096,40
2014,5,"Female","All_races",1108,40
2015,5,"Female","All_races",1109,40
2016,5,"Female","All_races",1160,40
2017,5,"Female","All_races",1107,40
2018,5,"Female","All_races",1176,40
2019,5,"Female","All_races",1164,40
2020,5,"Female","All_races",1572,40
2011,6,"Female","All_races",1019,40
2012,6,"Female","All_races",1052,40
2013,6,"Female","All_races",1099,40
2014,6,"Female","All_races",1069,40
2015,6,"Female","All_races",1050,40
2016,6,"Female","All_races",1099,40
2017,6,"Female","All_races",1054,40
2018,6,"Female","All_races",1085,40
2019,6,"Female","All_races",1206,40
2020,6,"Female","All_races",1412,40
2011,7,"Female","All_races",1072,40
2012,7,"Female","All_races",1114,40
2013,7,"Female","All_races",1085,40
2014,7,"Female","All_races",1027,40
2015,7,"Female","All_races",1081,40
2016,7,"Female","All_races",1120,40
2017,7,"Female","All_races",1137,40
2018,7,"Female","All_races",1168,40
2019,7,"Female","All_races",1128,40
2020,7,"Female","All_races",1432,40
2010,8,"Female","All_races",1081,40
2011,8,"Female","All_races",1085,40
2012,8,"Female","All_races",1011,40
2013,8,"Female","All_races",1090,40
2014,8,"Female","All_races",1070,40
2015,8,"Female","All_races",1068,40
2016,8,"Female","All_races",1059,40
2017,8,"Female","All_races",1061,40
2018,8,"Female","All_races",1078,40
2019,8,"Female","All_races",1089,40
2020,8,"Female","All_races",1366,40
2010,9,"Female","All_races",993,40
2011,9,"Female","All_races",1018,40
2012,9,"Female","All_races",1082,40
2013,9,"Female","All_races",1043,40
2014,9,"Female","All_races",1022,40
2015,9,"Female","All_races",1040,40
2016,9,"Female","All_races",1057,40
2017,9,"Female","All_races",985,40
2018,9,"Female","All_races",1033,40
2019,9,"Female","All_races",1088,40
2020,9,"Female","All_races",1398,40
2010,10,"Female","All_races",1028,40
2011,10,"Female","All_races",1044,40
2012,10,"Female","All_races",1032,40
2013,10,"Female","All_races",977,40
2014,10,"Female","All_races",1028,40
2015,10,"Female","All_races",1069,40
2016,10,"Female","All_races",1102,40
2017,10,"Female","All_races",1064,40
2018,10,"Female","All_races",1054,40
2019,10,"Female","All_races",1166,40
2020,10,"Female","All_races",1282,40
2010,11,"Female","All_races",956,40
2011,11,"Female","All_races",1043,40
2012,11,"Female","All_races",1031,40
2013,11,"Female","All_races",957,40
2014,11,"Female","All_races",963,40
2015,11,"Female","All_races",997,40
2016,11,"Female","All_races",1020,40
2017,11,"Female","All_races",1026,40
2018,11,"Female","All_races",1054,40
2019,11,"Female","All_races",1078,40
2020,11,"Female","All_races",1229,40
2010,12,"Female","All_races",1059,40
2011,12,"Female","All_races",1026,40
2012,12,"Female","All_races",1091,40
2013,12,"Female","All_races",1000,40
2014,12,"Female","All_races",1061,40
2015,12,"Female","All_races",1064,40
2016,12,"Female","All_races",1091,40
2017,12,"Female","All_races",1093,40
2018,12,"Female","All_races",1091,40
2019,12,"Female","All_races",1155,40
2020,12,"Female","All_races",1482,40
2011,1,"Female","All_races",1587,45
2012,1,"Female","All_races",1472,45
2013,1,"Female","All_races",1527,45
2014,1,"Female","All_races",1512,45
2015,1,"Female","All_races",1480,45
2016,1,"Female","All_races",1552,45
2017,1,"Female","All_races",1490,45
2018,1,"Female","All_races",1498,45
2019,1,"Female","All_races",1408,45
2020,1,"Female","All_races",1472,45
2011,2,"Female","All_races",1280,45
2012,2,"Female","All_races",1413,45
2013,2,"Female","All_races",1376,45
2014,2,"Female","All_races",1353,45
2015,2,"Female","All_races",1287,45
2016,2,"Female","All_races",1439,45
2017,2,"Female","All_races",1365,45
2018,2,"Female","All_races",1299,45
2019,2,"Female","All_races",1305,45
2020,2,"Female","All_races",1417,45
2011,3,"Female","All_races",1499,45
2012,3,"Female","All_races",1443,45
2013,3,"Female","All_races",1523,45
2014,3,"Female","All_races",1426,45
2015,3,"Female","All_races",1503,45
2016,3,"Female","All_races",1614,45
2017,3,"Female","All_races",1440,45
2018,3,"Female","All_races",1411,45
2019,3,"Female","All_races",1461,45
2020,3,"Female","All_races",1559,45
2011,4,"Female","All_races",1412,45
2012,4,"Female","All_races",1398,45
2013,4,"Female","All_races",1528,45
2014,4,"Female","All_races",1406,45
2015,4,"Female","All_races",1433,45
2016,4,"Female","All_races",1609,45
2017,4,"Female","All_races",1338,45
2018,4,"Female","All_races",1446,45
2019,4,"Female","All_races",1491,45
2020,4,"Female","All_races",1698,45
2011,5,"Female","All_races",1463,45
2012,5,"Female","All_races",1495,45
2013,5,"Female","All_races",1650,45
2014,5,"Female","All_races",1516,45
2015,5,"Female","All_races",1581,45
2016,5,"Female","All_races",1613,45
2017,5,"Female","All_races",1522,45
2018,5,"Female","All_races",1522,45
2019,5,"Female","All_races",1549,45
2020,5,"Female","All_races",2034,45
2011,6,"Female","All_races",1516,45
2012,6,"Female","All_races",1553,45
2013,6,"Female","All_races",1531,45
2014,6,"Female","All_races",1441,45
2015,6,"Female","All_races",1391,45
2016,6,"Female","All_races",1579,45
2017,6,"Female","All_races",1440,45
2018,6,"Female","All_races",1500,45
2019,6,"Female","All_races",1522,45
2020,6,"Female","All_races",1875,45
2011,7,"Female","All_races",1553,45
2012,7,"Female","All_races",1603,45
2013,7,"Female","All_races",1585,45
2014,7,"Female","All_races",1449,45
2015,7,"Female","All_races",1484,45
2016,7,"Female","All_races",1555,45
2017,7,"Female","All_races",1556,45
2018,7,"Female","All_races",1505,45
2019,7,"Female","All_races",1509,45
2020,7,"Female","All_races",1916,45
2010,8,"Female","All_races",1510,45
2011,8,"Female","All_races",1473,45
2012,8,"Female","All_races",1438,45
2013,8,"Female","All_races",1512,45
2014,8,"Female","All_races",1498,45
2015,8,"Female","All_races",1446,45
2016,8,"Female","All_races",1542,45
2017,8,"Female","All_races",1471,45
2018,8,"Female","All_races",1407,45
2019,8,"Female","All_races",1499,45
2020,8,"Female","All_races",1810,45
2010,9,"Female","All_races",1478,45
2011,9,"Female","All_races",1500,45
2012,9,"Female","All_races",1448,45
2013,9,"Female","All_races",1403,45
2014,9,"Female","All_races",1412,45
2015,9,"Female","All_races",1380,45
2016,9,"Female","All_races",1294,45
2017,9,"Female","All_races",1445,45
2018,9,"Female","All_races",1448,45
2019,9,"Female","All_races",1455,45
2020,9,"Female","All_races",1744,45
2010,10,"Female","All_races",1474,45
2011,10,"Female","All_races",1489,45
2012,10,"Female","All_races",1534,45
2013,10,"Female","All_races",1430,45
2014,10,"Female","All_races",1498,45
2015,10,"Female","All_races",1417,45
2016,10,"Female","All_races",1387,45
2017,10,"Female","All_races",1461,45
2018,10,"Female","All_races",1449,45
2019,10,"Female","All_races",1419,45
2020,10,"Female","All_races",1682,45
2010,11,"Female","All_races",1371,45
2011,11,"Female","All_races",1391,45
2012,11,"Female","All_races",1421,45
2013,11,"Female","All_races",1396,45
2014,11,"Female","All_races",1378,45
2015,11,"Female","All_races",1453,45
2016,11,"Female","All_races",1387,45
2017,11,"Female","All_races",1332,45
2018,11,"Female","All_races",1410,45
2019,11,"Female","All_races",1342,45
2020,11,"Female","All_races",1608,45
2010,12,"Female","All_races",1496,45
2011,12,"Female","All_races",1533,45
2012,12,"Female","All_races",1419,45
2013,12,"Female","All_races",1490,45
2014,12,"Female","All_races",1461,45
2015,12,"Female","All_races",1485,45
2016,12,"Female","All_races",1417,45
2017,12,"Female","All_races",1441,45
2018,12,"Female","All_races",1458,45
2019,12,"Female","All_races",1490,45
2020,12,"Female","All_races",1847,45
2011,1,"Female","All_races",1942,50
2012,1,"Female","All_races",1863,50
2013,1,"Female","All_races",1949,50
2014,1,"Female","All_races",1939,50
2015,1,"Female","All_races",1959,50
2016,1,"Female","All_races",1957,50
2017,1,"Female","All_races",2070,50
2018,1,"Female","All_races",2054,50
2019,1,"Female","All_races",1945,50
2020,1,"Female","All_races",2007,50
2011,2,"Female","All_races",1715,50
2012,2,"Female","All_races",1795,50
2013,2,"Female","All_races",1759,50
2014,2,"Female","All_races",1807,50
2015,2,"Female","All_races",1727,50
2016,2,"Female","All_races",2001,50
2017,2,"Female","All_races",1835,50
2018,2,"Female","All_races",1815,50
2019,2,"Female","All_races",1811,50
2020,2,"Female","All_races",1778,50
2011,3,"Female","All_races",1909,50
2012,3,"Female","All_races",1876,50
2013,3,"Female","All_races",1900,50
2014,3,"Female","All_races",1878,50
2015,3,"Female","All_races",1996,50
2016,3,"Female","All_races",2179,50
2017,3,"Female","All_races",2006,50
2018,3,"Female","All_races",2087,50
2019,3,"Female","All_races",1904,50
2020,3,"Female","All_races",2171,50
2011,4,"Female","All_races",1877,50
2012,4,"Female","All_races",1877,50
2013,4,"Female","All_races",1975,50
2014,4,"Female","All_races",1815,50
2015,4,"Female","All_races",2081,50
2016,4,"Female","All_races",2235,50
2017,4,"Female","All_races",1958,50
2018,4,"Female","All_races",1968,50
2019,4,"Female","All_races",2000,50
2020,4,"Female","All_races",2330,50
2011,5,"Female","All_races",1957,50
2012,5,"Female","All_races",1914,50
2013,5,"Female","All_races",2056,50
2014,5,"Female","All_races",1994,50
2015,5,"Female","All_races",2164,50
2016,5,"Female","All_races",2195,50
2017,5,"Female","All_races",1992,50
2018,5,"Female","All_races",2192,50
2019,5,"Female","All_races",2116,50
2020,5,"Female","All_races",2781,50
2011,6,"Female","All_races",1843,50
2012,6,"Female","All_races",2000,50
2013,6,"Female","All_races",1900,50
2014,6,"Female","All_races",1946,50
2015,6,"Female","All_races",2074,50
2016,6,"Female","All_races",2121,50
2017,6,"Female","All_races",2051,50
2018,6,"Female","All_races",2101,50
2019,6,"Female","All_races",2089,50
2020,6,"Female","All_races",2538,50
2011,7,"Female","All_races",2046,50
2012,7,"Female","All_races",2068,50
2013,7,"Female","All_races",2093,50
2014,7,"Female","All_races",1969,50
2015,7,"Female","All_races",2125,50
2016,7,"Female","All_races",2165,50
2017,7,"Female","All_races",2201,50
2018,7,"Female","All_races",2153,50
2019,7,"Female","All_races",2195,50
2020,7,"Female","All_races",2682,50
2010,8,"Female","All_races",1996,50
2011,8,"Female","All_races",2027,50
2012,8,"Female","All_races",2002,50
2013,8,"Female","All_races",1996,50
2014,8,"Female","All_races",2042,50
2015,8,"Female","All_races",2079,50
2016,8,"Female","All_races",2044,50
2017,8,"Female","All_races",2067,50
2018,8,"Female","All_races",2028,50
2019,8,"Female","All_races",2067,50
2020,8,"Female","All_races",2549,50
2010,9,"Female","All_races",1783,50
2011,9,"Female","All_races",1877,50
2012,9,"Female","All_races",1904,50
2013,9,"Female","All_races",1912,50
2014,9,"Female","All_races",1945,50
2015,9,"Female","All_races",1881,50
2016,9,"Female","All_races",1917,50
2017,9,"Female","All_races",1983,50
2018,9,"Female","All_races",1956,50
2019,9,"Female","All_races",2013,50
2020,9,"Female","All_races",2231,50
2010,10,"Female","All_races",1838,50
2011,10,"Female","All_races",1930,50
2012,10,"Female","All_races",1902,50
2013,10,"Female","All_races",1816,50
2014,10,"Female","All_races",1900,50
2015,10,"Female","All_races",1989,50
2016,10,"Female","All_races",2000,50
2017,10,"Female","All_races",1971,50
2018,10,"Female","All_races",2033,50
2019,10,"Female","All_races",2110,50
2020,10,"Female","All_races",2214,50
2010,11,"Female","All_races",1808,50
2011,11,"Female","All_races",1794,50
2012,11,"Female","All_races",1766,50
2013,11,"Female","All_races",1757,50
2014,11,"Female","All_races",1842,50
2015,11,"Female","All_races",1846,50
2016,11,"Female","All_races",1872,50
2017,11,"Female","All_races",1924,50
2018,11,"Female","All_races",1925,50
2019,11,"Female","All_races",1829,50
2020,11,"Female","All_races",2163,50
2010,12,"Female","All_races",1887,50
2011,12,"Female","All_races",1911,50
2012,12,"Female","All_races",1945,50
2013,12,"Female","All_races",1806,50
2014,12,"Female","All_races",1966,50
2015,12,"Female","All_races",2068,50
2016,12,"Female","All_races",2051,50
2017,12,"Female","All_races",2049,50
2018,12,"Female","All_races",1922,50
2019,12,"Female","All_races",2017,50
2020,12,"Female","All_races",2540,50
2011,1,"Female","All_races",2376,55
2012,1,"Female","All_races",2274,55
2013,1,"Female","All_races",2397,55
2014,1,"Female","All_races",2421,55
2015,1,"Female","All_races",2602,55
2016,1,"Female","All_races",2606,55
2017,1,"Female","All_races",2569,55
2018,1,"Female","All_races",2617,55
2019,1,"Female","All_races",2698,55
2020,1,"Female","All_races",2704,55
2011,2,"Female","All_races",2078,55
2012,2,"Female","All_races",2299,55
2013,2,"Female","All_races",2199,55
2014,2,"Female","All_races",2231,55
2015,2,"Female","All_races",2202,55
2016,2,"Female","All_races",2463,55
2017,2,"Female","All_races",2337,55
2018,2,"Female","All_races",2299,55
2019,2,"Female","All_races",2371,55
2020,2,"Female","All_races",2607,55
2011,3,"Female","All_races",2341,55
2012,3,"Female","All_races",2295,55
2013,3,"Female","All_races",2400,55
2014,3,"Female","All_races",2378,55
2015,3,"Female","All_races",2609,55
2016,3,"Female","All_races",2782,55
2017,3,"Female","All_races",2722,55
2018,3,"Female","All_races",2641,55
2019,3,"Female","All_races",2688,55
2020,3,"Female","All_races",2803,55
2011,4,"Female","All_races",2299,55
2012,4,"Female","All_races",2232,55
2013,4,"Female","All_races",2430,55
2014,4,"Female","All_races",2401,55
2015,4,"Female","All_races",2529,55
2016,4,"Female","All_races",2768,55
2017,4,"Female","All_races",2604,55
2018,4,"Female","All_races",2644,55
2019,4,"Female","All_races",2609,55
2020,4,"Female","All_races",3051,55
2011,5,"Female","All_races",2439,55
2012,5,"Female","All_races",2362,55
2013,5,"Female","All_races",2620,55
2014,5,"Female","All_races",2522,55
2015,5,"Female","All_races",2702,55
2016,5,"Female","All_races",2934,55
2017,5,"Female","All_races",2713,55
2018,5,"Female","All_races",2822,55
2019,5,"Female","All_races",2946,55
2020,5,"Female","All_races",3844,55
2011,6,"Female","All_races",2375,55
2012,6,"Female","All_races",2367,55
2013,6,"Female","All_races",2425,55
2014,6,"Female","All_races",2544,55
2015,6,"Female","All_races",2662,55
2016,6,"Female","All_races",2842,55
2017,6,"Female","All_races",2791,55
2018,6,"Female","All_races",2731,55
2019,6,"Female","All_races",2856,55
2020,6,"Female","All_races",3493,55
2011,7,"Female","All_races",2504,55
2012,7,"Female","All_races",2608,55
2013,7,"Female","All_races",2644,55
2014,7,"Female","All_races",2561,55
2015,7,"Female","All_races",2732,55
2016,7,"Female","All_races",2688,55
2017,7,"Female","All_races",2910,55
2018,7,"Female","All_races",2871,55
2019,7,"Female","All_races",3027,55
2020,7,"Female","All_races",3584,55
2010,8,"Female","All_races",2361,55
2011,8,"Female","All_races",2329,55
2012,8,"Female","All_races",2466,55
2013,8,"Female","All_races",2585,55
2014,8,"Female","All_races",2579,55
2015,8,"Female","All_races",2557,55
2016,8,"Female","All_races",2676,55
2017,8,"Female","All_races",2765,55
2018,8,"Female","All_races",2737,55
2019,8,"Female","All_races",2862,55
2020,8,"Female","All_races",3420,55
2010,9,"Female","All_races",2231,55
2011,9,"Female","All_races",2321,55
2012,9,"Female","All_races",2435,55
2013,9,"Female","All_races",2437,55
2014,9,"Female","All_races",2488,55
2015,9,"Female","All_races",2533,55
2016,9,"Female","All_races",2499,55
2017,9,"Female","All_races",2521,55
2018,9,"Female","All_races",2547,55
2019,9,"Female","All_races",2646,55
2020,9,"Female","All_races",3129,55
2010,10,"Female","All_races",2218,55
2011,10,"Female","All_races",2266,55
2012,10,"Female","All_races",2410,55
2013,10,"Female","All_races",2481,55
2014,10,"Female","All_races",2620,55
2015,10,"Female","All_races",2468,55
2016,10,"Female","All_races",2624,55
2017,10,"Female","All_races",2619,55
2018,10,"Female","All_races",2714,55
2019,10,"Female","All_races",2728,55
2020,10,"Female","All_races",3113,55
2010,11,"Female","All_races",2128,55
2011,11,"Female","All_races",2204,55
2012,11,"Female","All_races",2224,55
2013,11,"Female","All_races",2293,55
2014,11,"Female","All_races",2272,55
2015,11,"Female","All_races",2359,55
2016,11,"Female","All_races",2446,55
2017,11,"Female","All_races",2433,55
2018,11,"Female","All_races",2474,55
2019,11,"Female","All_races",2551,55
2020,11,"Female","All_races",3069,55
2010,12,"Female","All_races",2251,55
2011,12,"Female","All_races",2263,55
2012,12,"Female","All_races",2386,55
2013,12,"Female","All_races",2415,55
2014,12,"Female","All_races",2386,55
2015,12,"Female","All_races",2585,55
2016,12,"Female","All_races",2492,55
2017,12,"Female","All_races",2628,55
2018,12,"Female","All_races",2668,55
2019,12,"Female","All_races",2685,55
2020,12,"Female","All_races",3440,55
2011,1,"Female","All_races",2820,60
2012,1,"Female","All_races",2751,60
2013,1,"Female","All_races",2822,60
2014,1,"Female","All_races",2891,60
2015,1,"Female","All_races",3126,60
2016,1,"Female","All_races",3159,60
2017,1,"Female","All_races",3285,60
2018,1,"Female","All_races",3315,60
2019,1,"Female","All_races",3426,60
2020,1,"Female","All_races",3409,60
2011,2,"Female","All_races",2433,60
2012,2,"Female","All_races",2574,60
2013,2,"Female","All_races",2598,60
2014,2,"Female","All_races",2757,60
2015,2,"Female","All_races",2734,60
2016,2,"Female","All_races",3026,60
2017,2,"Female","All_races",2961,60
2018,2,"Female","All_races",2934,60
2019,2,"Female","All_races",3020,60
2020,2,"Female","All_races",3278,60
2011,3,"Female","All_races",2651,60
2012,3,"Female","All_races",2743,60
2013,3,"Female","All_races",2788,60
2014,3,"Female","All_races",2879,60
2015,3,"Female","All_races",3060,60
2016,3,"Female","All_races",3310,60
2017,3,"Female","All_races",3269,60
2018,3,"Female","All_races",3445,60
2019,3,"Female","All_races",3446,60
2020,3,"Female","All_races",3786,60
2011,4,"Female","All_races",2635,60
2012,4,"Female","All_races",2669,60
2013,4,"Female","All_races",2885,60
2014,4,"Female","All_races",2744,60
2015,4,"Female","All_races",3147,60
2016,4,"Female","All_races",3340,60
2017,4,"Female","All_races",3299,60
2018,4,"Female","All_races",3382,60
2019,4,"Female","All_races",3545,60
2020,4,"Female","All_races",4189,60
2011,5,"Female","All_races",2817,60
2012,5,"Female","All_races",2972,60
2013,5,"Female","All_races",3063,60
2014,5,"Female","All_races",3015,60
2015,5,"Female","All_races",3273,60
2016,5,"Female","All_races",3487,60
2017,5,"Female","All_races",3500,60
2018,5,"Female","All_races",3611,60
2019,5,"Female","All_races",3723,60
2020,5,"Female","All_races",5083,60
2011,6,"Female","All_races",2789,60
2012,6,"Female","All_races",2843,60
2013,6,"Female","All_races",2965,60
2014,6,"Female","All_races",3023,60
2015,6,"Female","All_races",3311,60
2016,6,"Female","All_races",3529,60
2017,6,"Female","All_races",3465,60
2018,6,"Female","All_races",3629,60
2019,6,"Female","All_races",3760,60
2020,6,"Female","All_races",4553,60
2011,7,"Female","All_races",3019,60
2012,7,"Female","All_races",3215,60
2013,7,"Female","All_races",3113,60
2014,7,"Female","All_races",3148,60
2015,7,"Female","All_races",3318,60
2016,7,"Female","All_races",3478,60
2017,7,"Female","All_races",3678,60
2018,7,"Female","All_races",3728,60
2019,7,"Female","All_races",3955,60
2020,7,"Female","All_races",4652,60
2010,8,"Female","All_races",2732,60
2011,8,"Female","All_races",2999,60
2012,8,"Female","All_races",2954,60
2013,8,"Female","All_races",3056,60
2014,8,"Female","All_races",3180,60
2015,8,"Female","All_races",3128,60
2016,8,"Female","All_races",3356,60
2017,8,"Female","All_races",3483,60
2018,8,"Female","All_races",3414,60
2019,8,"Female","All_races",3702,60
2020,8,"Female","All_races",4561,60
2010,9,"Female","All_races",2665,60
2011,9,"Female","All_races",2781,60
2012,9,"Female","All_races",2802,60
2013,9,"Female","All_races",2826,60
2014,9,"Female","All_races",2932,60
2015,9,"Female","All_races",2987,60
2016,9,"Female","All_races",3188,60
2017,9,"Female","All_races",3306,60
2018,9,"Female","All_races",3336,60
2019,9,"Female","All_races",3385,60
2020,9,"Female","All_races",4064,60
2010,10,"Female","All_races",2698,60
2011,10,"Female","All_races",2685,60
2012,10,"Female","All_races",2867,60
2013,10,"Female","All_races",2917,60
2014,10,"Female","All_races",3063,60
2015,10,"Female","All_races",3052,60
2016,10,"Female","All_races",3186,60
2017,10,"Female","All_races",3353,60
2018,10,"Female","All_races",3450,60
2019,10,"Female","All_races",3461,60
2020,10,"Female","All_races",4041,60
2010,11,"Female","All_races",2542,60
2011,11,"Female","All_races",2703,60
2012,11,"Female","All_races",2625,60
2013,11,"Female","All_races",2773,60
2014,11,"Female","All_races",2796,60
2015,11,"Female","All_races",2902,60
2016,11,"Female","All_races",2944,60
2017,11,"Female","All_races",3183,60
2018,11,"Female","All_races",3272,60
2019,11,"Female","All_races",3369,60
2020,11,"Female","All_races",4079,60
2010,12,"Female","All_races",2681,60
2011,12,"Female","All_races",2676,60
2012,12,"Female","All_races",2781,60
2013,12,"Female","All_races",2838,60
2014,12,"Female","All_races",2999,60
2015,12,"Female","All_races",3195,60
2016,12,"Female","All_races",3129,60
2017,12,"Female","All_races",3283,60
2018,12,"Female","All_races",3511,60
2019,12,"Female","All_races",3438,60
2020,12,"Female","All_races",4740,60
2011,1,"Female","All_races",3330,65
2012,1,"Female","All_races",3098,65
2013,1,"Female","All_races",3325,65
2014,1,"Female","All_races",3443,65
2015,1,"Female","All_races",3623,65
2016,1,"Female","All_races",3615,65
2017,1,"Female","All_races",3790,65
2018,1,"Female","All_races",3972,65
2019,1,"Female","All_races",4074,65
2020,1,"Female","All_races",4207,65
2011,2,"Female","All_races",2876,65
2012,2,"Female","All_races",3030,65
2013,2,"Female","All_races",2952,65
2014,2,"Female","All_races",3267,65
2015,2,"Female","All_races",2968,65
2016,2,"Female","All_races",3662,65
2017,2,"Female","All_races",3425,65
2018,2,"Female","All_races",3423,65
2019,2,"Female","All_races",3696,65
2020,2,"Female","All_races",4079,65
2011,3,"Female","All_races",3138,65
2012,3,"Female","All_races",3156,65
2013,3,"Female","All_races",3302,65
2014,3,"Female","All_races",3335,65
2015,3,"Female","All_races",3677,65
2016,3,"Female","All_races",3981,65
2017,3,"Female","All_races",3812,65
2018,3,"Female","All_races",4094,65
2019,3,"Female","All_races",4112,65
2020,3,"Female","All_races",4533,65
2011,4,"Female","All_races",2970,65
2012,4,"Female","All_races",3110,65
2013,4,"Female","All_races",3252,65
2014,4,"Female","All_races",3281,65
2015,4,"Female","All_races",3684,65
2016,4,"Female","All_races",3975,65
2017,4,"Female","All_races",3762,65
2018,4,"Female","All_races",4025,65
2019,4,"Female","All_races",4153,65
2020,4,"Female","All_races",4755,65
2011,5,"Female","All_races",3287,65
2012,5,"Female","All_races",3406,65
2013,5,"Female","All_races",3490,65
2014,5,"Female","All_races",3536,65
2015,5,"Female","All_races",4087,65
2016,5,"Female","All_races",4056,65
2017,5,"Female","All_races",4184,65
2018,5,"Female","All_races",4357,65
2019,5,"Female","All_races",4604,65
2020,5,"Female","All_races",6144,65
2011,6,"Female","All_races",3386,65
2012,6,"Female","All_races",3358,65
2013,6,"Female","All_races",3503,65
2014,6,"Female","All_races",3520,65
2015,6,"Female","All_races",3852,65
2016,6,"Female","All_races",4153,65
2017,6,"Female","All_races",4027,65
2018,6,"Female","All_races",4338,65
2019,6,"Female","All_races",4558,65
2020,6,"Female","All_races",5509,65
2011,7,"Female","All_races",3500,65
2012,7,"Female","All_races",3700,65
2013,7,"Female","All_races",3692,65
2014,7,"Female","All_races",3603,65
2015,7,"Female","All_races",4045,65
2016,7,"Female","All_races",4229,65
2017,7,"Female","All_races",4393,65
2018,7,"Female","All_races",4411,65
2019,7,"Female","All_races",4790,65
2020,7,"Female","All_races",5709,65
2010,8,"Female","All_races",3237,65
2011,8,"Female","All_races",3353,65
2012,8,"Female","All_races",3408,65
2013,8,"Female","All_races",3616,65
2014,8,"Female","All_races",3678,65
2015,8,"Female","All_races",3793,65
2016,8,"Female","All_races",4003,65
2017,8,"Female","All_races",4099,65
2018,8,"Female","All_races",4374,65
2019,8,"Female","All_races",4693,65
2020,8,"Female","All_races",5555,65
2010,9,"Female","All_races",3229,65
2011,9,"Female","All_races",3215,65
2012,9,"Female","All_races",3349,65
2013,9,"Female","All_races",3445,65
2014,9,"Female","All_races",3503,65
2015,9,"Female","All_races",3621,65
2016,9,"Female","All_races",3663,65
2017,9,"Female","All_races",4024,65
2018,9,"Female","All_races",4076,65
2019,9,"Female","All_races",4301,65
2020,9,"Female","All_races",4988,65
2010,10,"Female","All_races",3137,65
2011,10,"Female","All_races",3212,65
2012,10,"Female","All_races",3413,65
2013,10,"Female","All_races",3423,65
2014,10,"Female","All_races",3533,65
2015,10,"Female","All_races",3671,65
2016,10,"Female","All_races",3818,65
2017,10,"Female","All_races",3971,65
2018,10,"Female","All_races",3979,65
2019,10,"Female","All_races",4259,65
2020,10,"Female","All_races",5175,65
2010,11,"Female","All_races",2902,65
2011,11,"Female","All_races",3121,65
2012,11,"Female","All_races",3120,65
2013,11,"Female","All_races",3147,65
2014,11,"Female","All_races",3254,65
2015,11,"Female","All_races",3554,65
2016,11,"Female","All_races",3575,65
2017,11,"Female","All_races",3726,65
2018,11,"Female","All_races",3928,65
2019,11,"Female","All_races",4036,65
2020,11,"Female","All_races",4734,65
2010,12,"Female","All_races",3238,65
2011,12,"Female","All_races",3117,65
2012,12,"Female","All_races",3187,65
2013,12,"Female","All_races",3412,65
2014,12,"Female","All_races",3467,65
2015,12,"Female","All_races",3672,65
2016,12,"Female","All_races",3831,65
2017,12,"Female","All_races",3951,65
2018,12,"Female","All_races",4122,65
2019,12,"Female","All_races",4271,65
2020,12,"Female","All_races",5601,65
2011,1,"Female","All_races",4168,70
2012,1,"Female","All_races",3738,70
2013,1,"Female","All_races",3954,70
2014,1,"Female","All_races",3934,70
2015,1,"Female","All_races",4200,70
2016,1,"Female","All_races",4093,70
2017,1,"Female","All_races",4177,70
2018,1,"Female","All_races",4426,70
2019,1,"Female","All_races",4850,70
2020,1,"Female","All_races",4890,70
2011,2,"Female","All_races",3742,70
2012,2,"Female","All_races",3581,70
2013,2,"Female","All_races",3452,70
2014,2,"Female","All_races",3753,70
2015,2,"Female","All_races",3641,70
2016,2,"Female","All_races",4028,70
2017,2,"Female","All_races",3940,70
2018,2,"Female","All_races",3973,70
2019,2,"Female","All_races",4090,70
2020,2,"Female","All_races",4494,70
2011,3,"Female","All_races",3848,70
2012,3,"Female","All_races",3836,70
2013,3,"Female","All_races",3976,70
2014,3,"Female","All_races",3896,70
2015,3,"Female","All_races",4078,70
2016,3,"Female","All_races",4337,70
2017,3,"Female","All_races",4454,70
2018,3,"Female","All_races",4631,70
2019,3,"Female","All_races",4796,70
2020,3,"Female","All_races",5050,70
2011,4,"Female","All_races",3732,70
2012,4,"Female","All_races",3658,70
2013,4,"Female","All_races",3996,70
2014,4,"Female","All_races",3811,70
2015,4,"Female","All_races",4150,70
2016,4,"Female","All_races",4551,70
2017,4,"Female","All_races",4497,70
2018,4,"Female","All_races",4560,70
2019,4,"Female","All_races",4725,70
2020,4,"Female","All_races",5417,70
2011,5,"Female","All_races",3963,70
2012,5,"Female","All_races",4039,70
2013,5,"Female","All_races",4250,70
2014,5,"Female","All_races",4136,70
2015,5,"Female","All_races",4555,70
2016,5,"Female","All_races",4597,70
2017,5,"Female","All_races",4771,70
2018,5,"Female","All_races",4875,70
2019,5,"Female","All_races",5178,70
2020,5,"Female","All_races",7026,70
2011,6,"Female","All_races",4069,70
2012,6,"Female","All_races",4114,70
2013,6,"Female","All_races",4194,70
2014,6,"Female","All_races",4148,70
2015,6,"Female","All_races",4347,70
2016,6,"Female","All_races",4810,70
2017,6,"Female","All_races",4831,70
2018,6,"Female","All_races",5071,70
2019,6,"Female","All_races",5080,70
2020,6,"Female","All_races",6326,70
2011,7,"Female","All_races",4304,70
2012,7,"Female","All_races",4444,70
2013,7,"Female","All_races",4475,70
2014,7,"Female","All_races",4425,70
2015,7,"Female","All_races",4672,70
2016,7,"Female","All_races",4845,70
2017,7,"Female","All_races",5163,70
2018,7,"Female","All_races",5094,70
2019,7,"Female","All_races",5437,70
2020,7,"Female","All_races",6680,70
2010,8,"Female","All_races",4127,70
2011,8,"Female","All_races",4072,70
2012,8,"Female","All_races",4134,70
2013,8,"Female","All_races",4292,70
2014,8,"Female","All_races",4443,70
2015,8,"Female","All_races",4312,70
2016,8,"Female","All_races",4609,70
2017,8,"Female","All_races",4886,70
2018,8,"Female","All_races",4908,70
2019,8,"Female","All_races",5005,70
2020,8,"Female","All_races",6329,70
2010,9,"Female","All_races",3993,70
2011,9,"Female","All_races",3924,70
2012,9,"Female","All_races",4024,70
2013,9,"Female","All_races",4101,70
2014,9,"Female","All_races",3993,70
2015,9,"Female","All_races",4130,70
2016,9,"Female","All_races",4159,70
2017,9,"Female","All_races",4574,70
2018,9,"Female","All_races",4769,70
2019,9,"Female","All_races",4830,70
2020,9,"Female","All_races",5868,70
2010,10,"Female","All_races",3878,70
2011,10,"Female","All_races",3919,70
2012,10,"Female","All_races",4021,70
2013,10,"Female","All_races",3969,70
2014,10,"Female","All_races",4280,70
2015,10,"Female","All_races",4195,70
2016,10,"Female","All_races",4398,70
2017,10,"Female","All_races",4640,70
2018,10,"Female","All_races",4640,70
2019,10,"Female","All_races",4855,70
2020,10,"Female","All_races",5752,70
2010,11,"Female","All_races",3741,70
2011,11,"Female","All_races",3752,70
2012,11,"Female","All_races",3663,70
2013,11,"Female","All_races",3753,70
2014,11,"Female","All_races",3959,70
2015,11,"Female","All_races",4086,70
2016,11,"Female","All_races",3994,70
2017,11,"Female","All_races",4224,70
2018,11,"Female","All_races",4457,70
2019,11,"Female","All_races",4580,70
2020,11,"Female","All_races",5567,70
2010,12,"Female","All_races",3997,70
2011,12,"Female","All_races",3713,70
2012,12,"Female","All_races",4063,70
2013,12,"Female","All_races",3886,70
2014,12,"Female","All_races",4006,70
2015,12,"Female","All_races",4265,70
2016,12,"Female","All_races",4225,70
2017,12,"Female","All_races",4511,70
2018,12,"Female","All_races",4717,70
2019,12,"Female","All_races",4840,70
2020,12,"Female","All_races",6433,70
2011,1,"Female","All_races",4756,75
2012,1,"Female","All_races",4496,75
2013,1,"Female","All_races",4402,75
2014,1,"Female","All_races",4964,75
2015,1,"Female","All_races",5247,75
2016,1,"Female","All_races",5221,75
2017,1,"Female","All_races",5085,75
2018,1,"Female","All_races",5070,75
2019,1,"Female","All_races",5348,75
2020,1,"Female","All_races",5419,75
2011,2,"Female","All_races",4128,75
2012,2,"Female","All_races",4206,75
2013,2,"Female","All_races",4126,75
2014,2,"Female","All_races",4772,75
2015,2,"Female","All_races",4300,75
2016,2,"Female","All_races",5030,75
2017,2,"Female","All_races",4652,75
2018,2,"Female","All_races",4574,75
2019,2,"Female","All_races",4823,75
2020,2,"Female","All_races",4958,75
2011,3,"Female","All_races",4360,75
2012,3,"Female","All_races",4437,75
2013,3,"Female","All_races",4541,75
2014,3,"Female","All_races",4590,75
2015,3,"Female","All_races",4889,75
2016,3,"Female","All_races",5505,75
2017,3,"Female","All_races",5426,75
2018,3,"Female","All_races",5249,75
2019,3,"Female","All_races",5251,75
2020,3,"Female","All_races",5797,75
2011,4,"Female","All_races",4383,75
2012,4,"Female","All_races",4310,75
2013,4,"Female","All_races",4656,75
2014,4,"Female","All_races",4647,75
2015,4,"Female","All_races",5226,75
2016,4,"Female","All_races",5574,75
2017,4,"Female","All_races",5191,75
2018,4,"Female","All_races",5357,75
2019,4,"Female","All_races",5496,75
2020,4,"Female","All_races",5794,75
2011,5,"Female","All_races",4529,75
2012,5,"Female","All_races",4695,75
2013,5,"Female","All_races",5080,75
2014,5,"Female","All_races",5026,75
2015,5,"Female","All_races",5716,75
2016,5,"Female","All_races",5642,75
2017,5,"Female","All_races",5646,75
2018,5,"Female","All_races",5658,75
2019,5,"Female","All_races",6012,75
2020,5,"Female","All_races",7531,75
2011,6,"Female","All_races",4900,75
2012,6,"Female","All_races",4882,75
2013,6,"Female","All_races",4992,75
2014,6,"Female","All_races",5128,75
2015,6,"Female","All_races",5609,75
2016,6,"Female","All_races",5867,75
2017,6,"Female","All_races",5752,75
2018,6,"Female","All_races",5854,75
2019,6,"Female","All_races",6020,75
2020,6,"Female","All_races",6738,75
2011,7,"Female","All_races",5182,75
2012,7,"Female","All_races",5261,75
2013,7,"Female","All_races",5411,75
2014,7,"Female","All_races",5276,75
2015,7,"Female","All_races",5799,75
2016,7,"Female","All_races",5980,75
2017,7,"Female","All_races",6060,75
2018,7,"Female","All_races",5977,75
2019,7,"Female","All_races",6316,75
2020,7,"Female","All_races",7061,75
2010,8,"Female","All_races",4761,75
2011,8,"Female","All_races",4854,75
2012,8,"Female","All_races",4945,75
2013,8,"Female","All_races",5204,75
2014,8,"Female","All_races",5346,75
2015,8,"Female","All_races",5459,75
2016,8,"Female","All_races",5426,75
2017,8,"Female","All_races",5657,75
2018,8,"Female","All_races",5680,75
2019,8,"Female","All_races",6152,75
2020,8,"Female","All_races",6828,75
2010,9,"Female","All_races",4561,75
2011,9,"Female","All_races",4573,75
2012,9,"Female","All_races",4775,75
2013,9,"Female","All_races",4729,75
2014,9,"Female","All_races",5009,75
2015,9,"Female","All_races",5078,75
2016,9,"Female","All_races",4936,75
2017,9,"Female","All_races",5228,75
2018,9,"Female","All_races",5356,75
2019,9,"Female","All_races",5710,75
2020,9,"Female","All_races",6203,75
2010,10,"Female","All_races",4359,75
2011,10,"Female","All_races",4539,75
2012,10,"Female","All_races",4803,75
2013,10,"Female","All_races",4893,75
2014,10,"Female","All_races",5140,75
2015,10,"Female","All_races",5251,75
2016,10,"Female","All_races",5181,75
2017,10,"Female","All_races",5265,75
2018,10,"Female","All_races",5262,75
2019,10,"Female","All_races",5602,75
2020,10,"Female","All_races",6246,75
2010,11,"Female","All_races",4190,75
2011,11,"Female","All_races",4228,75
2012,11,"Female","All_races",4414,75
2013,11,"Female","All_races",4534,75
2014,11,"Female","All_races",4621,75
2015,11,"Female","All_races",4955,75
2016,11,"Female","All_races",4826,75
2017,11,"Female","All_races",5096,75
2018,11,"Female","All_races",5185,75
2019,11,"Female","All_races",5263,75
2020,11,"Female","All_races",6056,75
2010,12,"Female","All_races",4486,75
2011,12,"Female","All_races",4438,75
2012,12,"Female","All_races",4579,75
2013,12,"Female","All_races",4700,75
2014,12,"Female","All_races",4915,75
2015,12,"Female","All_races",5124,75
2016,12,"Female","All_races",4889,75
2017,12,"Female","All_races",5294,75
2018,12,"Female","All_races",5517,75
2019,12,"Female","All_races",5447,75
2020,12,"Female","All_races",6837,75
2011,1,"Female","All_races",14320,80
2012,1,"Female","All_races",12996,80
2013,1,"Female","All_races",13757,80
2014,1,"Female","All_races",15685,80
2015,1,"Female","All_races",16774,80
2016,1,"Female","All_races",16023,80
2017,1,"Female","All_races",16469,80
2018,1,"Female","All_races",17013,80
2019,1,"Female","All_races",18593,80
2020,1,"Female","All_races",18751,80
2011,2,"Female","All_races",12633,80
2012,2,"Female","All_races",12738,80
2013,2,"Female","All_races",12758,80
2014,2,"Female","All_races",15198,80
2015,2,"Female","All_races",13303,80
2016,2,"Female","All_races",15739,80
2017,2,"Female","All_races",15180,80
2018,2,"Female","All_races",14814,80
2019,2,"Female","All_races",16427,80
2020,2,"Female","All_races",17009,80
2011,3,"Female","All_races",13608,80
2012,3,"Female","All_races",13008,80
2013,3,"Female","All_races",14314,80
2014,3,"Female","All_races",14232,80
2015,3,"Female","All_races",15335,80
2016,3,"Female","All_races",17193,80
2017,3,"Female","All_races",17758,80
2018,3,"Female","All_races",17749,80
2019,3,"Female","All_races",18236,80
2020,3,"Female","All_races",19558,80
2011,4,"Female","All_races",12647,80
2012,4,"Female","All_races",12968,80
2013,4,"Female","All_races",14206,80
2014,4,"Female","All_races",14010,80
2015,4,"Female","All_races",16324,80
2016,4,"Female","All_races",17119,80
2017,4,"Female","All_races",17271,80
2018,4,"Female","All_races",17163,80
2019,4,"Female","All_races",18269,80
2020,4,"Female","All_races",19452,80
2011,5,"Female","All_races",14329,80
2012,5,"Female","All_races",14669,80
2013,5,"Female","All_races",15543,80
2014,5,"Female","All_races",15799,80
2015,5,"Female","All_races",18326,80
2016,5,"Female","All_races",18178,80
2017,5,"Female","All_races",19053,80
2018,5,"Female","All_races",19025,80
2019,5,"Female","All_races",20014,80
2020,5,"Female","All_races",24050,80
2011,6,"Female","All_races",15265,80
2012,6,"Female","All_races",14895,80
2013,6,"Female","All_races",15749,80
2014,6,"Female","All_races",16219,80
2015,6,"Female","All_races",18015,80
2016,6,"Female","All_races",19507,80
2017,6,"Female","All_races",19493,80
2018,6,"Female","All_races",19949,80
2019,6,"Female","All_races",20630,80
2020,6,"Female","All_races",22295,80
2011,7,"Female","All_races",15905,80
2012,7,"Female","All_races",16565,80
2013,7,"Female","All_races",16779,80
2014,7,"Female","All_races",16631,80
2015,7,"Female","All_races",18436,80
2016,7,"Female","All_races",19962,80
2017,7,"Female","All_races",21085,80
2018,7,"Female","All_races",20638,80
2019,7,"Female","All_races",22266,80
2020,7,"Female","All_races",23237,80
2010,8,"Female","All_races",14283,80
2011,8,"Female","All_races",14834,80
2012,8,"Female","All_races",14983,80
2013,8,"Female","All_races",16827,80
2014,8,"Female","All_races",17043,80
2015,8,"Female","All_races",17077,80
2016,8,"Female","All_races",18010,80
2017,8,"Female","All_races",19460,80
2018,8,"Female","All_races",19724,80
2019,8,"Female","All_races",20670,80
2020,8,"Female","All_races",23317,80
2010,9,"Female","All_races",13613,80
2011,9,"Female","All_races",13769,80
2012,9,"Female","All_races",14767,80
2013,9,"Female","All_races",15303,80
2014,9,"Female","All_races",15927,80
2015,9,"Female","All_races",16582,80
2016,9,"Female","All_races",16614,80
2017,9,"Female","All_races",17835,80
2018,9,"Female","All_races",18414,80
2019,9,"Female","All_races",19767,80
2020,9,"Female","All_races",20982,80
2010,10,"Female","All_races",13321,80
2011,10,"Female","All_races",13397,80
2012,10,"Female","All_races",15004,80
2013,10,"Female","All_races",14944,80
2014,10,"Female","All_races",16565,80
2015,10,"Female","All_races",16535,80
2016,10,"Female","All_races",16949,80
2017,10,"Female","All_races",18218,80
2018,10,"Female","All_races",17787,80
2019,10,"Female","All_races",19100,80
2020,10,"Female","All_races",22166,80
2010,11,"Female","All_races",12405,80
2011,11,"Female","All_races",12605,80
2012,11,"Female","All_races",13389,80
2013,11,"Female","All_races",13735,80
2014,11,"Female","All_races",14106,80
2015,11,"Female","All_races",15598,80
2016,11,"Female","All_races",15355,80
2017,11,"Female","All_races",16320,80
2018,11,"Female","All_races",17217,80
2019,11,"Female","All_races",18003,80
2020,11,"Female","All_races",19880,80
2010,12,"Female","All_races",13439,80
2011,12,"Female","All_races",13148,80
2012,12,"Female","All_races",14627,80
2013,12,"Female","All_races",14327,80
2014,12,"Female","All_races",15087,80
2015,12,"Female","All_races",16570,80
2016,12,"Female","All_races",16343,80
2017,12,"Female","All_races",17386,80
2018,12,"Female","All_races",18512,80
2019,12,"Female","All_races",18584,80
2020,12,"Female","All_races",22424,80
2010,8,"Female","Asian",2,0
2010,9,"Female","Asian",1,0
2010,10,"Female","Asian",4,0
2010,11,"Female","Asian",3,0
2010,12,"Female","Asian",4,0
2011,1,"Female","Asian",3,0
2011,2,"Female","Asian",5,0
2011,3,"Female","Asian",4,0
2011,5,"Female","Asian",2,0
2011,6,"Female","Asian",2,0
2011,7,"Female","Asian",2,0
2011,9,"Female","Asian",3,0
2011,10,"Female","Asian",4,0
2011,12,"Female","Asian",5,0
2012,1,"Female","Asian",2,0
2012,2,"Female","Asian",2,0
2012,3,"Female","Asian",4,0
2012,4,"Female","Asian",3,0
2012,5,"Female","Asian",3,0
2012,6,"Female","Asian",3,0
2012,7,"Female","Asian",2,0
2012,8,"Female","Asian",4,0
2012,10,"Female","Asian",2,0
2012,11,"Female","Asian",4,0
2013,1,"Female","Asian",5,0
2013,3,"Female","Asian",3,0
2013,4,"Female","Asian",1,0
2013,6,"Female","Asian",2,0
2013,8,"Female","Asian",4,0
2013,9,"Female","Asian",1,0
2013,10,"Female","Asian",4,0
2013,12,"Female","Asian",2,0
2014,1,"Female","Asian",1,0
2014,2,"Female","Asian",3,0
2014,3,"Female","Asian",1,0
2014,4,"Female","Asian",2,0
2014,5,"Female","Asian",2,0
2014,6,"Female","Asian",2,0
2014,7,"Female","Asian",5,0
2014,8,"Female","Asian",4,0
2014,9,"Female","Asian",5,0
2014,11,"Female","Asian",5,0
2014,12,"Female","Asian",5,0
2015,1,"Female","Asian",3,0
2015,2,"Female","Asian",3,0
2015,3,"Female","Asian",3,0
2015,4,"Female","Asian",2,0
2015,5,"Female","Asian",2,0
2015,6,"Female","Asian",4,0
2015,7,"Female","Asian",4,0
2015,8,"Female","Asian",2,0
2015,9,"Female","Asian",2,0
2015,10,"Female","Asian",1,0
2015,11,"Female","Asian",4,0
2015,12,"Female","Asian",5,0
2016,1,"Female","Asian",2,0
2016,2,"Female","Asian",2,0
2016,3,"Female","Asian",4,0
2016,4,"Female","Asian",4,0
2016,5,"Female","Asian",2,0
2016,6,"Female","Asian",4,0
2016,7,"Female","Asian",3,0
2016,9,"Female","Asian",1,0
2016,10,"Female","Asian",2,0
2016,11,"Female","Asian",1,0
2016,12,"Female","Asian",2,0
2017,1,"Female","Asian",4,0
2017,2,"Female","Asian",4,0
2017,3,"Female","Asian",2,0
2017,4,"Female","Asian",2,0
2017,5,"Female","Asian",4,0
2017,6,"Female","Asian",2,0
2017,7,"Female","Asian",1,0
2017,8,"Female","Asian",5,0
2017,9,"Female","Asian",1,0
2017,10,"Female","Asian",1,0
2017,12,"Female","Asian",1,0
2018,1,"Female","Asian",1,0
2018,2,"Female","Asian",2,0
2018,3,"Female","Asian",2,0
2018,4,"Female","Asian",1,0
2018,5,"Female","Asian",4,0
2018,6,"Female","Asian",2,0
2018,7,"Female","Asian",1,0
2018,8,"Female","Asian",2,0
2018,9,"Female","Asian",1,0
2018,10,"Female","Asian",3,0
2018,11,"Female","Asian",1,0
2018,12,"Female","Asian",8,0
2019,1,"Female","Asian",2,0
2019,2,"Female","Asian",6,0
2019,3,"Female","Asian",4,0
2019,4,"Female","Asian",1,0
2019,5,"Female","Asian",1,0
2019,7,"Female","Asian",6,0
2019,8,"Female","Asian",5,0
2019,9,"Female","Asian",1,0
2019,10,"Female","Asian",3,0
2019,11,"Female","Asian",2,0
2019,12,"Female","Asian",4,0
2020,1,"Female","Asian",3,0
2020,3,"Female","Asian",5,0
2020,4,"Female","Asian",3,0
2020,5,"Female","Asian",5,0
2020,6,"Female","Asian",1,0
2020,7,"Female","Asian",2,0
2020,8,"Female","Asian",2,0
2020,9,"Female","Asian",1,0
2020,10,"Female","Asian",2,0
2020,11,"Female","Asian",3,0
2020,12,"Female","Asian",2,0
2010,8,"Female","Asian",1,5
2010,12,"Female","Asian",1,5
2011,1,"Female","Asian",1,5
2011,2,"Female","Asian",1,5
2011,10,"Female","Asian",1,5
2011,12,"Female","Asian",1,5
2012,1,"Female","Asian",1,5
2012,5,"Female","Asian",1,5
2012,8,"Female","Asian",1,5
2012,11,"Female","Asian",1,5
2014,5,"Female","Asian",1,5
2015,3,"Female","Asian",2,5
2015,6,"Female","Asian",1,5
2015,10,"Female","Asian",1,5
2016,4,"Female","Asian",1,5
2016,8,"Female","Asian",1,5
2016,9,"Female","Asian",1,5
2016,10,"Female","Asian",1,5
2016,11,"Female","Asian",1,5
2017,1,"Female","Asian",1,5
2017,11,"Female","Asian",1,5
2018,4,"Female","Asian",1,5
2018,9,"Female","Asian",1,5
2018,10,"Female","Asian",1,5
2018,12,"Female","Asian",1,5
2019,1,"Female","Asian",1,5
2019,2,"Female","Asian",1,5
2019,3,"Female","Asian",1,5
2019,8,"Female","Asian",1,5
2019,9,"Female","Asian",1,5
2020,7,"Female","Asian",1,5
2010,12,"Female","Asian",1,10
2011,1,"Female","Asian",1,10
2011,2,"Female","Asian",1,10
2011,4,"Female","Asian",1,10
2011,11,"Female","Asian",1,10
2011,12,"Female","Asian",1,10
2012,1,"Female","Asian",1,10
2012,2,"Female","Asian",2,10
2012,7,"Female","Asian",2,10
2012,8,"Female","Asian",1,10
2012,9,"Female","Asian",1,10
2012,10,"Female","Asian",1,10
2013,6,"Female","Asian",2,10
2013,7,"Female","Asian",1,10
2013,8,"Female","Asian",1,10
2013,11,"Female","Asian",1,10
2014,4,"Female","Asian",1,10
2015,4,"Female","Asian",1,10
2015,6,"Female","Asian",1,10
2015,9,"Female","Asian",1,10
2016,6,"Female","Asian",1,10
2017,4,"Female","Asian",1,10
2017,8,"Female","Asian",1,10
2017,11,"Female","Asian",1,10
2017,12,"Female","Asian",1,10
2018,1,"Female","Asian",1,10
2018,5,"Female","Asian",1,10
2018,12,"Female","Asian",1,10
2019,7,"Female","Asian",1,10
2019,9,"Female","Asian",2,10
2019,12,"Female","Asian",1,10
2020,11,"Female","Asian",1,10
2010,11,"Female","Asian",1,15
2010,12,"Female","Asian",1,15
2011,1,"Female","Asian",2,15
2011,5,"Female","Asian",1,15
2011,8,"Female","Asian",1,15
2011,11,"Female","Asian",1,15
2012,2,"Female","Asian",1,15
2012,4,"Female","Asian",1,15
2012,6,"Female","Asian",1,15
2012,10,"Female","Asian",2,15
2012,11,"Female","Asian",1,15
2013,1,"Female","Asian",1,15
2013,2,"Female","Asian",1,15
2013,3,"Female","Asian",1,15
2013,5,"Female","Asian",1,15
2013,6,"Female","Asian",3,15
2013,12,"Female","Asian",2,15
2014,5,"Female","Asian",1,15
2014,6,"Female","Asian",3,15
2014,9,"Female","Asian",1,15
2014,11,"Female","Asian",2,15
2015,1,"Female","Asian",1,15
2015,2,"Female","Asian",1,15
2015,3,"Female","Asian",1,15
2015,5,"Female","Asian",1,15
2015,6,"Female","Asian",1,15
2015,12,"Female","Asian",2,15
2016,1,"Female","Asian",1,15
2016,6,"Female","Asian",1,15
2016,7,"Female","Asian",3,15
2016,9,"Female","Asian",4,15
2016,10,"Female","Asian",1,15
2016,11,"Female","Asian",2,15
2017,1,"Female","Asian",1,15
2017,4,"Female","Asian",4,15
2017,7,"Female","Asian",1,15
2017,8,"Female","Asian",1,15
2017,10,"Female","Asian",1,15
2017,11,"Female","Asian",1,15
2017,12,"Female","Asian",3,15
2018,4,"Female","Asian",2,15
2018,5,"Female","Asian",1,15
2018,8,"Female","Asian",2,15
2018,9,"Female","Asian",3,15
2018,12,"Female","Asian",1,15
2019,2,"Female","Asian",1,15
2019,5,"Female","Asian",1,15
2019,6,"Female","Asian",1,15
2019,9,"Female","Asian",1,15
2019,11,"Female","Asian",1,15
2020,1,"Female","Asian",2,15
2020,4,"Female","Asian",5,15
2020,5,"Female","Asian",1,15
2020,6,"Female","Asian",1,15
2020,7,"Female","Asian",1,15
2020,8,"Female","Asian",1,15
2020,9,"Female","Asian",2,15
2020,10,"Female","Asian",4,15
2020,11,"Female","Asian",1,15
2020,12,"Female","Asian",1,15
2010,9,"Female","Asian",1,20
2010,10,"Female","Asian",2,20
2010,11,"Female","Asian",1,20
2010,12,"Female","Asian",1,20
2011,2,"Female","Asian",2,20
2011,5,"Female","Asian",2,20
2011,7,"Female","Asian",1,20
2011,8,"Female","Asian",1,20
2012,5,"Female","Asian",1,20
2012,6,"Female","Asian",1,20
2012,7,"Female","Asian",1,20
2012,8,"Female","Asian",2,20
2012,10,"Female","Asian",1,20
2012,11,"Female","Asian",1,20
2012,12,"Female","Asian",2,20
2013,2,"Female","Asian",1,20
2013,3,"Female","Asian",2,20
2013,4,"Female","Asian",1,20
2013,7,"Female","Asian",3,20
2013,8,"Female","Asian",1,20
2013,9,"Female","Asian",1,20
2013,10,"Female","Asian",1,20
2013,11,"Female","Asian",1,20
2013,12,"Female","Asian",1,20
2014,1,"Female","Asian",1,20
2014,4,"Female","Asian",4,20
2014,5,"Female","Asian",2,20
2014,6,"Female","Asian",1,20
2015,1,"Female","Asian",1,20
2015,2,"Female","Asian",3,20
2015,3,"Female","Asian",2,20
2015,4,"Female","Asian",2,20
2015,5,"Female","Asian",2,20
2015,6,"Female","Asian",1,20
2015,7,"Female","Asian",2,20
2015,9,"Female","Asian",1,20
2015,10,"Female","Asian",1,20
2015,11,"Female","Asian",3,20
2015,12,"Female","Asian",1,20
2016,4,"Female","Asian",1,20
2016,5,"Female","Asian",1,20
2016,7,"Female","Asian",2,20
2016,8,"Female","Asian",1,20
2016,9,"Female","Asian",1,20
2016,10,"Female","Asian",1,20
2016,11,"Female","Asian",2,20
2017,1,"Female","Asian",1,20
2017,3,"Female","Asian",2,20
2017,5,"Female","Asian",3,20
2017,7,"Female","Asian",2,20
2017,8,"Female","Asian",1,20
2017,9,"Female","Asian",2,20
2017,10,"Female","Asian",1,20
2017,12,"Female","Asian",1,20
2018,1,"Female","Asian",1,20
2018,2,"Female","Asian",1,20
2018,4,"Female","Asian",2,20
2018,5,"Female","Asian",1,20
2018,6,"Female","Asian",2,20
2018,7,"Female","Asian",1,20
2018,8,"Female","Asian",1,20
2018,12,"Female","Asian",1,20
2019,1,"Female","Asian",1,20
2019,3,"Female","Asian",1,20
2019,4,"Female","Asian",1,20
2019,5,"Female","Asian",1,20
2019,6,"Female","Asian",1,20
2019,7,"Female","Asian",1,20
2019,9,"Female","Asian",1,20
2019,12,"Female","Asian",1,20
2020,1,"Female","Asian",2,20
2020,3,"Female","Asian",2,20
2020,4,"Female","Asian",1,20
2020,5,"Female","Asian",3,20
2020,6,"Female","Asian",1,20
2020,7,"Female","Asian",1,20
2020,8,"Female","Asian",1,20
2020,10,"Female","Asian",2,20
2020,11,"Female","Asian",1,20
2010,8,"Female","Asian",2,25
2010,9,"Female","Asian",1,25
2010,11,"Female","Asian",3,25
2010,12,"Female","Asian",2,25
2011,2,"Female","Asian",3,25
2011,3,"Female","Asian",2,25
2011,4,"Female","Asian",2,25
2011,6,"Female","Asian",3,25
2011,7,"Female","Asian",2,25
2011,8,"Female","Asian",1,25
2011,9,"Female","Asian",1,25
2011,10,"Female","Asian",1,25
2011,12,"Female","Asian",1,25
2012,1,"Female","Asian",1,25
2012,2,"Female","Asian",1,25
2012,3,"Female","Asian",1,25
2012,4,"Female","Asian",1,25
2012,5,"Female","Asian",3,25
2012,7,"Female","Asian",1,25
2012,8,"Female","Asian",1,25
2012,9,"Female","Asian",1,25
2012,10,"Female","Asian",1,25
2012,11,"Female","Asian",1,25
2012,12,"Female","Asian",2,25
2013,3,"Female","Asian",1,25
2013,4,"Female","Asian",3,25
2013,5,"Female","Asian",1,25
2013,6,"Female","Asian",1,25
2013,7,"Female","Asian",1,25
2013,9,"Female","Asian",2,25
2013,11,"Female","Asian",1,25
2013,12,"Female","Asian",2,25
2014,1,"Female","Asian",4,25
2014,2,"Female","Asian",1,25
2014,4,"Female","Asian",1,25
2014,5,"Female","Asian",3,25
2014,6,"Female","Asian",4,25
2014,7,"Female","Asian",1,25
2014,8,"Female","Asian",1,25
2014,10,"Female","Asian",1,25
2014,12,"Female","Asian",1,25
2015,2,"Female","Asian",3,25
2015,3,"Female","Asian",1,25
2015,5,"Female","Asian",1,25
2015,7,"Female","Asian",2,25
2015,11,"Female","Asian",2,25
2015,12,"Female","Asian",1,25
2016,1,"Female","Asian",1,25
2016,4,"Female","Asian",1,25
2016,5,"Female","Asian",1,25
2016,6,"Female","Asian",2,25
2016,7,"Female","Asian",2,25
2016,8,"Female","Asian",1,25
2016,11,"Female","Asian",2,25
2016,12,"Female","Asian",2,25
2017,1,"Female","Asian",2,25
2017,2,"Female","Asian",1,25
2017,3,"Female","Asian",1,25
2017,4,"Female","Asian",3,25
2017,5,"Female","Asian",2,25
2017,6,"Female","Asian",2,25
2017,7,"Female","Asian",2,25
2017,9,"Female","Asian",1,25
2017,10,"Female","Asian",2,25
2017,11,"Female","Asian",1,25
2017,12,"Female","Asian",2,25
2018,1,"Female","Asian",1,25
2018,2,"Female","Asian",4,25
2018,3,"Female","Asian",2,25
2018,6,"Female","Asian",1,25
2018,7,"Female","Asian",1,25
2018,9,"Female","Asian",1,25
2018,10,"Female","Asian",1,25
2018,11,"Female","Asian",3,25
2018,12,"Female","Asian",1,25
2019,1,"Female","Asian",1,25
2019,2,"Female","Asian",1,25
2019,3,"Female","Asian",1,25
2019,4,"Female","Asian",3,25
2019,6,"Female","Asian",1,25
2019,7,"Female","Asian",3,25
2019,8,"Female","Asian",1,25
2019,9,"Female","Asian",1,25
2019,10,"Female","Asian",1,25
2019,11,"Female","Asian",1,25
2020,1,"Female","Asian",1,25
2020,2,"Female","Asian",2,25
2020,4,"Female","Asian",2,25
2020,5,"Female","Asian",2,25
2020,6,"Female","Asian",1,25
2020,7,"Female","Asian",2,25
2020,8,"Female","Asian",2,25
2020,9,"Female","Asian",2,25
2020,10,"Female","Asian",2,25
2020,11,"Female","Asian",2,25
2020,12,"Female","Asian",2,25
2010,8,"Female","Asian",2,30
2010,9,"Female","Asian",3,30
2010,10,"Female","Asian",2,30
2010,11,"Female","Asian",1,30
2011,1,"Female","Asian",1,30
2011,2,"Female","Asian",1,30
2011,4,"Female","Asian",3,30
2011,5,"Female","Asian",2,30
2011,7,"Female","Asian",2,30
2011,8,"Female","Asian",1,30
2011,9,"Female","Asian",1,30
2011,10,"Female","Asian",3,30
2011,12,"Female","Asian",5,30
2012,1,"Female","Asian",3,30
2012,2,"Female","Asian",4,30
2012,3,"Female","Asian",2,30
2012,5,"Female","Asian",2,30
2012,6,"Female","Asian",2,30
2012,7,"Female","Asian",1,30
2012,8,"Female","Asian",6,30
2012,10,"Female","Asian",2,30
2012,11,"Female","Asian",2,30
2012,12,"Female","Asian",1,30
2013,3,"Female","Asian",2,30
2013,4,"Female","Asian",1,30
2013,5,"Female","Asian",4,30
2013,7,"Female","Asian",4,30
2013,9,"Female","Asian",4,30
2013,10,"Female","Asian",1,30
2013,11,"Female","Asian",3,30
2013,12,"Female","Asian",1,30
2014,2,"Female","Asian",1,30
2014,3,"Female","Asian",2,30
2014,4,"Female","Asian",1,30
2014,5,"Female","Asian",2,30
2014,6,"Female","Asian",2,30
2014,7,"Female","Asian",2,30
2014,8,"Female","Asian",1,30
2014,11,"Female","Asian",1,30
2014,12,"Female","Asian",1,30
2015,1,"Female","Asian",3,30
2015,2,"Female","Asian",2,30
2015,3,"Female","Asian",4,30
2015,4,"Female","Asian",3,30
2015,5,"Female","Asian",2,30
2015,6,"Female","Asian",2,30
2015,8,"Female","Asian",1,30
2015,10,"Female","Asian",2,30
2015,11,"Female","Asian",1,30
2016,1,"Female","Asian",1,30
2016,2,"Female","Asian",1,30
2016,3,"Female","Asian",3,30
2016,4,"Female","Asian",4,30
2016,5,"Female","Asian",3,30
2016,7,"Female","Asian",1,30
2016,9,"Female","Asian",1,30
2016,10,"Female","Asian",1,30
2016,11,"Female","Asian",1,30
2016,12,"Female","Asian",1,30
2017,2,"Female","Asian",1,30
2017,3,"Female","Asian",3,30
2017,5,"Female","Asian",4,30
2017,6,"Female","Asian",1,30
2017,7,"Female","Asian",3,30
2017,8,"Female","Asian",1,30
2017,9,"Female","Asian",1,30
2017,10,"Female","Asian",1,30
2017,11,"Female","Asian",4,30
2018,2,"Female","Asian",3,30
2018,3,"Female","Asian",3,30
2018,4,"Female","Asian",3,30
2018,5,"Female","Asian",3,30
2018,6,"Female","Asian",3,30
2018,7,"Female","Asian",1,30
2018,10,"Female","Asian",3,30
2018,11,"Female","Asian",4,30
2018,12,"Female","Asian",1,30
2019,1,"Female","Asian",1,30
2019,4,"Female","Asian",5,30
2019,5,"Female","Asian",1,30
2019,6,"Female","Asian",3,30
2019,7,"Female","Asian",4,30
2019,8,"Female","Asian",2,30
2019,9,"Female","Asian",1,30
2019,10,"Female","Asian",2,30
2019,12,"Female","Asian",2,30
2020,1,"Female","Asian",1,30
2020,3,"Female","Asian",2,30
2020,4,"Female","Asian",2,30
2020,5,"Female","Asian",2,30
2020,6,"Female","Asian",3,30
2020,7,"Female","Asian",1,30
2020,8,"Female","Asian",3,30
2020,9,"Female","Asian",1,30
2020,10,"Female","Asian",2,30
2020,11,"Female","Asian",1,30
2020,12,"Female","Asian",6,30
2010,8,"Female","Asian",1,35
2010,9,"Female","Asian",3,35
2010,10,"Female","Asian",1,35
2010,11,"Female","Asian",1,35
2011,1,"Female","Asian",5,35
2011,3,"Female","Asian",3,35
2011,4,"Female","Asian",2,35
2011,6,"Female","Asian",6,35
2011,7,"Female","Asian",2,35
2011,8,"Female","Asian",1,35
2011,9,"Female","Asian",2,35
2011,10,"Female","Asian",6,35
2011,11,"Female","Asian",3,35
2011,12,"Female","Asian",2,35
2012,1,"Female","Asian",4,35
2012,2,"Female","Asian",3,35
2012,4,"Female","Asian",2,35
2012,6,"Female","Asian",3,35
2012,7,"Female","Asian",3,35
2012,8,"Female","Asian",2,35
2012,9,"Female","Asian",1,35
2012,10,"Female","Asian",4,35
2012,11,"Female","Asian",3,35
2013,1,"Female","Asian",3,35
2013,2,"Female","Asian",2,35
2013,3,"Female","Asian",4,35
2013,4,"Female","Asian",4,35
2013,5,"Female","Asian",2,35
2013,6,"Female","Asian",3,35
2013,7,"Female","Asian",5,35
2013,10,"Female","Asian",2,35
2013,11,"Female","Asian",1,35
2013,12,"Female","Asian",1,35
2014,1,"Female","Asian",1,35
2014,2,"Female","Asian",1,35
2014,3,"Female","Asian",5,35
2014,4,"Female","Asian",5,35
2014,5,"Female","Asian",5,35
2014,6,"Female","Asian",2,35
2014,7,"Female","Asian",1,35
2014,8,"Female","Asian",3,35
2014,9,"Female","Asian",4,35
2014,10,"Female","Asian",2,35
2014,11,"Female","Asian",2,35
2014,12,"Female","Asian",4,35
2015,1,"Female","Asian",3,35
2015,2,"Female","Asian",2,35
2015,3,"Female","Asian",3,35
2015,4,"Female","Asian",2,35
2015,6,"Female","Asian",3,35
2015,7,"Female","Asian",4,35
2015,8,"Female","Asian",2,35
2015,9,"Female","Asian",1,35
2015,10,"Female","Asian",1,35
2015,11,"Female","Asian",3,35
2015,12,"Female","Asian",2,35
2016,1,"Female","Asian",5,35
2016,2,"Female","Asian",2,35
2016,4,"Female","Asian",2,35
2016,5,"Female","Asian",6,35
2016,6,"Female","Asian",3,35
2016,7,"Female","Asian",2,35
2016,8,"Female","Asian",1,35
2016,9,"Female","Asian",3,35
2016,10,"Female","Asian",5,35
2016,11,"Female","Asian",6,35
2016,12,"Female","Asian",2,35
2017,1,"Female","Asian",3,35
2017,2,"Female","Asian",1,35
2017,3,"Female","Asian",3,35
2017,4,"Female","Asian",3,35
2017,5,"Female","Asian",3,35
2017,6,"Female","Asian",2,35
2017,7,"Female","Asian",2,35
2017,8,"Female","Asian",3,35
2017,10,"Female","Asian",3,35
2017,11,"Female","Asian",3,35
2017,12,"Female","Asian",2,35
2018,1,"Female","Asian",2,35
2018,4,"Female","Asian",4,35
2018,5,"Female","Asian",3,35
2018,6,"Female","Asian",4,35
2018,7,"Female","Asian",2,35
2018,8,"Female","Asian",5,35
2018,10,"Female","Asian",3,35
2018,11,"Female","Asian",1,35
2018,12,"Female","Asian",6,35
2019,1,"Female","Asian",5,35
2019,2,"Female","Asian",3,35
2019,3,"Female","Asian",5,35
2019,4,"Female","Asian",3,35
2019,5,"Female","Asian",1,35
2019,7,"Female","Asian",4,35
2019,8,"Female","Asian",3,35
2019,11,"Female","Asian",1,35
2019,12,"Female","Asian",1,35
2020,1,"Female","Asian",3,35
2020,2,"Female","Asian",1,35
2020,3,"Female","Asian",1,35
2020,4,"Female","Asian",4,35
2020,5,"Female","Asian",6,35
2020,6,"Female","Asian",7,35
2020,7,"Female","Asian",4,35
2020,8,"Female","Asian",4,35
2020,9,"Female","Asian",3,35
2020,10,"Female","Asian",5,35
2020,11,"Female","Asian",4,35
2020,12,"Female","Asian",4,35
2010,8,"Female","Asian",2,40
2010,9,"Female","Asian",1,40
2010,10,"Female","Asian",5,40
2010,11,"Female","Asian",2,40
2010,12,"Female","Asian",4,40
2011,1,"Female","Asian",2,40
2011,2,"Female","Asian",1,40
2011,3,"Female","Asian",9,40
2011,4,"Female","Asian",1,40
2011,5,"Female","Asian",3,40
2011,6,"Female","Asian",4,40
2011,7,"Female","Asian",5,40
2011,9,"Female","Asian",2,40
2011,10,"Female","Asian",4,40
2011,11,"Female","Asian",3,40
2011,12,"Female","Asian",2,40
2012,1,"Female","Asian",5,40
2012,2,"Female","Asian",5,40
2012,3,"Female","Asian",5,40
2012,4,"Female","Asian",5,40
2012,5,"Female","Asian",1,40
2012,7,"Female","Asian",3,40
2012,8,"Female","Asian",3,40
2012,9,"Female","Asian",3,40
2012,10,"Female","Asian",3,40
2012,11,"Female","Asian",1,40
2012,12,"Female","Asian",3,40
2013,1,"Female","Asian",1,40
2013,2,"Female","Asian",2,40
2013,3,"Female","Asian",3,40
2013,4,"Female","Asian",8,40
2013,5,"Female","Asian",2,40
2013,6,"Female","Asian",2,40
2013,7,"Female","Asian",4,40
2013,8,"Female","Asian",3,40
2013,9,"Female","Asian",3,40
2013,10,"Female","Asian",2,40
2013,11,"Female","Asian",4,40
2013,12,"Female","Asian",3,40
2014,1,"Female","Asian",5,40
2014,2,"Female","Asian",2,40
2014,3,"Female","Asian",1,40
2014,4,"Female","Asian",4,40
2014,5,"Female","Asian",6,40
2014,6,"Female","Asian",2,40
2014,7,"Female","Asian",1,40
2014,8,"Female","Asian",4,40
2014,9,"Female","Asian",6,40
2014,10,"Female","Asian",2,40
2014,11,"Female","Asian",4,40
2014,12,"Female","Asian",3,40
2015,1,"Female","Asian",7,40
2015,2,"Female","Asian",6,40
2015,3,"Female","Asian",4,40
2015,4,"Female","Asian",3,40
2015,6,"Female","Asian",7,40
2015,7,"Female","Asian",4,40
2015,8,"Female","Asian",3,40
2015,9,"Female","Asian",3,40
2015,10,"Female","Asian",5,40
2015,11,"Female","Asian",4,40
2015,12,"Female","Asian",4,40
2016,1,"Female","Asian",2,40
2016,2,"Female","Asian",6,40
2016,3,"Female","Asian",6,40
2016,4,"Female","Asian",7,40
2016,5,"Female","Asian",1,40
2016,6,"Female","Asian",2,40
2016,7,"Female","Asian",4,40
2016,8,"Female","Asian",5,40
2016,9,"Female","Asian",2,40
2016,10,"Female","Asian",4,40
2016,11,"Female","Asian",4,40
2016,12,"Female","Asian",5,40
2017,1,"Female","Asian",4,40
2017,2,"Female","Asian",4,40
2017,4,"Female","Asian",5,40
2017,5,"Female","Asian",3,40
2017,6,"Female","Asian",1,40
2017,7,"Female","Asian",3,40
2017,8,"Female","Asian",5,40
2017,9,"Female","Asian",2,40
2017,10,"Female","Asian",1,40
2017,11,"Female","Asian",5,40
2017,12,"Female","Asian",2,40
2018,1,"Female","Asian",2,40
2018,2,"Female","Asian",5,40
2018,3,"Female","Asian",6,40
2018,4,"Female","Asian",4,40
2018,5,"Female","Asian",3,40
2018,6,"Female","Asian",2,40
2018,7,"Female","Asian",3,40
2018,8,"Female","Asian",5,40
2018,9,"Female","Asian",1,40
2018,10,"Female","Asian",1,40
2018,11,"Female","Asian",2,40
2018,12,"Female","Asian",2,40
2019,1,"Female","Asian",2,40
2019,2,"Female","Asian",3,40
2019,3,"Female","Asian",3,40
2019,4,"Female","Asian",2,40
2019,5,"Female","Asian",5,40
2019,6,"Female","Asian",3,40
2019,7,"Female","Asian",5,40
2019,8,"Female","Asian",5,40
2019,9,"Female","Asian",2,40
2019,10,"Female","Asian",7,40
2019,11,"Female","Asian",7,40
2019,12,"Female","Asian",3,40
2020,2,"Female","Asian",2,40
2020,3,"Female","Asian",3,40
2020,4,"Female","Asian",6,40
2020,5,"Female","Asian",7,40
2020,6,"Female","Asian",12,40
2020,7,"Female","Asian",6,40
2020,8,"Female","Asian",2,40
2020,9,"Female","Asian",4,40
2020,10,"Female","Asian",5,40
2020,11,"Female","Asian",5,40
2020,12,"Female","Asian",5,40
2010,8,"Female","Asian",4,45
2010,9,"Female","Asian",5,45
2010,10,"Female","Asian",5,45
2010,11,"Female","Asian",5,45
2010,12,"Female","Asian",7,45
2011,1,"Female","Asian",6,45
2011,2,"Female","Asian",3,45
2011,3,"Female","Asian",5,45
2011,4,"Female","Asian",6,45
2011,5,"Female","Asian",6,45
2011,6,"Female","Asian",6,45
2011,7,"Female","Asian",5,45
2011,8,"Female","Asian",2,45
2011,9,"Female","Asian",3,45
2011,10,"Female","Asian",2,45
2011,11,"Female","Asian",4,45
2011,12,"Female","Asian",3,45
2012,1,"Female","Asian",6,45
2012,2,"Female","Asian",4,45
2012,3,"Female","Asian",2,45
2012,4,"Female","Asian",4,45
2012,5,"Female","Asian",2,45
2012,6,"Female","Asian",6,45
2012,7,"Female","Asian",6,45
2012,8,"Female","Asian",6,45
2012,9,"Female","Asian",1,45
2012,10,"Female","Asian",10,45
2012,11,"Female","Asian",6,45
2012,12,"Female","Asian",2,45
2013,1,"Female","Asian",5,45
2013,2,"Female","Asian",4,45
2013,3,"Female","Asian",7,45
2013,4,"Female","Asian",6,45
2013,5,"Female","Asian",5,45
2013,6,"Female","Asian",5,45
2013,7,"Female","Asian",5,45
2013,8,"Female","Asian",2,45
2013,9,"Female","Asian",9,45
2013,10,"Female","Asian",1,45
2013,11,"Female","Asian",3,45
2013,12,"Female","Asian",3,45
2014,1,"Female","Asian",6,45
2014,2,"Female","Asian",3,45
2014,3,"Female","Asian",6,45
2014,4,"Female","Asian",5,45
2014,5,"Female","Asian",2,45
2014,6,"Female","Asian",4,45
2014,7,"Female","Asian",3,45
2014,8,"Female","Asian",4,45
2014,9,"Female","Asian",2,45
2014,10,"Female","Asian",2,45
2014,11,"Female","Asian",8,45
2014,12,"Female","Asian",7,45
2015,1,"Female","Asian",4,45
2015,2,"Female","Asian",4,45
2015,3,"Female","Asian",4,45
2015,4,"Female","Asian",2,45
2015,5,"Female","Asian",2,45
2015,6,"Female","Asian",4,45
2015,7,"Female","Asian",4,45
2015,8,"Female","Asian",6,45
2015,9,"Female","Asian",5,45
2015,10,"Female","Asian",4,45
2015,11,"Female","Asian",5,45
2015,12,"Female","Asian",1,45
2016,1,"Female","Asian",4,45
2016,2,"Female","Asian",6,45
2016,3,"Female","Asian",7,45
2016,4,"Female","Asian",5,45
2016,5,"Female","Asian",7,45
2016,6,"Female","Asian",4,45
2016,7,"Female","Asian",5,45
2016,8,"Female","Asian",8,45
2016,9,"Female","Asian",4,45
2016,10,"Female","Asian",3,45
2016,11,"Female","Asian",3,45
2016,12,"Female","Asian",5,45
2017,1,"Female","Asian",5,45
2017,2,"Female","Asian",1,45
2017,3,"Female","Asian",6,45
2017,4,"Female","Asian",7,45
2017,5,"Female","Asian",6,45
2017,6,"Female","Asian",5,45
2017,7,"Female","Asian",5,45
2017,8,"Female","Asian",10,45
2017,9,"Female","Asian",4,45
2017,10,"Female","Asian",3,45
2017,12,"Female","Asian",4,45
2018,1,"Female","Asian",4,45
2018,2,"Female","Asian",4,45
2018,3,"Female","Asian",6,45
2018,4,"Female","Asian",2,45
2018,5,"Female","Asian",8,45
2018,6,"Female","Asian",8,45
2018,7,"Female","Asian",4,45
2018,8,"Female","Asian",7,45
2018,9,"Female","Asian",7,45
2018,10,"Female","Asian",8,45
2018,11,"Female","Asian",7,45
2018,12,"Female","Asian",6,45
2019,1,"Female","Asian",2,45
2019,2,"Female","Asian",3,45
2019,3,"Female","Asian",2,45
2019,4,"Female","Asian",6,45
2019,5,"Female","Asian",2,45
2019,6,"Female","Asian",2,45
2019,7,"Female","Asian",11,45
2019,8,"Female","Asian",5,45
2019,9,"Female","Asian",6,45
2019,10,"Female","Asian",9,45
2019,11,"Female","Asian",6,45
2019,12,"Female","Asian",7,45
2020,1,"Female","Asian",10,45
2020,2,"Female","Asian",5,45
2020,3,"Female","Asian",1,45
2020,4,"Female","Asian",6,45
2020,5,"Female","Asian",9,45
2020,6,"Female","Asian",3,45
2020,7,"Female","Asian",8,45
2020,8,"Female","Asian",5,45
2020,9,"Female","Asian",11,45
2020,10,"Female","Asian",7,45
2020,11,"Female","Asian",11,45
2020,12,"Female","Asian",10,45
2010,8,"Female","Asian",6,50
2010,9,"Female","Asian",8,50
2010,10,"Female","Asian",8,50
2010,11,"Female","Asian",8,50
2010,12,"Female","Asian",6,50
2011,1,"Female","Asian",3,50
2011,2,"Female","Asian",12,50
2011,3,"Female","Asian",6,50
2011,4,"Female","Asian",7,50
2011,5,"Female","Asian",5,50
2011,6,"Female","Asian",8,50
2011,7,"Female","Asian",4,50
2011,8,"Female","Asian",9,50
2011,9,"Female","Asian",6,50
2011,10,"Female","Asian",12,50
2011,11,"Female","Asian",8,50
2011,12,"Female","Asian",7,50
2012,1,"Female","Asian",4,50
2012,2,"Female","Asian",2,50
2012,3,"Female","Asian",4,50
2012,4,"Female","Asian",10,50
2012,5,"Female","Asian",4,50
2012,6,"Female","Asian",5,50
2012,7,"Female","Asian",6,50
2012,8,"Female","Asian",5,50
2012,9,"Female","Asian",3,50
2012,10,"Female","Asian",6,50
2012,11,"Female","Asian",2,50
2012,12,"Female","Asian",6,50
2013,1,"Female","Asian",8,50
2013,2,"Female","Asian",10,50
2013,3,"Female","Asian",11,50
2013,4,"Female","Asian",9,50
2013,5,"Female","Asian",12,50
2013,6,"Female","Asian",2,50
2013,7,"Female","Asian",10,50
2013,8,"Female","Asian",7,50
2013,9,"Female","Asian",7,50
2013,10,"Female","Asian",8,50
2013,11,"Female","Asian",7,50
2013,12,"Female","Asian",6,50
2014,1,"Female","Asian",6,50
2014,2,"Female","Asian",2,50
2014,3,"Female","Asian",4,50
2014,4,"Female","Asian",4,50
2014,5,"Female","Asian",5,50
2014,6,"Female","Asian",12,50
2014,7,"Female","Asian",5,50
2014,8,"Female","Asian",8,50
2014,9,"Female","Asian",10,50
2014,10,"Female","Asian",8,50
2014,11,"Female","Asian",5,50
2014,12,"Female","Asian",5,50
2015,1,"Female","Asian",7,50
2015,2,"Female","Asian",5,50
2015,3,"Female","Asian",13,50
2015,4,"Female","Asian",6,50
2015,5,"Female","Asian",6,50
2015,6,"Female","Asian",5,50
2015,7,"Female","Asian",7,50
2015,8,"Female","Asian",7,50
2015,9,"Female","Asian",2,50
2015,10,"Female","Asian",11,50
2015,11,"Female","Asian",6,50
2015,12,"Female","Asian",4,50
2016,1,"Female","Asian",6,50
2016,2,"Female","Asian",7,50
2016,3,"Female","Asian",6,50
2016,4,"Female","Asian",1,50
2016,5,"Female","Asian",8,50
2016,6,"Female","Asian",5,50
2016,7,"Female","Asian",9,50
2016,8,"Female","Asian",9,50
2016,9,"Female","Asian",10,50
2016,10,"Female","Asian",10,50
2016,11,"Female","Asian",4,50
2016,12,"Female","Asian",9,50
2017,1,"Female","Asian",8,50
2017,2,"Female","Asian",11,50
2017,3,"Female","Asian",5,50
2017,4,"Female","Asian",7,50
2017,5,"Female","Asian",10,50
2017,6,"Female","Asian",6,50
2017,7,"Female","Asian",7,50
2017,8,"Female","Asian",11,50
2017,9,"Female","Asian",2,50
2017,10,"Female","Asian",11,50
2017,11,"Female","Asian",10,50
2017,12,"Female","Asian",7,50
2018,1,"Female","Asian",8,50
2018,2,"Female","Asian",7,50
2018,3,"Female","Asian",6,50
2018,4,"Female","Asian",8,50
2018,5,"Female","Asian",7,50
2018,6,"Female","Asian",6,50
2018,7,"Female","Asian",7,50
2018,8,"Female","Asian",1,50
2018,9,"Female","Asian",9,50
2018,10,"Female","Asian",8,50
2018,11,"Female","Asian",11,50
2018,12,"Female","Asian",12,50
2019,1,"Female","Asian",10,50
2019,2,"Female","Asian",5,50
2019,3,"Female","Asian",4,50
2019,4,"Female","Asian",4,50
2019,5,"Female","Asian",5,50
2019,6,"Female","Asian",7,50
2019,7,"Female","Asian",8,50
2019,8,"Female","Asian",8,50
2019,9,"Female","Asian",12,50
2019,10,"Female","Asian",8,50
2019,11,"Female","Asian",7,50
2019,12,"Female","Asian",7,50
2020,1,"Female","Asian",7,50
2020,2,"Female","Asian",9,50
2020,3,"Female","Asian",6,50
2020,4,"Female","Asian",9,50
2020,5,"Female","Asian",4,50
2020,6,"Female","Asian",7,50
2020,7,"Female","Asian",15,50
2020,8,"Female","Asian",17,50
2020,9,"Female","Asian",12,50
2020,10,"Female","Asian",10,50
2020,11,"Female","Asian",5,50
2020,12,"Female","Asian",10,50
2010,8,"Female","Asian",4,55
2010,9,"Female","Asian",8,55
2010,10,"Female","Asian",9,55
2010,11,"Female","Asian",8,55
2010,12,"Female","Asian",9,55
2011,1,"Female","Asian",8,55
2011,2,"Female","Asian",5,55
2011,3,"Female","Asian",12,55
2011,4,"Female","Asian",12,55
2011,5,"Female","Asian",14,55
2011,6,"Female","Asian",13,55
2011,7,"Female","Asian",6,55
2011,8,"Female","Asian",8,55
2011,9,"Female","Asian",9,55
2011,10,"Female","Asian",10,55
2011,11,"Female","Asian",15,55
2011,12,"Female","Asian",11,55
2012,1,"Female","Asian",8,55
2012,2,"Female","Asian",4,55
2012,3,"Female","Asian",14,55
2012,4,"Female","Asian",11,55
2012,5,"Female","Asian",15,55
2012,6,"Female","Asian",11,55
2012,7,"Female","Asian",5,55
2012,8,"Female","Asian",12,55
2012,9,"Female","Asian",11,55
2012,10,"Female","Asian",9,55
2012,11,"Female","Asian",10,55
2012,12,"Female","Asian",10,55
2013,1,"Female","Asian",11,55
2013,2,"Female","Asian",9,55
2013,3,"Female","Asian",8,55
2013,4,"Female","Asian",8,55
2013,5,"Female","Asian",12,55
2013,6,"Female","Asian",10,55
2013,7,"Female","Asian",5,55
2013,8,"Female","Asian",13,55
2013,9,"Female","Asian",8,55
2013,10,"Female","Asian",16,55
2013,11,"Female","Asian",12,55
2013,12,"Female","Asian",5,55
2014,1,"Female","Asian",7,55
2014,2,"Female","Asian",9,55
2014,3,"Female","Asian",11,55
2014,4,"Female","Asian",13,55
2014,5,"Female","Asian",12,55
2014,6,"Female","Asian",10,55
2014,7,"Female","Asian",9,55
2014,8,"Female","Asian",11,55
2014,9,"Female","Asian",7,55
2014,10,"Female","Asian",14,55
2014,11,"Female","Asian",6,55
2014,12,"Female","Asian",7,55
2015,1,"Female","Asian",9,55
2015,2,"Female","Asian",10,55
2015,3,"Female","Asian",7,55
2015,4,"Female","Asian",8,55
2015,5,"Female","Asian",8,55
2015,6,"Female","Asian",9,55
2015,7,"Female","Asian",9,55
2015,8,"Female","Asian",8,55
2015,9,"Female","Asian",11,55
2015,10,"Female","Asian",13,55
2015,11,"Female","Asian",6,55
2015,12,"Female","Asian",12,55
2016,1,"Female","Asian",8,55
2016,2,"Female","Asian",4,55
2016,3,"Female","Asian",18,55
2016,4,"Female","Asian",15,55
2016,5,"Female","Asian",11,55
2016,6,"Female","Asian",8,55
2016,7,"Female","Asian",10,55
2016,8,"Female","Asian",15,55
2016,9,"Female","Asian",10,55
2016,10,"Female","Asian",8,55
2016,11,"Female","Asian",8,55
2016,12,"Female","Asian",7,55
2017,1,"Female","Asian",13,55
2017,2,"Female","Asian",10,55
2017,3,"Female","Asian",14,55
2017,4,"Female","Asian",16,55
2017,5,"Female","Asian",14,55
2017,6,"Female","Asian",10,55
2017,7,"Female","Asian",11,55
2017,8,"Female","Asian",6,55
2017,9,"Female","Asian",10,55
2017,10,"Female","Asian",11,55
2017,11,"Female","Asian",10,55
2017,12,"Female","Asian",16,55
2018,1,"Female","Asian",13,55
2018,2,"Female","Asian",9,55
2018,3,"Female","Asian",10,55
2018,4,"Female","Asian",8,55
2018,5,"Female","Asian",17,55
2018,6,"Female","Asian",11,55
2018,7,"Female","Asian",13,55
2018,8,"Female","Asian",9,55
2018,9,"Female","Asian",10,55
2018,10,"Female","Asian",11,55
2018,11,"Female","Asian",15,55
2018,12,"Female","Asian",13,55
2019,1,"Female","Asian",10,55
2019,2,"Female","Asian",9,55
2019,3,"Female","Asian",6,55
2019,4,"Female","Asian",10,55
2019,5,"Female","Asian",14,55
2019,6,"Female","Asian",12,55
2019,7,"Female","Asian",13,55
2019,8,"Female","Asian",7,55
2019,9,"Female","Asian",3,55
2019,10,"Female","Asian",13,55
2019,11,"Female","Asian",8,55
2019,12,"Female","Asian",8,55
2020,1,"Female","Asian",11,55
2020,2,"Female","Asian",10,55
2020,3,"Female","Asian",12,55
2020,4,"Female","Asian",10,55
2020,5,"Female","Asian",15,55
2020,6,"Female","Asian",22,55
2020,7,"Female","Asian",17,55
2020,8,"Female","Asian",16,55
2020,9,"Female","Asian",12,55
2020,10,"Female","Asian",6,55
2020,11,"Female","Asian",12,55
2020,12,"Female","Asian",16,55
2010,8,"Female","Asian",16,60
2010,9,"Female","Asian",17,60
2010,10,"Female","Asian",14,60
2010,11,"Female","Asian",21,60
2010,12,"Female","Asian",17,60
2011,1,"Female","Asian",18,60
2011,2,"Female","Asian",15,60
2011,3,"Female","Asian",22,60
2011,4,"Female","Asian",15,60
2011,5,"Female","Asian",9,60
2011,6,"Female","Asian",20,60
2011,7,"Female","Asian",15,60
2011,8,"Female","Asian",15,60
2011,9,"Female","Asian",21,60
2011,10,"Female","Asian",9,60
2011,11,"Female","Asian",17,60
2011,12,"Female","Asian",10,60
2012,1,"Female","Asian",13,60
2012,2,"Female","Asian",14,60
2012,3,"Female","Asian",10,60
2012,4,"Female","Asian",9,60
2012,5,"Female","Asian",15,60
2012,6,"Female","Asian",16,60
2012,7,"Female","Asian",17,60
2012,8,"Female","Asian",21,60
2012,9,"Female","Asian",12,60
2012,10,"Female","Asian",11,60
2012,11,"Female","Asian",11,60
2012,12,"Female","Asian",9,60
2013,1,"Female","Asian",10,60
2013,2,"Female","Asian",13,60
2013,3,"Female","Asian",11,60
2013,4,"Female","Asian",17,60
2013,5,"Female","Asian",11,60
2013,6,"Female","Asian",13,60
2013,7,"Female","Asian",13,60
2013,8,"Female","Asian",15,60
2013,9,"Female","Asian",13,60
2013,10,"Female","Asian",12,60
2013,11,"Female","Asian",14,60
2013,12,"Female","Asian",23,60
2014,1,"Female","Asian",9,60
2014,2,"Female","Asian",11,60
2014,3,"Female","Asian",12,60
2014,4,"Female","Asian",13,60
2014,5,"Female","Asian",10,60
2014,6,"Female","Asian",15,60
2014,7,"Female","Asian",24,60
2014,8,"Female","Asian",14,60
2014,9,"Female","Asian",8,60
2014,10,"Female","Asian",10,60
2014,11,"Female","Asian",14,60
2014,12,"Female","Asian",19,60
2015,1,"Female","Asian",9,60
2015,2,"Female","Asian",8,60
2015,3,"Female","Asian",16,60
2015,4,"Female","Asian",20,60
2015,5,"Female","Asian",18,60
2015,6,"Female","Asian",11,60
2015,7,"Female","Asian",17,60
2015,8,"Female","Asian",18,60
2015,9,"Female","Asian",16,60
2015,10,"Female","Asian",14,60
2015,11,"Female","Asian",5,60
2015,12,"Female","Asian",12,60
2016,1,"Female","Asian",19,60
2016,2,"Female","Asian",16,60
2016,3,"Female","Asian",13,60
2016,4,"Female","Asian",18,60
2016,5,"Female","Asian",16,60
2016,6,"Female","Asian",16,60
2016,7,"Female","Asian",18,60
2016,8,"Female","Asian",15,60
2016,9,"Female","Asian",14,60
2016,10,"Female","Asian",13,60
2016,11,"Female","Asian",17,60
2016,12,"Female","Asian",14,60
2017,1,"Female","Asian",20,60
2017,2,"Female","Asian",13,60
2017,3,"Female","Asian",15,60
2017,4,"Female","Asian",20,60
2017,5,"Female","Asian",15,60
2017,6,"Female","Asian",25,60
2017,7,"Female","Asian",13,60
2017,8,"Female","Asian",18,60
2017,9,"Female","Asian",14,60
2017,10,"Female","Asian",10,60
2017,11,"Female","Asian",18,60
2017,12,"Female","Asian",14,60
2018,1,"Female","Asian",23,60
2018,2,"Female","Asian",19,60
2018,3,"Female","Asian",16,60
2018,4,"Female","Asian",11,60
2018,5,"Female","Asian",15,60
2018,6,"Female","Asian",12,60
2018,7,"Female","Asian",20,60
2018,8,"Female","Asian",9,60
2018,9,"Female","Asian",10,60
2018,10,"Female","Asian",10,60
2018,11,"Female","Asian",19,60
2018,12,"Female","Asian",19,60
2019,1,"Female","Asian",15,60
2019,2,"Female","Asian",22,60
2019,3,"Female","Asian",15,60
2019,4,"Female","Asian",9,60
2019,5,"Female","Asian",19,60
2019,6,"Female","Asian",16,60
2019,7,"Female","Asian",16,60
2019,8,"Female","Asian",20,60
2019,9,"Female","Asian",14,60
2019,10,"Female","Asian",9,60
2019,11,"Female","Asian",13,60
2019,12,"Female","Asian",13,60
2020,1,"Female","Asian",13,60
2020,2,"Female","Asian",12,60
2020,3,"Female","Asian",23,60
2020,4,"Female","Asian",16,60
2020,5,"Female","Asian",21,60
2020,6,"Female","Asian",23,60
2020,7,"Female","Asian",21,60
2020,8,"Female","Asian",19,60
2020,9,"Female","Asian",16,60
2020,10,"Female","Asian",16,60
2020,11,"Female","Asian",16,60
2020,12,"Female","Asian",31,60
2010,8,"Female","Asian",13,65
2010,9,"Female","Asian",17,65
2010,10,"Female","Asian",12,65
2010,11,"Female","Asian",21,65
2010,12,"Female","Asian",20,65
2011,1,"Female","Asian",23,65
2011,2,"Female","Asian",18,65
2011,3,"Female","Asian",23,65
2011,4,"Female","Asian",21,65
2011,5,"Female","Asian",18,65
2011,6,"Female","Asian",16,65
2011,7,"Female","Asian",17,65
2011,8,"Female","Asian",16,65
2011,9,"Female","Asian",28,65
2011,10,"Female","Asian",30,65
2011,11,"Female","Asian",14,65
2011,12,"Female","Asian",17,65
2012,1,"Female","Asian",15,65
2012,2,"Female","Asian",18,65
2012,3,"Female","Asian",16,65
2012,4,"Female","Asian",20,65
2012,5,"Female","Asian",18,65
2012,6,"Female","Asian",22,65
2012,7,"Female","Asian",19,65
2012,8,"Female","Asian",20,65
2012,9,"Female","Asian",17,65
2012,10,"Female","Asian",22,65
2012,11,"Female","Asian",18,65
2012,12,"Female","Asian",25,65
2013,1,"Female","Asian",22,65
2013,2,"Female","Asian",19,65
2013,3,"Female","Asian",25,65
2013,4,"Female","Asian",29,65
2013,5,"Female","Asian",25,65
2013,6,"Female","Asian",17,65
2013,7,"Female","Asian",21,65
2013,8,"Female","Asian",13,65
2013,9,"Female","Asian",21,65
2013,10,"Female","Asian",17,65
2013,11,"Female","Asian",14,65
2013,12,"Female","Asian",20,65
2014,1,"Female","Asian",9,65
2014,2,"Female","Asian",19,65
2014,3,"Female","Asian",24,65
2014,4,"Female","Asian",15,65
2014,5,"Female","Asian",23,65
2014,6,"Female","Asian",11,65
2014,7,"Female","Asian",20,65
2014,8,"Female","Asian",17,65
2014,9,"Female","Asian",13,65
2014,10,"Female","Asian",22,65
2014,11,"Female","Asian",14,65
2014,12,"Female","Asian",16,65
2015,1,"Female","Asian",16,65
2015,2,"Female","Asian",16,65
2015,3,"Female","Asian",23,65
2015,4,"Female","Asian",19,65
2015,5,"Female","Asian",24,65
2015,6,"Female","Asian",19,65
2015,7,"Female","Asian",23,65
2015,8,"Female","Asian",20,65
2015,9,"Female","Asian",28,65
2015,10,"Female","Asian",12,65
2015,11,"Female","Asian",16,65
2015,12,"Female","Asian",14,65
2016,1,"Female","Asian",20,65
2016,2,"Female","Asian",18,65
2016,3,"Female","Asian",20,65
2016,4,"Female","Asian",16,65
2016,5,"Female","Asian",18,65
2016,6,"Female","Asian",24,65
2016,7,"Female","Asian",20,65
2016,8,"Female","Asian",20,65
2016,9,"Female","Asian",13,65
2016,10,"Female","Asian",12,65
2016,11,"Female","Asian",18,65
2016,12,"Female","Asian",9,65
2017,1,"Female","Asian",18,65
2017,2,"Female","Asian",13,65
2017,3,"Female","Asian",19,65
2017,4,"Female","Asian",17,65
2017,5,"Female","Asian",20,65
2017,6,"Female","Asian",24,65
2017,7,"Female","Asian",16,65
2017,8,"Female","Asian",17,65
2017,9,"Female","Asian",16,65
2017,10,"Female","Asian",16,65
2017,11,"Female","Asian",18,65
2017,12,"Female","Asian",20,65
2018,1,"Female","Asian",22,65
2018,2,"Female","Asian",17,65
2018,3,"Female","Asian",27,65
2018,4,"Female","Asian",21,65
2018,5,"Female","Asian",19,65
2018,6,"Female","Asian",14,65
2018,7,"Female","Asian",14,65
2018,8,"Female","Asian",28,65
2018,9,"Female","Asian",22,65
2018,10,"Female","Asian",21,65
2018,11,"Female","Asian",14,65
2018,12,"Female","Asian",21,65
2019,1,"Female","Asian",19,65
2019,2,"Female","Asian",17,65
2019,3,"Female","Asian",22,65
2019,4,"Female","Asian",22,65
2019,5,"Female","Asian",30,65
2019,6,"Female","Asian",24,65
2019,7,"Female","Asian",26,65
2019,8,"Female","Asian",18,65
2019,9,"Female","Asian",23,65
2019,10,"Female","Asian",21,65
2019,11,"Female","Asian",14,65
2019,12,"Female","Asian",16,65
2020,1,"Female","Asian",17,65
2020,2,"Female","Asian",20,65
2020,3,"Female","Asian",22,65
2020,4,"Female","Asian",35,65
2020,5,"Female","Asian",32,65
2020,6,"Female","Asian",31,65
2020,7,"Female","Asian",28,65
2020,8,"Female","Asian",39,65
2020,9,"Female","Asian",27,65
2020,10,"Female","Asian",31,65
2020,11,"Female","Asian",27,65
2020,12,"Female","Asian",33,65
2010,8,"Female","Asian",36,70
2010,9,"Female","Asian",24,70
2010,10,"Female","Asian",21,70
2010,11,"Female","Asian",26,70
2010,12,"Female","Asian",25,70
2011,1,"Female","Asian",36,70
2011,2,"Female","Asian",40,70
2011,3,"Female","Asian",23,70
2011,4,"Female","Asian",27,70
2011,5,"Female","Asian",34,70
2011,6,"Female","Asian",22,70
2011,7,"Female","Asian",29,70
2011,8,"Female","Asian",23,70
2011,9,"Female","Asian",35,70
2011,10,"Female","Asian",22,70
2011,11,"Female","Asian",29,70
2011,12,"Female","Asian",20,70
2012,1,"Female","Asian",31,70
2012,2,"Female","Asian",27,70
2012,3,"Female","Asian",24,70
2012,4,"Female","Asian",19,70
2012,5,"Female","Asian",17,70
2012,6,"Female","Asian",19,70
2012,7,"Female","Asian",31,70
2012,8,"Female","Asian",21,70
2012,9,"Female","Asian",12,70
2012,10,"Female","Asian",27,70
2012,11,"Female","Asian",18,70
2012,12,"Female","Asian",21,70
2013,1,"Female","Asian",26,70
2013,2,"Female","Asian",31,70
2013,3,"Female","Asian",24,70
2013,4,"Female","Asian",20,70
2013,5,"Female","Asian",32,70
2013,6,"Female","Asian",22,70
2013,7,"Female","Asian",35,70
2013,8,"Female","Asian",24,70
2013,9,"Female","Asian",25,70
2013,10,"Female","Asian",24,70
2013,11,"Female","Asian",18,70
2013,12,"Female","Asian",27,70
2014,1,"Female","Asian",27,70
2014,2,"Female","Asian",29,70
2014,3,"Female","Asian",36,70
2014,4,"Female","Asian",18,70
2014,5,"Female","Asian",35,70
2014,6,"Female","Asian",24,70
2014,7,"Female","Asian",24,70
2014,8,"Female","Asian",37,70
2014,9,"Female","Asian",28,70
2014,10,"Female","Asian",26,70
2014,11,"Female","Asian",33,70
2014,12,"Female","Asian",23,70
2015,1,"Female","Asian",18,70
2015,2,"Female","Asian",29,70
2015,3,"Female","Asian",26,70
2015,4,"Female","Asian",22,70
2015,5,"Female","Asian",29,70
2015,6,"Female","Asian",22,70
2015,7,"Female","Asian",22,70
2015,8,"Female","Asian",29,70
2015,9,"Female","Asian",22,70
2015,10,"Female","Asian",26,70
2015,11,"Female","Asian",20,70
2015,12,"Female","Asian",36,70
2016,1,"Female","Asian",23,70
2016,2,"Female","Asian",21,70
2016,3,"Female","Asian",21,70
2016,4,"Female","Asian",30,70
2016,5,"Female","Asian",34,70
2016,6,"Female","Asian",26,70
2016,7,"Female","Asian",36,70
2016,8,"Female","Asian",29,70
2016,9,"Female","Asian",20,70
2016,10,"Female","Asian",28,70
2016,11,"Female","Asian",23,70
2016,12,"Female","Asian",21,70
2017,1,"Female","Asian",23,70
2017,2,"Female","Asian",30,70
2017,3,"Female","Asian",22,70
2017,4,"Female","Asian",29,70
2017,5,"Female","Asian",20,70
2017,6,"Female","Asian",34,70
2017,7,"Female","Asian",26,70
2017,8,"Female","Asian",39,70
2017,9,"Female","Asian",26,70
2017,10,"Female","Asian",22,70
2017,11,"Female","Asian",17,70
2017,12,"Female","Asian",31,70
2018,1,"Female","Asian",23,70
2018,2,"Female","Asian",17,70
2018,3,"Female","Asian",15,70
2018,4,"Female","Asian",33,70
2018,5,"Female","Asian",29,70
2018,6,"Female","Asian",26,70
2018,7,"Female","Asian",21,70
2018,8,"Female","Asian",32,70
2018,9,"Female","Asian",33,70
2018,10,"Female","Asian",30,70
2018,11,"Female","Asian",27,70
2018,12,"Female","Asian",22,70
2019,1,"Female","Asian",30,70
2019,2,"Female","Asian",23,70
2019,3,"Female","Asian",17,70
2019,4,"Female","Asian",25,70
2019,5,"Female","Asian",19,70
2019,6,"Female","Asian",36,70
2019,7,"Female","Asian",27,70
2019,8,"Female","Asian",15,70
2019,9,"Female","Asian",14,70
2019,10,"Female","Asian",30,70
2019,11,"Female","Asian",27,70
2019,12,"Female","Asian",19,70
2020,1,"Female","Asian",27,70
2020,2,"Female","Asian",38,70
2020,3,"Female","Asian",29,70
2020,4,"Female","Asian",28,70
2020,5,"Female","Asian",45,70
2020,6,"Female","Asian",32,70
2020,7,"Female","Asian",33,70
2020,8,"Female","Asian",33,70
2020,9,"Female","Asian",28,70
2020,10,"Female","Asian",32,70
2020,11,"Female","Asian",28,70
2020,12,"Female","Asian",36,70
2010,8,"Female","Asian",23,75
2010,9,"Female","Asian",37,75
2010,10,"Female","Asian",21,75
2010,11,"Female","Asian",35,75
2010,12,"Female","Asian",50,75
2011,1,"Female","Asian",48,75
2011,2,"Female","Asian",38,75
2011,3,"Female","Asian",39,75
2011,4,"Female","Asian",31,75
2011,5,"Female","Asian",37,75
2011,6,"Female","Asian",35,75
2011,7,"Female","Asian",38,75
2011,8,"Female","Asian",42,75
2011,9,"Female","Asian",20,75
2011,10,"Female","Asian",34,75
2011,11,"Female","Asian",29,75
2011,12,"Female","Asian",36,75
2012,1,"Female","Asian",34,75
2012,2,"Female","Asian",39,75
2012,3,"Female","Asian",33,75
2012,4,"Female","Asian",32,75
2012,5,"Female","Asian",40,75
2012,6,"Female","Asian",30,75
2012,7,"Female","Asian",41,75
2012,8,"Female","Asian",31,75
2012,9,"Female","Asian",36,75
2012,10,"Female","Asian",44,75
2012,11,"Female","Asian",42,75
2012,12,"Female","Asian",38,75
2013,1,"Female","Asian",31,75
2013,2,"Female","Asian",26,75
2013,3,"Female","Asian",28,75
2013,4,"Female","Asian",18,75
2013,5,"Female","Asian",34,75
2013,6,"Female","Asian",26,75
2013,7,"Female","Asian",29,75
2013,8,"Female","Asian",40,75
2013,9,"Female","Asian",34,75
2013,10,"Female","Asian",33,75
2013,11,"Female","Asian",35,75
2013,12,"Female","Asian",24,75
2014,1,"Female","Asian",33,75
2014,2,"Female","Asian",42,75
2014,3,"Female","Asian",37,75
2014,4,"Female","Asian",44,75
2014,5,"Female","Asian",40,75
2014,6,"Female","Asian",34,75
2014,7,"Female","Asian",38,75
2014,8,"Female","Asian",43,75
2014,9,"Female","Asian",33,75
2014,10,"Female","Asian",37,75
2014,11,"Female","Asian",32,75
2014,12,"Female","Asian",28,75
2015,1,"Female","Asian",43,75
2015,2,"Female","Asian",38,75
2015,3,"Female","Asian",30,75
2015,4,"Female","Asian",35,75
2015,5,"Female","Asian",25,75
2015,6,"Female","Asian",40,75
2015,7,"Female","Asian",45,75
2015,8,"Female","Asian",44,75
2015,9,"Female","Asian",30,75
2015,10,"Female","Asian",36,75
2015,11,"Female","Asian",26,75
2015,12,"Female","Asian",44,75
2016,1,"Female","Asian",26,75
2016,2,"Female","Asian",40,75
2016,3,"Female","Asian",28,75
2016,4,"Female","Asian",46,75
2016,5,"Female","Asian",39,75
2016,6,"Female","Asian",41,75
2016,7,"Female","Asian",22,75
2016,8,"Female","Asian",29,75
2016,9,"Female","Asian",29,75
2016,10,"Female","Asian",40,75
2016,11,"Female","Asian",30,75
2016,12,"Female","Asian",30,75
2017,1,"Female","Asian",35,75
2017,2,"Female","Asian",21,75
2017,3,"Female","Asian",32,75
2017,4,"Female","Asian",40,75
2017,5,"Female","Asian",28,75
2017,6,"Female","Asian",27,75
2017,7,"Female","Asian",42,75
2017,8,"Female","Asian",44,75
2017,9,"Female","Asian",35,75
2017,10,"Female","Asian",35,75
2017,11,"Female","Asian",38,75
2017,12,"Female","Asian",47,75
2018,1,"Female","Asian",29,75
2018,2,"Female","Asian",36,75
2018,3,"Female","Asian",37,75
2018,4,"Female","Asian",31,75
2018,5,"Female","Asian",35,75
2018,6,"Female","Asian",36,75
2018,7,"Female","Asian",37,75
2018,8,"Female","Asian",35,75
2018,9,"Female","Asian",48,75
2018,10,"Female","Asian",34,75
2018,11,"Female","Asian",29,75
2018,12,"Female","Asian",38,75
2019,1,"Female","Asian",25,75
2019,2,"Female","Asian",29,75
2019,3,"Female","Asian",30,75
2019,4,"Female","Asian",30,75
2019,5,"Female","Asian",33,75
2019,6,"Female","Asian",26,75
2019,7,"Female","Asian",27,75
2019,8,"Female","Asian",32,75
2019,9,"Female","Asian",46,75
2019,10,"Female","Asian",33,75
2019,11,"Female","Asian",38,75
2019,12,"Female","Asian",26,75
2020,1,"Female","Asian",41,75
2020,2,"Female","Asian",29,75
2020,3,"Female","Asian",38,75
2020,4,"Female","Asian",43,75
2020,5,"Female","Asian",40,75
2020,6,"Female","Asian",47,75
2020,7,"Female","Asian",46,75
2020,8,"Female","Asian",66,75
2020,9,"Female","Asian",48,75
2020,10,"Female","Asian",48,75
2020,11,"Female","Asian",46,75
2020,12,"Female","Asian",41,75
2010,8,"Female","Asian",147,80
2010,9,"Female","Asian",105,80
2010,10,"Female","Asian",128,80
2010,11,"Female","Asian",119,80
2010,12,"Female","Asian",151,80
2011,1,"Female","Asian",142,80
2011,2,"Female","Asian",136,80
2011,3,"Female","Asian",135,80
2011,4,"Female","Asian",152,80
2011,5,"Female","Asian",145,80
2011,6,"Female","Asian",144,80
2011,7,"Female","Asian",136,80
2011,8,"Female","Asian",147,80
2011,9,"Female","Asian",144,80
2011,10,"Female","Asian",145,80
2011,11,"Female","Asian",111,80
2011,12,"Female","Asian",119,80
2012,1,"Female","Asian",123,80
2012,2,"Female","Asian",128,80
2012,3,"Female","Asian",143,80
2012,4,"Female","Asian",156,80
2012,5,"Female","Asian",156,80
2012,6,"Female","Asian",163,80
2012,7,"Female","Asian",157,80
2012,8,"Female","Asian",119,80
2012,9,"Female","Asian",148,80
2012,10,"Female","Asian",118,80
2012,11,"Female","Asian",100,80
2012,12,"Female","Asian",123,80
2013,1,"Female","Asian",115,80
2013,2,"Female","Asian",117,80
2013,3,"Female","Asian",127,80
2013,4,"Female","Asian",118,80
2013,5,"Female","Asian",128,80
2013,6,"Female","Asian",141,80
2013,7,"Female","Asian",164,80
2013,8,"Female","Asian",118,80
2013,9,"Female","Asian",145,80
2013,10,"Female","Asian",126,80
2013,11,"Female","Asian",124,80
2013,12,"Female","Asian",133,80
2014,1,"Female","Asian",128,80
2014,2,"Female","Asian",153,80
2014,3,"Female","Asian",125,80
2014,4,"Female","Asian",140,80
2014,5,"Female","Asian",140,80
2014,6,"Female","Asian",148,80
2014,7,"Female","Asian",138,80
2014,8,"Female","Asian",145,80
2014,9,"Female","Asian",123,80
2014,10,"Female","Asian",146,80
2014,11,"Female","Asian",120,80
2014,12,"Female","Asian",128,80
2015,1,"Female","Asian",160,80
2015,2,"Female","Asian",114,80
2015,3,"Female","Asian",132,80
2015,4,"Female","Asian",139,80
2015,5,"Female","Asian",170,80
2015,6,"Female","Asian",159,80
2015,7,"Female","Asian",162,80
2015,8,"Female","Asian",140,80
2015,9,"Female","Asian",161,80
2015,10,"Female","Asian",134,80
2015,11,"Female","Asian",132,80
2015,12,"Female","Asian",136,80
2016,1,"Female","Asian",126,80
2016,2,"Female","Asian",145,80
2016,3,"Female","Asian",128,80
2016,4,"Female","Asian",169,80
2016,5,"Female","Asian",153,80
2016,6,"Female","Asian",177,80
2016,7,"Female","Asian",143,80
2016,8,"Female","Asian",150,80
2016,9,"Female","Asian",128,80
2016,10,"Female","Asian",144,80
2016,11,"Female","Asian",135,80
2016,12,"Female","Asian",145,80
2017,1,"Female","Asian",145,80
2017,2,"Female","Asian",129,80
2017,3,"Female","Asian",147,80
2017,4,"Female","Asian",126,80
2017,5,"Female","Asian",173,80
2017,6,"Female","Asian",161,80
2017,7,"Female","Asian",157,80
2017,8,"Female","Asian",158,80
2017,9,"Female","Asian",132,80
2017,10,"Female","Asian",167,80
2017,11,"Female","Asian",152,80
2017,12,"Female","Asian",152,80
2018,1,"Female","Asian",152,80
2018,2,"Female","Asian",121,80
2018,3,"Female","Asian",159,80
2018,4,"Female","Asian",137,80
2018,5,"Female","Asian",168,80
2018,6,"Female","Asian",167,80
2018,7,"Female","Asian",157,80
2018,8,"Female","Asian",169,80
2018,9,"Female","Asian",164,80
2018,10,"Female","Asian",141,80
2018,11,"Female","Asian",155,80
2018,12,"Female","Asian",148,80
2019,1,"Female","Asian",156,80
2019,2,"Female","Asian",141,80
2019,3,"Female","Asian",131,80
2019,4,"Female","Asian",157,80
2019,5,"Female","Asian",167,80
2019,6,"Female","Asian",182,80
2019,7,"Female","Asian",192,80
2019,8,"Female","Asian",152,80
2019,9,"Female","Asian",147,80
2019,10,"Female","Asian",171,80
2019,11,"Female","Asian",126,80
2019,12,"Female","Asian",164,80
2020,1,"Female","Asian",159,80
2020,2,"Female","Asian",138,80
2020,3,"Female","Asian",151,80
2020,4,"Female","Asian",171,80
2020,5,"Female","Asian",195,80
2020,6,"Female","Asian",204,80
2020,7,"Female","Asian",221,80
2020,8,"Female","Asian",194,80
2020,9,"Female","Asian",176,80
2020,10,"Female","Asian",192,80
2020,11,"Female","Asian",153,80
2020,12,"Female","Asian",180,80
2010,8,"Female","Black",44,0
2010,9,"Female","Black",43,0
2010,10,"Female","Black",42,0
2010,11,"Female","Black",36,0
2010,12,"Female","Black",30,0
2011,1,"Female","Black",47,0
2011,2,"Female","Black",51,0
2011,3,"Female","Black",55,0
2011,4,"Female","Black",49,0
2011,5,"Female","Black",47,0
2011,6,"Female","Black",51,0
2011,7,"Female","Black",29,0
2011,8,"Female","Black",33,0
2011,9,"Female","Black",40,0
2011,10,"Female","Black",44,0
2011,11,"Female","Black",42,0
2011,12,"Female","Black",45,0
2012,1,"Female","Black",45,0
2012,2,"Female","Black",56,0
2012,3,"Female","Black",44,0
2012,4,"Female","Black",43,0
2012,5,"Female","Black",46,0
2012,6,"Female","Black",38,0
2012,7,"Female","Black",54,0
2012,8,"Female","Black",49,0
2012,9,"Female","Black",47,0
2012,10,"Female","Black",46,0
2012,11,"Female","Black",51,0
2012,12,"Female","Black",32,0
2013,1,"Female","Black",47,0
2013,2,"Female","Black",32,0
2013,3,"Female","Black",40,0
2013,4,"Female","Black",51,0
2013,5,"Female","Black",40,0
2013,6,"Female","Black",33,0
2013,7,"Female","Black",47,0
2013,8,"Female","Black",38,0
2013,9,"Female","Black",37,0
2013,10,"Female","Black",34,0
2013,11,"Female","Black",33,0
2013,12,"Female","Black",55,0
2014,1,"Female","Black",44,0
2014,2,"Female","Black",34,0
2014,3,"Female","Black",42,0
2014,4,"Female","Black",38,0
2014,5,"Female","Black",45,0
2014,6,"Female","Black",36,0
2014,7,"Female","Black",31,0
2014,8,"Female","Black",45,0
2014,9,"Female","Black",37,0
2014,10,"Female","Black",51,0
2014,11,"Female","Black",33,0
2014,12,"Female","Black",47,0
2015,1,"Female","Black",35,0
2015,2,"Female","Black",34,0
2015,3,"Female","Black",43,0
2015,4,"Female","Black",32,0
2015,5,"Female","Black",46,0
2015,6,"Female","Black",39,0
2015,7,"Female","Black",39,0
2015,8,"Female","Black",35,0
2015,9,"Female","Black",37,0
2015,10,"Female","Black",39,0
2015,11,"Female","Black",41,0
2015,12,"Female","Black",39,0
2016,1,"Female","Black",43,0
2016,2,"Female","Black",26,0
2016,3,"Female","Black",39,0
2016,4,"Female","Black",43,0
2016,5,"Female","Black",47,0
2016,6,"Female","Black",34,0
2016,7,"Female","Black",39,0
2016,8,"Female","Black",35,0
2016,9,"Female","Black",32,0
2016,10,"Female","Black",33,0
2016,11,"Female","Black",31,0
2016,12,"Female","Black",35,0
2017,1,"Female","Black",30,0
2017,2,"Female","Black",23,0
2017,3,"Female","Black",32,0
2017,4,"Female","Black",43,0
2017,5,"Female","Black",35,0
2017,6,"Female","Black",48,0
2017,7,"Female","Black",48,0
2017,8,"Female","Black",42,0
2017,9,"Female","Black",47,0
2017,10,"Female","Black",36,0
2017,11,"Female","Black",35,0
2017,12,"Female","Black",45,0
2018,1,"Female","Black",44,0
2018,2,"Female","Black",34,0
2018,3,"Female","Black",46,0
2018,4,"Female","Black",39,0
2018,5,"Female","Black",50,0
2018,6,"Female","Black",44,0
2018,7,"Female","Black",46,0
2018,8,"Female","Black",51,0
2018,9,"Female","Black",34,0
2018,10,"Female","Black",36,0
2018,11,"Female","Black",38,0
2018,12,"Female","Black",45,0
2019,1,"Female","Black",47,0
2019,2,"Female","Black",40,0
2019,3,"Female","Black",42,0
2019,4,"Female","Black",52,0
2019,5,"Female","Black",47,0
2019,6,"Female","Black",41,0
2019,7,"Female","Black",32,0
2019,8,"Female","Black",43,0
2019,9,"Female","Black",33,0
2019,10,"Female","Black",44,0
2019,11,"Female","Black",46,0
2019,12,"Female","Black",43,0
2020,1,"Female","Black",46,0
2020,2,"Female","Black",41,0
2020,3,"Female","Black",33,0
2020,4,"Female","Black",29,0
2020,5,"Female","Black",48,0
2020,6,"Female","Black",47,0
2020,7,"Female","Black",31,0
2020,8,"Female","Black",44,0
2020,9,"Female","Black",44,0
2020,10,"Female","Black",49,0
2020,11,"Female","Black",46,0
2020,12,"Female","Black",43,0
2010,8,"Female","Black",3,5
2010,9,"Female","Black",9,5
2010,10,"Female","Black",6,5
2010,11,"Female","Black",4,5
2010,12,"Female","Black",4,5
2011,1,"Female","Black",13,5
2011,2,"Female","Black",9,5
2011,3,"Female","Black",8,5
2011,4,"Female","Black",10,5
2011,5,"Female","Black",6,5
2011,6,"Female","Black",10,5
2011,7,"Female","Black",9,5
2011,8,"Female","Black",11,5
2011,9,"Female","Black",10,5
2011,10,"Female","Black",2,5
2011,11,"Female","Black",5,5
2011,12,"Female","Black",8,5
2012,1,"Female","Black",6,5
2012,2,"Female","Black",4,5
2012,3,"Female","Black",7,5
2012,4,"Female","Black",10,5
2012,5,"Female","Black",5,5
2012,6,"Female","Black",5,5
2012,7,"Female","Black",3,5
2012,8,"Female","Black",7,5
2012,9,"Female","Black",7,5
2012,10,"Female","Black",4,5
2012,11,"Female","Black",8,5
2012,12,"Female","Black",5,5
2013,1,"Female","Black",6,5
2013,2,"Female","Black",7,5
2013,3,"Female","Black",6,5
2013,4,"Female","Black",5,5
2013,5,"Female","Black",6,5
2013,6,"Female","Black",9,5
2013,7,"Female","Black",9,5
2013,8,"Female","Black",7,5
2013,9,"Female","Black",8,5
2013,10,"Female","Black",1,5
2013,11,"Female","Black",7,5
2013,12,"Female","Black",6,5
2014,1,"Female","Black",1,5
2014,2,"Female","Black",6,5
2014,3,"Female","Black",4,5
2014,4,"Female","Black",6,5
2014,5,"Female","Black",5,5
2014,6,"Female","Black",11,5
2014,7,"Female","Black",5,5
2014,8,"Female","Black",4,5
2014,9,"Female","Black",4,5
2014,10,"Female","Black",11,5
2014,11,"Female","Black",7,5
2014,12,"Female","Black",8,5
2015,1,"Female","Black",4,5
2015,2,"Female","Black",3,5
2015,3,"Female","Black",4,5
2015,4,"Female","Black",5,5
2015,5,"Female","Black",7,5
2015,6,"Female","Black",7,5
2015,7,"Female","Black",6,5
2015,8,"Female","Black",5,5
2015,9,"Female","Black",5,5
2015,10,"Female","Black",5,5
2015,12,"Female","Black",7,5
2016,1,"Female","Black",8,5
2016,2,"Female","Black",3,5
2016,3,"Female","Black",7,5
2016,4,"Female","Black",6,5
2016,5,"Female","Black",2,5
2016,6,"Female","Black",4,5
2016,7,"Female","Black",5,5
2016,8,"Female","Black",6,5
2016,9,"Female","Black",5,5
2016,10,"Female","Black",6,5
2016,11,"Female","Black",3,5
2016,12,"Female","Black",2,5
2017,1,"Female","Black",7,5
2017,2,"Female","Black",4,5
2017,3,"Female","Black",3,5
2017,4,"Female","Black",9,5
2017,5,"Female","Black",2,5
2017,6,"Female","Black",6,5
2017,7,"Female","Black",5,5
2017,8,"Female","Black",3,5
2017,9,"Female","Black",5,5
2017,10,"Female","Black",4,5
2017,11,"Female","Black",7,5
2017,12,"Female","Black",9,5
2018,1,"Female","Black",2,5
2018,2,"Female","Black",4,5
2018,3,"Female","Black",5,5
2018,4,"Female","Black",6,5
2018,5,"Female","Black",6,5
2018,6,"Female","Black",1,5
2018,7,"Female","Black",4,5
2018,8,"Female","Black",2,5
2018,9,"Female","Black",6,5
2018,10,"Female","Black",6,5
2018,11,"Female","Black",8,5
2018,12,"Female","Black",5,5
2019,1,"Female","Black",5,5
2019,2,"Female","Black",6,5
2019,3,"Female","Black",6,5
2019,4,"Female","Black",6,5
2019,5,"Female","Black",8,5
2019,6,"Female","Black",8,5
2019,7,"Female","Black",5,5
2019,8,"Female","Black",7,5
2019,9,"Female","Black",3,5
2019,10,"Female","Black",5,5
2019,11,"Female","Black",9,5
2019,12,"Female","Black",14,5
2020,1,"Female","Black",6,5
2020,2,"Female","Black",7,5
2020,3,"Female","Black",10,5
2020,4,"Female","Black",6,5
2020,5,"Female","Black",7,5
2020,6,"Female","Black",3,5
2020,7,"Female","Black",7,5
2020,8,"Female","Black",2,5
2020,9,"Female","Black",5,5
2020,10,"Female","Black",5,5
2020,11,"Female","Black",4,5
2020,12,"Female","Black",5,5
2010,8,"Female","Black",11,10
2010,9,"Female","Black",9,10
2010,10,"Female","Black",14,10
2010,11,"Female","Black",15,10
2010,12,"Female","Black",14,10
2011,1,"Female","Black",9,10
2011,2,"Female","Black",7,10
2011,3,"Female","Black",9,10
2011,4,"Female","Black",9,10
2011,5,"Female","Black",5,10
2011,6,"Female","Black",11,10
2011,7,"Female","Black",9,10
2011,8,"Female","Black",8,10
2011,9,"Female","Black",4,10
2011,10,"Female","Black",5,10
2011,11,"Female","Black",12,10
2011,12,"Female","Black",9,10
2012,1,"Female","Black",10,10
2012,2,"Female","Black",9,10
2012,3,"Female","Black",12,10
2012,4,"Female","Black",14,10
2012,5,"Female","Black",12,10
2012,6,"Female","Black",11,10
2012,7,"Female","Black",13,10
2012,8,"Female","Black",6,10
2012,9,"Female","Black",13,10
2012,10,"Female","Black",8,10
2012,11,"Female","Black",6,10
2012,12,"Female","Black",9,10
2013,1,"Female","Black",12,10
2013,2,"Female","Black",10,10
2013,3,"Female","Black",13,10
2013,4,"Female","Black",9,10
2013,5,"Female","Black",9,10
2013,6,"Female","Black",10,10
2013,7,"Female","Black",10,10
2013,8,"Female","Black",9,10
2013,9,"Female","Black",10,10
2013,10,"Female","Black",12,10
2013,11,"Female","Black",17,10
2013,12,"Female","Black",10,10
2014,1,"Female","Black",12,10
2014,2,"Female","Black",6,10
2014,3,"Female","Black",14,10
2014,4,"Female","Black",7,10
2014,5,"Female","Black",10,10
2014,6,"Female","Black",5,10
2014,7,"Female","Black",9,10
2014,8,"Female","Black",6,10
2014,9,"Female","Black",11,10
2014,10,"Female","Black",9,10
2014,11,"Female","Black",11,10
2014,12,"Female","Black",6,10
2015,1,"Female","Black",17,10
2015,2,"Female","Black",11,10
2015,3,"Female","Black",8,10
2015,4,"Female","Black",11,10
2015,5,"Female","Black",7,10
2015,6,"Female","Black",8,10
2015,7,"Female","Black",8,10
2015,8,"Female","Black",10,10
2015,9,"Female","Black",8,10
2015,10,"Female","Black",10,10
2015,11,"Female","Black",8,10
2015,12,"Female","Black",7,10
2016,1,"Female","Black",8,10
2016,2,"Female","Black",6,10
2016,3,"Female","Black",7,10
2016,4,"Female","Black",5,10
2016,5,"Female","Black",8,10
2016,6,"Female","Black",11,10
2016,7,"Female","Black",10,10
2016,8,"Female","Black",9,10
2016,9,"Female","Black",8,10
2016,10,"Female","Black",6,10
2016,11,"Female","Black",8,10
2016,12,"Female","Black",8,10
2017,1,"Female","Black",5,10
2017,2,"Female","Black",9,10
2017,3,"Female","Black",7,10
2017,4,"Female","Black",5,10
2017,5,"Female","Black",5,10
2017,6,"Female","Black",11,10
2017,7,"Female","Black",10,10
2017,8,"Female","Black",4,10
2017,9,"Female","Black",4,10
2017,10,"Female","Black",8,10
2017,11,"Female","Black",6,10
2017,12,"Female","Black",13,10
2018,1,"Female","Black",8,10
2018,2,"Female","Black",7,10
2018,3,"Female","Black",11,10
2018,4,"Female","Black",7,10
2018,5,"Female","Black",13,10
2018,6,"Female","Black",10,10
2018,7,"Female","Black",14,10
2018,8,"Female","Black",6,10
2018,9,"Female","Black",5,10
2018,10,"Female","Black",8,10
2018,11,"Female","Black",8,10
2018,12,"Female","Black",11,10
2019,1,"Female","Black",6,10
2019,2,"Female","Black",8,10
2019,3,"Female","Black",11,10
2019,4,"Female","Black",6,10
2019,5,"Female","Black",8,10
2019,6,"Female","Black",9,10
2019,7,"Female","Black",11,10
2019,8,"Female","Black",11,10
2019,9,"Female","Black",6,10
2019,10,"Female","Black",5,10
2019,11,"Female","Black",5,10
2019,12,"Female","Black",15,10
2020,1,"Female","Black",9,10
2020,2,"Female","Black",6,10
2020,3,"Female","Black",7,10
2020,4,"Female","Black",6,10
2020,5,"Female","Black",6,10
2020,6,"Female","Black",4,10
2020,7,"Female","Black",5,10
2020,8,"Female","Black",13,10
2020,9,"Female","Black",9,10
2020,10,"Female","Black",4,10
2020,11,"Female","Black",13,10
2020,12,"Female","Black",10,10
2010,8,"Female","Black",23,15
2010,9,"Female","Black",23,15
2010,10,"Female","Black",17,15
2010,11,"Female","Black",27,15
2010,12,"Female","Black",21,15
2011,1,"Female","Black",21,15
2011,2,"Female","Black",18,15
2011,3,"Female","Black",33,15
2011,4,"Female","Black",27,15
2011,5,"Female","Black",33,15
2011,6,"Female","Black",28,15
2011,7,"Female","Black",17,15
2011,8,"Female","Black",28,15
2011,9,"Female","Black",21,15
2011,10,"Female","Black",22,15
2011,11,"Female","Black",22,15
2011,12,"Female","Black",25,15
2012,1,"Female","Black",23,15
2012,2,"Female","Black",26,15
2012,3,"Female","Black",21,15
2012,4,"Female","Black",22,15
2012,5,"Female","Black",25,15
2012,6,"Female","Black",17,15
2012,7,"Female","Black",26,15
2012,8,"Female","Black",25,15
2012,9,"Female","Black",28,15
2012,10,"Female","Black",25,15
2012,11,"Female","Black",21,15
2012,12,"Female","Black",36,15
2013,1,"Female","Black",25,15
2013,2,"Female","Black",34,15
2013,3,"Female","Black",28,15
2013,4,"Female","Black",21,15
2013,5,"Female","Black",22,15
2013,6,"Female","Black",28,15
2013,7,"Female","Black",29,15
2013,8,"Female","Black",19,15
2013,9,"Female","Black",26,15
2013,10,"Female","Black",14,15
2013,11,"Female","Black",18,15
2013,12,"Female","Black",23,15
2014,1,"Female","Black",28,15
2014,2,"Female","Black",18,15
2014,3,"Female","Black",15,15
2014,4,"Female","Black",13,15
2014,5,"Female","Black",28,15
2014,6,"Female","Black",16,15
2014,7,"Female","Black",22,15
2014,8,"Female","Black",19,15
2014,9,"Female","Black",17,15
2014,10,"Female","Black",22,15
2014,11,"Female","Black",10,15
2014,12,"Female","Black",18,15
2015,1,"Female","Black",18,15
2015,2,"Female","Black",16,15
2015,3,"Female","Black",20,15
2015,4,"Female","Black",20,15
2015,5,"Female","Black",23,15
2015,6,"Female","Black",17,15
2015,7,"Female","Black",28,15
2015,8,"Female","Black",22,15
2015,9,"Female","Black",16,15
2015,10,"Female","Black",19,15
2015,11,"Female","Black",18,15
2015,12,"Female","Black",22,15
2016,1,"Female","Black",26,15
2016,2,"Female","Black",29,15
2016,3,"Female","Black",14,15
2016,4,"Female","Black",22,15
2016,5,"Female","Black",25,15
2016,6,"Female","Black",19,15
2016,7,"Female","Black",24,15
2016,8,"Female","Black",26,15
2016,9,"Female","Black",11,15
2016,10,"Female","Black",14,15
2016,11,"Female","Black",22,15
2016,12,"Female","Black",22,15
2017,1,"Female","Black",24,15
2017,2,"Female","Black",21,15
2017,3,"Female","Black",20,15
2017,4,"Female","Black",20,15
2017,5,"Female","Black",16,15
2017,6,"Female","Black",17,15
2017,7,"Female","Black",20,15
2017,8,"Female","Black",14,15
2017,9,"Female","Black",23,15
2017,10,"Female","Black",22,15
2017,11,"Female","Black",20,15
2017,12,"Female","Black",26,15
2018,1,"Female","Black",18,15
2018,2,"Female","Black",26,15
2018,3,"Female","Black",19,15
2018,4,"Female","Black",20,15
2018,5,"Female","Black",19,15
2018,6,"Female","Black",20,15
2018,7,"Female","Black",20,15
2018,8,"Female","Black",19,15
2018,9,"Female","Black",27,15
2018,10,"Female","Black",20,15
2018,11,"Female","Black",23,15
2018,12,"Female","Black",20,15
2019,1,"Female","Black",19,15
2019,2,"Female","Black",22,15
2019,3,"Female","Black",18,15
2019,4,"Female","Black",20,15
2019,5,"Female","Black",11,15
2019,6,"Female","Black",19,15
2019,7,"Female","Black",12,15
2019,8,"Female","Black",28,15
2019,9,"Female","Black",19,15
2019,10,"Female","Black",27,15
2019,11,"Female","Black",19,15
2019,12,"Female","Black",23,15
2020,1,"Female","Black",22,15
2020,2,"Female","Black",19,15
2020,3,"Female","Black",24,15
2020,4,"Female","Black",23,15
2020,5,"Female","Black",23,15
2020,6,"Female","Black",17,15
2020,7,"Female","Black",17,15
2020,8,"Female","Black",24,15
2020,9,"Female","Black",26,15
2020,10,"Female","Black",23,15
2020,11,"Female","Black",18,15
2020,12,"Female","Black",15,15
2010,8,"Female","Black",24,20
2010,9,"Female","Black",24,20
2010,10,"Female","Black",29,20
2010,11,"Female","Black",34,20
2010,12,"Female","Black",49,20
2011,1,"Female","Black",42,20
2011,2,"Female","Black",28,20
2011,3,"Female","Black",23,20
2011,4,"Female","Black",32,20
2011,5,"Female","Black",24,20
2011,6,"Female","Black",29,20
2011,7,"Female","Black",25,20
2011,8,"Female","Black",33,20
2011,9,"Female","Black",22,20
2011,10,"Female","Black",39,20
2011,11,"Female","Black",27,20
2011,12,"Female","Black",39,20
2012,1,"Female","Black",41,20
2012,2,"Female","Black",32,20
2012,3,"Female","Black",34,20
2012,4,"Female","Black",34,20
2012,5,"Female","Black",35,20
2012,6,"Female","Black",33,20
2012,7,"Female","Black",34,20
2012,8,"Female","Black",25,20
2012,9,"Female","Black",33,20
2012,10,"Female","Black",35,20
2012,11,"Female","Black",25,20
2012,12,"Female","Black",34,20
2013,1,"Female","Black",40,20
2013,2,"Female","Black",24,20
2013,3,"Female","Black",34,20
2013,4,"Female","Black",25,20
2013,5,"Female","Black",35,20
2013,6,"Female","Black",26,20
2013,7,"Female","Black",31,20
2013,8,"Female","Black",23,20
2013,9,"Female","Black",30,20
2013,10,"Female","Black",29,20
2013,11,"Female","Black",30,20
2013,12,"Female","Black",27,20
2014,1,"Female","Black",34,20
2014,2,"Female","Black",26,20
2014,3,"Female","Black",27,20
2014,4,"Female","Black",28,20
2014,5,"Female","Black",35,20
2014,6,"Female","Black",30,20
2014,7,"Female","Black",19,20
2014,8,"Female","Black",38,20
2014,9,"Female","Black",20,20
2014,10,"Female","Black",25,20
2014,11,"Female","Black",31,20
2014,12,"Female","Black",30,20
2015,1,"Female","Black",29,20
2015,2,"Female","Black",21,20
2015,3,"Female","Black",45,20
2015,4,"Female","Black",38,20
2015,5,"Female","Black",32,20
2015,6,"Female","Black",31,20
2015,7,"Female","Black",30,20
2015,8,"Female","Black",34,20
2015,9,"Female","Black",32,20
2015,10,"Female","Black",30,20
2015,11,"Female","Black",33,20
2015,12,"Female","Black",27,20
2016,1,"Female","Black",35,20
2016,2,"Female","Black",26,20
2016,3,"Female","Black",31,20
2016,4,"Female","Black",36,20
2016,5,"Female","Black",30,20
2016,6,"Female","Black",34,20
2016,7,"Female","Black",23,20
2016,8,"Female","Black",25,20
2016,9,"Female","Black",21,20
2016,10,"Female","Black",27,20
2016,11,"Female","Black",37,20
2016,12,"Female","Black",27,20
2017,1,"Female","Black",38,20
2017,2,"Female","Black",30,20
2017,3,"Female","Black",26,20
2017,4,"Female","Black",29,20
2017,5,"Female","Black",39,20
2017,6,"Female","Black",28,20
2017,7,"Female","Black",24,20
2017,8,"Female","Black",27,20
2017,9,"Female","Black",36,20
2017,10,"Female","Black",35,20
2017,11,"Female","Black",34,20
2017,12,"Female","Black",27,20
2018,1,"Female","Black",31,20
2018,2,"Female","Black",26,20
2018,3,"Female","Black",31,20
2018,4,"Female","Black",36,20
2018,5,"Female","Black",29,20
2018,6,"Female","Black",40,20
2018,7,"Female","Black",24,20
2018,8,"Female","Black",27,20
2018,9,"Female","Black",30,20
2018,10,"Female","Black",36,20
2018,11,"Female","Black",30,20
2018,12,"Female","Black",39,20
2019,1,"Female","Black",31,20
2019,2,"Female","Black",27,20
2019,3,"Female","Black",35,20
2019,4,"Female","Black",35,20
2019,5,"Female","Black",33,20
2019,6,"Female","Black",30,20
2019,7,"Female","Black",27,20
2019,8,"Female","Black",23,20
2019,9,"Female","Black",25,20
2019,10,"Female","Black",24,20
2019,11,"Female","Black",36,20
2019,12,"Female","Black",28,20
2020,1,"Female","Black",25,20
2020,2,"Female","Black",38,20
2020,3,"Female","Black",31,20
2020,4,"Female","Black",28,20
2020,5,"Female","Black",41,20
2020,6,"Female","Black",39,20
2020,7,"Female","Black",26,20
2020,8,"Female","Black",34,20
2020,9,"Female","Black",36,20
2020,10,"Female","Black",36,20
2020,11,"Female","Black",36,20
2020,12,"Female","Black",47,20
2010,8,"Female","Black",46,25
2010,9,"Female","Black",37,25
2010,10,"Female","Black",54,25
2010,11,"Female","Black",36,25
2010,12,"Female","Black",46,25
2011,1,"Female","Black",69,25
2011,2,"Female","Black",44,25
2011,3,"Female","Black",50,25
2011,4,"Female","Black",58,25
2011,5,"Female","Black",56,25
2011,6,"Female","Black",40,25
2011,7,"Female","Black",50,25
2011,8,"Female","Black",46,25
2011,9,"Female","Black",39,25
2011,10,"Female","Black",47,25
2011,11,"Female","Black",41,25
2011,12,"Female","Black",40,25
2012,1,"Female","Black",41,25
2012,2,"Female","Black",43,25
2012,3,"Female","Black",39,25
2012,4,"Female","Black",52,25
2012,5,"Female","Black",44,25
2012,6,"Female","Black",42,25
2012,7,"Female","Black",47,25
2012,8,"Female","Black",56,25
2012,9,"Female","Black",54,25
2012,10,"Female","Black",36,25
2012,11,"Female","Black",45,25
2012,12,"Female","Black",50,25
2013,1,"Female","Black",53,25
2013,2,"Female","Black",32,25
2013,3,"Female","Black",52,25
2013,4,"Female","Black",51,25
2013,5,"Female","Black",50,25
2013,6,"Female","Black",46,25
2013,7,"Female","Black",46,25
2013,8,"Female","Black",50,25
2013,9,"Female","Black",33,25
2013,10,"Female","Black",34,25
2013,11,"Female","Black",50,25
2013,12,"Female","Black",51,25
2014,1,"Female","Black",43,25
2014,2,"Female","Black",53,25
2014,3,"Female","Black",41,25
2014,4,"Female","Black",38,25
2014,5,"Female","Black",55,25
2014,6,"Female","Black",41,25
2014,7,"Female","Black",31,25
2014,8,"Female","Black",43,25
2014,9,"Female","Black",48,25
2014,10,"Female","Black",30,25
2014,11,"Female","Black",33,25
2014,12,"Female","Black",45,25
2015,1,"Female","Black",39,25
2015,2,"Female","Black",38,25
2015,3,"Female","Black",47,25
2015,4,"Female","Black",45,25
2015,5,"Female","Black",37,25
2015,6,"Female","Black",48,25
2015,7,"Female","Black",35,25
2015,8,"Female","Black",32,25
2015,9,"Female","Black",31,25
2015,10,"Female","Black",42,25
2015,11,"Female","Black",39,25
2015,12,"Female","Black",33,25
2016,1,"Female","Black",32,25
2016,2,"Female","Black",41,25
2016,3,"Female","Black",37,25
2016,4,"Female","Black",42,25
2016,5,"Female","Black",53,25
2016,6,"Female","Black",40,25
2016,7,"Female","Black",36,25
2016,8,"Female","Black",43,25
2016,9,"Female","Black",36,25
2016,10,"Female","Black",33,25
2016,11,"Female","Black",50,25
2016,12,"Female","Black",43,25
2017,1,"Female","Black",47,25
2017,2,"Female","Black",22,25
2017,3,"Female","Black",53,25
2017,4,"Female","Black",50,25
2017,5,"Female","Black",37,25
2017,6,"Female","Black",32,25
2017,7,"Female","Black",36,25
2017,8,"Female","Black",40,25
2017,9,"Female","Black",34,25
2017,10,"Female","Black",46,25
2017,11,"Female","Black",51,25
2017,12,"Female","Black",39,25
2018,1,"Female","Black",40,25
2018,2,"Female","Black",34,25
2018,3,"Female","Black",30,25
2018,4,"Female","Black",39,25
2018,5,"Female","Black",39,25
2018,6,"Female","Black",44,25
2018,7,"Female","Black",44,25
2018,8,"Female","Black",47,25
2018,9,"Female","Black",42,25
2018,10,"Female","Black",24,25
2018,11,"Female","Black",35,25
2018,12,"Female","Black",36,25
2019,1,"Female","Black",40,25
2019,2,"Female","Black",35,25
2019,3,"Female","Black",41,25
2019,4,"Female","Black",37,25
2019,5,"Female","Black",48,25
2019,6,"Female","Black",49,25
2019,7,"Female","Black",50,25
2019,8,"Female","Black",49,25
2019,9,"Female","Black",50,25
2019,10,"Female","Black",37,25
2019,11,"Female","Black",39,25
2019,12,"Female","Black",38,25
2020,1,"Female","Black",36,25
2020,2,"Female","Black",39,25
2020,3,"Female","Black",41,25
2020,4,"Female","Black",49,25
2020,5,"Female","Black",39,25
2020,6,"Female","Black",53,25
2020,7,"Female","Black",61,25
2020,8,"Female","Black",40,25
2020,9,"Female","Black",52,25
2020,10,"Female","Black",54,25
2020,11,"Female","Black",37,25
2020,12,"Female","Black",74,25
2010,8,"Female","Black",60,30
2010,9,"Female","Black",73,30
2010,10,"Female","Black",71,30
2010,11,"Female","Black",66,30
2010,12,"Female","Black",75,30
2011,1,"Female","Black",59,30
2011,2,"Female","Black",59,30
2011,3,"Female","Black",77,30
2011,4,"Female","Black",52,30
2011,5,"Female","Black",70,30
2011,6,"Female","Black",68,30
2011,7,"Female","Black",65,30
2011,8,"Female","Black",55,30
2011,9,"Female","Black",76,30
2011,10,"Female","Black",58,30
2011,11,"Female","Black",64,30
2011,12,"Female","Black",61,30
2012,1,"Female","Black",58,30
2012,2,"Female","Black",50,30
2012,3,"Female","Black",69,30
2012,4,"Female","Black",65,30
2012,5,"Female","Black",76,30
2012,6,"Female","Black",63,30
2012,7,"Female","Black",60,30
2012,8,"Female","Black",60,30
2012,9,"Female","Black",66,30
2012,10,"Female","Black",64,30
2012,11,"Female","Black",58,30
2012,12,"Female","Black",70,30
2013,1,"Female","Black",68,30
2013,2,"Female","Black",59,30
2013,3,"Female","Black",70,30
2013,4,"Female","Black",66,30
2013,5,"Female","Black",69,30
2013,6,"Female","Black",65,30
2013,7,"Female","Black",51,30
2013,8,"Female","Black",66,30
2013,9,"Female","Black",57,30
2013,10,"Female","Black",66,30
2013,11,"Female","Black",62,30
2013,12,"Female","Black",54,30
2014,1,"Female","Black",77,30
2014,2,"Female","Black",68,30
2014,3,"Female","Black",78,30
2014,4,"Female","Black",54,30
2014,5,"Female","Black",58,30
2014,6,"Female","Black",49,30
2014,7,"Female","Black",82,30
2014,8,"Female","Black",70,30
2014,9,"Female","Black",71,30
2014,10,"Female","Black",61,30
2014,11,"Female","Black",57,30
2014,12,"Female","Black",47,30
2015,1,"Female","Black",66,30
2015,2,"Female","Black",52,30
2015,3,"Female","Black",66,30
2015,4,"Female","Black",59,30
2015,5,"Female","Black",59,30
2015,6,"Female","Black",61,30
2015,7,"Female","Black",56,30
2015,8,"Female","Black",65,30
2015,9,"Female","Black",56,30
2015,10,"Female","Black",51,30
2015,11,"Female","Black",56,30
2015,12,"Female","Black",82,30
2016,1,"Female","Black",47,30
2016,2,"Female","Black",55,30
2016,3,"Female","Black",75,30
2016,4,"Female","Black",68,30
2016,5,"Female","Black",60,30
2016,6,"Female","Black",60,30
2016,7,"Female","Black",61,30
2016,8,"Female","Black",56,30
2016,9,"Female","Black",57,30
2016,10,"Female","Black",61,30
2016,11,"Female","Black",51,30
2016,12,"Female","Black",65,30
2017,1,"Female","Black",59,30
2017,2,"Female","Black",46,30
2017,3,"Female","Black",68,30
2017,4,"Female","Black",41,30
2017,5,"Female","Black",57,30
2017,6,"Female","Black",75,30
2017,7,"Female","Black",63,30
2017,8,"Female","Black",52,30
2017,9,"Female","Black",55,30
2017,10,"Female","Black",52,30
2017,11,"Female","Black",51,30
2017,12,"Female","Black",61,30
2018,1,"Female","Black",60,30
2018,2,"Female","Black",46,30
2018,3,"Female","Black",67,30
2018,4,"Female","Black",62,30
2018,5,"Female","Black",67,30
2018,6,"Female","Black",53,30
2018,7,"Female","Black",55,30
2018,8,"Female","Black",64,30
2018,9,"Female","Black",68,30
2018,10,"Female","Black",55,30
2018,11,"Female","Black",64,30
2018,12,"Female","Black",49,30
2019,1,"Female","Black",50,30
2019,2,"Female","Black",65,30
2019,3,"Female","Black",53,30
2019,4,"Female","Black",62,30
2019,5,"Female","Black",68,30
2019,6,"Female","Black",65,30
2019,7,"Female","Black",42,30
2019,8,"Female","Black",58,30
2019,9,"Female","Black",58,30
2019,10,"Female","Black",56,30
2019,11,"Female","Black",52,30
2019,12,"Female","Black",61,30
2020,1,"Female","Black",72,30
2020,2,"Female","Black",67,30
2020,3,"Female","Black",79,30
2020,4,"Female","Black",50,30
2020,5,"Female","Black",81,30
2020,6,"Female","Black",76,30
2020,7,"Female","Black",84,30
2020,8,"Female","Black",67,30
2020,9,"Female","Black",56,30
2020,10,"Female","Black",60,30
2020,11,"Female","Black",67,30
2020,12,"Female","Black",87,30
2010,8,"Female","Black",68,35
2010,9,"Female","Black",87,35
2010,10,"Female","Black",72,35
2010,11,"Female","Black",93,35
2010,12,"Female","Black",80,35
2011,1,"Female","Black",105,35
2011,2,"Female","Black",82,35
2011,3,"Female","Black",94,35
2011,4,"Female","Black",84,35
2011,5,"Female","Black",92,35
2011,6,"Female","Black",84,35
2011,7,"Female","Black",68,35
2011,8,"Female","Black",85,35
2011,9,"Female","Black",66,35
2011,10,"Female","Black",65,35
2011,11,"Female","Black",79,35
2011,12,"Female","Black",82,35
2012,1,"Female","Black",82,35
2012,2,"Female","Black",75,35
2012,3,"Female","Black",90,35
2012,4,"Female","Black",74,35
2012,5,"Female","Black",82,35
2012,6,"Female","Black",53,35
2012,7,"Female","Black",84,35
2012,8,"Female","Black",89,35
2012,9,"Female","Black",65,35
2012,10,"Female","Black",75,35
2012,11,"Female","Black",81,35
2012,12,"Female","Black",77,35
2013,1,"Female","Black",97,35
2013,2,"Female","Black",81,35
2013,3,"Female","Black",101,35
2013,4,"Female","Black",109,35
2013,5,"Female","Black",99,35
2013,6,"Female","Black",83,35
2013,7,"Female","Black",88,35
2013,8,"Female","Black",88,35
2013,9,"Female","Black",80,35
2013,10,"Female","Black",75,35
2013,11,"Female","Black",73,35
2013,12,"Female","Black",74,35
2014,1,"Female","Black",101,35
2014,2,"Female","Black",66,35
2014,3,"Female","Black",98,35
2014,4,"Female","Black",97,35
2014,5,"Female","Black",93,35
2014,6,"Female","Black",91,35
2014,7,"Female","Black",84,35
2014,8,"Female","Black",105,35
2014,9,"Female","Black",94,35
2014,10,"Female","Black",63,35
2014,11,"Female","Black",85,35
2014,12,"Female","Black",94,35
2015,1,"Female","Black",83,35
2015,2,"Female","Black",84,35
2015,3,"Female","Black",79,35
2015,4,"Female","Black",60,35
2015,5,"Female","Black",87,35
2015,6,"Female","Black",93,35
2015,7,"Female","Black",84,35
2015,8,"Female","Black",71,35
2015,9,"Female","Black",97,35
2015,10,"Female","Black",90,35
2015,11,"Female","Black",74,35
2015,12,"Female","Black",95,35
2016,1,"Female","Black",99,35
2016,2,"Female","Black",83,35
2016,3,"Female","Black",87,35
2016,4,"Female","Black",83,35
2016,5,"Female","Black",97,35
2016,6,"Female","Black",93,35
2016,7,"Female","Black",108,35
2016,8,"Female","Black",91,35
2016,9,"Female","Black",82,35
2016,10,"Female","Black",83,35
2016,11,"Female","Black",69,35
2016,12,"Female","Black",79,35
2017,1,"Female","Black",89,35
2017,2,"Female","Black",82,35
2017,3,"Female","Black",91,35
2017,4,"Female","Black",88,35
2017,5,"Female","Black",74,35
2017,6,"Female","Black",85,35
2017,7,"Female","Black",103,35
2017,8,"Female","Black",91,35
2017,9,"Female","Black",72,35
2017,10,"Female","Black",82,35
2017,11,"Female","Black",88,35
2017,12,"Female","Black",81,35
2018,1,"Female","Black",85,35
2018,2,"Female","Black",62,35
2018,3,"Female","Black",90,35
2018,4,"Female","Black",78,35
2018,5,"Female","Black",89,35
2018,6,"Female","Black",96,35
2018,7,"Female","Black",84,35
2018,8,"Female","Black",89,35
2018,9,"Female","Black",84,35
2018,10,"Female","Black",81,35
2018,11,"Female","Black",94,35
2018,12,"Female","Black",91,35
2019,1,"Female","Black",81,35
2019,2,"Female","Black",76,35
2019,3,"Female","Black",80,35
2019,4,"Female","Black",88,35
2019,5,"Female","Black",102,35
2019,6,"Female","Black",95,35
2019,7,"Female","Black",83,35
2019,8,"Female","Black",69,35
2019,9,"Female","Black",83,35
2019,10,"Female","Black",79,35
2019,11,"Female","Black",74,35
2019,12,"Female","Black",88,35
2020,1,"Female","Black",92,35
2020,2,"Female","Black",79,35
2020,3,"Female","Black",90,35
2020,4,"Female","Black",102,35
2020,5,"Female","Black",129,35
2020,6,"Female","Black",154,35
2020,7,"Female","Black",133,35
2020,8,"Female","Black",120,35
2020,9,"Female","Black",108,35
2020,10,"Female","Black",106,35
2020,11,"Female","Black",109,35
2020,12,"Female","Black",121,35
2010,8,"Female","Black",124,40
2010,9,"Female","Black",120,40
2010,10,"Female","Black",107,40
2010,11,"Female","Black",98,40
2010,12,"Female","Black",107,40
2011,1,"Female","Black",148,40
2011,2,"Female","Black",103,40
2011,3,"Female","Black",147,40
2011,4,"Female","Black",111,40
2011,5,"Female","Black",110,40
2011,6,"Female","Black",105,40
2011,7,"Female","Black",133,40
2011,8,"Female","Black",116,40
2011,9,"Female","Black",134,40
2011,10,"Female","Black",123,40
2011,11,"Female","Black",100,40
2011,12,"Female","Black",98,40
2012,1,"Female","Black",128,40
2012,2,"Female","Black",107,40
2012,3,"Female","Black",116,40
2012,4,"Female","Black",109,40
2012,5,"Female","Black",105,40
2012,6,"Female","Black",110,40
2012,7,"Female","Black",118,40
2012,8,"Female","Black",98,40
2012,9,"Female","Black",112,40
2012,10,"Female","Black",124,40
2012,11,"Female","Black",117,40
2012,12,"Female","Black",109,40
2013,1,"Female","Black",124,40
2013,2,"Female","Black",112,40
2013,3,"Female","Black",97,40
2013,4,"Female","Black",109,40
2013,5,"Female","Black",117,40
2013,6,"Female","Black",112,40
2013,7,"Female","Black",99,40
2013,8,"Female","Black",105,40
2013,9,"Female","Black",113,40
2013,10,"Female","Black",101,40
2013,11,"Female","Black",100,40
2013,12,"Female","Black",108,40
2014,1,"Female","Black",112,40
2014,2,"Female","Black",100,40
2014,3,"Female","Black",120,40
2014,4,"Female","Black",107,40
2014,5,"Female","Black",101,40
2014,6,"Female","Black",130,40
2014,7,"Female","Black",116,40
2014,8,"Female","Black",105,40
2014,9,"Female","Black",128,40
2014,10,"Female","Black",107,40
2014,11,"Female","Black",92,40
2014,12,"Female","Black",124,40
2015,1,"Female","Black",110,40
2015,2,"Female","Black",99,40
2015,3,"Female","Black",103,40
2015,4,"Female","Black",120,40
2015,5,"Female","Black",119,40
2015,6,"Female","Black",104,40
2015,7,"Female","Black",103,40
2015,8,"Female","Black",115,40
2015,9,"Female","Black",115,40
2015,10,"Female","Black",113,40
2015,11,"Female","Black",114,40
2015,12,"Female","Black",94,40
2016,1,"Female","Black",111,40
2016,2,"Female","Black",99,40
2016,3,"Female","Black",124,40
2016,4,"Female","Black",118,40
2016,5,"Female","Black",113,40
2016,6,"Female","Black",121,40
2016,7,"Female","Black",123,40
2016,8,"Female","Black",119,40
2016,9,"Female","Black",103,40
2016,10,"Female","Black",111,40
2016,11,"Female","Black",102,40
2016,12,"Female","Black",118,40
2017,1,"Female","Black",117,40
2017,2,"Female","Black",108,40
2017,3,"Female","Black",91,40
2017,4,"Female","Black",88,40
2017,5,"Female","Black",110,40
2017,6,"Female","Black",111,40
2017,7,"Female","Black",124,40
2017,8,"Female","Black",120,40
2017,9,"Female","Black",108,40
2017,10,"Female","Black",104,40
2017,11,"Female","Black",115,40
2017,12,"Female","Black",126,40
2018,1,"Female","Black",104,40
2018,2,"Female","Black",118,40
2018,3,"Female","Black",127,40
2018,4,"Female","Black",113,40
2018,5,"Female","Black",118,40
2018,6,"Female","Black",118,40
2018,7,"Female","Black",116,40
2018,8,"Female","Black",125,40
2018,9,"Female","Black",104,40
2018,10,"Female","Black",121,40
2018,11,"Female","Black",117,40
2018,12,"Female","Black",118,40
2019,1,"Female","Black",105,40
2019,2,"Female","Black",108,40
2019,3,"Female","Black",120,40
2019,4,"Female","Black",138,40
2019,5,"Female","Black",123,40
2019,6,"Female","Black",104,40
2019,7,"Female","Black",134,40
2019,8,"Female","Black",113,40
2019,9,"Female","Black",124,40
2019,10,"Female","Black",102,40
2019,11,"Female","Black",99,40
2019,12,"Female","Black",138,40
2020,1,"Female","Black",120,40
2020,2,"Female","Black",118,40
2020,3,"Female","Black",140,40
2020,4,"Female","Black",165,40
2020,5,"Female","Black",198,40
2020,6,"Female","Black",191,40
2020,7,"Female","Black",176,40
2020,8,"Female","Black",151,40
2020,9,"Female","Black",138,40
2020,10,"Female","Black",149,40
2020,11,"Female","Black",151,40
2020,12,"Female","Black",170,40
2010,8,"Female","Black",176,45
2010,9,"Female","Black",140,45
2010,10,"Female","Black",166,45
2010,11,"Female","Black",159,45
2010,12,"Female","Black",175,45
2011,1,"Female","Black",166,45
2011,2,"Female","Black",157,45
2011,3,"Female","Black",173,45
2011,4,"Female","Black",161,45
2011,5,"Female","Black",136,45
2011,6,"Female","Black",184,45
2011,7,"Female","Black",167,45
2011,8,"Female","Black",171,45
2011,9,"Female","Black",158,45
2011,10,"Female","Black",159,45
2011,11,"Female","Black",137,45
2011,12,"Female","Black",153,45
2012,1,"Female","Black",184,45
2012,2,"Female","Black",158,45
2012,3,"Female","Black",158,45
2012,4,"Female","Black",145,45
2012,5,"Female","Black",164,45
2012,6,"Female","Black",181,45
2012,7,"Female","Black",174,45
2012,8,"Female","Black",173,45
2012,9,"Female","Black",160,45
2012,10,"Female","Black",136,45
2012,11,"Female","Black",147,45
2012,12,"Female","Black",148,45
2013,1,"Female","Black",152,45
2013,2,"Female","Black",160,45
2013,3,"Female","Black",153,45
2013,4,"Female","Black",155,45
2013,5,"Female","Black",156,45
2013,6,"Female","Black",164,45
2013,7,"Female","Black",169,45
2013,8,"Female","Black",140,45
2013,9,"Female","Black",136,45
2013,10,"Female","Black",151,45
2013,11,"Female","Black",141,45
2013,12,"Female","Black",142,45
2014,1,"Female","Black",146,45
2014,2,"Female","Black",144,45
2014,3,"Female","Black",132,45
2014,4,"Female","Black",157,45
2014,5,"Female","Black",161,45
2014,6,"Female","Black",152,45
2014,7,"Female","Black",154,45
2014,8,"Female","Black",163,45
2014,9,"Female","Black",147,45
2014,10,"Female","Black",158,45
2014,11,"Female","Black",122,45
2014,12,"Female","Black",134,45
2015,1,"Female","Black",150,45
2015,2,"Female","Black",137,45
2015,3,"Female","Black",170,45
2015,4,"Female","Black",164,45
2015,5,"Female","Black",173,45
2015,6,"Female","Black",134,45
2015,7,"Female","Black",139,45
2015,8,"Female","Black",152,45
2015,9,"Female","Black",139,45
2015,10,"Female","Black",151,45
2015,11,"Female","Black",156,45
2015,12,"Female","Black",152,45
2016,1,"Female","Black",156,45
2016,2,"Female","Black",141,45
2016,3,"Female","Black",147,45
2016,4,"Female","Black",161,45
2016,5,"Female","Black",165,45
2016,6,"Female","Black",151,45
2016,7,"Female","Black",185,45
2016,8,"Female","Black",186,45
2016,9,"Female","Black",144,45
2016,10,"Female","Black",144,45
2016,11,"Female","Black",145,45
2016,12,"Female","Black",148,45
2017,1,"Female","Black",152,45
2017,2,"Female","Black",140,45
2017,3,"Female","Black",147,45
2017,4,"Female","Black",165,45
2017,5,"Female","Black",145,45
2017,6,"Female","Black",173,45
2017,7,"Female","Black",141,45
2017,8,"Female","Black",147,45
2017,9,"Female","Black",136,45
2017,10,"Female","Black",157,45
2017,11,"Female","Black",125,45
2017,12,"Female","Black",156,45
2018,1,"Female","Black",141,45
2018,2,"Female","Black",141,45
2018,3,"Female","Black",164,45
2018,4,"Female","Black",155,45
2018,5,"Female","Black",149,45
2018,6,"Female","Black",135,45
2018,7,"Female","Black",152,45
2018,8,"Female","Black",157,45
2018,9,"Female","Black",140,45
2018,10,"Female","Black",164,45
2018,11,"Female","Black",165,45
2018,12,"Female","Black",154,45
2019,1,"Female","Black",147,45
2019,2,"Female","Black",140,45
2019,3,"Female","Black",146,45
2019,4,"Female","Black",168,45
2019,5,"Female","Black",193,45
2019,6,"Female","Black",138,45
2019,7,"Female","Black",171,45
2019,8,"Female","Black",163,45
2019,9,"Female","Black",159,45
2019,10,"Female","Black",164,45
2019,11,"Female","Black",132,45
2019,12,"Female","Black",171,45
2020,1,"Female","Black",160,45
2020,2,"Female","Black",173,45
2020,3,"Female","Black",170,45
2020,4,"Female","Black",194,45
2020,5,"Female","Black",257,45
2020,6,"Female","Black",213,45
2020,7,"Female","Black",228,45
2020,8,"Female","Black",203,45
2020,9,"Female","Black",174,45
2020,10,"Female","Black",196,45
2020,11,"Female","Black",174,45
2020,12,"Female","Black",206,45
2010,8,"Female","Black",200,50
2010,9,"Female","Black",191,50
2010,10,"Female","Black",202,50
2010,11,"Female","Black",205,50
2010,12,"Female","Black",194,50
2011,1,"Female","Black",226,50
2011,2,"Female","Black",193,50
2011,3,"Female","Black",192,50
2011,4,"Female","Black",197,50
2011,5,"Female","Black",220,50
2011,6,"Female","Black",220,50
2011,7,"Female","Black",223,50
2011,8,"Female","Black",209,50
2011,9,"Female","Black",177,50
2011,10,"Female","Black",214,50
2011,11,"Female","Black",176,50
2011,12,"Female","Black",218,50
2012,1,"Female","Black",192,50
2012,2,"Female","Black",197,50
2012,3,"Female","Black",219,50
2012,4,"Female","Black",204,50
2012,5,"Female","Black",195,50
2012,6,"Female","Black",193,50
2012,7,"Female","Black",225,50
2012,8,"Female","Black",204,50
2012,9,"Female","Black",202,50
2012,10,"Female","Black",209,50
2012,11,"Female","Black",200,50
2012,12,"Female","Black",194,50
2013,1,"Female","Black",210,50
2013,2,"Female","Black",204,50
2013,3,"Female","Black",242,50
2013,4,"Female","Black",224,50
2013,5,"Female","Black",226,50
2013,6,"Female","Black",180,50
2013,7,"Female","Black",222,50
2013,8,"Female","Black",204,50
2013,9,"Female","Black",192,50
2013,10,"Female","Black",183,50
2013,11,"Female","Black",203,50
2013,12,"Female","Black",171,50
2014,1,"Female","Black",226,50
2014,2,"Female","Black",192,50
2014,3,"Female","Black",186,50
2014,4,"Female","Black",199,50
2014,5,"Female","Black",206,50
2014,6,"Female","Black",196,50
2014,7,"Female","Black",212,50
2014,8,"Female","Black",212,50
2014,9,"Female","Black",188,50
2014,10,"Female","Black",202,50
2014,11,"Female","Black",214,50
2014,12,"Female","Black",223,50
2015,1,"Female","Black",233,50
2015,2,"Female","Black",187,50
2015,3,"Female","Black",205,50
2015,4,"Female","Black",200,50
2015,5,"Female","Black",243,50
2015,6,"Female","Black",231,50
2015,7,"Female","Black",221,50
2015,8,"Female","Black",231,50
2015,9,"Female","Black",180,50
2015,10,"Female","Black",208,50
2015,11,"Female","Black",204,50
2015,12,"Female","Black",208,50
2016,1,"Female","Black",201,50
2016,2,"Female","Black",191,50
2016,3,"Female","Black",218,50
2016,4,"Female","Black",234,50
2016,5,"Female","Black",233,50
2016,6,"Female","Black",212,50
2016,7,"Female","Black",259,50
2016,8,"Female","Black",224,50
2016,9,"Female","Black",193,50
2016,10,"Female","Black",208,50
2016,11,"Female","Black",196,50
2016,12,"Female","Black",217,50
2017,1,"Female","Black",202,50
2017,2,"Female","Black",181,50
2017,3,"Female","Black",195,50
2017,4,"Female","Black",207,50
2017,5,"Female","Black",194,50
2017,6,"Female","Black",218,50
2017,7,"Female","Black",209,50
2017,8,"Female","Black",216,50
2017,9,"Female","Black",201,50
2017,10,"Female","Black",185,50
2017,11,"Female","Black",221,50
2017,12,"Female","Black",235,50
2018,1,"Female","Black",220,50
2018,2,"Female","Black",177,50
2018,3,"Female","Black",225,50
2018,4,"Female","Black",202,50
2018,5,"Female","Black",202,50
2018,6,"Female","Black",218,50
2018,7,"Female","Black",209,50
2018,8,"Female","Black",176,50
2018,9,"Female","Black",197,50
2018,10,"Female","Black",198,50
2018,11,"Female","Black",205,50
2018,12,"Female","Black",187,50
2019,1,"Female","Black",181,50
2019,2,"Female","Black",198,50
2019,3,"Female","Black",197,50
2019,4,"Female","Black",211,50
2019,5,"Female","Black",211,50
2019,6,"Female","Black",220,50
2019,7,"Female","Black",222,50
2019,8,"Female","Black",209,50
2019,9,"Female","Black",195,50
2019,10,"Female","Black",249,50
2019,11,"Female","Black",175,50
2019,12,"Female","Black",213,50
2020,1,"Female","Black",232,50
2020,2,"Female","Black",176,50
2020,3,"Female","Black",251,50
2020,4,"Female","Black",241,50
2020,5,"Female","Black",278,50
2020,6,"Female","Black",283,50
2020,7,"Female","Black",307,50
2020,8,"Female","Black",275,50
2020,9,"Female","Black",252,50
2020,10,"Female","Black",223,50
2020,11,"Female","Black",239,50
2020,12,"Female","Black",296,50
2010,8,"Female","Black",245,55
2010,9,"Female","Black",246,55
2010,10,"Female","Black",227,55
2010,11,"Female","Black",213,55
2010,12,"Female","Black",224,55
2011,1,"Female","Black",266,55
2011,2,"Female","Black",225,55
2011,3,"Female","Black",228,55
2011,4,"Female","Black",224,55
2011,5,"Female","Black",261,55
2011,6,"Female","Black",262,55
2011,7,"Female","Black",246,55
2011,8,"Female","Black",243,55
2011,9,"Female","Black",219,55
2011,10,"Female","Black",237,55
2011,11,"Female","Black",234,55
2011,12,"Female","Black",241,55
2012,1,"Female","Black",215,55
2012,2,"Female","Black",259,55
2012,3,"Female","Black",215,55
2012,4,"Female","Black",243,55
2012,5,"Female","Black",259,55
2012,6,"Female","Black",250,55
2012,7,"Female","Black",288,55
2012,8,"Female","Black",250,55
2012,9,"Female","Black",228,55
2012,10,"Female","Black",247,55
2012,11,"Female","Black",209,55
2012,12,"Female","Black",234,55
2013,1,"Female","Black",244,55
2013,2,"Female","Black",223,55
2013,3,"Female","Black",244,55
2013,4,"Female","Black",270,55
2013,5,"Female","Black",252,55
2013,6,"Female","Black",231,55
2013,7,"Female","Black",265,55
2013,8,"Female","Black",266,55
2013,9,"Female","Black",259,55
2013,10,"Female","Black",274,55
2013,11,"Female","Black",250,55
2013,12,"Female","Black",235,55
2014,1,"Female","Black",264,55
2014,2,"Female","Black",249,55
2014,3,"Female","Black",246,55
2014,4,"Female","Black",234,55
2014,5,"Female","Black",258,55
2014,6,"Female","Black",228,55
2014,7,"Female","Black",269,55
2014,8,"Female","Black",275,55
2014,9,"Female","Black",269,55
2014,10,"Female","Black",253,55
2014,11,"Female","Black",233,55
2014,12,"Female","Black",245,55
2015,1,"Female","Black",252,55
2015,2,"Female","Black",247,55
2015,3,"Female","Black",259,55
2015,4,"Female","Black",281,55
2015,5,"Female","Black",262,55
2015,6,"Female","Black",264,55
2015,7,"Female","Black",297,55
2015,8,"Female","Black",275,55
2015,9,"Female","Black",254,55
2015,10,"Female","Black",270,55
2015,11,"Female","Black",251,55
2015,12,"Female","Black",251,55
2016,1,"Female","Black",255,55
2016,2,"Female","Black",235,55
2016,3,"Female","Black",286,55
2016,4,"Female","Black",272,55
2016,5,"Female","Black",278,55
2016,6,"Female","Black",269,55
2016,7,"Female","Black",296,55
2016,8,"Female","Black",289,55
2016,9,"Female","Black",222,55
2016,10,"Female","Black",251,55
2016,11,"Female","Black",238,55
2016,12,"Female","Black",246,55
2017,1,"Female","Black",263,55
2017,2,"Female","Black",219,55
2017,3,"Female","Black",239,55
2017,4,"Female","Black",272,55
2017,5,"Female","Black",255,55
2017,6,"Female","Black",300,55
2017,7,"Female","Black",291,55
2017,8,"Female","Black",262,55
2017,9,"Female","Black",244,55
2017,10,"Female","Black",261,55
2017,11,"Female","Black",258,55
2017,12,"Female","Black",285,55
2018,1,"Female","Black",258,55
2018,2,"Female","Black",230,55
2018,3,"Female","Black",287,55
2018,4,"Female","Black",276,55
2018,5,"Female","Black",281,55
2018,6,"Female","Black",288,55
2018,7,"Female","Black",301,55
2018,8,"Female","Black",281,55
2018,9,"Female","Black",272,55
2018,10,"Female","Black",279,55
2018,11,"Female","Black",237,55
2018,12,"Female","Black",279,55
2019,1,"Female","Black",267,55
2019,2,"Female","Black",220,55
2019,3,"Female","Black",275,55
2019,4,"Female","Black",292,55
2019,5,"Female","Black",296,55
2019,6,"Female","Black",306,55
2019,7,"Female","Black",315,55
2019,8,"Female","Black",290,55
2019,9,"Female","Black",266,55
2019,10,"Female","Black",257,55
2019,11,"Female","Black",239,55
2019,12,"Female","Black",282,55
2020,1,"Female","Black",278,55
2020,2,"Female","Black",256,55
2020,3,"Female","Black",322,55
2020,4,"Female","Black",327,55
2020,5,"Female","Black",397,55
2020,6,"Female","Black",360,55
2020,7,"Female","Black",368,55
2020,8,"Female","Black",414,55
2020,9,"Female","Black",339,55
2020,10,"Female","Black",321,55
2020,11,"Female","Black",320,55
2020,12,"Female","Black",380,55
2010,8,"Female","Black",272,60
2010,9,"Female","Black",248,60
2010,10,"Female","Black",266,60
2010,11,"Female","Black",255,60
2010,12,"Female","Black",284,60
2011,1,"Female","Black",287,60
2011,2,"Female","Black",260,60
2011,3,"Female","Black",251,60
2011,4,"Female","Black",265,60
2011,5,"Female","Black",260,60
2011,6,"Female","Black",264,60
2011,7,"Female","Black",272,60
2011,8,"Female","Black",258,60
2011,9,"Female","Black",254,60
2011,10,"Female","Black",249,60
2011,11,"Female","Black",273,60
2011,12,"Female","Black",259,60
2012,1,"Female","Black",282,60
2012,2,"Female","Black",227,60
2012,3,"Female","Black",251,60
2012,4,"Female","Black",251,60
2012,5,"Female","Black",250,60
2012,6,"Female","Black",280,60
2012,7,"Female","Black",297,60
2012,8,"Female","Black",252,60
2012,9,"Female","Black",262,60
2012,10,"Female","Black",285,60
2012,11,"Female","Black",257,60
2012,12,"Female","Black",269,60
2013,1,"Female","Black",258,60
2013,2,"Female","Black",245,60
2013,3,"Female","Black",285,60
2013,4,"Female","Black",259,60
2013,5,"Female","Black",296,60
2013,6,"Female","Black",279,60
2013,7,"Female","Black",271,60
2013,8,"Female","Black",298,60
2013,9,"Female","Black",270,60
2013,10,"Female","Black",281,60
2013,11,"Female","Black",292,60
2013,12,"Female","Black",243,60
2014,1,"Female","Black",301,60
2014,2,"Female","Black",269,60
2014,3,"Female","Black",254,60
2014,4,"Female","Black",251,60
2014,5,"Female","Black",275,60
2014,6,"Female","Black",250,60
2014,7,"Female","Black",296,60
2014,8,"Female","Black",296,60
2014,9,"Female","Black",295,60
2014,10,"Female","Black",300,60
2014,11,"Female","Black",244,60
2014,12,"Female","Black",289,60
2015,1,"Female","Black",308,60
2015,2,"Female","Black",261,60
2015,3,"Female","Black",314,60
2015,4,"Female","Black",309,60
2015,5,"Female","Black",289,60
2015,6,"Female","Black",305,60
2015,7,"Female","Black",295,60
2015,8,"Female","Black",314,60
2015,9,"Female","Black",281,60
2015,10,"Female","Black",274,60
2015,11,"Female","Black",271,60
2015,12,"Female","Black",292,60
2016,1,"Female","Black",295,60
2016,2,"Female","Black",269,60
2016,3,"Female","Black",301,60
2016,4,"Female","Black",282,60
2016,5,"Female","Black",362,60
2016,6,"Female","Black",307,60
2016,7,"Female","Black",349,60
2016,8,"Female","Black",316,60
2016,9,"Female","Black",287,60
2016,10,"Female","Black",314,60
2016,11,"Female","Black",261,60
2016,12,"Female","Black",281,60
2017,1,"Female","Black",310,60
2017,2,"Female","Black",275,60
2017,3,"Female","Black",302,60
2017,4,"Female","Black",333,60
2017,5,"Female","Black",336,60
2017,6,"Female","Black",344,60
2017,7,"Female","Black",352,60
2017,8,"Female","Black",321,60
2017,9,"Female","Black",302,60
2017,10,"Female","Black",327,60
2017,11,"Female","Black",312,60
2017,12,"Female","Black",313,60
2018,1,"Female","Black",313,60
2018,2,"Female","Black",310,60
2018,3,"Female","Black",342,60
2018,4,"Female","Black",339,60
2018,5,"Female","Black",347,60
2018,6,"Female","Black",354,60
2018,7,"Female","Black",345,60
2018,8,"Female","Black",338,60
2018,9,"Female","Black",334,60
2018,10,"Female","Black",321,60
2018,11,"Female","Black",302,60
2018,12,"Female","Black",345,60
2019,1,"Female","Black",349,60
2019,2,"Female","Black",302,60
2019,3,"Female","Black",331,60
2019,4,"Female","Black",343,60
2019,5,"Female","Black",379,60
2019,6,"Female","Black",401,60
2019,7,"Female","Black",409,60
2019,8,"Female","Black",371,60
2019,9,"Female","Black",336,60
2019,10,"Female","Black",364,60
2019,11,"Female","Black",352,60
2019,12,"Female","Black",343,60
2020,1,"Female","Black",356,60
2020,2,"Female","Black",339,60
2020,3,"Female","Black",376,60
2020,4,"Female","Black",466,60
2020,5,"Female","Black",543,60
2020,6,"Female","Black",530,60
2020,7,"Female","Black",502,60
2020,8,"Female","Black",482,60
2020,9,"Female","Black",463,60
2020,10,"Female","Black",386,60
2020,11,"Female","Black",436,60
2020,12,"Female","Black",524,60
2010,8,"Female","Black",303,65
2010,9,"Female","Black",266,65
2010,10,"Female","Black",280,65
2010,11,"Female","Black",279,65
2010,12,"Female","Black",320,65
2011,1,"Female","Black",324,65
2011,2,"Female","Black",278,65
2011,3,"Female","Black",268,65
2011,4,"Female","Black",285,65
2011,5,"Female","Black",328,65
2011,6,"Female","Black",317,65
2011,7,"Female","Black",289,65
2011,8,"Female","Black",291,65
2011,9,"Female","Black",282,65
2011,10,"Female","Black",284,65
2011,11,"Female","Black",280,65
2011,12,"Female","Black",288,65
2012,1,"Female","Black",317,65
2012,2,"Female","Black",253,65
2012,3,"Female","Black",299,65
2012,4,"Female","Black",271,65
2012,5,"Female","Black",309,65
2012,6,"Female","Black",283,65
2012,7,"Female","Black",350,65
2012,8,"Female","Black",304,65
2012,9,"Female","Black",311,65
2012,10,"Female","Black",274,65
2012,11,"Female","Black",292,65
2012,12,"Female","Black",263,65
2013,1,"Female","Black",288,65
2013,2,"Female","Black",268,65
2013,3,"Female","Black",305,65
2013,4,"Female","Black",287,65
2013,5,"Female","Black",304,65
2013,6,"Female","Black",287,65
2013,7,"Female","Black",314,65
2013,8,"Female","Black",336,65
2013,9,"Female","Black",284,65
2013,10,"Female","Black",289,65
2013,11,"Female","Black",248,65
2013,12,"Female","Black",322,65
2014,1,"Female","Black",299,65
2014,2,"Female","Black",293,65
2014,3,"Female","Black",300,65
2014,4,"Female","Black",291,65
2014,5,"Female","Black",324,65
2014,6,"Female","Black",295,65
2014,7,"Female","Black",305,65
2014,8,"Female","Black",326,65
2014,9,"Female","Black",313,65
2014,10,"Female","Black",274,65
2014,11,"Female","Black",282,65
2014,12,"Female","Black",284,65
2015,1,"Female","Black",304,65
2015,2,"Female","Black",273,65
2015,3,"Female","Black",315,65
2015,4,"Female","Black",332,65
2015,5,"Female","Black",329,65
2015,6,"Female","Black",329,65
2015,7,"Female","Black",318,65
2015,8,"Female","Black",336,65
2015,9,"Female","Black",287,65
2015,10,"Female","Black",309,65
2015,11,"Female","Black",284,65
2015,12,"Female","Black",319,65
2016,1,"Female","Black",330,65
2016,2,"Female","Black",314,65
2016,3,"Female","Black",351,65
2016,4,"Female","Black",318,65
2016,5,"Female","Black",359,65
2016,6,"Female","Black",358,65
2016,7,"Female","Black",383,65
2016,8,"Female","Black",381,65
2016,9,"Female","Black",304,65
2016,10,"Female","Black",368,65
2016,11,"Female","Black",315,65
2016,12,"Female","Black",332,65
2017,1,"Female","Black",325,65
2017,2,"Female","Black",291,65
2017,3,"Female","Black",331,65
2017,4,"Female","Black",351,65
2017,5,"Female","Black",350,65
2017,6,"Female","Black",320,65
2017,7,"Female","Black",394,65
2017,8,"Female","Black",338,65
2017,9,"Female","Black",354,65
2017,10,"Female","Black",311,65
2017,11,"Female","Black",329,65
2017,12,"Female","Black",345,65
2018,1,"Female","Black",340,65
2018,2,"Female","Black",307,65
2018,3,"Female","Black",394,65
2018,4,"Female","Black",359,65
2018,5,"Female","Black",395,65
2018,6,"Female","Black",404,65
2018,7,"Female","Black",400,65
2018,8,"Female","Black",404,65
2018,9,"Female","Black",378,65
2018,10,"Female","Black",374,65
2018,11,"Female","Black",325,65
2018,12,"Female","Black",341,65
2019,1,"Female","Black",358,65
2019,2,"Female","Black",332,65
2019,3,"Female","Black",383,65
2019,4,"Female","Black",364,65
2019,5,"Female","Black",425,65
2019,6,"Female","Black",449,65
2019,7,"Female","Black",446,65
2019,8,"Female","Black",391,65
2019,9,"Female","Black",397,65
2019,10,"Female","Black",423,65
2019,11,"Female","Black",371,65
2019,12,"Female","Black",409,65
2020,1,"Female","Black",366,65
2020,2,"Female","Black",357,65
2020,3,"Female","Black",407,65
2020,4,"Female","Black",458,65
2020,5,"Female","Black",568,65
2020,6,"Female","Black",560,65
2020,7,"Female","Black",577,65
2020,8,"Female","Black",545,65
2020,9,"Female","Black",482,65
2020,10,"Female","Black",463,65
2020,11,"Female","Black",483,65
2020,12,"Female","Black",576,65
2010,8,"Female","Black",329,70
2010,9,"Female","Black",329,70
2010,10,"Female","Black",290,70
2010,11,"Female","Black",344,70
2010,12,"Female","Black",369,70
2011,1,"Female","Black",346,70
2011,2,"Female","Black",329,70
2011,3,"Female","Black",323,70
2011,4,"Female","Black",313,70
2011,5,"Female","Black",337,70
2011,6,"Female","Black",330,70
2011,7,"Female","Black",374,70
2011,8,"Female","Black",375,70
2011,9,"Female","Black",346,70
2011,10,"Female","Black",334,70
2011,11,"Female","Black",336,70
2011,12,"Female","Black",315,70
2012,1,"Female","Black",341,70
2012,2,"Female","Black",301,70
2012,3,"Female","Black",337,70
2012,4,"Female","Black",292,70
2012,5,"Female","Black",306,70
2012,6,"Female","Black",348,70
2012,7,"Female","Black",367,70
2012,8,"Female","Black",323,70
2012,9,"Female","Black",355,70
2012,10,"Female","Black",323,70
2012,11,"Female","Black",254,70
2012,12,"Female","Black",317,70
2013,1,"Female","Black",318,70
2013,2,"Female","Black",292,70
2013,3,"Female","Black",296,70
2013,4,"Female","Black",326,70
2013,5,"Female","Black",363,70
2013,6,"Female","Black",341,70
2013,7,"Female","Black",357,70
2013,8,"Female","Black",360,70
2013,9,"Female","Black",351,70
2013,10,"Female","Black",326,70
2013,11,"Female","Black",307,70
2013,12,"Female","Black",305,70
2014,1,"Female","Black",341,70
2014,2,"Female","Black",288,70
2014,3,"Female","Black",314,70
2014,4,"Female","Black",300,70
2014,5,"Female","Black",350,70
2014,6,"Female","Black",320,70
2014,7,"Female","Black",318,70
2014,8,"Female","Black",363,70
2014,9,"Female","Black",332,70
2014,10,"Female","Black",380,70
2014,11,"Female","Black",285,70
2014,12,"Female","Black",321,70
2015,1,"Female","Black",363,70
2015,2,"Female","Black",292,70
2015,3,"Female","Black",319,70
2015,4,"Female","Black",327,70
2015,5,"Female","Black",343,70
2015,6,"Female","Black",324,70
2015,7,"Female","Black",361,70
2015,8,"Female","Black",383,70
2015,9,"Female","Black",297,70
2015,10,"Female","Black",374,70
2015,11,"Female","Black",288,70
2015,12,"Female","Black",315,70
2016,1,"Female","Black",307,70
2016,2,"Female","Black",337,70
2016,3,"Female","Black",329,70
2016,4,"Female","Black",328,70
2016,5,"Female","Black",372,70
2016,6,"Female","Black",389,70
2016,7,"Female","Black",384,70
2016,8,"Female","Black",352,70
2016,9,"Female","Black",362,70
2016,10,"Female","Black",357,70
2016,11,"Female","Black",290,70
2016,12,"Female","Black",308,70
2017,1,"Female","Black",327,70
2017,2,"Female","Black",327,70
2017,3,"Female","Black",348,70
2017,4,"Female","Black",371,70
2017,5,"Female","Black",390,70
2017,6,"Female","Black",388,70
2017,7,"Female","Black",386,70
2017,8,"Female","Black",421,70
2017,9,"Female","Black",354,70
2017,10,"Female","Black",367,70
2017,11,"Female","Black",356,70
2017,12,"Female","Black",357,70
2018,1,"Female","Black",347,70
2018,2,"Female","Black",320,70
2018,3,"Female","Black",367,70
2018,4,"Female","Black",385,70
2018,5,"Female","Black",401,70
2018,6,"Female","Black",401,70
2018,7,"Female","Black",457,70
2018,8,"Female","Black",378,70
2018,9,"Female","Black",419,70
2018,10,"Female","Black",391,70
2018,11,"Female","Black",385,70
2018,12,"Female","Black",382,70
2019,1,"Female","Black",391,70
2019,2,"Female","Black",325,70
2019,3,"Female","Black",402,70
2019,4,"Female","Black",388,70
2019,5,"Female","Black",416,70
2019,6,"Female","Black",414,70
2019,7,"Female","Black",482,70
2019,8,"Female","Black",409,70
2019,9,"Female","Black",410,70
2019,10,"Female","Black",392,70
2019,11,"Female","Black",357,70
2019,12,"Female","Black",395,70
2020,1,"Female","Black",411,70
2020,2,"Female","Black",355,70
2020,3,"Female","Black",409,70
2020,4,"Female","Black",492,70
2020,5,"Female","Black",668,70
2020,6,"Female","Black",610,70
2020,7,"Female","Black",635,70
2020,8,"Female","Black",527,70
2020,9,"Female","Black",511,70
2020,10,"Female","Black",517,70
2020,11,"Female","Black",532,70
2020,12,"Female","Black",550,70
2010,8,"Female","Black",346,75
2010,9,"Female","Black",297,75
2010,10,"Female","Black",345,75
2010,11,"Female","Black",296,75
2010,12,"Female","Black",375,75
2011,1,"Female","Black",318,75
2011,2,"Female","Black",321,75
2011,3,"Female","Black",340,75
2011,4,"Female","Black",310,75
2011,5,"Female","Black",305,75
2011,6,"Female","Black",372,75
2011,7,"Female","Black",338,75
2011,8,"Female","Black",365,75
2011,9,"Female","Black",363,75
2011,10,"Female","Black",328,75
2011,11,"Female","Black",301,75
2011,12,"Female","Black",305,75
2012,1,"Female","Black",358,75
2012,2,"Female","Black",283,75
2012,3,"Female","Black",313,75
2012,4,"Female","Black",304,75
2012,5,"Female","Black",350,75
2012,6,"Female","Black",373,75
2012,7,"Female","Black",355,75
2012,8,"Female","Black",372,75
2012,9,"Female","Black",356,75
2012,10,"Female","Black",359,75
2012,11,"Female","Black",317,75
2012,12,"Female","Black",324,75
2013,1,"Female","Black",333,75
2013,2,"Female","Black",298,75
2013,3,"Female","Black",324,75
2013,4,"Female","Black",338,75
2013,5,"Female","Black",366,75
2013,6,"Female","Black",356,75
2013,7,"Female","Black",356,75
2013,8,"Female","Black",357,75
2013,9,"Female","Black",311,75
2013,10,"Female","Black",372,75
2013,11,"Female","Black",336,75
2013,12,"Female","Black",333,75
2014,1,"Female","Black",369,75
2014,2,"Female","Black",313,75
2014,3,"Female","Black",320,75
2014,4,"Female","Black",329,75
2014,5,"Female","Black",335,75
2014,6,"Female","Black",354,75
2014,7,"Female","Black",372,75
2014,8,"Female","Black",388,75
2014,9,"Female","Black",378,75
2014,10,"Female","Black",397,75
2014,11,"Female","Black",323,75
2014,12,"Female","Black",315,75
2015,1,"Female","Black",359,75
2015,2,"Female","Black",310,75
2015,3,"Female","Black",326,75
2015,4,"Female","Black",349,75
2015,5,"Female","Black",421,75
2015,6,"Female","Black",423,75
2015,7,"Female","Black",417,75
2015,8,"Female","Black",382,75
2015,9,"Female","Black",358,75
2015,10,"Female","Black",334,75
2015,11,"Female","Black",378,75
2015,12,"Female","Black",330,75
2016,1,"Female","Black",384,75
2016,2,"Female","Black",338,75
2016,3,"Female","Black",408,75
2016,4,"Female","Black",399,75
2016,5,"Female","Black",397,75
2016,6,"Female","Black",421,75
2016,7,"Female","Black",441,75
2016,8,"Female","Black",372,75
2016,9,"Female","Black",358,75
2016,10,"Female","Black",346,75
2016,11,"Female","Black",350,75
2016,12,"Female","Black",353,75
2017,1,"Female","Black",339,75
2017,2,"Female","Black",314,75
2017,3,"Female","Black",372,75
2017,4,"Female","Black",349,75
2017,5,"Female","Black",396,75
2017,6,"Female","Black",374,75
2017,7,"Female","Black",435,75
2017,8,"Female","Black",407,75
2017,9,"Female","Black",372,75
2017,10,"Female","Black",379,75
2017,11,"Female","Black",344,75
2017,12,"Female","Black",382,75
2018,1,"Female","Black",383,75
2018,2,"Female","Black",345,75
2018,3,"Female","Black",390,75
2018,4,"Female","Black",409,75
2018,5,"Female","Black",389,75
2018,6,"Female","Black",390,75
2018,7,"Female","Black",430,75
2018,8,"Female","Black",396,75
2018,9,"Female","Black",388,75
2018,10,"Female","Black",395,75
2018,11,"Female","Black",376,75
2018,12,"Female","Black",441,75
2019,1,"Female","Black",386,75
2019,2,"Female","Black",381,75
2019,3,"Female","Black",378,75
2019,4,"Female","Black",378,75
2019,5,"Female","Black",425,75
2019,6,"Female","Black",463,75
2019,7,"Female","Black",476,75
2019,8,"Female","Black",474,75
2019,9,"Female","Black",413,75
2019,10,"Female","Black",404,75
2019,11,"Female","Black",392,75
2019,12,"Female","Black",405,75
2020,1,"Female","Black",448,75
2020,2,"Female","Black",360,75
2020,3,"Female","Black",461,75
2020,4,"Female","Black",492,75
2020,5,"Female","Black",590,75
2020,6,"Female","Black",557,75
2020,7,"Female","Black",587,75
2020,8,"Female","Black",545,75
2020,9,"Female","Black",558,75
2020,10,"Female","Black",476,75
2020,11,"Female","Black",454,75
2020,12,"Female","Black",589,75
2010,8,"Female","Black",838,80
2010,9,"Female","Black",857,80
2010,10,"Female","Black",776,80
2010,11,"Female","Black",761,80
2010,12,"Female","Black",823,80
2011,1,"Female","Black",900,80
2011,2,"Female","Black",777,80
2011,3,"Female","Black",875,80
2011,4,"Female","Black",797,80
2011,5,"Female","Black",849,80
2011,6,"Female","Black",895,80
2011,7,"Female","Black",923,80
2011,8,"Female","Black",942,80
2011,9,"Female","Black",890,80
2011,10,"Female","Black",829,80
2011,11,"Female","Black",785,80
2011,12,"Female","Black",798,80
2012,1,"Female","Black",868,80
2012,2,"Female","Black",773,80
2012,3,"Female","Black",777,80
2012,4,"Female","Black",742,80
2012,5,"Female","Black",886,80
2012,6,"Female","Black",910,80
2012,7,"Female","Black",1017,80
2012,8,"Female","Black",951,80
2012,9,"Female","Black",901,80
2012,10,"Female","Black",901,80
2012,11,"Female","Black",827,80
2012,12,"Female","Black",858,80
2013,1,"Female","Black",826,80
2013,2,"Female","Black",753,80
2013,3,"Female","Black",797,80
2013,4,"Female","Black",858,80
2013,5,"Female","Black",886,80
2013,6,"Female","Black",903,80
2013,7,"Female","Black",991,80
2013,8,"Female","Black",1031,80
2013,9,"Female","Black",923,80
2013,10,"Female","Black",913,80
2013,11,"Female","Black",848,80
2013,12,"Female","Black",909,80
2014,1,"Female","Black",987,80
2014,2,"Female","Black",950,80
2014,3,"Female","Black",837,80
2014,4,"Female","Black",816,80
2014,5,"Female","Black",960,80
2014,6,"Female","Black",927,80
2014,7,"Female","Black",1030,80
2014,8,"Female","Black",1035,80
2014,9,"Female","Black",963,80
2014,10,"Female","Black",989,80
2014,11,"Female","Black",818,80
2014,12,"Female","Black",851,80
2015,1,"Female","Black",979,80
2015,2,"Female","Black",761,80
2015,3,"Female","Black",883,80
2015,4,"Female","Black",908,80
2015,5,"Female","Black",1092,80
2015,6,"Female","Black",1106,80
2015,7,"Female","Black",1091,80
2015,8,"Female","Black",995,80
2015,9,"Female","Black",969,80
2015,10,"Female","Black",917,80
2015,11,"Female","Black",936,80
2015,12,"Female","Black",982,80
2016,1,"Female","Black",945,80
2016,2,"Female","Black",909,80
2016,3,"Female","Black",1040,80
2016,4,"Female","Black",935,80
2016,5,"Female","Black",1026,80
2016,6,"Female","Black",1173,80
2016,7,"Female","Black",1190,80
2016,8,"Female","Black",1089,80
2016,9,"Female","Black",963,80
2016,10,"Female","Black",995,80
2016,11,"Female","Black",876,80
2016,12,"Female","Black",1002,80
2017,1,"Female","Black",1005,80
2017,2,"Female","Black",899,80
2017,3,"Female","Black",1019,80
2017,4,"Female","Black",987,80
2017,5,"Female","Black",1066,80
2017,6,"Female","Black",1102,80
2017,7,"Female","Black",1258,80
2017,8,"Female","Black",1185,80
2017,9,"Female","Black",1042,80
2017,10,"Female","Black",1093,80
2017,11,"Female","Black",943,80
2017,12,"Female","Black",1040,80
2018,1,"Female","Black",1066,80
2018,2,"Female","Black",892,80
2018,3,"Female","Black",1048,80
2018,4,"Female","Black",1003,80
2018,5,"Female","Black",1131,80
2018,6,"Female","Black",1175,80
2018,7,"Female","Black",1235,80
2018,8,"Female","Black",1262,80
2018,9,"Female","Black",1183,80
2018,10,"Female","Black",1105,80
2018,11,"Female","Black",1084,80
2018,12,"Female","Black",1139,80
2019,1,"Female","Black",1135,80
2019,2,"Female","Black",980,80
2019,3,"Female","Black",1094,80
2019,4,"Female","Black",1106,80
2019,5,"Female","Black",1174,80
2019,6,"Female","Black",1289,80
2019,7,"Female","Black",1402,80
2019,8,"Female","Black",1321,80
2019,9,"Female","Black",1225,80
2019,10,"Female","Black",1142,80
2019,11,"Female","Black",1130,80
2019,12,"Female","Black",1226,80
2020,1,"Female","Black",1176,80
2020,2,"Female","Black",1050,80
2020,3,"Female","Black",1193,80
2020,4,"Female","Black",1282,80
2020,5,"Female","Black",1650,80
2020,6,"Female","Black",1606,80
2020,7,"Female","Black",1715,80
2020,8,"Female","Black",1624,80
2020,9,"Female","Black",1482,80
2020,10,"Female","Black",1420,80
2020,11,"Female","Black",1273,80
2020,12,"Female","Black",1524,80
2010,8,"Female","Brown",732,0
2010,9,"Female","Brown",725,0
2010,10,"Female","Brown",700,0
2010,11,"Female","Brown",688,0
2010,12,"Female","Brown",703,0
2011,1,"Female","Brown",701,0
2011,2,"Female","Brown",645,0
2011,3,"Female","Brown",787,0
2011,4,"Female","Brown",747,0
2011,5,"Female","Brown",713,0
2011,6,"Female","Brown",663,0
2011,7,"Female","Brown",718,0
2011,8,"Female","Brown",752,0
2011,9,"Female","Brown",643,0
2011,10,"Female","Brown",674,0
2011,11,"Female","Brown",657,0
2011,12,"Female","Brown",684,0
2012,1,"Female","Brown",676,0
2012,2,"Female","Brown",676,0
2012,3,"Female","Brown",724,0
2012,4,"Female","Brown",710,0
2012,5,"Female","Brown",778,0
2012,6,"Female","Brown",742,0
2012,7,"Female","Brown",750,0
2012,8,"Female","Brown",688,0
2012,9,"Female","Brown",663,0
2012,10,"Female","Brown",783,0
2012,11,"Female","Brown",652,0
2012,12,"Female","Brown",702,0
2013,1,"Female","Brown",732,0
2013,2,"Female","Brown",721,0
2013,3,"Female","Brown",752,0
2013,4,"Female","Brown",743,0
2013,5,"Female","Brown",760,0
2013,6,"Female","Brown",758,0
2013,7,"Female","Brown",753,0
2013,8,"Female","Brown",681,0
2013,9,"Female","Brown",646,0
2013,10,"Female","Brown",659,0
2013,11,"Female","Brown",711,0
2013,12,"Female","Brown",729,0
2014,1,"Female","Brown",684,0
2014,2,"Female","Brown",610,0
2014,3,"Female","Brown",737,0
2014,4,"Female","Brown",713,0
2014,5,"Female","Brown",797,0
2014,6,"Female","Brown",718,0
2014,7,"Female","Brown",705,0
2014,8,"Female","Brown",707,0
2014,9,"Female","Brown",714,0
2014,10,"Female","Brown",676,0
2014,11,"Female","Brown",728,0
2014,12,"Female","Brown",743,0
2015,1,"Female","Brown",758,0
2015,2,"Female","Brown",612,0
2015,3,"Female","Brown",725,0
2015,4,"Female","Brown",757,0
2015,5,"Female","Brown",815,0
2015,6,"Female","Brown",761,0
2015,7,"Female","Brown",730,0
2015,8,"Female","Brown",691,0
2015,9,"Female","Brown",682,0
2015,10,"Female","Brown",673,0
2015,11,"Female","Brown",737,0
2015,12,"Female","Brown",681,0
2016,1,"Female","Brown",766,0
2016,2,"Female","Brown",716,0
2016,3,"Female","Brown",746,0
2016,4,"Female","Brown",804,0
2016,5,"Female","Brown",784,0
2016,6,"Female","Brown",775,0
2016,7,"Female","Brown",728,0
2016,8,"Female","Brown",669,0
2016,9,"Female","Brown",633,0
2016,10,"Female","Brown",656,0
2016,11,"Female","Brown",639,0
2016,12,"Female","Brown",719,0
2017,1,"Female","Brown",683,0
2017,2,"Female","Brown",666,0
2017,3,"Female","Brown",849,0
2017,4,"Female","Brown",791,0
2017,5,"Female","Brown",820,0
2017,6,"Female","Brown",759,0
2017,7,"Female","Brown",787,0
2017,8,"Female","Brown",728,0
2017,9,"Female","Brown",692,0
2017,10,"Female","Brown",661,0
2017,11,"Female","Brown",755,0
2017,12,"Female","Brown",777,0
2018,1,"Female","Brown",782,0
2018,2,"Female","Brown",675,0
2018,3,"Female","Brown",756,0
2018,4,"Female","Brown",762,0
2018,5,"Female","Brown",801,0
2018,6,"Female","Brown",757,0
2018,7,"Female","Brown",718,0
2018,8,"Female","Brown",729,0
2018,9,"Female","Brown",717,0
2018,10,"Female","Brown",722,0
2018,11,"Female","Brown",715,0
2018,12,"Female","Brown",717,0
2019,1,"Female","Brown",710,0
2019,2,"Female","Brown",668,0
2019,3,"Female","Brown",754,0
2019,4,"Female","Brown",799,0
2019,5,"Female","Brown",815,0
2019,6,"Female","Brown",722,0
2019,7,"Female","Brown",710,0
2019,8,"Female","Brown",723,0
2019,9,"Female","Brown",688,0
2019,10,"Female","Brown",673,0
2019,11,"Female","Brown",689,0
2019,12,"Female","Brown",661,0
2020,1,"Female","Brown",667,0
2020,2,"Female","Brown",659,0
2020,3,"Female","Brown",769,0
2020,4,"Female","Brown",673,0
2020,5,"Female","Brown",698,0
2020,6,"Female","Brown",664,0
2020,7,"Female","Brown",665,0
2020,8,"Female","Brown",639,0
2020,9,"Female","Brown",604,0
2020,10,"Female","Brown",621,0
2020,11,"Female","Brown",598,0
2020,12,"Female","Brown",657,0
2010,8,"Female","Brown",62,5
2010,9,"Female","Brown",62,5
2010,10,"Female","Brown",72,5
2010,11,"Female","Brown",66,5
2010,12,"Female","Brown",65,5
2011,1,"Female","Brown",71,5
2011,2,"Female","Brown",68,5
2011,3,"Female","Brown",67,5
2011,4,"Female","Brown",77,5
2011,5,"Female","Brown",72,5
2011,6,"Female","Brown",78,5
2011,7,"Female","Brown",84,5
2011,8,"Female","Brown",56,5
2011,9,"Female","Brown",65,5
2011,10,"Female","Brown",71,5
2011,11,"Female","Brown",58,5
2011,12,"Female","Brown",66,5
2012,1,"Female","Brown",71,5
2012,2,"Female","Brown",54,5
2012,3,"Female","Brown",75,5
2012,4,"Female","Brown",65,5
2012,5,"Female","Brown",67,5
2012,6,"Female","Brown",53,5
2012,7,"Female","Brown",54,5
2012,8,"Female","Brown",67,5
2012,9,"Female","Brown",73,5
2012,10,"Female","Brown",85,5
2012,11,"Female","Brown",51,5
2012,12,"Female","Brown",77,5
2013,1,"Female","Brown",64,5
2013,2,"Female","Brown",53,5
2013,3,"Female","Brown",48,5
2013,4,"Female","Brown",57,5
2013,5,"Female","Brown",74,5
2013,6,"Female","Brown",53,5
2013,7,"Female","Brown",66,5
2013,8,"Female","Brown",54,5
2013,9,"Female","Brown",67,5
2013,10,"Female","Brown",63,5
2013,11,"Female","Brown",61,5
2013,12,"Female","Brown",62,5
2014,1,"Female","Brown",72,5
2014,2,"Female","Brown",52,5
2014,3,"Female","Brown",71,5
2014,4,"Female","Brown",66,5
2014,5,"Female","Brown",65,5
2014,6,"Female","Brown",58,5
2014,7,"Female","Brown",50,5
2014,8,"Female","Brown",57,5
2014,9,"Female","Brown",55,5
2014,10,"Female","Brown",53,5
2014,11,"Female","Brown",71,5
2014,12,"Female","Brown",79,5
2015,1,"Female","Brown",62,5
2015,2,"Female","Brown",53,5
2015,3,"Female","Brown",56,5
2015,4,"Female","Brown",57,5
2015,5,"Female","Brown",69,5
2015,6,"Female","Brown",51,5
2015,7,"Female","Brown",56,5
2015,8,"Female","Brown",56,5
2015,9,"Female","Brown",51,5
2015,10,"Female","Brown",45,5
2015,11,"Female","Brown",57,5
2015,12,"Female","Brown",51,5
2016,1,"Female","Brown",53,5
2016,2,"Female","Brown",64,5
2016,3,"Female","Brown",55,5
2016,4,"Female","Brown",55,5
2016,5,"Female","Brown",65,5
2016,6,"Female","Brown",59,5
2016,7,"Female","Brown",62,5
2016,8,"Female","Brown",63,5
2016,9,"Female","Brown",49,5
2016,10,"Female","Brown",60,5
2016,11,"Female","Brown",49,5
2016,12,"Female","Brown",55,5
2017,1,"Female","Brown",60,5
2017,2,"Female","Brown",56,5
2017,3,"Female","Brown",51,5
2017,4,"Female","Brown",61,5
2017,5,"Female","Brown",68,5
2017,6,"Female","Brown",56,5
2017,7,"Female","Brown",72,5
2017,8,"Female","Brown",48,5
2017,9,"Female","Brown",51,5
2017,10,"Female","Brown",61,5
2017,11,"Female","Brown",43,5
2017,12,"Female","Brown",57,5
2018,1,"Female","Brown",45,5
2018,2,"Female","Brown",49,5
2018,3,"Female","Brown",65,5
2018,4,"Female","Brown",55,5
2018,5,"Female","Brown",62,5
2018,6,"Female","Brown",58,5
2018,7,"Female","Brown",50,5
2018,8,"Female","Brown",49,5
2018,9,"Female","Brown",60,5
2018,10,"Female","Brown",48,5
2018,11,"Female","Brown",57,5
2018,12,"Female","Brown",37,5
2019,1,"Female","Brown",41,5
2019,2,"Female","Brown",31,5
2019,3,"Female","Brown",60,5
2019,4,"Female","Brown",58,5
2019,5,"Female","Brown",59,5
2019,6,"Female","Brown",67,5
2019,7,"Female","Brown",56,5
2019,8,"Female","Brown",54,5
2019,9,"Female","Brown",58,5
2019,10,"Female","Brown",61,5
2019,11,"Female","Brown",43,5
2019,12,"Female","Brown",60,5
2020,1,"Female","Brown",62,5
2020,2,"Female","Brown",60,5
2020,3,"Female","Brown",50,5
2020,4,"Female","Brown",42,5
2020,5,"Female","Brown",50,5
2020,6,"Female","Brown",42,5
2020,7,"Female","Brown",44,5
2020,8,"Female","Brown",45,5
2020,9,"Female","Brown",31,5
2020,10,"Female","Brown",31,5
2020,11,"Female","Brown",44,5
2020,12,"Female","Brown",48,5
2010,8,"Female","Brown",92,10
2010,9,"Female","Brown",82,10
2010,10,"Female","Brown",79,10
2010,11,"Female","Brown",100,10
2010,12,"Female","Brown",92,10
2011,1,"Female","Brown",73,10
2011,2,"Female","Brown",78,10
2011,3,"Female","Brown",76,10
2011,4,"Female","Brown",84,10
2011,5,"Female","Brown",87,10
2011,6,"Female","Brown",90,10
2011,7,"Female","Brown",81,10
2011,8,"Female","Brown",65,10
2011,9,"Female","Brown",81,10
2011,10,"Female","Brown",86,10
2011,11,"Female","Brown",74,10
2011,12,"Female","Brown",88,10
2012,1,"Female","Brown",75,10
2012,2,"Female","Brown",80,10
2012,3,"Female","Brown",87,10
2012,4,"Female","Brown",70,10
2012,5,"Female","Brown",94,10
2012,6,"Female","Brown",66,10
2012,7,"Female","Brown",73,10
2012,8,"Female","Brown",74,10
2012,9,"Female","Brown",72,10
2012,10,"Female","Brown",101,10
2012,11,"Female","Brown",92,10
2012,12,"Female","Brown",91,10
2013,1,"Female","Brown",81,10
2013,2,"Female","Brown",65,10
2013,3,"Female","Brown",95,10
2013,4,"Female","Brown",98,10
2013,5,"Female","Brown",64,10
2013,6,"Female","Brown",73,10
2013,7,"Female","Brown",87,10
2013,8,"Female","Brown",70,10
2013,9,"Female","Brown",83,10
2013,10,"Female","Brown",54,10
2013,11,"Female","Brown",65,10
2013,12,"Female","Brown",82,10
2014,1,"Female","Brown",100,10
2014,2,"Female","Brown",88,10
2014,3,"Female","Brown",75,10
2014,4,"Female","Brown",76,10
2014,5,"Female","Brown",76,10
2014,6,"Female","Brown",86,10
2014,7,"Female","Brown",63,10
2014,8,"Female","Brown",71,10
2014,9,"Female","Brown",78,10
2014,10,"Female","Brown",79,10
2014,11,"Female","Brown",71,10
2014,12,"Female","Brown",83,10
2015,1,"Female","Brown",89,10
2015,2,"Female","Brown",69,10
2015,3,"Female","Brown",68,10
2015,4,"Female","Brown",73,10
2015,5,"Female","Brown",83,10
2015,6,"Female","Brown",83,10
2015,7,"Female","Brown",68,10
2015,8,"Female","Brown",70,10
2015,9,"Female","Brown",54,10
2015,10,"Female","Brown",77,10
2015,11,"Female","Brown",66,10
2015,12,"Female","Brown",91,10
2016,1,"Female","Brown",79,10
2016,2,"Female","Brown",63,10
2016,3,"Female","Brown",97,10
2016,4,"Female","Brown",88,10
2016,5,"Female","Brown",79,10
2016,6,"Female","Brown",81,10
2016,7,"Female","Brown",79,10
2016,8,"Female","Brown",83,10
2016,9,"Female","Brown",69,10
2016,10,"Female","Brown",80,10
2016,11,"Female","Brown",55,10
2016,12,"Female","Brown",70,10
2017,1,"Female","Brown",86,10
2017,2,"Female","Brown",71,10
2017,3,"Female","Brown",66,10
2017,4,"Female","Brown",60,10
2017,5,"Female","Brown",79,10
2017,6,"Female","Brown",73,10
2017,7,"Female","Brown",67,10
2017,8,"Female","Brown",80,10
2017,9,"Female","Brown",69,10
2017,10,"Female","Brown",76,10
2017,11,"Female","Brown",78,10
2017,12,"Female","Brown",83,10
2018,1,"Female","Brown",83,10
2018,2,"Female","Brown",53,10
2018,3,"Female","Brown",64,10
2018,4,"Female","Brown",69,10
2018,5,"Female","Brown",68,10
2018,6,"Female","Brown",76,10
2018,7,"Female","Brown",79,10
2018,8,"Female","Brown",79,10
2018,9,"Female","Brown",87,10
2018,10,"Female","Brown",55,10
2018,11,"Female","Brown",89,10
2018,12,"Female","Brown",79,10
2019,1,"Female","Brown",81,10
2019,2,"Female","Brown",72,10
2019,3,"Female","Brown",74,10
2019,4,"Female","Brown",68,10
2019,5,"Female","Brown",64,10
2019,6,"Female","Brown",52,10
2019,7,"Female","Brown",86,10
2019,8,"Female","Brown",73,10
2019,9,"Female","Brown",69,10
2019,10,"Female","Brown",77,10
2019,11,"Female","Brown",55,10
2019,12,"Female","Brown",84,10
2020,1,"Female","Brown",74,10
2020,2,"Female","Brown",58,10
2020,3,"Female","Brown",81,10
2020,4,"Female","Brown",53,10
2020,5,"Female","Brown",73,10
2020,6,"Female","Brown",66,10
2020,7,"Female","Brown",71,10
2020,8,"Female","Brown",55,10
2020,9,"Female","Brown",49,10
2020,10,"Female","Brown",70,10
2020,11,"Female","Brown",66,10
2020,12,"Female","Brown",74,10
2010,8,"Female","Brown",163,15
2010,9,"Female","Brown",176,15
2010,10,"Female","Brown",146,15
2010,11,"Female","Brown",136,15
2010,12,"Female","Brown",177,15
2011,1,"Female","Brown",175,15
2011,2,"Female","Brown",121,15
2011,3,"Female","Brown",167,15
2011,4,"Female","Brown",159,15
2011,5,"Female","Brown",152,15
2011,6,"Female","Brown",153,15
2011,7,"Female","Brown",154,15
2011,8,"Female","Brown",168,15
2011,9,"Female","Brown",167,15
2011,10,"Female","Brown",165,15
2011,11,"Female","Brown",150,15
2011,12,"Female","Brown",167,15
2012,1,"Female","Brown",169,15
2012,2,"Female","Brown",160,15
2012,3,"Female","Brown",156,15
2012,4,"Female","Brown",183,15
2012,5,"Female","Brown",169,15
2012,6,"Female","Brown",177,15
2012,7,"Female","Brown",168,15
2012,8,"Female","Brown",168,15
2012,9,"Female","Brown",129,15
2012,10,"Female","Brown",164,15
2012,11,"Female","Brown",148,15
2012,12,"Female","Brown",178,15
2013,1,"Female","Brown",162,15
2013,2,"Female","Brown",148,15
2013,3,"Female","Brown",180,15
2013,4,"Female","Brown",178,15
2013,5,"Female","Brown",166,15
2013,6,"Female","Brown",161,15
2013,7,"Female","Brown",164,15
2013,8,"Female","Brown",168,15
2013,9,"Female","Brown",157,15
2013,10,"Female","Brown",167,15
2013,11,"Female","Brown",138,15
2013,12,"Female","Brown",172,15
2014,1,"Female","Brown",175,15
2014,2,"Female","Brown",147,15
2014,3,"Female","Brown",170,15
2014,4,"Female","Brown",184,15
2014,5,"Female","Brown",184,15
2014,6,"Female","Brown",161,15
2014,7,"Female","Brown",160,15
2014,8,"Female","Brown",150,15
2014,9,"Female","Brown",161,15
2014,10,"Female","Brown",150,15
2014,11,"Female","Brown",153,15
2014,12,"Female","Brown",162,15
2015,1,"Female","Brown",190,15
2015,2,"Female","Brown",146,15
2015,3,"Female","Brown",150,15
2015,4,"Female","Brown",176,15
2015,5,"Female","Brown",179,15
2015,6,"Female","Brown",152,15
2015,7,"Female","Brown",159,15
2015,8,"Female","Brown",162,15
2015,9,"Female","Brown",157,15
2015,10,"Female","Brown",165,15
2015,11,"Female","Brown",158,15
2015,12,"Female","Brown",185,15
2016,1,"Female","Brown",163,15
2016,2,"Female","Brown",138,15
2016,3,"Female","Brown",167,15
2016,4,"Female","Brown",168,15
2016,5,"Female","Brown",164,15
2016,6,"Female","Brown",141,15
2016,7,"Female","Brown",165,15
2016,8,"Female","Brown",149,15
2016,9,"Female","Brown",149,15
2016,10,"Female","Brown",168,15
2016,11,"Female","Brown",154,15
2016,12,"Female","Brown",170,15
2017,1,"Female","Brown",172,15
2017,2,"Female","Brown",121,15
2017,3,"Female","Brown",152,15
2017,4,"Female","Brown",166,15
2017,5,"Female","Brown",170,15
2017,6,"Female","Brown",139,15
2017,7,"Female","Brown",173,15
2017,8,"Female","Brown",197,15
2017,9,"Female","Brown",137,15
2017,10,"Female","Brown",178,15
2017,11,"Female","Brown",155,15
2017,12,"Female","Brown",162,15
2018,1,"Female","Brown",161,15
2018,2,"Female","Brown",149,15
2018,3,"Female","Brown",139,15
2018,4,"Female","Brown",173,15
2018,5,"Female","Brown",173,15
2018,6,"Female","Brown",143,15
2018,7,"Female","Brown",137,15
2018,8,"Female","Brown",165,15
2018,9,"Female","Brown",150,15
2018,10,"Female","Brown",122,15
2018,11,"Female","Brown",149,15
2018,12,"Female","Brown",150,15
2019,1,"Female","Brown",134,15
2019,2,"Female","Brown",137,15
2019,3,"Female","Brown",144,15
2019,4,"Female","Brown",154,15
2019,5,"Female","Brown",140,15
2019,6,"Female","Brown",181,15
2019,7,"Female","Brown",153,15
2019,8,"Female","Brown",146,15
2019,9,"Female","Brown",135,15
2019,10,"Female","Brown",135,15
2019,11,"Female","Brown",144,15
2019,12,"Female","Brown",127,15
2020,1,"Female","Brown",163,15
2020,2,"Female","Brown",155,15
2020,3,"Female","Brown",189,15
2020,4,"Female","Brown",160,15
2020,5,"Female","Brown",143,15
2020,6,"Female","Brown",132,15
2020,7,"Female","Brown",164,15
2020,8,"Female","Brown",143,15
2020,9,"Female","Brown",137,15
2020,10,"Female","Brown",158,15
2020,11,"Female","Brown",156,15
2020,12,"Female","Brown",150,15
2010,8,"Female","Brown",179,20
2010,9,"Female","Brown",179,20
2010,10,"Female","Brown",177,20
2010,11,"Female","Brown",183,20
2010,12,"Female","Brown",181,20
2011,1,"Female","Brown",207,20
2011,2,"Female","Brown",152,20
2011,3,"Female","Brown",195,20
2011,4,"Female","Brown",182,20
2011,5,"Female","Brown",186,20
2011,6,"Female","Brown",172,20
2011,7,"Female","Brown",179,20
2011,8,"Female","Brown",180,20
2011,9,"Female","Brown",189,20
2011,10,"Female","Brown",163,20
2011,11,"Female","Brown",194,20
2011,12,"Female","Brown",203,20
2012,1,"Female","Brown",181,20
2012,2,"Female","Brown",152,20
2012,3,"Female","Brown",166,20
2012,4,"Female","Brown",204,20
2012,5,"Female","Brown",189,20
2012,6,"Female","Brown",194,20
2012,7,"Female","Brown",215,20
2012,8,"Female","Brown",170,20
2012,9,"Female","Brown",195,20
2012,10,"Female","Brown",204,20
2012,11,"Female","Brown",155,20
2012,12,"Female","Brown",201,20
2013,1,"Female","Brown",187,20
2013,2,"Female","Brown",181,20
2013,3,"Female","Brown",186,20
2013,4,"Female","Brown",196,20
2013,5,"Female","Brown",202,20
2013,6,"Female","Brown",176,20
2013,7,"Female","Brown",202,20
2013,8,"Female","Brown",183,20
2013,9,"Female","Brown",161,20
2013,10,"Female","Brown",166,20
2013,11,"Female","Brown",178,20
2013,12,"Female","Brown",168,20
2014,1,"Female","Brown",188,20
2014,2,"Female","Brown",157,20
2014,3,"Female","Brown",187,20
2014,4,"Female","Brown",196,20
2014,5,"Female","Brown",191,20
2014,6,"Female","Brown",211,20
2014,7,"Female","Brown",156,20
2014,8,"Female","Brown",190,20
2014,9,"Female","Brown",180,20
2014,10,"Female","Brown",184,20
2014,11,"Female","Brown",168,20
2014,12,"Female","Brown",186,20
2015,1,"Female","Brown",201,20
2015,2,"Female","Brown",163,20
2015,3,"Female","Brown",185,20
2015,4,"Female","Brown",183,20
2015,5,"Female","Brown",188,20
2015,6,"Female","Brown",176,20
2015,7,"Female","Brown",159,20
2015,8,"Female","Brown",200,20
2015,9,"Female","Brown",173,20
2015,10,"Female","Brown",177,20
2015,11,"Female","Brown",187,20
2015,12,"Female","Brown",186,20
2016,1,"Female","Brown",190,20
2016,2,"Female","Brown",167,20
2016,3,"Female","Brown",227,20
2016,4,"Female","Brown",199,20
2016,5,"Female","Brown",200,20
2016,6,"Female","Brown",169,20
2016,7,"Female","Brown",188,20
2016,8,"Female","Brown",156,20
2016,9,"Female","Brown",179,20
2016,10,"Female","Brown",193,20
2016,11,"Female","Brown",173,20
2016,12,"Female","Brown",207,20
2017,1,"Female","Brown",187,20
2017,2,"Female","Brown",183,20
2017,3,"Female","Brown",222,20
2017,4,"Female","Brown",190,20
2017,5,"Female","Brown",181,20
2017,6,"Female","Brown",170,20
2017,7,"Female","Brown",195,20
2017,8,"Female","Brown",179,20
2017,9,"Female","Brown",210,20
2017,10,"Female","Brown",169,20
2017,11,"Female","Brown",183,20
2017,12,"Female","Brown",205,20
2018,1,"Female","Brown",199,20
2018,2,"Female","Brown",149,20
2018,3,"Female","Brown",192,20
2018,4,"Female","Brown",188,20
2018,5,"Female","Brown",184,20
2018,6,"Female","Brown",202,20
2018,7,"Female","Brown",201,20
2018,8,"Female","Brown",204,20
2018,9,"Female","Brown",172,20
2018,10,"Female","Brown",204,20
2018,11,"Female","Brown",197,20
2018,12,"Female","Brown",201,20
2019,1,"Female","Brown",200,20
2019,2,"Female","Brown",192,20
2019,3,"Female","Brown",180,20
2019,4,"Female","Brown",193,20
2019,5,"Female","Brown",196,20
2019,6,"Female","Brown",201,20
2019,7,"Female","Brown",199,20
2019,8,"Female","Brown",179,20
2019,9,"Female","Brown",175,20
2019,10,"Female","Brown",191,20
2019,11,"Female","Brown",224,20
2019,12,"Female","Brown",220,20
2020,1,"Female","Brown",203,20
2020,2,"Female","Brown",198,20
2020,3,"Female","Brown",229,20
2020,4,"Female","Brown",205,20
2020,5,"Female","Brown",237,20
2020,6,"Female","Brown",204,20
2020,7,"Female","Brown",222,20
2020,8,"Female","Brown",195,20
2020,9,"Female","Brown",220,20
2020,10,"Female","Brown",216,20
2020,11,"Female","Brown",215,20
2020,12,"Female","Brown",226,20
2010,8,"Female","Brown",208,25
2010,9,"Female","Brown",229,25
2010,10,"Female","Brown",207,25
2010,11,"Female","Brown",209,25
2010,12,"Female","Brown",264,25
2011,1,"Female","Brown",207,25
2011,2,"Female","Brown",221,25
2011,3,"Female","Brown",234,25
2011,4,"Female","Brown",228,25
2011,5,"Female","Brown",231,25
2011,6,"Female","Brown",237,25
2011,7,"Female","Brown",227,25
2011,8,"Female","Brown",223,25
2011,9,"Female","Brown",207,25
2011,10,"Female","Brown",234,25
2011,11,"Female","Brown",229,25
2011,12,"Female","Brown",252,25
2012,1,"Female","Brown",222,25
2012,2,"Female","Brown",225,25
2012,3,"Female","Brown",239,25
2012,4,"Female","Brown",210,25
2012,5,"Female","Brown",216,25
2012,6,"Female","Brown",230,25
2012,7,"Female","Brown",235,25
2012,8,"Female","Brown",210,25
2012,9,"Female","Brown",224,25
2012,10,"Female","Brown",224,25
2012,11,"Female","Brown",203,25
2012,12,"Female","Brown",220,25
2013,1,"Female","Brown",231,25
2013,2,"Female","Brown",211,25
2013,3,"Female","Brown",215,25
2013,4,"Female","Brown",206,25
2013,5,"Female","Brown",239,25
2013,6,"Female","Brown",221,25
2013,7,"Female","Brown",214,25
2013,8,"Female","Brown",200,25
2013,9,"Female","Brown",249,25
2013,10,"Female","Brown",240,25
2013,11,"Female","Brown",215,25
2013,12,"Female","Brown",226,25
2014,1,"Female","Brown",251,25
2014,2,"Female","Brown",202,25
2014,3,"Female","Brown",241,25
2014,4,"Female","Brown",234,25
2014,5,"Female","Brown",249,25
2014,6,"Female","Brown",196,25
2014,7,"Female","Brown",211,25
2014,8,"Female","Brown",218,25
2014,9,"Female","Brown",256,25
2014,10,"Female","Brown",227,25
2014,11,"Female","Brown",205,25
2014,12,"Female","Brown",244,25
2015,1,"Female","Brown",233,25
2015,2,"Female","Brown",208,25
2015,3,"Female","Brown",218,25
2015,4,"Female","Brown",215,25
2015,5,"Female","Brown",215,25
2015,6,"Female","Brown",207,25
2015,7,"Female","Brown",207,25
2015,8,"Female","Brown",214,25
2015,9,"Female","Brown",216,25
2015,10,"Female","Brown",230,25
2015,11,"Female","Brown",220,25
2015,12,"Female","Brown",220,25
2016,1,"Female","Brown",227,25
2016,2,"Female","Brown",231,25
2016,3,"Female","Brown",245,25
2016,4,"Female","Brown",244,25
2016,5,"Female","Brown",220,25
2016,6,"Female","Brown",222,25
2016,7,"Female","Brown",210,25
2016,8,"Female","Brown",247,25
2016,9,"Female","Brown",170,25
2016,10,"Female","Brown",213,25
2016,11,"Female","Brown",214,25
2016,12,"Female","Brown",208,25
2017,1,"Female","Brown",202,25
2017,2,"Female","Brown",204,25
2017,3,"Female","Brown",205,25
2017,4,"Female","Brown",247,25
2017,5,"Female","Brown",217,25
2017,6,"Female","Brown",216,25
2017,7,"Female","Brown",228,25
2017,8,"Female","Brown",230,25
2017,9,"Female","Brown",220,25
2017,10,"Female","Brown",231,25
2017,11,"Female","Brown",213,25
2017,12,"Female","Brown",194,25
2018,1,"Female","Brown",224,25
2018,2,"Female","Brown",198,25
2018,3,"Female","Brown",218,25
2018,4,"Female","Brown",214,25
2018,5,"Female","Brown",223,25
2018,6,"Female","Brown",182,25
2018,7,"Female","Brown",186,25
2018,8,"Female","Brown",218,25
2018,9,"Female","Brown",198,25
2018,10,"Female","Brown",212,25
2018,11,"Female","Brown",198,25
2018,12,"Female","Brown",234,25
2019,1,"Female","Brown",228,25
2019,2,"Female","Brown",206,25
2019,3,"Female","Brown",209,25
2019,4,"Female","Brown",223,25
2019,5,"Female","Brown",210,25
2019,6,"Female","Brown",223,25
2019,7,"Female","Brown",203,25
2019,8,"Female","Brown",198,25
2019,9,"Female","Brown",224,25
2019,10,"Female","Brown",214,25
2019,11,"Female","Brown",220,25
2019,12,"Female","Brown",186,25
2020,1,"Female","Brown",203,25
2020,2,"Female","Brown",217,25
2020,3,"Female","Brown",255,25
2020,4,"Female","Brown",212,25
2020,5,"Female","Brown",279,25
2020,6,"Female","Brown",241,25
2020,7,"Female","Brown",223,25
2020,8,"Female","Brown",245,25
2020,9,"Female","Brown",242,25
2020,10,"Female","Brown",251,25
2020,11,"Female","Brown",225,25
2020,12,"Female","Brown",278,25
2010,8,"Female","Brown",280,30
2010,9,"Female","Brown",262,30
2010,10,"Female","Brown",249,30
2010,11,"Female","Brown",259,30
2010,12,"Female","Brown",297,30
2011,1,"Female","Brown",276,30
2011,2,"Female","Brown",253,30
2011,3,"Female","Brown",294,30
2011,4,"Female","Brown",280,30
2011,5,"Female","Brown",305,30
2011,6,"Female","Brown",282,30
2011,7,"Female","Brown",266,30
2011,8,"Female","Brown",238,30
2011,9,"Female","Brown",282,30
2011,10,"Female","Brown",264,30
2011,11,"Female","Brown",277,30
2011,12,"Female","Brown",324,30
2012,1,"Female","Brown",257,30
2012,2,"Female","Brown",291,30
2012,3,"Female","Brown",293,30
2012,4,"Female","Brown",321,30
2012,5,"Female","Brown",313,30
2012,6,"Female","Brown",296,30
2012,7,"Female","Brown",288,30
2012,8,"Female","Brown",303,30
2012,9,"Female","Brown",273,30
2012,10,"Female","Brown",310,30
2012,11,"Female","Brown",307,30
2012,12,"Female","Brown",297,30
2013,1,"Female","Brown",295,30
2013,2,"Female","Brown",275,30
2013,3,"Female","Brown",335,30
2013,4,"Female","Brown",273,30
2013,5,"Female","Brown",309,30
2013,6,"Female","Brown",273,30
2013,7,"Female","Brown",290,30
2013,8,"Female","Brown",302,30
2013,9,"Female","Brown",317,30
2013,10,"Female","Brown",277,30
2013,11,"Female","Brown",275,30
2013,12,"Female","Brown",289,30
2014,1,"Female","Brown",291,30
2014,2,"Female","Brown",280,30
2014,3,"Female","Brown",320,30
2014,4,"Female","Brown",273,30
2014,5,"Female","Brown",330,30
2014,6,"Female","Brown",314,30
2014,7,"Female","Brown",290,30
2014,8,"Female","Brown",273,30
2014,9,"Female","Brown",305,30
2014,10,"Female","Brown",303,30
2014,11,"Female","Brown",283,30
2014,12,"Female","Brown",325,30
2015,1,"Female","Brown",303,30
2015,2,"Female","Brown",281,30
2015,3,"Female","Brown",284,30
2015,4,"Female","Brown",300,30
2015,5,"Female","Brown",309,30
2015,6,"Female","Brown",315,30
2015,7,"Female","Brown",283,30
2015,8,"Female","Brown",290,30
2015,9,"Female","Brown",276,30
2015,10,"Female","Brown",296,30
2015,11,"Female","Brown",278,30
2015,12,"Female","Brown",304,30
2016,1,"Female","Brown",302,30
2016,2,"Female","Brown",287,30
2016,3,"Female","Brown",302,30
2016,4,"Female","Brown",345,30
2016,5,"Female","Brown",326,30
2016,6,"Female","Brown",296,30
2016,7,"Female","Brown",296,30
2016,8,"Female","Brown",290,30
2016,9,"Female","Brown",256,30
2016,10,"Female","Brown",306,30
2016,11,"Female","Brown",289,30
2016,12,"Female","Brown",302,30
2017,1,"Female","Brown",320,30
2017,2,"Female","Brown",287,30
2017,3,"Female","Brown",302,30
2017,4,"Female","Brown",293,30
2017,5,"Female","Brown",269,30
2017,6,"Female","Brown",287,30
2017,7,"Female","Brown",324,30
2017,8,"Female","Brown",299,30
2017,9,"Female","Brown",289,30
2017,10,"Female","Brown",317,30
2017,11,"Female","Brown",277,30
2017,12,"Female","Brown",297,30
2018,1,"Female","Brown",303,30
2018,2,"Female","Brown",268,30
2018,3,"Female","Brown",291,30
2018,4,"Female","Brown",310,30
2018,5,"Female","Brown",310,30
2018,6,"Female","Brown",298,30
2018,7,"Female","Brown",302,30
2018,8,"Female","Brown",293,30
2018,9,"Female","Brown",294,30
2018,10,"Female","Brown",297,30
2018,11,"Female","Brown",234,30
2018,12,"Female","Brown",299,30
2019,1,"Female","Brown",320,30
2019,2,"Female","Brown",306,30
2019,3,"Female","Brown",295,30
2019,4,"Female","Brown",302,30
2019,5,"Female","Brown",289,30
2019,6,"Female","Brown",278,30
2019,7,"Female","Brown",302,30
2019,8,"Female","Brown",300,30
2019,9,"Female","Brown",287,30
2019,10,"Female","Brown",247,30
2019,11,"Female","Brown",283,30
2019,12,"Female","Brown",256,30
2020,1,"Female","Brown",274,30
2020,2,"Female","Brown",287,30
2020,3,"Female","Brown",340,30
2020,4,"Female","Brown",317,30
2020,5,"Female","Brown",387,30
2020,6,"Female","Brown",349,30
2020,7,"Female","Brown",336,30
2020,8,"Female","Brown",312,30
2020,9,"Female","Brown",287,30
2020,10,"Female","Brown",347,30
2020,11,"Female","Brown",348,30
2020,12,"Female","Brown",363,30
2010,8,"Female","Brown",342,35
2010,9,"Female","Brown",307,35
2010,10,"Female","Brown",311,35
2010,11,"Female","Brown",308,35
2010,12,"Female","Brown",303,35
2011,1,"Female","Brown",348,35
2011,2,"Female","Brown",306,35
2011,3,"Female","Brown",339,35
2011,4,"Female","Brown",307,35
2011,5,"Female","Brown",338,35
2011,6,"Female","Brown",284,35
2011,7,"Female","Brown",335,35
2011,8,"Female","Brown",336,35
2011,9,"Female","Brown",309,35
2011,10,"Female","Brown",336,35
2011,11,"Female","Brown",338,35
2011,12,"Female","Brown",310,35
2012,1,"Female","Brown",314,35
2012,2,"Female","Brown",305,35
2012,3,"Female","Brown",346,35
2012,4,"Female","Brown",374,35
2012,5,"Female","Brown",351,35
2012,6,"Female","Brown",333,35
2012,7,"Female","Brown",351,35
2012,8,"Female","Brown",327,35
2012,9,"Female","Brown",335,35
2012,10,"Female","Brown",373,35
2012,11,"Female","Brown",342,35
2012,12,"Female","Brown",402,35
2013,1,"Female","Brown",395,35
2013,2,"Female","Brown",318,35
2013,3,"Female","Brown",358,35
2013,4,"Female","Brown",372,35
2013,5,"Female","Brown",361,35
2013,6,"Female","Brown",382,35
2013,7,"Female","Brown",328,35
2013,8,"Female","Brown",342,35
2013,9,"Female","Brown",312,35
2013,10,"Female","Brown",326,35
2013,11,"Female","Brown",334,35
2013,12,"Female","Brown",368,35
2014,1,"Female","Brown",374,35
2014,2,"Female","Brown",361,35
2014,3,"Female","Brown",412,35
2014,4,"Female","Brown",387,35
2014,5,"Female","Brown",384,35
2014,6,"Female","Brown",368,35
2014,7,"Female","Brown",371,35
2014,8,"Female","Brown",370,35
2014,9,"Female","Brown",362,35
2014,10,"Female","Brown",383,35
2014,11,"Female","Brown",348,35
2014,12,"Female","Brown",405,35
2015,1,"Female","Brown",413,35
2015,2,"Female","Brown",350,35
2015,3,"Female","Brown",428,35
2015,4,"Female","Brown",383,35
2015,5,"Female","Brown",438,35
2015,6,"Female","Brown",358,35
2015,7,"Female","Brown",414,35
2015,8,"Female","Brown",387,35
2015,9,"Female","Brown",336,35
2015,10,"Female","Brown",352,35
2015,11,"Female","Brown",367,35
2015,12,"Female","Brown",388,35
2016,1,"Female","Brown",429,35
2016,2,"Female","Brown",366,35
2016,3,"Female","Brown",438,35
2016,4,"Female","Brown",432,35
2016,5,"Female","Brown",428,35
2016,6,"Female","Brown",382,35
2016,7,"Female","Brown",441,35
2016,8,"Female","Brown",415,35
2016,9,"Female","Brown",378,35
2016,10,"Female","Brown",387,35
2016,11,"Female","Brown",412,35
2016,12,"Female","Brown",439,35
2017,1,"Female","Brown",437,35
2017,2,"Female","Brown",394,35
2017,3,"Female","Brown",458,35
2017,4,"Female","Brown",416,35
2017,5,"Female","Brown",395,35
2017,6,"Female","Brown",393,35
2017,7,"Female","Brown",429,35
2017,8,"Female","Brown",389,35
2017,9,"Female","Brown",363,35
2017,10,"Female","Brown",385,35
2017,11,"Female","Brown",442,35
2017,12,"Female","Brown",401,35
2018,1,"Female","Brown",398,35
2018,2,"Female","Brown",367,35
2018,3,"Female","Brown",402,35
2018,4,"Female","Brown",423,35
2018,5,"Female","Brown",413,35
2018,6,"Female","Brown",373,35
2018,7,"Female","Brown",416,35
2018,8,"Female","Brown",401,35
2018,9,"Female","Brown",423,35
2018,10,"Female","Brown",408,35
2018,11,"Female","Brown",366,35
2018,12,"Female","Brown",408,35
2019,1,"Female","Brown",440,35
2019,2,"Female","Brown",379,35
2019,3,"Female","Brown",449,35
2019,4,"Female","Brown",434,35
2019,5,"Female","Brown",441,35
2019,6,"Female","Brown",411,35
2019,7,"Female","Brown",426,35
2019,8,"Female","Brown",392,35
2019,9,"Female","Brown",374,35
2019,10,"Female","Brown",417,35
2019,11,"Female","Brown",368,35
2019,12,"Female","Brown",404,35
2020,1,"Female","Brown",412,35
2020,2,"Female","Brown",407,35
2020,3,"Female","Brown",446,35
2020,4,"Female","Brown",473,35
2020,5,"Female","Brown",592,35
2020,6,"Female","Brown",507,35
2020,7,"Female","Brown",538,35
2020,8,"Female","Brown",496,35
2020,9,"Female","Brown",444,35
2020,10,"Female","Brown",445,35
2020,11,"Female","Brown",430,35
2020,12,"Female","Brown",483,35
2010,8,"Female","Brown",458,40
2010,9,"Female","Brown",416,40
2010,10,"Female","Brown",426,40
2010,11,"Female","Brown",377,40
2010,12,"Female","Brown",451,40
2011,1,"Female","Brown",460,40
2011,2,"Female","Brown",430,40
2011,3,"Female","Brown",426,40
2011,4,"Female","Brown",421,40
2011,5,"Female","Brown",481,40
2011,6,"Female","Brown",427,40
2011,7,"Female","Brown",426,40
2011,8,"Female","Brown",441,40
2011,9,"Female","Brown",388,40
2011,10,"Female","Brown",437,40
2011,11,"Female","Brown",447,40
2011,12,"Female","Brown",427,40
2012,1,"Female","Brown",447,40
2012,2,"Female","Brown",411,40
2012,3,"Female","Brown",465,40
2012,4,"Female","Brown",455,40
2012,5,"Female","Brown",450,40
2012,6,"Female","Brown",458,40
2012,7,"Female","Brown",465,40
2012,8,"Female","Brown",429,40
2012,9,"Female","Brown",481,40
2012,10,"Female","Brown",468,40
2012,11,"Female","Brown",441,40
2012,12,"Female","Brown",484,40
2013,1,"Female","Brown",478,40
2013,2,"Female","Brown",458,40
2013,3,"Female","Brown",475,40
2013,4,"Female","Brown",478,40
2013,5,"Female","Brown",479,40
2013,6,"Female","Brown",464,40
2013,7,"Female","Brown",473,40
2013,8,"Female","Brown",495,40
2013,9,"Female","Brown",444,40
2013,10,"Female","Brown",426,40
2013,11,"Female","Brown",434,40
2013,12,"Female","Brown",426,40
2014,1,"Female","Brown",467,40
2014,2,"Female","Brown",399,40
2014,3,"Female","Brown",479,40
2014,4,"Female","Brown",440,40
2014,5,"Female","Brown",478,40
2014,6,"Female","Brown",456,40
2014,7,"Female","Brown",456,40
2014,8,"Female","Brown",497,40
2014,9,"Female","Brown",457,40
2014,10,"Female","Brown",449,40
2014,11,"Female","Brown",419,40
2014,12,"Female","Brown",485,40
2015,1,"Female","Brown",521,40
2015,2,"Female","Brown",413,40
2015,3,"Female","Brown",453,40
2015,4,"Female","Brown",483,40
2015,5,"Female","Brown",508,40
2015,6,"Female","Brown",455,40
2015,7,"Female","Brown",488,40
2015,8,"Female","Brown",472,40
2015,9,"Female","Brown",481,40
2015,10,"Female","Brown",487,40
2015,11,"Female","Brown",482,40
2015,12,"Female","Brown",515,40
2016,1,"Female","Brown",511,40
2016,2,"Female","Brown",481,40
2016,3,"Female","Brown",556,40
2016,4,"Female","Brown",541,40
2016,5,"Female","Brown",537,40
2016,6,"Female","Brown",505,40
2016,7,"Female","Brown",484,40
2016,8,"Female","Brown",509,40
2016,9,"Female","Brown",513,40
2016,10,"Female","Brown",504,40
2016,11,"Female","Brown",468,40
2016,12,"Female","Brown",492,40
2017,1,"Female","Brown",558,40
2017,2,"Female","Brown",455,40
2017,3,"Female","Brown",510,40
2017,4,"Female","Brown",533,40
2017,5,"Female","Brown",517,40
2017,6,"Female","Brown",491,40
2017,7,"Female","Brown",510,40
2017,8,"Female","Brown",493,40
2017,9,"Female","Brown",435,40
2017,10,"Female","Brown",493,40
2017,11,"Female","Brown",465,40
2017,12,"Female","Brown",496,40
2018,1,"Female","Brown",482,40
2018,2,"Female","Brown",411,40
2018,3,"Female","Brown",538,40
2018,4,"Female","Brown",520,40
2018,5,"Female","Brown",561,40
2018,6,"Female","Brown",499,40
2018,7,"Female","Brown",550,40
2018,8,"Female","Brown",523,40
2018,9,"Female","Brown",470,40
2018,10,"Female","Brown",501,40
2018,11,"Female","Brown",489,40
2018,12,"Female","Brown",515,40
2019,1,"Female","Brown",497,40
2019,2,"Female","Brown",492,40
2019,3,"Female","Brown",549,40
2019,4,"Female","Brown",542,40
2019,5,"Female","Brown",499,40
2019,6,"Female","Brown",600,40
2019,7,"Female","Brown",519,40
2019,8,"Female","Brown",495,40
2019,9,"Female","Brown",519,40
2019,10,"Female","Brown",540,40
2019,11,"Female","Brown",504,40
2019,12,"Female","Brown",535,40
2020,1,"Female","Brown",536,40
2020,2,"Female","Brown",542,40
2020,3,"Female","Brown",597,40
2020,4,"Female","Brown",651,40
2020,5,"Female","Brown",774,40
2020,6,"Female","Brown",659,40
2020,7,"Female","Brown",695,40
2020,8,"Female","Brown",636,40
2020,9,"Female","Brown",645,40
2020,10,"Female","Brown",589,40
2020,11,"Female","Brown",573,40
2020,12,"Female","Brown",690,40
2010,8,"Female","Brown",579,45
2010,9,"Female","Brown",601,45
2010,10,"Female","Brown",590,45
2010,11,"Female","Brown",525,45
2010,12,"Female","Brown",586,45
2011,1,"Female","Brown",634,45
2011,2,"Female","Brown",504,45
2011,3,"Female","Brown",583,45
2011,4,"Female","Brown",557,45
2011,5,"Female","Brown",565,45
2011,6,"Female","Brown",589,45
2011,7,"Female","Brown",629,45
2011,8,"Female","Brown",603,45
2011,9,"Female","Brown",573,45
2011,10,"Female","Brown",611,45
2011,11,"Female","Brown",568,45
2011,12,"Female","Brown",620,45
2012,1,"Female","Brown",598,45
2012,2,"Female","Brown",608,45
2012,3,"Female","Brown",584,45
2012,4,"Female","Brown",554,45
2012,5,"Female","Brown",572,45
2012,6,"Female","Brown",599,45
2012,7,"Female","Brown",646,45
2012,8,"Female","Brown",597,45
2012,9,"Female","Brown",591,45
2012,10,"Female","Brown",609,45
2012,11,"Female","Brown",625,45
2012,12,"Female","Brown",616,45
2013,1,"Female","Brown",668,45
2013,2,"Female","Brown",560,45
2013,3,"Female","Brown",629,45
2013,4,"Female","Brown",637,45
2013,5,"Female","Brown",703,45
2013,6,"Female","Brown",645,45
2013,7,"Female","Brown",619,45
2013,8,"Female","Brown",614,45
2013,9,"Female","Brown",615,45
2013,10,"Female","Brown",627,45
2013,11,"Female","Brown",595,45
2013,12,"Female","Brown",640,45
2014,1,"Female","Brown",646,45
2014,2,"Female","Brown",550,45
2014,3,"Female","Brown",639,45
2014,4,"Female","Brown",559,45
2014,5,"Female","Brown",693,45
2014,6,"Female","Brown",601,45
2014,7,"Female","Brown",599,45
2014,8,"Female","Brown",637,45
2014,9,"Female","Brown",614,45
2014,10,"Female","Brown",624,45
2014,11,"Female","Brown",607,45
2014,12,"Female","Brown",678,45
2015,1,"Female","Brown",643,45
2015,2,"Female","Brown",530,45
2015,3,"Female","Brown",664,45
2015,4,"Female","Brown",612,45
2015,5,"Female","Brown",690,45
2015,6,"Female","Brown",621,45
2015,7,"Female","Brown",641,45
2015,8,"Female","Brown",629,45
2015,9,"Female","Brown",597,45
2015,10,"Female","Brown",623,45
2015,11,"Female","Brown",648,45
2015,12,"Female","Brown",659,45
2016,1,"Female","Brown",703,45
2016,2,"Female","Brown",642,45
2016,3,"Female","Brown",742,45
2016,4,"Female","Brown",679,45
2016,5,"Female","Brown",696,45
2016,6,"Female","Brown",684,45
2016,7,"Female","Brown",708,45
2016,8,"Female","Brown",682,45
2016,9,"Female","Brown",573,45
2016,10,"Female","Brown",603,45
2016,11,"Female","Brown",656,45
2016,12,"Female","Brown",647,45
2017,1,"Female","Brown",658,45
2017,2,"Female","Brown",612,45
2017,3,"Female","Brown",650,45
2017,4,"Female","Brown",583,45
2017,5,"Female","Brown",666,45
2017,6,"Female","Brown",633,45
2017,7,"Female","Brown",689,45
2017,8,"Female","Brown",641,45
2017,9,"Female","Brown",670,45
2017,10,"Female","Brown",654,45
2017,11,"Female","Brown",631,45
2017,12,"Female","Brown",666,45
2018,1,"Female","Brown",660,45
2018,2,"Female","Brown",559,45
2018,3,"Female","Brown",648,45
2018,4,"Female","Brown",636,45
2018,5,"Female","Brown",696,45
2018,6,"Female","Brown",714,45
2018,7,"Female","Brown",661,45
2018,8,"Female","Brown",643,45
2018,9,"Female","Brown",637,45
2018,10,"Female","Brown",636,45
2018,11,"Female","Brown",634,45
2018,12,"Female","Brown",674,45
2019,1,"Female","Brown",642,45
2019,2,"Female","Brown",577,45
2019,3,"Female","Brown",665,45
2019,4,"Female","Brown",722,45
2019,5,"Female","Brown",698,45
2019,6,"Female","Brown",713,45
2019,7,"Female","Brown",659,45
2019,8,"Female","Brown",694,45
2019,9,"Female","Brown",618,45
2019,10,"Female","Brown",647,45
2019,11,"Female","Brown",610,45
2019,12,"Female","Brown",647,45
2020,1,"Female","Brown",688,45
2020,2,"Female","Brown",643,45
2020,3,"Female","Brown",742,45
2020,4,"Female","Brown",779,45
2020,5,"Female","Brown",964,45
2020,6,"Female","Brown",933,45
2020,7,"Female","Brown",906,45
2020,8,"Female","Brown",790,45
2020,9,"Female","Brown",821,45
2020,10,"Female","Brown",741,45
2020,11,"Female","Brown",715,45
2020,12,"Female","Brown",827,45
2010,8,"Female","Brown",733,50
2010,9,"Female","Brown",664,50
2010,10,"Female","Brown",666,50
2010,11,"Female","Brown",649,50
2010,12,"Female","Brown",710,50
2011,1,"Female","Brown",721,50
2011,2,"Female","Brown",610,50
2011,3,"Female","Brown",707,50
2011,4,"Female","Brown",717,50
2011,5,"Female","Brown",720,50
2011,6,"Female","Brown",649,50
2011,7,"Female","Brown",793,50
2011,8,"Female","Brown",777,50
2011,9,"Female","Brown",755,50
2011,10,"Female","Brown",746,50
2011,11,"Female","Brown",712,50
2011,12,"Female","Brown",719,50
2012,1,"Female","Brown",712,50
2012,2,"Female","Brown",687,50
2012,3,"Female","Brown",703,50
2012,4,"Female","Brown",720,50
2012,5,"Female","Brown",761,50
2012,6,"Female","Brown",795,50
2012,7,"Female","Brown",779,50
2012,8,"Female","Brown",821,50
2012,9,"Female","Brown",717,50
2012,10,"Female","Brown",723,50
2012,11,"Female","Brown",676,50
2012,12,"Female","Brown",744,50
2013,1,"Female","Brown",785,50
2013,2,"Female","Brown",698,50
2013,3,"Female","Brown",728,50
2013,4,"Female","Brown",788,50
2013,5,"Female","Brown",815,50
2013,6,"Female","Brown",786,50
2013,7,"Female","Brown",817,50
2013,8,"Female","Brown",784,50
2013,9,"Female","Brown",713,50
2013,10,"Female","Brown",716,50
2013,11,"Female","Brown",679,50
2013,12,"Female","Brown",721,50
2014,1,"Female","Brown",754,50
2014,2,"Female","Brown",698,50
2014,3,"Female","Brown",751,50
2014,4,"Female","Brown",756,50
2014,5,"Female","Brown",816,50
2014,6,"Female","Brown",775,50
2014,7,"Female","Brown",774,50
2014,8,"Female","Brown",811,50
2014,9,"Female","Brown",750,50
2014,10,"Female","Brown",750,50
2014,11,"Female","Brown",754,50
2014,12,"Female","Brown",810,50
2015,1,"Female","Brown",800,50
2015,2,"Female","Brown",704,50
2015,3,"Female","Brown",827,50
2015,4,"Female","Brown",863,50
2015,5,"Female","Brown",895,50
2015,6,"Female","Brown",832,50
2015,7,"Female","Brown",848,50
2015,8,"Female","Brown",817,50
2015,9,"Female","Brown",777,50
2015,10,"Female","Brown",779,50
2015,11,"Female","Brown",757,50
2015,12,"Female","Brown",862,50
2016,1,"Female","Brown",823,50
2016,2,"Female","Brown",847,50
2016,3,"Female","Brown",907,50
2016,4,"Female","Brown",895,50
2016,5,"Female","Brown",902,50
2016,6,"Female","Brown",868,50
2016,7,"Female","Brown",892,50
2016,8,"Female","Brown",823,50
2016,9,"Female","Brown",785,50
2016,10,"Female","Brown",841,50
2016,11,"Female","Brown",753,50
2016,12,"Female","Brown",873,50
2017,1,"Female","Brown",888,50
2017,2,"Female","Brown",769,50
2017,3,"Female","Brown",852,50
2017,4,"Female","Brown",836,50
2017,5,"Female","Brown",873,50
2017,6,"Female","Brown",875,50
2017,7,"Female","Brown",964,50
2017,8,"Female","Brown",856,50
2017,9,"Female","Brown",836,50
2017,10,"Female","Brown",904,50
2017,11,"Female","Brown",787,50
2017,12,"Female","Brown",889,50
2018,1,"Female","Brown",915,50
2018,2,"Female","Brown",794,50
2018,3,"Female","Brown",890,50
2018,4,"Female","Brown",869,50
2018,5,"Female","Brown",983,50
2018,6,"Female","Brown",887,50
2018,7,"Female","Brown",930,50
2018,8,"Female","Brown",936,50
2018,9,"Female","Brown",871,50
2018,10,"Female","Brown",881,50
2018,11,"Female","Brown",807,50
2018,12,"Female","Brown",819,50
2019,1,"Female","Brown",901,50
2019,2,"Female","Brown",800,50
2019,3,"Female","Brown",789,50
2019,4,"Female","Brown",866,50
2019,5,"Female","Brown",939,50
2019,6,"Female","Brown",903,50
2019,7,"Female","Brown",918,50
2019,8,"Female","Brown",885,50
2019,9,"Female","Brown",875,50
2019,10,"Female","Brown",883,50
2019,11,"Female","Brown",786,50
2019,12,"Female","Brown",868,50
2020,1,"Female","Brown",877,50
2020,2,"Female","Brown",793,50
2020,3,"Female","Brown",988,50
2020,4,"Female","Brown",1066,50
2020,5,"Female","Brown",1340,50
2020,6,"Female","Brown",1152,50
2020,7,"Female","Brown",1198,50
2020,8,"Female","Brown",1107,50
2020,9,"Female","Brown",962,50
2020,10,"Female","Brown",993,50
2020,11,"Female","Brown",925,50
2020,12,"Female","Brown",1084,50
2010,8,"Female","Brown",794,55
2010,9,"Female","Brown",774,55
2010,10,"Female","Brown",761,55
2010,11,"Female","Brown",780,55
2010,12,"Female","Brown",815,55
2011,1,"Female","Brown",795,55
2011,2,"Female","Brown",737,55
2011,3,"Female","Brown",829,55
2011,4,"Female","Brown",844,55
2011,5,"Female","Brown",834,55
2011,6,"Female","Brown",805,55
2011,7,"Female","Brown",918,55
2011,8,"Female","Brown",827,55
2011,9,"Female","Brown",877,55
2011,10,"Female","Brown",793,55
2011,11,"Female","Brown",825,55
2011,12,"Female","Brown",848,55
2012,1,"Female","Brown",864,55
2012,2,"Female","Brown",858,55
2012,3,"Female","Brown",831,55
2012,4,"Female","Brown",810,55
2012,5,"Female","Brown",868,55
2012,6,"Female","Brown",881,55
2012,7,"Female","Brown",966,55
2012,8,"Female","Brown",902,55
2012,9,"Female","Brown",912,55
2012,10,"Female","Brown",890,55
2012,11,"Female","Brown",809,55
2012,12,"Female","Brown",899,55
2013,1,"Female","Brown",879,55
2013,2,"Female","Brown",851,55
2013,3,"Female","Brown",898,55
2013,4,"Female","Brown",899,55
2013,5,"Female","Brown",989,55
2013,6,"Female","Brown",902,55
2013,7,"Female","Brown",969,55
2013,8,"Female","Brown",984,55
2013,9,"Female","Brown",889,55
2013,10,"Female","Brown",916,55
2013,11,"Female","Brown",837,55
2013,12,"Female","Brown",899,55
2014,1,"Female","Brown",951,55
2014,2,"Female","Brown",828,55
2014,3,"Female","Brown",899,55
2014,4,"Female","Brown",909,55
2014,5,"Female","Brown",944,55
2014,6,"Female","Brown",969,55
2014,7,"Female","Brown",976,55
2014,8,"Female","Brown",960,55
2014,9,"Female","Brown",956,55
2014,10,"Female","Brown",952,55
2014,11,"Female","Brown",869,55
2014,12,"Female","Brown",919,55
2015,1,"Female","Brown",1022,55
2015,2,"Female","Brown",831,55
2015,3,"Female","Brown",1052,55
2015,4,"Female","Brown",965,55
2015,5,"Female","Brown",1041,55
2015,6,"Female","Brown",1055,55
2015,7,"Female","Brown",1061,55
2015,8,"Female","Brown",1010,55
2015,9,"Female","Brown",1012,55
2015,10,"Female","Brown",903,55
2015,11,"Female","Brown",913,55
2015,12,"Female","Brown",1079,55
2016,1,"Female","Brown",1053,55
2016,2,"Female","Brown",966,55
2016,3,"Female","Brown",1142,55
2016,4,"Female","Brown",1052,55
2016,5,"Female","Brown",1135,55
2016,6,"Female","Brown",1113,55
2016,7,"Female","Brown",1023,55
2016,8,"Female","Brown",1022,55
2016,9,"Female","Brown",978,55
2016,10,"Female","Brown",1082,55
2016,11,"Female","Brown",964,55
2016,12,"Female","Brown",1002,55
2017,1,"Female","Brown",1034,55
2017,2,"Female","Brown",958,55
2017,3,"Female","Brown",1140,55
2017,4,"Female","Brown",1029,55
2017,5,"Female","Brown",1094,55
2017,6,"Female","Brown",1122,55
2017,7,"Female","Brown",1136,55
2017,8,"Female","Brown",1113,55
2017,9,"Female","Brown",987,55
2017,10,"Female","Brown",1040,55
2017,11,"Female","Brown",968,55
2017,12,"Female","Brown",1056,55
2018,1,"Female","Brown",1087,55
2018,2,"Female","Brown",927,55
2018,3,"Female","Brown",1104,55
2018,4,"Female","Brown",1113,55
2018,5,"Female","Brown",1155,55
2018,6,"Female","Brown",1087,55
2018,7,"Female","Brown",1149,55
2018,8,"Female","Brown",1052,55
2018,9,"Female","Brown",1005,55
2018,10,"Female","Brown",1125,55
2018,11,"Female","Brown",1024,55
2018,12,"Female","Brown",1097,55
2019,1,"Female","Brown",1123,55
2019,2,"Female","Brown",1007,55
2019,3,"Female","Brown",1143,55
2019,4,"Female","Brown",1083,55
2019,5,"Female","Brown",1287,55
2019,6,"Female","Brown",1113,55
2019,7,"Female","Brown",1207,55
2019,8,"Female","Brown",1151,55
2019,9,"Female","Brown",1082,55
2019,10,"Female","Brown",1121,55
2019,11,"Female","Brown",1047,55
2019,12,"Female","Brown",1160,55
2020,1,"Female","Brown",1121,55
2020,2,"Female","Brown",1086,55
2020,3,"Female","Brown",1167,55
2020,4,"Female","Brown",1367,55
2020,5,"Female","Brown",1794,55
2020,6,"Female","Brown",1463,55
2020,7,"Female","Brown",1515,55
2020,8,"Female","Brown",1347,55
2020,9,"Female","Brown",1260,55
2020,10,"Female","Brown",1334,55
2020,11,"Female","Brown",1285,55
2020,12,"Female","Brown",1346,55
2010,8,"Female","Brown",908,60
2010,9,"Female","Brown",892,60
2010,10,"Female","Brown",876,60
2010,11,"Female","Brown",831,60
2010,12,"Female","Brown",893,60
2011,1,"Female","Brown",963,60
2011,2,"Female","Brown",795,60
2011,3,"Female","Brown",887,60
2011,4,"Female","Brown",896,60
2011,5,"Female","Brown",943,60
2011,6,"Female","Brown",878,60
2011,7,"Female","Brown",1049,60
2011,8,"Female","Brown",988,60
2011,9,"Female","Brown",950,60
2011,10,"Female","Brown",943,60
2011,11,"Female","Brown",922,60
2011,12,"Female","Brown",943,60
2012,1,"Female","Brown",1000,60
2012,2,"Female","Brown",897,60
2012,3,"Female","Brown",963,60
2012,4,"Female","Brown",919,60
2012,5,"Female","Brown",1031,60
2012,6,"Female","Brown",958,60
2012,7,"Female","Brown",1140,60
2012,8,"Female","Brown",1082,60
2012,9,"Female","Brown",975,60
2012,10,"Female","Brown",1002,60
2012,11,"Female","Brown",927,60
2012,12,"Female","Brown",978,60
2013,1,"Female","Brown",1044,60
2013,2,"Female","Brown",910,60
2013,3,"Female","Brown",962,60
2013,4,"Female","Brown",1043,60
2013,5,"Female","Brown",1122,60
2013,6,"Female","Brown",1025,60
2013,7,"Female","Brown",1102,60
2013,8,"Female","Brown",1103,60
2013,9,"Female","Brown",969,60
2013,10,"Female","Brown",1059,60
2013,11,"Female","Brown",973,60
2013,12,"Female","Brown",1052,60
2014,1,"Female","Brown",1056,60
2014,2,"Female","Brown",978,60
2014,3,"Female","Brown",1102,60
2014,4,"Female","Brown",999,60
2014,5,"Female","Brown",1041,60
2014,6,"Female","Brown",1081,60
2014,7,"Female","Brown",1155,60
2014,8,"Female","Brown",1145,60
2014,9,"Female","Brown",1063,60
2014,10,"Female","Brown",1079,60
2014,11,"Female","Brown",1063,60
2014,12,"Female","Brown",1125,60
2015,1,"Female","Brown",1132,60
2015,2,"Female","Brown",1032,60
2015,3,"Female","Brown",1099,60
2015,4,"Female","Brown",1167,60
2015,5,"Female","Brown",1201,60
2015,6,"Female","Brown",1248,60
2015,7,"Female","Brown",1211,60
2015,8,"Female","Brown",1143,60
2015,9,"Female","Brown",1098,60
2015,10,"Female","Brown",1172,60
2015,11,"Female","Brown",1091,60
2015,12,"Female","Brown",1220,60
2016,1,"Female","Brown",1181,60
2016,2,"Female","Brown",1156,60
2016,3,"Female","Brown",1285,60
2016,4,"Female","Brown",1281,60
2016,5,"Female","Brown",1287,60
2016,6,"Female","Brown",1304,60
2016,7,"Female","Brown",1257,60
2016,8,"Female","Brown",1249,60
2016,9,"Female","Brown",1176,60
2016,10,"Female","Brown",1194,60
2016,11,"Female","Brown",1132,60
2016,12,"Female","Brown",1187,60
2017,1,"Female","Brown",1251,60
2017,2,"Female","Brown",1161,60
2017,3,"Female","Brown",1264,60
2017,4,"Female","Brown",1294,60
2017,5,"Female","Brown",1345,60
2017,6,"Female","Brown",1284,60
2017,7,"Female","Brown",1410,60
2017,8,"Female","Brown",1332,60
2017,9,"Female","Brown",1246,60
2017,10,"Female","Brown",1268,60
2017,11,"Female","Brown",1223,60
2017,12,"Female","Brown",1273,60
2018,1,"Female","Brown",1259,60
2018,2,"Female","Brown",1108,60
2018,3,"Female","Brown",1269,60
2018,4,"Female","Brown",1366,60
2018,5,"Female","Brown",1408,60
2018,6,"Female","Brown",1408,60
2018,7,"Female","Brown",1395,60
2018,8,"Female","Brown",1312,60
2018,9,"Female","Brown",1231,60
2018,10,"Female","Brown",1343,60
2018,11,"Female","Brown",1314,60
2018,12,"Female","Brown",1389,60
2019,1,"Female","Brown",1349,60
2019,2,"Female","Brown",1159,60
2019,3,"Female","Brown",1381,60
2019,4,"Female","Brown",1398,60
2019,5,"Female","Brown",1436,60
2019,6,"Female","Brown",1389,60
2019,7,"Female","Brown",1454,60
2019,8,"Female","Brown",1421,60
2019,9,"Female","Brown",1341,60
2019,10,"Female","Brown",1366,60
2019,11,"Female","Brown",1314,60
2019,12,"Female","Brown",1341,60
2020,1,"Female","Brown",1310,60
2020,2,"Female","Brown",1360,60
2020,3,"Female","Brown",1440,60
2020,4,"Female","Brown",1798,60
2020,5,"Female","Brown",2212,60
2020,6,"Female","Brown",1826,60
2020,7,"Female","Brown",1858,60
2020,8,"Female","Brown",1777,60
2020,9,"Female","Brown",1556,60
2020,10,"Female","Brown",1580,60
2020,11,"Female","Brown",1513,60
2020,12,"Female","Brown",1780,60
2010,8,"Female","Brown",1037,65
2010,9,"Female","Brown",1063,65
2010,10,"Female","Brown",1016,65
2010,11,"Female","Brown",893,65
2010,12,"Female","Brown",1052,65
2011,1,"Female","Brown",1071,65
2011,2,"Female","Brown",930,65
2011,3,"Female","Brown",1021,65
2011,4,"Female","Brown",959,65
2011,5,"Female","Brown",1056,65
2011,6,"Female","Brown",1069,65
2011,7,"Female","Brown",1069,65
2011,8,"Female","Brown",1142,65
2011,9,"Female","Brown",1066,65
2011,10,"Female","Brown",1085,65
2011,11,"Female","Brown",1064,65
2011,12,"Female","Brown",1045,65
2012,1,"Female","Brown",1010,65
2012,2,"Female","Brown",1058,65
2012,3,"Female","Brown",1085,65
2012,4,"Female","Brown",1075,65
2012,5,"Female","Brown",1106,65
2012,6,"Female","Brown",1077,65
2012,7,"Female","Brown",1232,65
2012,8,"Female","Brown",1125,65
2012,9,"Female","Brown",1088,65
2012,10,"Female","Brown",1156,65
2012,11,"Female","Brown",1047,65
2012,12,"Female","Brown",1031,65
2013,1,"Female","Brown",1197,65
2013,2,"Female","Brown",1025,65
2013,3,"Female","Brown",1154,65
2013,4,"Female","Brown",1146,65
2013,5,"Female","Brown",1216,65
2013,6,"Female","Brown",1174,65
2013,7,"Female","Brown",1240,65
2013,8,"Female","Brown",1197,65
2013,9,"Female","Brown",1175,65
2013,10,"Female","Brown",1138,65
2013,11,"Female","Brown",1102,65
2013,12,"Female","Brown",1175,65
2014,1,"Female","Brown",1236,65
2014,2,"Female","Brown",1126,65
2014,3,"Female","Brown",1154,65
2014,4,"Female","Brown",1131,65
2014,5,"Female","Brown",1236,65
2014,6,"Female","Brown",1216,65
2014,7,"Female","Brown",1253,65
2014,8,"Female","Brown",1291,65
2014,9,"Female","Brown",1269,65
2014,10,"Female","Brown",1229,65
2014,11,"Female","Brown",1137,65
2014,12,"Female","Brown",1214,65
2015,1,"Female","Brown",1267,65
2015,2,"Female","Brown",1049,65
2015,3,"Female","Brown",1335,65
2015,4,"Female","Brown",1310,65
2015,5,"Female","Brown",1508,65
2015,6,"Female","Brown",1375,65
2015,7,"Female","Brown",1423,65
2015,8,"Female","Brown",1367,65
2015,9,"Female","Brown",1335,65
2015,10,"Female","Brown",1291,65
2015,11,"Female","Brown",1338,65
2015,12,"Female","Brown",1330,65
2016,1,"Female","Brown",1335,65
2016,2,"Female","Brown",1328,65
2016,3,"Female","Brown",1483,65
2016,4,"Female","Brown",1450,65
2016,5,"Female","Brown",1443,65
2016,6,"Female","Brown",1447,65
2016,7,"Female","Brown",1444,65
2016,8,"Female","Brown",1383,65
2016,9,"Female","Brown",1321,65
2016,10,"Female","Brown",1351,65
2016,11,"Female","Brown",1310,65
2016,12,"Female","Brown",1408,65
2017,1,"Female","Brown",1413,65
2017,2,"Female","Brown",1267,65
2017,3,"Female","Brown",1466,65
2017,4,"Female","Brown",1396,65
2017,5,"Female","Brown",1618,65
2017,6,"Female","Brown",1472,65
2017,7,"Female","Brown",1609,65
2017,8,"Female","Brown",1534,65
2017,9,"Female","Brown",1444,65
2017,10,"Female","Brown",1473,65
2017,11,"Female","Brown",1390,65
2017,12,"Female","Brown",1463,65
2018,1,"Female","Brown",1503,65
2018,2,"Female","Brown",1251,65
2018,3,"Female","Brown",1505,65
2018,4,"Female","Brown",1592,65
2018,5,"Female","Brown",1634,65
2018,6,"Female","Brown",1577,65
2018,7,"Female","Brown",1511,65
2018,8,"Female","Brown",1547,65
2018,9,"Female","Brown",1497,65
2018,10,"Female","Brown",1472,65
2018,11,"Female","Brown",1472,65
2018,12,"Female","Brown",1514,65
2019,1,"Female","Brown",1515,65
2019,2,"Female","Brown",1399,65
2019,3,"Female","Brown",1585,65
2019,4,"Female","Brown",1608,65
2019,5,"Female","Brown",1733,65
2019,6,"Female","Brown",1658,65
2019,7,"Female","Brown",1713,65
2019,8,"Female","Brown",1718,65
2019,9,"Female","Brown",1609,65
2019,10,"Female","Brown",1586,65
2019,11,"Female","Brown",1506,65
2019,12,"Female","Brown",1520,65
2020,1,"Female","Brown",1556,65
2020,2,"Female","Brown",1516,65
2020,3,"Female","Brown",1696,65
2020,4,"Female","Brown",1940,65
2020,5,"Female","Brown",2668,65
2020,6,"Female","Brown",2235,65
2020,7,"Female","Brown",2139,65
2020,8,"Female","Brown",2060,65
2020,9,"Female","Brown",1903,65
2020,10,"Female","Brown",1902,65
2020,11,"Female","Brown",1705,65
2020,12,"Female","Brown",2086,65
2010,8,"Female","Brown",1218,70
2010,9,"Female","Brown",1169,70
2010,10,"Female","Brown",1228,70
2010,11,"Female","Brown",1124,70
2010,12,"Female","Brown",1211,70
2011,1,"Female","Brown",1289,70
2011,2,"Female","Brown",1162,70
2011,3,"Female","Brown",1145,70
2011,4,"Female","Brown",1158,70
2011,5,"Female","Brown",1203,70
2011,6,"Female","Brown",1254,70
2011,7,"Female","Brown",1320,70
2011,8,"Female","Brown",1224,70
2011,9,"Female","Brown",1227,70
2011,10,"Female","Brown",1276,70
2011,11,"Female","Brown",1159,70
2011,12,"Female","Brown",1151,70
2012,1,"Female","Brown",1167,70
2012,2,"Female","Brown",1149,70
2012,3,"Female","Brown",1251,70
2012,4,"Female","Brown",1216,70
2012,5,"Female","Brown",1292,70
2012,6,"Female","Brown",1282,70
2012,7,"Female","Brown",1368,70
2012,8,"Female","Brown",1378,70
2012,9,"Female","Brown",1308,70
2012,10,"Female","Brown",1284,70
2012,11,"Female","Brown",1274,70
2012,12,"Female","Brown",1330,70
2013,1,"Female","Brown",1315,70
2013,2,"Female","Brown",1155,70
2013,3,"Female","Brown",1325,70
2013,4,"Female","Brown",1349,70
2013,5,"Female","Brown",1380,70
2013,6,"Female","Brown",1390,70
2013,7,"Female","Brown",1444,70
2013,8,"Female","Brown",1333,70
2013,9,"Female","Brown",1342,70
2013,10,"Female","Brown",1266,70
2013,11,"Female","Brown",1238,70
2013,12,"Female","Brown",1285,70
2014,1,"Female","Brown",1321,70
2014,2,"Female","Brown",1151,70
2014,3,"Female","Brown",1290,70
2014,4,"Female","Brown",1243,70
2014,5,"Female","Brown",1386,70
2014,6,"Female","Brown",1369,70
2014,7,"Female","Brown",1463,70
2014,8,"Female","Brown",1414,70
2014,9,"Female","Brown",1325,70
2014,10,"Female","Brown",1427,70
2014,11,"Female","Brown",1388,70
2014,12,"Female","Brown",1355,70
2015,1,"Female","Brown",1426,70
2015,2,"Female","Brown",1249,70
2015,3,"Female","Brown",1425,70
2015,4,"Female","Brown",1464,70
2015,5,"Female","Brown",1597,70
2015,6,"Female","Brown",1507,70
2015,7,"Female","Brown",1560,70
2015,8,"Female","Brown",1466,70
2015,9,"Female","Brown",1403,70
2015,10,"Female","Brown",1401,70
2015,11,"Female","Brown",1407,70
2015,12,"Female","Brown",1465,70
2016,1,"Female","Brown",1463,70
2016,2,"Female","Brown",1480,70
2016,3,"Female","Brown",1575,70
2016,4,"Female","Brown",1557,70
2016,5,"Female","Brown",1490,70
2016,6,"Female","Brown",1553,70
2016,7,"Female","Brown",1614,70
2016,8,"Female","Brown",1556,70
2016,9,"Female","Brown",1420,70
2016,10,"Female","Brown",1504,70
2016,11,"Female","Brown",1414,70
2016,12,"Female","Brown",1479,70
2017,1,"Female","Brown",1494,70
2017,2,"Female","Brown",1391,70
2017,3,"Female","Brown",1644,70
2017,4,"Female","Brown",1620,70
2017,5,"Female","Brown",1662,70
2017,6,"Female","Brown",1638,70
2017,7,"Female","Brown",1783,70
2017,8,"Female","Brown",1617,70
2017,9,"Female","Brown",1600,70
2017,10,"Female","Brown",1563,70
2017,11,"Female","Brown",1434,70
2017,12,"Female","Brown",1641,70
2018,1,"Female","Brown",1545,70
2018,2,"Female","Brown",1402,70
2018,3,"Female","Brown",1762,70
2018,4,"Female","Brown",1614,70
2018,5,"Female","Brown",1713,70
2018,6,"Female","Brown",1720,70
2018,7,"Female","Brown",1675,70
2018,8,"Female","Brown",1670,70
2018,9,"Female","Brown",1624,70
2018,10,"Female","Brown",1649,70
2018,11,"Female","Brown",1554,70
2018,12,"Female","Brown",1615,70
2019,1,"Female","Brown",1759,70
2019,2,"Female","Brown",1432,70
2019,3,"Female","Brown",1731,70
2019,4,"Female","Brown",1692,70
2019,5,"Female","Brown",1850,70
2019,6,"Female","Brown",1781,70
2019,7,"Female","Brown",1855,70
2019,8,"Female","Brown",1736,70
2019,9,"Female","Brown",1665,70
2019,10,"Female","Brown",1685,70
2019,11,"Female","Brown",1580,70
2019,12,"Female","Brown",1716,70
2020,1,"Female","Brown",1736,70
2020,2,"Female","Brown",1607,70
2020,3,"Female","Brown",1853,70
2020,4,"Female","Brown",2092,70
2020,5,"Female","Brown",2867,70
2020,6,"Female","Brown",2384,70
2020,7,"Female","Brown",2400,70
2020,8,"Female","Brown",2198,70
2020,9,"Female","Brown",2039,70
2020,10,"Female","Brown",2054,70
2020,11,"Female","Brown",1927,70
2020,12,"Female","Brown",2141,70
2010,8,"Female","Brown",1304,75
2010,9,"Female","Brown",1311,75
2010,10,"Female","Brown",1173,75
2010,11,"Female","Brown",1097,75
2010,12,"Female","Brown",1241,75
2011,1,"Female","Brown",1356,75
2011,2,"Female","Brown",1188,75
2011,3,"Female","Brown",1199,75
2011,4,"Female","Brown",1226,75
2011,5,"Female","Brown",1295,75
2011,6,"Female","Brown",1291,75
2011,7,"Female","Brown",1411,75
2011,8,"Female","Brown",1311,75
2011,9,"Female","Brown",1261,75
2011,10,"Female","Brown",1329,75
2011,11,"Female","Brown",1214,75
2011,12,"Female","Brown",1343,75
2012,1,"Female","Brown",1301,75
2012,2,"Female","Brown",1184,75
2012,3,"Female","Brown",1339,75
2012,4,"Female","Brown",1298,75
2012,5,"Female","Brown",1393,75
2012,6,"Female","Brown",1394,75
2012,7,"Female","Brown",1490,75
2012,8,"Female","Brown",1452,75
2012,9,"Female","Brown",1389,75
2012,10,"Female","Brown",1416,75
2012,11,"Female","Brown",1306,75
2012,12,"Female","Brown",1320,75
2013,1,"Female","Brown",1302,75
2013,2,"Female","Brown",1227,75
2013,3,"Female","Brown",1402,75
2013,4,"Female","Brown",1428,75
2013,5,"Female","Brown",1605,75
2013,6,"Female","Brown",1505,75
2013,7,"Female","Brown",1585,75
2013,8,"Female","Brown",1508,75
2013,9,"Female","Brown",1419,75
2013,10,"Female","Brown",1468,75
2013,11,"Female","Brown",1344,75
2013,12,"Female","Brown",1400,75
2014,1,"Female","Brown",1465,75
2014,2,"Female","Brown",1389,75
2014,3,"Female","Brown",1448,75
2014,4,"Female","Brown",1448,75
2014,5,"Female","Brown",1490,75
2014,6,"Female","Brown",1556,75
2014,7,"Female","Brown",1566,75
2014,8,"Female","Brown",1593,75
2014,9,"Female","Brown",1468,75
2014,10,"Female","Brown",1623,75
2014,11,"Female","Brown",1479,75
2014,12,"Female","Brown",1587,75
2015,1,"Female","Brown",1655,75
2015,2,"Female","Brown",1388,75
2015,3,"Female","Brown",1605,75
2015,4,"Female","Brown",1754,75
2015,5,"Female","Brown",1853,75
2015,6,"Female","Brown",1737,75
2015,7,"Female","Brown",1848,75
2015,8,"Female","Brown",1667,75
2015,9,"Female","Brown",1594,75
2015,10,"Female","Brown",1713,75
2015,11,"Female","Brown",1664,75
2015,12,"Female","Brown",1714,75
2016,1,"Female","Brown",1681,75
2016,2,"Female","Brown",1706,75
2016,3,"Female","Brown",1881,75
2016,4,"Female","Brown",1846,75
2016,5,"Female","Brown",1796,75
2016,6,"Female","Brown",1822,75
2016,7,"Female","Brown",1859,75
2016,8,"Female","Brown",1713,75
2016,9,"Female","Brown",1614,75
2016,10,"Female","Brown",1718,75
2016,11,"Female","Brown",1547,75
2016,12,"Female","Brown",1618,75
2017,1,"Female","Brown",1689,75
2017,2,"Female","Brown",1541,75
2017,3,"Female","Brown",1861,75
2017,4,"Female","Brown",1801,75
2017,5,"Female","Brown",1869,75
2017,6,"Female","Brown",1892,75
2017,7,"Female","Brown",1895,75
2017,8,"Female","Brown",1882,75
2017,9,"Female","Brown",1684,75
2017,10,"Female","Brown",1679,75
2017,11,"Female","Brown",1676,75
2017,12,"Female","Brown",1786,75
2018,1,"Female","Brown",1719,75
2018,2,"Female","Brown",1538,75
2018,3,"Female","Brown",1761,75
2018,4,"Female","Brown",1827,75
2018,5,"Female","Brown",1902,75
2018,6,"Female","Brown",1968,75
2018,7,"Female","Brown",1898,75
2018,8,"Female","Brown",1821,75
2018,9,"Female","Brown",1766,75
2018,10,"Female","Brown",1725,75
2018,11,"Female","Brown",1684,75
2018,12,"Female","Brown",1801,75
2019,1,"Female","Brown",1820,75
2019,2,"Female","Brown",1632,75
2019,3,"Female","Brown",1792,75
2019,4,"Female","Brown",1932,75
2019,5,"Female","Brown",2030,75
2019,6,"Female","Brown",1950,75
2019,7,"Female","Brown",2098,75
2019,8,"Female","Brown",2020,75
2019,9,"Female","Brown",1907,75
2019,10,"Female","Brown",1907,75
2019,11,"Female","Brown",1767,75
2019,12,"Female","Brown",1922,75
2020,1,"Female","Brown",1878,75
2020,2,"Female","Brown",1652,75
2020,3,"Female","Brown",1952,75
2020,4,"Female","Brown",2170,75
2020,5,"Female","Brown",2915,75
2020,6,"Female","Brown",2460,75
2020,7,"Female","Brown",2457,75
2020,8,"Female","Brown",2322,75
2020,9,"Female","Brown",2009,75
2020,10,"Female","Brown",2068,75
2020,11,"Female","Brown",1923,75
2020,12,"Female","Brown",2083,75
2010,8,"Female","Brown",3268,80
2010,9,"Female","Brown",3287,80
2010,10,"Female","Brown",3153,80
2010,11,"Female","Brown",2985,80
2010,12,"Female","Brown",3218,80
2011,1,"Female","Brown",3557,80
2011,2,"Female","Brown",3229,80
2011,3,"Female","Brown",3530,80
2011,4,"Female","Brown",3064,80
2011,5,"Female","Brown",3447,80
2011,6,"Female","Brown",3604,80
2011,7,"Female","Brown",3609,80
2011,8,"Female","Brown",3504,80
2011,9,"Female","Brown",3271,80
2011,10,"Female","Brown",3398,80
2011,11,"Female","Brown",3173,80
2011,12,"Female","Brown",3292,80
2012,1,"Female","Brown",3379,80
2012,2,"Female","Brown",3196,80
2012,3,"Female","Brown",3378,80
2012,4,"Female","Brown",3404,80
2012,5,"Female","Brown",3681,80
2012,6,"Female","Brown",3510,80
2012,7,"Female","Brown",3968,80
2012,8,"Female","Brown",3867,80
2012,9,"Female","Brown",3805,80
2012,10,"Female","Brown",3900,80
2012,11,"Female","Brown",3489,80
2012,12,"Female","Brown",3682,80
2013,1,"Female","Brown",3646,80
2013,2,"Female","Brown",3287,80
2013,3,"Female","Brown",3862,80
2013,4,"Female","Brown",3731,80
2013,5,"Female","Brown",4098,80
2013,6,"Female","Brown",3979,80
2013,7,"Female","Brown",4284,80
2013,8,"Female","Brown",4192,80
2013,9,"Female","Brown",3877,80
2013,10,"Female","Brown",3750,80
2013,11,"Female","Brown",3461,80
2013,12,"Female","Brown",3686,80
2014,1,"Female","Brown",3954,80
2014,2,"Female","Brown",3640,80
2014,3,"Female","Brown",3778,80
2014,4,"Female","Brown",3831,80
2014,5,"Female","Brown",4147,80
2014,6,"Female","Brown",4103,80
2014,7,"Female","Brown",4100,80
2014,8,"Female","Brown",4304,80
2014,9,"Female","Brown",4100,80
2014,10,"Female","Brown",4225,80
2014,11,"Female","Brown",3829,80
2014,12,"Female","Brown",4088,80
2015,1,"Female","Brown",4329,80
2015,2,"Female","Brown",3719,80
2015,3,"Female","Brown",4236,80
2015,4,"Female","Brown",4561,80
2015,5,"Female","Brown",4919,80
2015,6,"Female","Brown",4576,80
2015,7,"Female","Brown",4674,80
2015,8,"Female","Brown",4619,80
2015,9,"Female","Brown",4416,80
2015,10,"Female","Brown",4662,80
2015,11,"Female","Brown",4308,80
2015,12,"Female","Brown",4545,80
2016,1,"Female","Brown",4439,80
2016,2,"Female","Brown",4479,80
2016,3,"Female","Brown",4899,80
2016,4,"Female","Brown",4794,80
2016,5,"Female","Brown",4873,80
2016,6,"Female","Brown",4951,80
2016,7,"Female","Brown",5122,80
2016,8,"Female","Brown",4777,80
2016,9,"Female","Brown",4467,80
2016,10,"Female","Brown",4530,80
2016,11,"Female","Brown",4173,80
2016,12,"Female","Brown",4563,80
2017,1,"Female","Brown",4665,80
2017,2,"Female","Brown",4377,80
2017,3,"Female","Brown",5277,80
2017,4,"Female","Brown",5039,80
2017,5,"Female","Brown",5269,80
2017,6,"Female","Brown",5178,80
2017,7,"Female","Brown",5724,80
2017,8,"Female","Brown",5357,80
2017,9,"Female","Brown",4931,80
2017,10,"Female","Brown",4996,80
2017,11,"Female","Brown",4544,80
2017,12,"Female","Brown",4834,80
2018,1,"Female","Brown",4707,80
2018,2,"Female","Brown",4162,80
2018,3,"Female","Brown",4989,80
2018,4,"Female","Brown",4932,80
2018,5,"Female","Brown",5474,80
2018,6,"Female","Brown",5286,80
2018,7,"Female","Brown",5441,80
2018,8,"Female","Brown",5240,80
2018,9,"Female","Brown",5016,80
2018,10,"Female","Brown",5052,80
2018,11,"Female","Brown",4758,80
2018,12,"Female","Brown",5079,80
2019,1,"Female","Brown",5153,80
2019,2,"Female","Brown",4543,80
2019,3,"Female","Brown",5395,80
2019,4,"Female","Brown",5182,80
2019,5,"Female","Brown",5775,80
2019,6,"Female","Brown",5543,80
2019,7,"Female","Brown",6048,80
2019,8,"Female","Brown",5534,80
2019,9,"Female","Brown",5577,80
2019,10,"Female","Brown",5324,80
2019,11,"Female","Brown",5156,80
2019,12,"Female","Brown",5205,80
2020,1,"Female","Brown",5364,80
2020,2,"Female","Brown",4949,80
2020,3,"Female","Brown",5754,80
2020,4,"Female","Brown",5962,80
2020,5,"Female","Brown",7989,80
2020,6,"Female","Brown",6856,80
2020,7,"Female","Brown",6634,80
2020,8,"Female","Brown",6766,80
2020,9,"Female","Brown",5960,80
2020,10,"Female","Brown",6164,80
2020,11,"Female","Brown",5540,80
2020,12,"Female","Brown",6221,80
2010,8,"Female","Indigenous",23,0
2010,9,"Female","Indigenous",34,0
2010,10,"Female","Indigenous",27,0
2010,11,"Female","Indigenous",22,0
2010,12,"Female","Indigenous",25,0
2011,1,"Female","Indigenous",36,0
2011,2,"Female","Indigenous",25,0
2011,3,"Female","Indigenous",31,0
2011,4,"Female","Indigenous",26,0
2011,5,"Female","Indigenous",37,0
2011,6,"Female","Indigenous",27,0
2011,7,"Female","Indigenous",31,0
2011,8,"Female","Indigenous",19,0
2011,9,"Female","Indigenous",25,0
2011,10,"Female","Indigenous",17,0
2011,11,"Female","Indigenous",24,0
2011,12,"Female","Indigenous",22,0
2012,1,"Female","Indigenous",43,0
2012,2,"Female","Indigenous",31,0
2012,3,"Female","Indigenous",37,0
2012,4,"Female","Indigenous",38,0
2012,5,"Female","Indigenous",37,0
2012,6,"Female","Indigenous",31,0
2012,7,"Female","Indigenous",31,0
2012,8,"Female","Indigenous",31,0
2012,9,"Female","Indigenous",37,0
2012,10,"Female","Indigenous",32,0
2012,11,"Female","Indigenous",33,0
2012,12,"Female","Indigenous",41,0
2013,1,"Female","Indigenous",37,0
2013,2,"Female","Indigenous",39,0
2013,3,"Female","Indigenous",46,0
2013,4,"Female","Indigenous",45,0
2013,5,"Female","Indigenous",34,0
2013,6,"Female","Indigenous",38,0
2013,7,"Female","Indigenous",35,0
2013,8,"Female","Indigenous",32,0
2013,9,"Female","Indigenous",35,0
2013,10,"Female","Indigenous",43,0
2013,11,"Female","Indigenous",32,0
2013,12,"Female","Indigenous",35,0
2014,1,"Female","Indigenous",43,0
2014,2,"Female","Indigenous",33,0
2014,3,"Female","Indigenous",45,0
2014,4,"Female","Indigenous",40,0
2014,5,"Female","Indigenous",37,0
2014,6,"Female","Indigenous",38,0
2014,7,"Female","Indigenous",43,0
2014,8,"Female","Indigenous",44,0
2014,9,"Female","Indigenous",34,0
2014,10,"Female","Indigenous",32,0
2014,11,"Female","Indigenous",35,0
2014,12,"Female","Indigenous",22,0
2015,1,"Female","Indigenous",38,0
2015,2,"Female","Indigenous",38,0
2015,3,"Female","Indigenous",40,0
2015,4,"Female","Indigenous",31,0
2015,5,"Female","Indigenous",38,0
2015,6,"Female","Indigenous",29,0
2015,7,"Female","Indigenous",28,0
2015,8,"Female","Indigenous",26,0
2015,9,"Female","Indigenous",31,0
2015,10,"Female","Indigenous",45,0
2015,11,"Female","Indigenous",34,0
2015,12,"Female","Indigenous",36,0
2016,1,"Female","Indigenous",37,0
2016,2,"Female","Indigenous",28,0
2016,3,"Female","Indigenous",39,0
2016,4,"Female","Indigenous",48,0
2016,5,"Female","Indigenous",46,0
2016,6,"Female","Indigenous",42,0
2016,7,"Female","Indigenous",30,0
2016,8,"Female","Indigenous",33,0
2016,9,"Female","Indigenous",27,0
2016,10,"Female","Indigenous",33,0
2016,11,"Female","Indigenous",33,0
2016,12,"Female","Indigenous",34,0
2017,1,"Female","Indigenous",36,0
2017,2,"Female","Indigenous",47,0
2017,3,"Female","Indigenous",29,0
2017,4,"Female","Indigenous",39,0
2017,5,"Female","Indigenous",34,0
2017,6,"Female","Indigenous",31,0
2017,7,"Female","Indigenous",30,0
2017,8,"Female","Indigenous",23,0
2017,9,"Female","Indigenous",33,0
2017,10,"Female","Indigenous",16,0
2017,11,"Female","Indigenous",33,0
2017,12,"Female","Indigenous",24,0
2018,1,"Female","Indigenous",33,0
2018,2,"Female","Indigenous",34,0
2018,3,"Female","Indigenous",41,0
2018,4,"Female","Indigenous",39,0
2018,5,"Female","Indigenous",43,0
2018,6,"Female","Indigenous",29,0
2018,7,"Female","Indigenous",36,0
2018,8,"Female","Indigenous",17,0
2018,9,"Female","Indigenous",24,0
2018,10,"Female","Indigenous",45,0
2018,11,"Female","Indigenous",34,0
2018,12,"Female","Indigenous",27,0
2019,1,"Female","Indigenous",50,0
2019,2,"Female","Indigenous",26,0
2019,3,"Female","Indigenous",43,0
2019,4,"Female","Indigenous",32,0
2019,5,"Female","Indigenous",43,0
2019,6,"Female","Indigenous",33,0
2019,7,"Female","Indigenous",32,0
2019,8,"Female","Indigenous",35,0
2019,9,"Female","Indigenous",34,0
2019,10,"Female","Indigenous",33,0
2019,11,"Female","Indigenous",21,0
2019,12,"Female","Indigenous",33,0
2020,1,"Female","Indigenous",37,0
2020,2,"Female","Indigenous",31,0
2020,3,"Female","Indigenous",32,0
2020,4,"Female","Indigenous",30,0
2020,5,"Female","Indigenous",25,0
2020,6,"Female","Indigenous",30,0
2020,7,"Female","Indigenous",27,0
2020,8,"Female","Indigenous",23,0
2020,9,"Female","Indigenous",23,0
2020,10,"Female","Indigenous",29,0
2020,11,"Female","Indigenous",32,0
2020,12,"Female","Indigenous",31,0
2010,9,"Female","Indigenous",1,5
2010,10,"Female","Indigenous",3,5
2010,11,"Female","Indigenous",3,5
2010,12,"Female","Indigenous",4,5
2011,1,"Female","Indigenous",1,5
2011,2,"Female","Indigenous",1,5
2011,3,"Female","Indigenous",4,5
2011,4,"Female","Indigenous",1,5
2011,5,"Female","Indigenous",3,5
2011,6,"Female","Indigenous",4,5
2011,7,"Female","Indigenous",1,5
2011,8,"Female","Indigenous",2,5
2011,9,"Female","Indigenous",2,5
2011,10,"Female","Indigenous",1,5
2011,12,"Female","Indigenous",2,5
2012,1,"Female","Indigenous",1,5
2012,2,"Female","Indigenous",2,5
2012,3,"Female","Indigenous",3,5
2012,4,"Female","Indigenous",2,5
2012,5,"Female","Indigenous",1,5
2012,6,"Female","Indigenous",2,5
2012,7,"Female","Indigenous",2,5
2012,8,"Female","Indigenous",4,5
2012,9,"Female","Indigenous",2,5
2012,10,"Female","Indigenous",2,5
2012,11,"Female","Indigenous",3,5
2012,12,"Female","Indigenous",3,5
2013,1,"Female","Indigenous",3,5
2013,2,"Female","Indigenous",2,5
2013,3,"Female","Indigenous",5,5
2013,5,"Female","Indigenous",1,5
2013,6,"Female","Indigenous",4,5
2013,8,"Female","Indigenous",1,5
2013,9,"Female","Indigenous",1,5
2013,10,"Female","Indigenous",4,5
2013,11,"Female","Indigenous",3,5
2013,12,"Female","Indigenous",2,5
2014,1,"Female","Indigenous",2,5
2014,2,"Female","Indigenous",1,5
2014,3,"Female","Indigenous",2,5
2014,6,"Female","Indigenous",2,5
2014,7,"Female","Indigenous",1,5
2014,8,"Female","Indigenous",4,5
2014,9,"Female","Indigenous",2,5
2014,10,"Female","Indigenous",3,5
2014,11,"Female","Indigenous",1,5
2014,12,"Female","Indigenous",1,5
2015,1,"Female","Indigenous",3,5
2015,2,"Female","Indigenous",1,5
2015,3,"Female","Indigenous",5,5
2015,4,"Female","Indigenous",1,5
2015,5,"Female","Indigenous",3,5
2015,6,"Female","Indigenous",3,5
2015,7,"Female","Indigenous",6,5
2015,9,"Female","Indigenous",1,5
2015,10,"Female","Indigenous",1,5
2015,11,"Female","Indigenous",1,5
2016,2,"Female","Indigenous",2,5
2016,3,"Female","Indigenous",3,5
2016,4,"Female","Indigenous",4,5
2016,5,"Female","Indigenous",4,5
2016,6,"Female","Indigenous",1,5
2016,7,"Female","Indigenous",1,5
2016,8,"Female","Indigenous",4,5
2016,9,"Female","Indigenous",1,5
2016,10,"Female","Indigenous",1,5
2016,11,"Female","Indigenous",2,5
2016,12,"Female","Indigenous",2,5
2017,1,"Female","Indigenous",3,5
2017,2,"Female","Indigenous",3,5
2017,3,"Female","Indigenous",1,5
2017,4,"Female","Indigenous",4,5
2017,5,"Female","Indigenous",4,5
2017,6,"Female","Indigenous",4,5
2017,7,"Female","Indigenous",2,5
2017,8,"Female","Indigenous",2,5
2017,9,"Female","Indigenous",5,5
2017,10,"Female","Indigenous",1,5
2017,12,"Female","Indigenous",1,5
2018,1,"Female","Indigenous",2,5
2018,2,"Female","Indigenous",3,5
2018,3,"Female","Indigenous",5,5
2018,5,"Female","Indigenous",1,5
2018,6,"Female","Indigenous",2,5
2018,7,"Female","Indigenous",2,5
2018,8,"Female","Indigenous",2,5
2018,9,"Female","Indigenous",3,5
2018,10,"Female","Indigenous",5,5
2018,11,"Female","Indigenous",8,5
2018,12,"Female","Indigenous",3,5
2019,1,"Female","Indigenous",2,5
2019,2,"Female","Indigenous",3,5
2019,3,"Female","Indigenous",6,5
2019,4,"Female","Indigenous",3,5
2019,5,"Female","Indigenous",3,5
2019,6,"Female","Indigenous",2,5
2019,7,"Female","Indigenous",3,5
2019,8,"Female","Indigenous",3,5
2019,9,"Female","Indigenous",2,5
2019,10,"Female","Indigenous",2,5
2019,11,"Female","Indigenous",1,5
2019,12,"Female","Indigenous",4,5
2020,1,"Female","Indigenous",5,5
2020,2,"Female","Indigenous",4,5
2020,3,"Female","Indigenous",5,5
2020,4,"Female","Indigenous",2,5
2020,5,"Female","Indigenous",5,5
2020,6,"Female","Indigenous",1,5
2020,8,"Female","Indigenous",2,5
2020,9,"Female","Indigenous",4,5
2020,11,"Female","Indigenous",2,5
2020,12,"Female","Indigenous",2,5
2010,8,"Female","Indigenous",5,10
2010,9,"Female","Indigenous",2,10
2010,10,"Female","Indigenous",3,10
2010,11,"Female","Indigenous",2,10
2010,12,"Female","Indigenous",5,10
2011,1,"Female","Indigenous",2,10
2011,2,"Female","Indigenous",3,10
2011,3,"Female","Indigenous",3,10
2011,4,"Female","Indigenous",1,10
2011,6,"Female","Indigenous",4,10
2011,7,"Female","Indigenous",1,10
2011,8,"Female","Indigenous",6,10
2011,9,"Female","Indigenous",1,10
2011,10,"Female","Indigenous",4,10
2011,11,"Female","Indigenous",3,10
2011,12,"Female","Indigenous",1,10
2012,1,"Female","Indigenous",1,10
2012,2,"Female","Indigenous",5,10
2012,3,"Female","Indigenous",3,10
2012,4,"Female","Indigenous",2,10
2012,5,"Female","Indigenous",2,10
2012,6,"Female","Indigenous",3,10
2012,7,"Female","Indigenous",2,10
2012,8,"Female","Indigenous",3,10
2012,9,"Female","Indigenous",5,10
2012,10,"Female","Indigenous",1,10
2012,11,"Female","Indigenous",2,10
2012,12,"Female","Indigenous",1,10
2013,1,"Female","Indigenous",3,10
2013,2,"Female","Indigenous",3,10
2013,3,"Female","Indigenous",2,10
2013,4,"Female","Indigenous",1,10
2013,5,"Female","Indigenous",3,10
2013,6,"Female","Indigenous",1,10
2013,7,"Female","Indigenous",2,10
2013,8,"Female","Indigenous",1,10
2013,9,"Female","Indigenous",3,10
2013,10,"Female","Indigenous",2,10
2013,12,"Female","Indigenous",4,10
2014,1,"Female","Indigenous",1,10
2014,2,"Female","Indigenous",4,10
2014,4,"Female","Indigenous",2,10
2014,5,"Female","Indigenous",3,10
2014,6,"Female","Indigenous",4,10
2014,7,"Female","Indigenous",2,10
2014,9,"Female","Indigenous",4,10
2014,10,"Female","Indigenous",2,10
2014,11,"Female","Indigenous",4,10
2014,12,"Female","Indigenous",4,10
2015,1,"Female","Indigenous",3,10
2015,2,"Female","Indigenous",3,10
2015,3,"Female","Indigenous",2,10
2015,4,"Female","Indigenous",3,10
2015,5,"Female","Indigenous",3,10
2015,6,"Female","Indigenous",5,10
2015,7,"Female","Indigenous",6,10
2015,8,"Female","Indigenous",1,10
2015,9,"Female","Indigenous",3,10
2015,10,"Female","Indigenous",4,10
2015,11,"Female","Indigenous",2,10
2015,12,"Female","Indigenous",3,10
2016,1,"Female","Indigenous",3,10
2016,2,"Female","Indigenous",1,10
2016,3,"Female","Indigenous",6,10
2016,4,"Female","Indigenous",5,10
2016,5,"Female","Indigenous",3,10
2016,6,"Female","Indigenous",3,10
2016,7,"Female","Indigenous",3,10
2016,8,"Female","Indigenous",2,10
2016,9,"Female","Indigenous",2,10
2016,10,"Female","Indigenous",2,10
2016,11,"Female","Indigenous",3,10
2016,12,"Female","Indigenous",5,10
2017,2,"Female","Indigenous",2,10
2017,3,"Female","Indigenous",1,10
2017,4,"Female","Indigenous",3,10
2017,5,"Female","Indigenous",1,10
2017,6,"Female","Indigenous",3,10
2017,7,"Female","Indigenous",4,10
2017,8,"Female","Indigenous",6,10
2017,9,"Female","Indigenous",3,10
2017,10,"Female","Indigenous",5,10
2017,11,"Female","Indigenous",1,10
2017,12,"Female","Indigenous",3,10
2018,1,"Female","Indigenous",4,10
2018,2,"Female","Indigenous",2,10
2018,3,"Female","Indigenous",1,10
2018,4,"Female","Indigenous",4,10
2018,5,"Female","Indigenous",1,10
2018,6,"Female","Indigenous",3,10
2018,7,"Female","Indigenous",3,10
2018,8,"Female","Indigenous",2,10
2018,9,"Female","Indigenous",4,10
2018,10,"Female","Indigenous",2,10
2018,11,"Female","Indigenous",1,10
2018,12,"Female","Indigenous",2,10
2019,1,"Female","Indigenous",2,10
2019,2,"Female","Indigenous",2,10
2019,3,"Female","Indigenous",4,10
2019,4,"Female","Indigenous",4,10
2019,5,"Female","Indigenous",3,10
2019,6,"Female","Indigenous",4,10
2019,7,"Female","Indigenous",3,10
2019,8,"Female","Indigenous",2,10
2019,9,"Female","Indigenous",5,10
2019,10,"Female","Indigenous",3,10
2019,11,"Female","Indigenous",2,10
2019,12,"Female","Indigenous",2,10
2020,1,"Female","Indigenous",2,10
2020,2,"Female","Indigenous",6,10
2020,3,"Female","Indigenous",3,10
2020,4,"Female","Indigenous",2,10
2020,5,"Female","Indigenous",2,10
2020,6,"Female","Indigenous",1,10
2020,7,"Female","Indigenous",1,10
2020,8,"Female","Indigenous",3,10
2020,9,"Female","Indigenous",3,10
2020,10,"Female","Indigenous",3,10
2020,11,"Female","Indigenous",4,10
2020,12,"Female","Indigenous",1,10
2010,8,"Female","Indigenous",1,15
2010,9,"Female","Indigenous",2,15
2010,10,"Female","Indigenous",5,15
2010,11,"Female","Indigenous",1,15
2010,12,"Female","Indigenous",1,15
2011,1,"Female","Indigenous",2,15
2011,2,"Female","Indigenous",5,15
2011,3,"Female","Indigenous",2,15
2011,5,"Female","Indigenous",5,15
2011,6,"Female","Indigenous",4,15
2011,7,"Female","Indigenous",2,15
2011,8,"Female","Indigenous",3,15
2011,9,"Female","Indigenous",2,15
2011,10,"Female","Indigenous",7,15
2011,11,"Female","Indigenous",3,15
2011,12,"Female","Indigenous",5,15
2012,1,"Female","Indigenous",3,15
2012,2,"Female","Indigenous",4,15
2012,3,"Female","Indigenous",7,15
2012,4,"Female","Indigenous",4,15
2012,5,"Female","Indigenous",4,15
2012,6,"Female","Indigenous",2,15
2012,7,"Female","Indigenous",2,15
2012,8,"Female","Indigenous",2,15
2012,9,"Female","Indigenous",5,15
2012,10,"Female","Indigenous",8,15
2012,11,"Female","Indigenous",1,15
2012,12,"Female","Indigenous",2,15
2013,1,"Female","Indigenous",2,15
2013,2,"Female","Indigenous",4,15
2013,3,"Female","Indigenous",3,15
2013,4,"Female","Indigenous",4,15
2013,5,"Female","Indigenous",4,15
2013,6,"Female","Indigenous",3,15
2013,7,"Female","Indigenous",4,15
2013,8,"Female","Indigenous",2,15
2013,9,"Female","Indigenous",4,15
2013,10,"Female","Indigenous",7,15
2013,11,"Female","Indigenous",3,15
2013,12,"Female","Indigenous",6,15
2014,1,"Female","Indigenous",6,15
2014,2,"Female","Indigenous",4,15
2014,3,"Female","Indigenous",2,15
2014,4,"Female","Indigenous",4,15
2014,5,"Female","Indigenous",4,15
2014,6,"Female","Indigenous",6,15
2014,7,"Female","Indigenous",4,15
2014,8,"Female","Indigenous",6,15
2014,9,"Female","Indigenous",2,15
2014,10,"Female","Indigenous",3,15
2014,11,"Female","Indigenous",1,15
2014,12,"Female","Indigenous",6,15
2015,1,"Female","Indigenous",2,15
2015,2,"Female","Indigenous",3,15
2015,3,"Female","Indigenous",3,15
2015,4,"Female","Indigenous",1,15
2015,5,"Female","Indigenous",4,15
2015,6,"Female","Indigenous",6,15
2015,7,"Female","Indigenous",2,15
2015,8,"Female","Indigenous",5,15
2015,9,"Female","Indigenous",1,15
2015,10,"Female","Indigenous",5,15
2015,11,"Female","Indigenous",4,15
2015,12,"Female","Indigenous",4,15
2016,1,"Female","Indigenous",3,15
2016,2,"Female","Indigenous",3,15
2016,3,"Female","Indigenous",6,15
2016,4,"Female","Indigenous",8,15
2016,5,"Female","Indigenous",4,15
2016,6,"Female","Indigenous",2,15
2016,7,"Female","Indigenous",7,15
2016,8,"Female","Indigenous",4,15
2016,9,"Female","Indigenous",8,15
2016,10,"Female","Indigenous",6,15
2016,11,"Female","Indigenous",8,15
2016,12,"Female","Indigenous",5,15
2017,1,"Female","Indigenous",4,15
2017,2,"Female","Indigenous",3,15
2017,3,"Female","Indigenous",6,15
2017,4,"Female","Indigenous",1,15
2017,5,"Female","Indigenous",4,15
2017,6,"Female","Indigenous",9,15
2017,7,"Female","Indigenous",5,15
2017,8,"Female","Indigenous",7,15
2017,9,"Female","Indigenous",6,15
2017,10,"Female","Indigenous",1,15
2017,11,"Female","Indigenous",6,15
2017,12,"Female","Indigenous",2,15
2018,1,"Female","Indigenous",5,15
2018,2,"Female","Indigenous",5,15
2018,3,"Female","Indigenous",2,15
2018,4,"Female","Indigenous",5,15
2018,5,"Female","Indigenous",7,15
2018,6,"Female","Indigenous",1,15
2018,7,"Female","Indigenous",4,15
2018,8,"Female","Indigenous",1,15
2018,9,"Female","Indigenous",3,15
2018,10,"Female","Indigenous",4,15
2018,11,"Female","Indigenous",3,15
2018,12,"Female","Indigenous",4,15
2019,1,"Female","Indigenous",4,15
2019,2,"Female","Indigenous",5,15
2019,3,"Female","Indigenous",2,15
2019,4,"Female","Indigenous",9,15
2019,5,"Female","Indigenous",8,15
2019,6,"Female","Indigenous",7,15
2019,7,"Female","Indigenous",2,15
2019,8,"Female","Indigenous",3,15
2019,9,"Female","Indigenous",5,15
2019,10,"Female","Indigenous",6,15
2019,11,"Female","Indigenous",5,15
2019,12,"Female","Indigenous",7,15
2020,1,"Female","Indigenous",5,15
2020,2,"Female","Indigenous",4,15
2020,3,"Female","Indigenous",4,15
2020,4,"Female","Indigenous",5,15
2020,5,"Female","Indigenous",6,15
2020,6,"Female","Indigenous",5,15
2020,7,"Female","Indigenous",4,15
2020,8,"Female","Indigenous",11,15
2020,9,"Female","Indigenous",4,15
2020,10,"Female","Indigenous",5,15
2020,11,"Female","Indigenous",2,15
2020,12,"Female","Indigenous",2,15
2010,8,"Female","Indigenous",7,20
2010,9,"Female","Indigenous",1,20
2010,10,"Female","Indigenous",3,20
2010,11,"Female","Indigenous",1,20
2010,12,"Female","Indigenous",3,20
2011,1,"Female","Indigenous",2,20
2011,2,"Female","Indigenous",5,20
2011,3,"Female","Indigenous",4,20
2011,4,"Female","Indigenous",2,20
2011,5,"Female","Indigenous",5,20
2011,6,"Female","Indigenous",4,20
2011,8,"Female","Indigenous",2,20
2011,9,"Female","Indigenous",6,20
2011,10,"Female","Indigenous",2,20
2011,12,"Female","Indigenous",4,20
2012,1,"Female","Indigenous",1,20
2012,2,"Female","Indigenous",3,20
2012,3,"Female","Indigenous",5,20
2012,4,"Female","Indigenous",5,20
2012,5,"Female","Indigenous",3,20
2012,6,"Female","Indigenous",5,20
2012,7,"Female","Indigenous",1,20
2012,8,"Female","Indigenous",1,20
2012,9,"Female","Indigenous",1,20
2012,10,"Female","Indigenous",3,20
2012,11,"Female","Indigenous",4,20
2012,12,"Female","Indigenous",4,20
2013,1,"Female","Indigenous",4,20
2013,2,"Female","Indigenous",4,20
2013,3,"Female","Indigenous",3,20
2013,4,"Female","Indigenous",2,20
2013,5,"Female","Indigenous",1,20
2013,6,"Female","Indigenous",3,20
2013,7,"Female","Indigenous",2,20
2013,8,"Female","Indigenous",1,20
2013,9,"Female","Indigenous",2,20
2013,10,"Female","Indigenous",3,20
2013,11,"Female","Indigenous",4,20
2013,12,"Female","Indigenous",2,20
2014,1,"Female","Indigenous",5,20
2014,2,"Female","Indigenous",3,20
2014,3,"Female","Indigenous",3,20
2014,4,"Female","Indigenous",2,20
2014,5,"Female","Indigenous",3,20
2014,6,"Female","Indigenous",2,20
2014,7,"Female","Indigenous",1,20
2014,8,"Female","Indigenous",2,20
2014,9,"Female","Indigenous",3,20
2014,10,"Female","Indigenous",1,20
2014,11,"Female","Indigenous",2,20
2014,12,"Female","Indigenous",1,20
2015,1,"Female","Indigenous",7,20
2015,2,"Female","Indigenous",4,20
2015,3,"Female","Indigenous",5,20
2015,4,"Female","Indigenous",2,20
2015,5,"Female","Indigenous",6,20
2015,6,"Female","Indigenous",1,20
2015,7,"Female","Indigenous",6,20
2015,8,"Female","Indigenous",1,20
2015,10,"Female","Indigenous",2,20
2015,11,"Female","Indigenous",3,20
2015,12,"Female","Indigenous",3,20
2016,1,"Female","Indigenous",3,20
2016,2,"Female","Indigenous",4,20
2016,3,"Female","Indigenous",8,20
2016,4,"Female","Indigenous",3,20
2016,5,"Female","Indigenous",3,20
2016,6,"Female","Indigenous",7,20
2016,7,"Female","Indigenous",1,20
2016,8,"Female","Indigenous",5,20
2016,9,"Female","Indigenous",2,20
2016,10,"Female","Indigenous",4,20
2016,11,"Female","Indigenous",4,20
2016,12,"Female","Indigenous",3,20
2017,1,"Female","Indigenous",1,20
2017,2,"Female","Indigenous",2,20
2017,3,"Female","Indigenous",3,20
2017,4,"Female","Indigenous",4,20
2017,5,"Female","Indigenous",7,20
2017,6,"Female","Indigenous",6,20
2017,7,"Female","Indigenous",1,20
2017,8,"Female","Indigenous",4,20
2017,9,"Female","Indigenous",1,20
2017,10,"Female","Indigenous",2,20
2017,11,"Female","Indigenous",8,20
2017,12,"Female","Indigenous",6,20
2018,1,"Female","Indigenous",5,20
2018,2,"Female","Indigenous",8,20
2018,3,"Female","Indigenous",7,20
2018,4,"Female","Indigenous",6,20
2018,5,"Female","Indigenous",4,20
2018,6,"Female","Indigenous",4,20
2018,7,"Female","Indigenous",5,20
2018,8,"Female","Indigenous",1,20
2018,9,"Female","Indigenous",2,20
2018,10,"Female","Indigenous",2,20
2018,11,"Female","Indigenous",1,20
2018,12,"Female","Indigenous",1,20
2019,1,"Female","Indigenous",2,20
2019,2,"Female","Indigenous",2,20
2019,3,"Female","Indigenous",5,20
2019,5,"Female","Indigenous",5,20
2019,7,"Female","Indigenous",3,20
2019,8,"Female","Indigenous",5,20
2019,9,"Female","Indigenous",3,20
2019,10,"Female","Indigenous",3,20
2019,11,"Female","Indigenous",3,20
2019,12,"Female","Indigenous",3,20
2020,1,"Female","Indigenous",4,20
2020,2,"Female","Indigenous",7,20
2020,3,"Female","Indigenous",6,20
2020,4,"Female","Indigenous",7,20
2020,5,"Female","Indigenous",5,20
2020,6,"Female","Indigenous",4,20
2020,7,"Female","Indigenous",2,20
2020,8,"Female","Indigenous",2,20
2020,9,"Female","Indigenous",3,20
2020,10,"Female","Indigenous",6,20
2020,11,"Female","Indigenous",2,20
2020,12,"Female","Indigenous",5,20
2010,8,"Female","Indigenous",1,25
2010,9,"Female","Indigenous",3,25
2010,10,"Female","Indigenous",2,25
2010,11,"Female","Indigenous",1,25
2010,12,"Female","Indigenous",3,25
2011,1,"Female","Indigenous",2,25
2011,2,"Female","Indigenous",2,25
2011,3,"Female","Indigenous",3,25
2011,4,"Female","Indigenous",4,25
2011,5,"Female","Indigenous",4,25
2011,6,"Female","Indigenous",3,25
2011,7,"Female","Indigenous",1,25
2011,8,"Female","Indigenous",6,25
2011,9,"Female","Indigenous",2,25
2011,10,"Female","Indigenous",1,25
2011,11,"Female","Indigenous",1,25
2011,12,"Female","Indigenous",3,25
2012,1,"Female","Indigenous",5,25
2012,3,"Female","Indigenous",5,25
2012,5,"Female","Indigenous",2,25
2012,6,"Female","Indigenous",3,25
2012,7,"Female","Indigenous",2,25
2012,8,"Female","Indigenous",2,25
2012,9,"Female","Indigenous",1,25
2012,10,"Female","Indigenous",5,25
2012,11,"Female","Indigenous",2,25
2012,12,"Female","Indigenous",5,25
2013,1,"Female","Indigenous",2,25
2013,2,"Female","Indigenous",3,25
2013,3,"Female","Indigenous",2,25
2013,4,"Female","Indigenous",1,25
2013,5,"Female","Indigenous",3,25
2013,6,"Female","Indigenous",3,25
2013,7,"Female","Indigenous",4,25
2013,8,"Female","Indigenous",2,25
2013,9,"Female","Indigenous",4,25
2013,10,"Female","Indigenous",2,25
2013,11,"Female","Indigenous",2,25
2013,12,"Female","Indigenous",3,25
2014,1,"Female","Indigenous",1,25
2014,2,"Female","Indigenous",1,25
2014,3,"Female","Indigenous",3,25
2014,4,"Female","Indigenous",2,25
2014,5,"Female","Indigenous",1,25
2014,6,"Female","Indigenous",2,25
2014,7,"Female","Indigenous",4,25
2014,8,"Female","Indigenous",1,25
2014,9,"Female","Indigenous",4,25
2014,10,"Female","Indigenous",3,25
2014,11,"Female","Indigenous",3,25
2014,12,"Female","Indigenous",1,25
2015,1,"Female","Indigenous",4,25
2015,2,"Female","Indigenous",2,25
2015,3,"Female","Indigenous",2,25
2015,4,"Female","Indigenous",5,25
2015,5,"Female","Indigenous",5,25
2015,6,"Female","Indigenous",1,25
2015,7,"Female","Indigenous",7,25
2015,8,"Female","Indigenous",4,25
2015,9,"Female","Indigenous",2,25
2015,10,"Female","Indigenous",3,25
2015,11,"Female","Indigenous",3,25
2015,12,"Female","Indigenous",2,25
2016,1,"Female","Indigenous",3,25
2016,2,"Female","Indigenous",3,25
2016,4,"Female","Indigenous",4,25
2016,5,"Female","Indigenous",2,25
2016,6,"Female","Indigenous",1,25
2016,7,"Female","Indigenous",2,25
2016,8,"Female","Indigenous",6,25
2016,9,"Female","Indigenous",4,25
2016,10,"Female","Indigenous",1,25
2016,11,"Female","Indigenous",3,25
2016,12,"Female","Indigenous",2,25
2017,1,"Female","Indigenous",6,25
2017,2,"Female","Indigenous",2,25
2017,3,"Female","Indigenous",4,25
2017,4,"Female","Indigenous",1,25
2017,5,"Female","Indigenous",2,25
2017,6,"Female","Indigenous",3,25
2017,7,"Female","Indigenous",4,25
2017,8,"Female","Indigenous",4,25
2017,9,"Female","Indigenous",1,25
2017,10,"Female","Indigenous",3,25
2017,11,"Female","Indigenous",4,25
2017,12,"Female","Indigenous",2,25
2018,1,"Female","Indigenous",2,25
2018,2,"Female","Indigenous",3,25
2018,3,"Female","Indigenous",5,25
2018,4,"Female","Indigenous",4,25
2018,5,"Female","Indigenous",5,25
2018,6,"Female","Indigenous",2,25
2018,7,"Female","Indigenous",4,25
2018,8,"Female","Indigenous",2,25
2018,9,"Female","Indigenous",4,25
2018,10,"Female","Indigenous",4,25
2018,11,"Female","Indigenous",3,25
2019,1,"Female","Indigenous",1,25
2019,2,"Female","Indigenous",2,25
2019,3,"Female","Indigenous",2,25
2019,4,"Female","Indigenous",5,25
2019,5,"Female","Indigenous",4,25
2019,6,"Female","Indigenous",1,25
2019,7,"Female","Indigenous",5,25
2019,8,"Female","Indigenous",3,25
2019,9,"Female","Indigenous",4,25
2019,10,"Female","Indigenous",5,25
2019,11,"Female","Indigenous",2,25
2019,12,"Female","Indigenous",6,25
2020,1,"Female","Indigenous",6,25
2020,2,"Female","Indigenous",2,25
2020,3,"Female","Indigenous",4,25
2020,4,"Female","Indigenous",1,25
2020,5,"Female","Indigenous",5,25
2020,6,"Female","Indigenous",5,25
2020,7,"Female","Indigenous",9,25
2020,8,"Female","Indigenous",4,25
2020,9,"Female","Indigenous",2,25
2020,10,"Female","Indigenous",4,25
2020,11,"Female","Indigenous",4,25
2020,12,"Female","Indigenous",3,25
2010,8,"Female","Indigenous",3,30
2010,9,"Female","Indigenous",4,30
2010,10,"Female","Indigenous",2,30
2010,11,"Female","Indigenous",6,30
2010,12,"Female","Indigenous",5,30
2011,1,"Female","Indigenous",5,30
2011,3,"Female","Indigenous",4,30
2011,4,"Female","Indigenous",3,30
2011,6,"Female","Indigenous",2,30
2011,7,"Female","Indigenous",2,30
2011,8,"Female","Indigenous",2,30
2011,9,"Female","Indigenous",3,30
2011,10,"Female","Indigenous",2,30
2011,11,"Female","Indigenous",2,30
2011,12,"Female","Indigenous",4,30
2012,1,"Female","Indigenous",4,30
2012,2,"Female","Indigenous",1,30
2012,3,"Female","Indigenous",3,30
2012,4,"Female","Indigenous",1,30
2012,5,"Female","Indigenous",2,30
2012,6,"Female","Indigenous",4,30
2012,7,"Female","Indigenous",1,30
2012,8,"Female","Indigenous",3,30
2012,9,"Female","Indigenous",2,30
2012,10,"Female","Indigenous",4,30
2012,11,"Female","Indigenous",3,30
2012,12,"Female","Indigenous",4,30
2013,1,"Female","Indigenous",2,30
2013,2,"Female","Indigenous",2,30
2013,3,"Female","Indigenous",5,30
2013,4,"Female","Indigenous",5,30
2013,5,"Female","Indigenous",3,30
2013,7,"Female","Indigenous",2,30
2013,8,"Female","Indigenous",3,30
2013,9,"Female","Indigenous",5,30
2013,10,"Female","Indigenous",3,30
2013,11,"Female","Indigenous",2,30
2013,12,"Female","Indigenous",6,30
2014,1,"Female","Indigenous",1,30
2014,2,"Female","Indigenous",2,30
2014,3,"Female","Indigenous",5,30
2014,4,"Female","Indigenous",4,30
2014,5,"Female","Indigenous",2,30
2014,6,"Female","Indigenous",3,30
2014,7,"Female","Indigenous",2,30
2014,8,"Female","Indigenous",4,30
2014,9,"Female","Indigenous",1,30
2014,10,"Female","Indigenous",4,30
2014,11,"Female","Indigenous",4,30
2014,12,"Female","Indigenous",3,30
2015,1,"Female","Indigenous",5,30
2015,2,"Female","Indigenous",4,30
2015,3,"Female","Indigenous",2,30
2015,4,"Female","Indigenous",4,30
2015,5,"Female","Indigenous",8,30
2015,6,"Female","Indigenous",1,30
2015,7,"Female","Indigenous",1,30
2015,8,"Female","Indigenous",4,30
2015,9,"Female","Indigenous",2,30
2015,10,"Female","Indigenous",2,30
2015,11,"Female","Indigenous",3,30
2015,12,"Female","Indigenous",4,30
2016,1,"Female","Indigenous",2,30
2016,2,"Female","Indigenous",5,30
2016,3,"Female","Indigenous",2,30
2016,4,"Female","Indigenous",3,30
2016,5,"Female","Indigenous",5,30
2016,6,"Female","Indigenous",4,30
2016,7,"Female","Indigenous",3,30
2016,8,"Female","Indigenous",5,30
2016,9,"Female","Indigenous",1,30
2016,10,"Female","Indigenous",5,30
2016,11,"Female","Indigenous",1,30
2016,12,"Female","Indigenous",2,30
2017,1,"Female","Indigenous",1,30
2017,2,"Female","Indigenous",2,30
2017,3,"Female","Indigenous",6,30
2017,4,"Female","Indigenous",4,30
2017,5,"Female","Indigenous",5,30
2017,6,"Female","Indigenous",3,30
2017,7,"Female","Indigenous",3,30
2017,8,"Female","Indigenous",5,30
2017,9,"Female","Indigenous",4,30
2017,10,"Female","Indigenous",6,30
2017,11,"Female","Indigenous",4,30
2017,12,"Female","Indigenous",4,30
2018,1,"Female","Indigenous",4,30
2018,2,"Female","Indigenous",2,30
2018,3,"Female","Indigenous",5,30
2018,4,"Female","Indigenous",4,30
2018,5,"Female","Indigenous",5,30
2018,6,"Female","Indigenous",2,30
2018,7,"Female","Indigenous",1,30
2018,8,"Female","Indigenous",5,30
2018,9,"Female","Indigenous",2,30
2018,10,"Female","Indigenous",2,30
2018,12,"Female","Indigenous",3,30
2019,1,"Female","Indigenous",7,30
2019,3,"Female","Indigenous",5,30
2019,4,"Female","Indigenous",8,30
2019,5,"Female","Indigenous",2,30
2019,6,"Female","Indigenous",4,30
2019,7,"Female","Indigenous",1,30
2019,8,"Female","Indigenous",3,30
2019,9,"Female","Indigenous",3,30
2019,10,"Female","Indigenous",5,30
2019,11,"Female","Indigenous",7,30
2019,12,"Female","Indigenous",4,30
2020,1,"Female","Indigenous",5,30
2020,2,"Female","Indigenous",4,30
2020,3,"Female","Indigenous",4,30
2020,4,"Female","Indigenous",4,30
2020,5,"Female","Indigenous",7,30
2020,6,"Female","Indigenous",7,30
2020,7,"Female","Indigenous",5,30
2020,8,"Female","Indigenous",3,30
2020,9,"Female","Indigenous",7,30
2020,10,"Female","Indigenous",4,30
2020,11,"Female","Indigenous",10,30
2020,12,"Female","Indigenous",4,30
2010,8,"Female","Indigenous",2,35
2010,9,"Female","Indigenous",2,35
2010,10,"Female","Indigenous",5,35
2010,11,"Female","Indigenous",5,35
2010,12,"Female","Indigenous",3,35
2011,1,"Female","Indigenous",4,35
2011,2,"Female","Indigenous",2,35
2011,4,"Female","Indigenous",3,35
2011,5,"Female","Indigenous",2,35
2011,6,"Female","Indigenous",1,35
2011,7,"Female","Indigenous",2,35
2011,8,"Female","Indigenous",2,35
2011,9,"Female","Indigenous",2,35
2011,10,"Female","Indigenous",2,35
2011,11,"Female","Indigenous",5,35
2011,12,"Female","Indigenous",2,35
2012,1,"Female","Indigenous",6,35
2012,2,"Female","Indigenous",2,35
2012,3,"Female","Indigenous",2,35
2012,4,"Female","Indigenous",5,35
2012,5,"Female","Indigenous",2,35
2012,6,"Female","Indigenous",1,35
2012,7,"Female","Indigenous",3,35
2012,8,"Female","Indigenous",2,35
2012,9,"Female","Indigenous",1,35
2012,10,"Female","Indigenous",2,35
2012,11,"Female","Indigenous",4,35
2012,12,"Female","Indigenous",1,35
2013,1,"Female","Indigenous",4,35
2013,2,"Female","Indigenous",1,35
2013,3,"Female","Indigenous",2,35
2013,4,"Female","Indigenous",3,35
2013,5,"Female","Indigenous",1,35
2013,6,"Female","Indigenous",6,35
2013,7,"Female","Indigenous",3,35
2013,8,"Female","Indigenous",5,35
2013,9,"Female","Indigenous",4,35
2013,10,"Female","Indigenous",6,35
2013,11,"Female","Indigenous",1,35
2013,12,"Female","Indigenous",7,35
2014,1,"Female","Indigenous",2,35
2014,2,"Female","Indigenous",2,35
2014,3,"Female","Indigenous",1,35
2014,4,"Female","Indigenous",4,35
2014,5,"Female","Indigenous",3,35
2014,6,"Female","Indigenous",6,35
2014,7,"Female","Indigenous",5,35
2014,8,"Female","Indigenous",2,35
2014,9,"Female","Indigenous",6,35
2014,10,"Female","Indigenous",9,35
2014,11,"Female","Indigenous",5,35
2014,12,"Female","Indigenous",2,35
2015,1,"Female","Indigenous",3,35
2015,2,"Female","Indigenous",1,35
2015,3,"Female","Indigenous",6,35
2015,4,"Female","Indigenous",4,35
2015,5,"Female","Indigenous",2,35
2015,6,"Female","Indigenous",2,35
2015,7,"Female","Indigenous",2,35
2015,8,"Female","Indigenous",5,35
2015,10,"Female","Indigenous",3,35
2015,11,"Female","Indigenous",2,35
2015,12,"Female","Indigenous",5,35
2016,1,"Female","Indigenous",4,35
2016,2,"Female","Indigenous",5,35
2016,3,"Female","Indigenous",5,35
2016,4,"Female","Indigenous",4,35
2016,5,"Female","Indigenous",4,35
2016,6,"Female","Indigenous",4,35
2016,7,"Female","Indigenous",5,35
2016,8,"Female","Indigenous",7,35
2016,9,"Female","Indigenous",4,35
2016,10,"Female","Indigenous",6,35
2016,11,"Female","Indigenous",2,35
2016,12,"Female","Indigenous",6,35
2017,2,"Female","Indigenous",6,35
2017,3,"Female","Indigenous",2,35
2017,4,"Female","Indigenous",6,35
2017,5,"Female","Indigenous",4,35
2017,6,"Female","Indigenous",5,35
2017,7,"Female","Indigenous",5,35
2017,8,"Female","Indigenous",1,35
2017,9,"Female","Indigenous",4,35
2017,10,"Female","Indigenous",4,35
2017,11,"Female","Indigenous",5,35
2017,12,"Female","Indigenous",6,35
2018,1,"Female","Indigenous",6,35
2018,2,"Female","Indigenous",8,35
2018,3,"Female","Indigenous",4,35
2018,4,"Female","Indigenous",4,35
2018,5,"Female","Indigenous",3,35
2018,6,"Female","Indigenous",5,35
2018,7,"Female","Indigenous",4,35
2018,8,"Female","Indigenous",1,35
2018,9,"Female","Indigenous",3,35
2018,10,"Female","Indigenous",1,35
2018,11,"Female","Indigenous",2,35
2018,12,"Female","Indigenous",5,35
2019,1,"Female","Indigenous",3,35
2019,2,"Female","Indigenous",8,35
2019,3,"Female","Indigenous",4,35
2019,4,"Female","Indigenous",8,35
2019,5,"Female","Indigenous",1,35
2019,6,"Female","Indigenous",6,35
2019,7,"Female","Indigenous",3,35
2019,8,"Female","Indigenous",2,35
2019,9,"Female","Indigenous",3,35
2019,10,"Female","Indigenous",3,35
2019,11,"Female","Indigenous",2,35
2019,12,"Female","Indigenous",3,35
2020,1,"Female","Indigenous",3,35
2020,2,"Female","Indigenous",2,35
2020,3,"Female","Indigenous",8,35
2020,4,"Female","Indigenous",10,35
2020,5,"Female","Indigenous",9,35
2020,6,"Female","Indigenous",3,35
2020,7,"Female","Indigenous",7,35
2020,8,"Female","Indigenous",4,35
2020,9,"Female","Indigenous",3,35
2020,10,"Female","Indigenous",5,35
2020,11,"Female","Indigenous",4,35
2020,12,"Female","Indigenous",12,35
2010,8,"Female","Indigenous",3,40
2010,10,"Female","Indigenous",3,40
2010,11,"Female","Indigenous",2,40
2010,12,"Female","Indigenous",1,40
2011,1,"Female","Indigenous",2,40
2011,2,"Female","Indigenous",2,40
2011,3,"Female","Indigenous",3,40
2011,4,"Female","Indigenous",6,40
2011,5,"Female","Indigenous",4,40
2011,6,"Female","Indigenous",5,40
2011,9,"Female","Indigenous",3,40
2011,10,"Female","Indigenous",3,40
2012,1,"Female","Indigenous",1,40
2012,2,"Female","Indigenous",3,40
2012,3,"Female","Indigenous",2,40
2012,4,"Female","Indigenous",3,40
2012,5,"Female","Indigenous",5,40
2012,6,"Female","Indigenous",4,40
2012,7,"Female","Indigenous",3,40
2012,8,"Female","Indigenous",1,40
2012,9,"Female","Indigenous",3,40
2012,10,"Female","Indigenous",4,40
2012,11,"Female","Indigenous",2,40
2012,12,"Female","Indigenous",4,40
2013,1,"Female","Indigenous",4,40
2013,2,"Female","Indigenous",2,40
2013,3,"Female","Indigenous",4,40
2013,4,"Female","Indigenous",2,40
2013,5,"Female","Indigenous",1,40
2013,6,"Female","Indigenous",2,40
2013,7,"Female","Indigenous",2,40
2013,8,"Female","Indigenous",3,40
2013,9,"Female","Indigenous",3,40
2013,10,"Female","Indigenous",5,40
2013,11,"Female","Indigenous",4,40
2013,12,"Female","Indigenous",3,40
2014,1,"Female","Indigenous",11,40
2014,2,"Female","Indigenous",1,40
2014,3,"Female","Indigenous",2,40
2014,4,"Female","Indigenous",7,40
2014,5,"Female","Indigenous",5,40
2014,6,"Female","Indigenous",8,40
2014,7,"Female","Indigenous",3,40
2014,8,"Female","Indigenous",5,40
2014,9,"Female","Indigenous",1,40
2014,10,"Female","Indigenous",3,40
2014,11,"Female","Indigenous",10,40
2014,12,"Female","Indigenous",4,40
2015,1,"Female","Indigenous",1,40
2015,2,"Female","Indigenous",5,40
2015,3,"Female","Indigenous",4,40
2015,4,"Female","Indigenous",4,40
2015,5,"Female","Indigenous",3,40
2015,6,"Female","Indigenous",1,40
2015,7,"Female","Indigenous",2,40
2015,8,"Female","Indigenous",4,40
2015,9,"Female","Indigenous",3,40
2015,10,"Female","Indigenous",5,40
2015,11,"Female","Indigenous",3,40
2015,12,"Female","Indigenous",4,40
2016,1,"Female","Indigenous",3,40
2016,2,"Female","Indigenous",3,40
2016,3,"Female","Indigenous",5,40
2016,4,"Female","Indigenous",3,40
2016,5,"Female","Indigenous",6,40
2016,6,"Female","Indigenous",1,40
2016,7,"Female","Indigenous",2,40
2016,8,"Female","Indigenous",7,40
2016,9,"Female","Indigenous",3,40
2016,10,"Female","Indigenous",5,40
2016,11,"Female","Indigenous",1,40
2016,12,"Female","Indigenous",4,40
2017,1,"Female","Indigenous",2,40
2017,2,"Female","Indigenous",1,40
2017,3,"Female","Indigenous",9,40
2017,4,"Female","Indigenous",1,40
2017,5,"Female","Indigenous",2,40
2017,6,"Female","Indigenous",1,40
2017,7,"Female","Indigenous",3,40
2017,8,"Female","Indigenous",4,40
2017,9,"Female","Indigenous",10,40
2017,10,"Female","Indigenous",5,40
2017,11,"Female","Indigenous",4,40
2017,12,"Female","Indigenous",4,40
2018,1,"Female","Indigenous",6,40
2018,2,"Female","Indigenous",5,40
2018,3,"Female","Indigenous",3,40
2018,4,"Female","Indigenous",6,40
2018,5,"Female","Indigenous",6,40
2018,6,"Female","Indigenous",3,40
2018,7,"Female","Indigenous",4,40
2018,8,"Female","Indigenous",4,40
2018,9,"Female","Indigenous",3,40
2018,10,"Female","Indigenous",5,40
2018,11,"Female","Indigenous",1,40
2018,12,"Female","Indigenous",10,40
2019,1,"Female","Indigenous",5,40
2019,2,"Female","Indigenous",4,40
2019,3,"Female","Indigenous",10,40
2019,4,"Female","Indigenous",5,40
2019,5,"Female","Indigenous",6,40
2019,6,"Female","Indigenous",4,40
2019,7,"Female","Indigenous",4,40
2019,8,"Female","Indigenous",3,40
2019,9,"Female","Indigenous",6,40
2019,10,"Female","Indigenous",4,40
2019,11,"Female","Indigenous",4,40
2019,12,"Female","Indigenous",5,40
2020,1,"Female","Indigenous",1,40
2020,2,"Female","Indigenous",8,40
2020,3,"Female","Indigenous",11,40
2020,4,"Female","Indigenous",6,40
2020,5,"Female","Indigenous",5,40
2020,6,"Female","Indigenous",11,40
2020,7,"Female","Indigenous",7,40
2020,8,"Female","Indigenous",11,40
2020,9,"Female","Indigenous",2,40
2020,10,"Female","Indigenous",7,40
2020,11,"Female","Indigenous",6,40
2020,12,"Female","Indigenous",6,40
2010,8,"Female","Indigenous",2,45
2010,9,"Female","Indigenous",4,45
2010,10,"Female","Indigenous",8,45
2010,11,"Female","Indigenous",3,45
2010,12,"Female","Indigenous",1,45
2011,1,"Female","Indigenous",5,45
2011,2,"Female","Indigenous",5,45
2011,3,"Female","Indigenous",2,45
2011,4,"Female","Indigenous",3,45
2011,5,"Female","Indigenous",5,45
2011,6,"Female","Indigenous",2,45
2011,7,"Female","Indigenous",3,45
2011,8,"Female","Indigenous",5,45
2011,9,"Female","Indigenous",2,45
2011,10,"Female","Indigenous",3,45
2011,12,"Female","Indigenous",2,45
2012,1,"Female","Indigenous",2,45
2012,2,"Female","Indigenous",1,45
2012,3,"Female","Indigenous",5,45
2012,4,"Female","Indigenous",2,45
2012,5,"Female","Indigenous",6,45
2012,6,"Female","Indigenous",1,45
2012,7,"Female","Indigenous",1,45
2012,8,"Female","Indigenous",5,45
2012,9,"Female","Indigenous",2,45
2012,10,"Female","Indigenous",2,45
2012,11,"Female","Indigenous",7,45
2012,12,"Female","Indigenous",5,45
2013,1,"Female","Indigenous",2,45
2013,2,"Female","Indigenous",6,45
2013,3,"Female","Indigenous",6,45
2013,4,"Female","Indigenous",3,45
2013,5,"Female","Indigenous",2,45
2013,6,"Female","Indigenous",1,45
2013,7,"Female","Indigenous",3,45
2013,8,"Female","Indigenous",1,45
2013,9,"Female","Indigenous",3,45
2013,10,"Female","Indigenous",4,45
2013,12,"Female","Indigenous",6,45
2014,1,"Female","Indigenous",4,45
2014,2,"Female","Indigenous",2,45
2014,3,"Female","Indigenous",3,45
2014,4,"Female","Indigenous",5,45
2014,5,"Female","Indigenous",2,45
2014,6,"Female","Indigenous",3,45
2014,7,"Female","Indigenous",6,45
2014,8,"Female","Indigenous",3,45
2014,9,"Female","Indigenous",4,45
2014,10,"Female","Indigenous",5,45
2014,11,"Female","Indigenous",3,45
2014,12,"Female","Indigenous",10,45
2015,2,"Female","Indigenous",3,45
2015,3,"Female","Indigenous",6,45
2015,4,"Female","Indigenous",2,45
2015,5,"Female","Indigenous",1,45
2015,6,"Female","Indigenous",2,45
2015,7,"Female","Indigenous",2,45
2015,8,"Female","Indigenous",3,45
2015,9,"Female","Indigenous",8,45
2015,10,"Female","Indigenous",5,45
2015,11,"Female","Indigenous",1,45
2015,12,"Female","Indigenous",1,45
2016,1,"Female","Indigenous",4,45
2016,2,"Female","Indigenous",8,45
2016,3,"Female","Indigenous",3,45
2016,4,"Female","Indigenous",6,45
2016,5,"Female","Indigenous",3,45
2016,6,"Female","Indigenous",5,45
2016,7,"Female","Indigenous",4,45
2016,8,"Female","Indigenous",6,45
2016,9,"Female","Indigenous",3,45
2016,10,"Female","Indigenous",8,45
2016,11,"Female","Indigenous",3,45
2016,12,"Female","Indigenous",4,45
2017,1,"Female","Indigenous",7,45
2017,2,"Female","Indigenous",4,45
2017,3,"Female","Indigenous",3,45
2017,4,"Female","Indigenous",3,45
2017,5,"Female","Indigenous",5,45
2017,6,"Female","Indigenous",5,45
2017,7,"Female","Indigenous",8,45
2017,8,"Female","Indigenous",4,45
2017,9,"Female","Indigenous",2,45
2017,10,"Female","Indigenous",1,45
2017,11,"Female","Indigenous",4,45
2017,12,"Female","Indigenous",6,45
2018,1,"Female","Indigenous",6,45
2018,2,"Female","Indigenous",8,45
2018,3,"Female","Indigenous",4,45
2018,4,"Female","Indigenous",9,45
2018,5,"Female","Indigenous",6,45
2018,6,"Female","Indigenous",3,45
2018,7,"Female","Indigenous",7,45
2018,8,"Female","Indigenous",4,45
2018,9,"Female","Indigenous",6,45
2018,10,"Female","Indigenous",3,45
2018,11,"Female","Indigenous",8,45
2018,12,"Female","Indigenous",3,45
2019,1,"Female","Indigenous",6,45
2019,2,"Female","Indigenous",4,45
2019,3,"Female","Indigenous",7,45
2019,4,"Female","Indigenous",7,45
2019,5,"Female","Indigenous",4,45
2019,6,"Female","Indigenous",6,45
2019,7,"Female","Indigenous",6,45
2019,8,"Female","Indigenous",4,45
2019,9,"Female","Indigenous",5,45
2019,10,"Female","Indigenous",2,45
2019,11,"Female","Indigenous",3,45
2019,12,"Female","Indigenous",8,45
2020,1,"Female","Indigenous",9,45
2020,2,"Female","Indigenous",10,45
2020,3,"Female","Indigenous",4,45
2020,4,"Female","Indigenous",4,45
2020,5,"Female","Indigenous",5,45
2020,6,"Female","Indigenous",3,45
2020,7,"Female","Indigenous",8,45
2020,8,"Female","Indigenous",8,45
2020,9,"Female","Indigenous",12,45
2020,10,"Female","Indigenous",8,45
2020,11,"Female","Indigenous",4,45
2020,12,"Female","Indigenous",8,45
2010,8,"Female","Indigenous",4,50
2010,9,"Female","Indigenous",4,50
2010,10,"Female","Indigenous",2,50
2010,11,"Female","Indigenous",3,50
2010,12,"Female","Indigenous",4,50
2011,1,"Female","Indigenous",6,50
2011,2,"Female","Indigenous",1,50
2011,3,"Female","Indigenous",3,50
2011,4,"Female","Indigenous",2,50
2011,5,"Female","Indigenous",1,50
2011,6,"Female","Indigenous",4,50
2011,7,"Female","Indigenous",5,50
2011,8,"Female","Indigenous",5,50
2011,9,"Female","Indigenous",7,50
2011,10,"Female","Indigenous",4,50
2011,11,"Female","Indigenous",6,50
2012,1,"Female","Indigenous",1,50
2012,2,"Female","Indigenous",5,50
2012,3,"Female","Indigenous",5,50
2012,4,"Female","Indigenous",6,50
2012,5,"Female","Indigenous",3,50
2012,6,"Female","Indigenous",5,50
2012,7,"Female","Indigenous",4,50
2012,8,"Female","Indigenous",4,50
2012,9,"Female","Indigenous",5,50
2012,10,"Female","Indigenous",8,50
2012,11,"Female","Indigenous",1,50
2012,12,"Female","Indigenous",4,50
2013,1,"Female","Indigenous",1,50
2013,2,"Female","Indigenous",4,50
2013,3,"Female","Indigenous",4,50
2013,4,"Female","Indigenous",4,50
2013,5,"Female","Indigenous",4,50
2013,6,"Female","Indigenous",4,50
2013,7,"Female","Indigenous",7,50
2013,8,"Female","Indigenous",2,50
2013,9,"Female","Indigenous",8,50
2013,10,"Female","Indigenous",8,50
2013,11,"Female","Indigenous",1,50
2013,12,"Female","Indigenous",3,50
2014,1,"Female","Indigenous",4,50
2014,2,"Female","Indigenous",2,50
2014,3,"Female","Indigenous",9,50
2014,4,"Female","Indigenous",2,50
2014,5,"Female","Indigenous",4,50
2014,6,"Female","Indigenous",4,50
2014,7,"Female","Indigenous",4,50
2014,8,"Female","Indigenous",3,50
2014,9,"Female","Indigenous",5,50
2014,10,"Female","Indigenous",4,50
2014,11,"Female","Indigenous",3,50
2014,12,"Female","Indigenous",1,50
2015,1,"Female","Indigenous",5,50
2015,2,"Female","Indigenous",5,50
2015,3,"Female","Indigenous",8,50
2015,4,"Female","Indigenous",3,50
2015,5,"Female","Indigenous",5,50
2015,6,"Female","Indigenous",6,50
2015,7,"Female","Indigenous",2,50
2015,8,"Female","Indigenous",3,50
2015,9,"Female","Indigenous",5,50
2015,10,"Female","Indigenous",10,50
2015,11,"Female","Indigenous",4,50
2015,12,"Female","Indigenous",6,50
2016,1,"Female","Indigenous",6,50
2016,2,"Female","Indigenous",5,50
2016,3,"Female","Indigenous",5,50
2016,4,"Female","Indigenous",7,50
2016,5,"Female","Indigenous",7,50
2016,6,"Female","Indigenous",2,50
2016,7,"Female","Indigenous",2,50
2016,8,"Female","Indigenous",4,50
2016,9,"Female","Indigenous",4,50
2016,10,"Female","Indigenous",4,50
2016,11,"Female","Indigenous",5,50
2016,12,"Female","Indigenous",8,50
2017,1,"Female","Indigenous",3,50
2017,2,"Female","Indigenous",3,50
2017,3,"Female","Indigenous",6,50
2017,4,"Female","Indigenous",8,50
2017,5,"Female","Indigenous",2,50
2017,6,"Female","Indigenous",4,50
2017,7,"Female","Indigenous",6,50
2017,8,"Female","Indigenous",5,50
2017,9,"Female","Indigenous",8,50
2017,10,"Female","Indigenous",2,50
2017,11,"Female","Indigenous",1,50
2017,12,"Female","Indigenous",5,50
2018,1,"Female","Indigenous",7,50
2018,2,"Female","Indigenous",5,50
2018,3,"Female","Indigenous",7,50
2018,4,"Female","Indigenous",6,50
2018,5,"Female","Indigenous",7,50
2018,6,"Female","Indigenous",4,50
2018,7,"Female","Indigenous",9,50
2018,8,"Female","Indigenous",5,50
2018,9,"Female","Indigenous",8,50
2018,10,"Female","Indigenous",2,50
2018,11,"Female","Indigenous",6,50
2018,12,"Female","Indigenous",4,50
2019,1,"Female","Indigenous",3,50
2019,2,"Female","Indigenous",4,50
2019,3,"Female","Indigenous",7,50
2019,4,"Female","Indigenous",6,50
2019,5,"Female","Indigenous",3,50
2019,6,"Female","Indigenous",3,50
2019,7,"Female","Indigenous",6,50
2019,8,"Female","Indigenous",11,50
2019,9,"Female","Indigenous",5,50
2019,10,"Female","Indigenous",11,50
2019,11,"Female","Indigenous",2,50
2019,12,"Female","Indigenous",6,50
2020,1,"Female","Indigenous",5,50
2020,2,"Female","Indigenous",6,50
2020,3,"Female","Indigenous",8,50
2020,4,"Female","Indigenous",6,50
2020,5,"Female","Indigenous",4,50
2020,6,"Female","Indigenous",13,50
2020,7,"Female","Indigenous",10,50
2020,8,"Female","Indigenous",7,50
2020,9,"Female","Indigenous",8,50
2020,10,"Female","Indigenous",7,50
2020,11,"Female","Indigenous",10,50
2020,12,"Female","Indigenous",8,50
2010,8,"Female","Indigenous",7,55
2010,9,"Female","Indigenous",3,55
2010,10,"Female","Indigenous",5,55
2010,11,"Female","Indigenous",7,55
2010,12,"Female","Indigenous",4,55
2011,1,"Female","Indigenous",12,55
2011,2,"Female","Indigenous",5,55
2011,3,"Female","Indigenous",6,55
2011,4,"Female","Indigenous",4,55
2011,5,"Female","Indigenous",3,55
2011,6,"Female","Indigenous",2,55
2011,7,"Female","Indigenous",3,55
2011,8,"Female","Indigenous",4,55
2011,9,"Female","Indigenous",3,55
2011,10,"Female","Indigenous",4,55
2011,11,"Female","Indigenous",2,55
2011,12,"Female","Indigenous",2,55
2012,1,"Female","Indigenous",4,55
2012,2,"Female","Indigenous",4,55
2012,3,"Female","Indigenous",4,55
2012,4,"Female","Indigenous",6,55
2012,5,"Female","Indigenous",4,55
2012,6,"Female","Indigenous",4,55
2012,7,"Female","Indigenous",4,55
2012,8,"Female","Indigenous",10,55
2012,9,"Female","Indigenous",2,55
2012,10,"Female","Indigenous",9,55
2012,11,"Female","Indigenous",5,55
2012,12,"Female","Indigenous",5,55
2013,1,"Female","Indigenous",4,55
2013,2,"Female","Indigenous",4,55
2013,3,"Female","Indigenous",1,55
2013,4,"Female","Indigenous",6,55
2013,5,"Female","Indigenous",9,55
2013,6,"Female","Indigenous",6,55
2013,7,"Female","Indigenous",2,55
2013,8,"Female","Indigenous",4,55
2013,9,"Female","Indigenous",10,55
2013,10,"Female","Indigenous",5,55
2013,11,"Female","Indigenous",6,55
2013,12,"Female","Indigenous",5,55
2014,1,"Female","Indigenous",1,55
2014,2,"Female","Indigenous",6,55
2014,3,"Female","Indigenous",7,55
2014,4,"Female","Indigenous",4,55
2014,5,"Female","Indigenous",7,55
2014,6,"Female","Indigenous",4,55
2014,7,"Female","Indigenous",5,55
2014,8,"Female","Indigenous",3,55
2014,9,"Female","Indigenous",5,55
2014,10,"Female","Indigenous",5,55
2014,11,"Female","Indigenous",3,55
2014,12,"Female","Indigenous",2,55
2015,1,"Female","Indigenous",4,55
2015,2,"Female","Indigenous",5,55
2015,3,"Female","Indigenous",3,55
2015,4,"Female","Indigenous",2,55
2015,5,"Female","Indigenous",11,55
2015,6,"Female","Indigenous",8,55
2015,7,"Female","Indigenous",3,55
2015,8,"Female","Indigenous",6,55
2015,9,"Female","Indigenous",7,55
2015,10,"Female","Indigenous",4,55
2015,11,"Female","Indigenous",7,55
2015,12,"Female","Indigenous",4,55
2016,1,"Female","Indigenous",5,55
2016,2,"Female","Indigenous",5,55
2016,3,"Female","Indigenous",7,55
2016,4,"Female","Indigenous",4,55
2016,5,"Female","Indigenous",7,55
2016,6,"Female","Indigenous",2,55
2016,7,"Female","Indigenous",4,55
2016,8,"Female","Indigenous",10,55
2016,9,"Female","Indigenous",8,55
2016,10,"Female","Indigenous",6,55
2016,11,"Female","Indigenous",6,55
2016,12,"Female","Indigenous",4,55
2017,1,"Female","Indigenous",3,55
2017,2,"Female","Indigenous",6,55
2017,3,"Female","Indigenous",5,55
2017,4,"Female","Indigenous",5,55
2017,5,"Female","Indigenous",7,55
2017,6,"Female","Indigenous",4,55
2017,7,"Female","Indigenous",4,55
2017,8,"Female","Indigenous",4,55
2017,9,"Female","Indigenous",3,55
2017,10,"Female","Indigenous",5,55
2017,11,"Female","Indigenous",8,55
2017,12,"Female","Indigenous",6,55
2018,1,"Female","Indigenous",7,55
2018,2,"Female","Indigenous",7,55
2018,3,"Female","Indigenous",2,55
2018,4,"Female","Indigenous",11,55
2018,5,"Female","Indigenous",6,55
2018,6,"Female","Indigenous",7,55
2018,7,"Female","Indigenous",4,55
2018,8,"Female","Indigenous",11,55
2018,9,"Female","Indigenous",8,55
2018,10,"Female","Indigenous",8,55
2018,11,"Female","Indigenous",5,55
2018,12,"Female","Indigenous",6,55
2019,1,"Female","Indigenous",6,55
2019,2,"Female","Indigenous",3,55
2019,3,"Female","Indigenous",5,55
2019,4,"Female","Indigenous",6,55
2019,5,"Female","Indigenous",6,55
2019,6,"Female","Indigenous",6,55
2019,7,"Female","Indigenous",8,55
2019,8,"Female","Indigenous",10,55
2019,9,"Female","Indigenous",8,55
2019,10,"Female","Indigenous",7,55
2019,11,"Female","Indigenous",9,55
2019,12,"Female","Indigenous",6,55
2020,1,"Female","Indigenous",9,55
2020,2,"Female","Indigenous",12,55
2020,3,"Female","Indigenous",4,55
2020,4,"Female","Indigenous",7,55
2020,5,"Female","Indigenous",16,55
2020,6,"Female","Indigenous",16,55
2020,7,"Female","Indigenous",17,55
2020,8,"Female","Indigenous",10,55
2020,9,"Female","Indigenous",7,55
2020,10,"Female","Indigenous",7,55
2020,11,"Female","Indigenous",13,55
2020,12,"Female","Indigenous",8,55
2010,8,"Female","Indigenous",6,60
2010,9,"Female","Indigenous",3,60
2010,10,"Female","Indigenous",3,60
2010,11,"Female","Indigenous",3,60
2010,12,"Female","Indigenous",5,60
2011,1,"Female","Indigenous",3,60
2011,2,"Female","Indigenous",6,60
2011,3,"Female","Indigenous",5,60
2011,4,"Female","Indigenous",8,60
2011,5,"Female","Indigenous",4,60
2011,6,"Female","Indigenous",2,60
2011,7,"Female","Indigenous",6,60
2011,8,"Female","Indigenous",2,60
2011,9,"Female","Indigenous",4,60
2011,10,"Female","Indigenous",3,60
2011,11,"Female","Indigenous",8,60
2011,12,"Female","Indigenous",3,60
2012,1,"Female","Indigenous",8,60
2012,2,"Female","Indigenous",6,60
2012,3,"Female","Indigenous",5,60
2012,4,"Female","Indigenous",4,60
2012,5,"Female","Indigenous",7,60
2012,7,"Female","Indigenous",8,60
2012,8,"Female","Indigenous",7,60
2012,9,"Female","Indigenous",2,60
2012,10,"Female","Indigenous",3,60
2012,11,"Female","Indigenous",3,60
2012,12,"Female","Indigenous",2,60
2013,1,"Female","Indigenous",5,60
2013,2,"Female","Indigenous",3,60
2013,3,"Female","Indigenous",3,60
2013,4,"Female","Indigenous",8,60
2013,5,"Female","Indigenous",6,60
2013,6,"Female","Indigenous",4,60
2013,7,"Female","Indigenous",5,60
2013,8,"Female","Indigenous",10,60
2013,9,"Female","Indigenous",3,60
2013,10,"Female","Indigenous",9,60
2013,11,"Female","Indigenous",3,60
2013,12,"Female","Indigenous",5,60
2014,1,"Female","Indigenous",6,60
2014,2,"Female","Indigenous",1,60
2014,3,"Female","Indigenous",3,60
2014,4,"Female","Indigenous",2,60
2014,5,"Female","Indigenous",8,60
2014,6,"Female","Indigenous",7,60
2014,7,"Female","Indigenous",9,60
2014,8,"Female","Indigenous",6,60
2014,9,"Female","Indigenous",4,60
2014,10,"Female","Indigenous",6,60
2014,11,"Female","Indigenous",4,60
2014,12,"Female","Indigenous",3,60
2015,1,"Female","Indigenous",6,60
2015,2,"Female","Indigenous",5,60
2015,3,"Female","Indigenous",5,60
2015,4,"Female","Indigenous",8,60
2015,5,"Female","Indigenous",5,60
2015,6,"Female","Indigenous",6,60
2015,7,"Female","Indigenous",10,60
2015,8,"Female","Indigenous",5,60
2015,9,"Female","Indigenous",7,60
2015,10,"Female","Indigenous",8,60
2015,11,"Female","Indigenous",2,60
2015,12,"Female","Indigenous",9,60
2016,1,"Female","Indigenous",6,60
2016,2,"Female","Indigenous",4,60
2016,3,"Female","Indigenous",4,60
2016,4,"Female","Indigenous",7,60
2016,5,"Female","Indigenous",8,60
2016,6,"Female","Indigenous",5,60
2016,7,"Female","Indigenous",5,60
2016,8,"Female","Indigenous",12,60
2016,9,"Female","Indigenous",5,60
2016,10,"Female","Indigenous",5,60
2016,11,"Female","Indigenous",5,60
2016,12,"Female","Indigenous",4,60
2017,1,"Female","Indigenous",8,60
2017,2,"Female","Indigenous",6,60
2017,3,"Female","Indigenous",3,60
2017,4,"Female","Indigenous",12,60
2017,5,"Female","Indigenous",10,60
2017,6,"Female","Indigenous",9,60
2017,7,"Female","Indigenous",6,60
2017,8,"Female","Indigenous",9,60
2017,9,"Female","Indigenous",6,60
2017,10,"Female","Indigenous",8,60
2017,11,"Female","Indigenous",4,60
2017,12,"Female","Indigenous",6,60
2018,1,"Female","Indigenous",8,60
2018,2,"Female","Indigenous",6,60
2018,3,"Female","Indigenous",10,60
2018,4,"Female","Indigenous",8,60
2018,5,"Female","Indigenous",7,60
2018,6,"Female","Indigenous",11,60
2018,7,"Female","Indigenous",12,60
2018,8,"Female","Indigenous",6,60
2018,9,"Female","Indigenous",6,60
2018,10,"Female","Indigenous",6,60
2018,11,"Female","Indigenous",6,60
2018,12,"Female","Indigenous",5,60
2019,1,"Female","Indigenous",1,60
2019,2,"Female","Indigenous",5,60
2019,3,"Female","Indigenous",10,60
2019,4,"Female","Indigenous",10,60
2019,5,"Female","Indigenous",3,60
2019,6,"Female","Indigenous",8,60
2019,7,"Female","Indigenous",8,60
2019,8,"Female","Indigenous",7,60
2019,9,"Female","Indigenous",5,60
2019,10,"Female","Indigenous",5,60
2019,11,"Female","Indigenous",6,60
2019,12,"Female","Indigenous",4,60
2020,1,"Female","Indigenous",10,60
2020,2,"Female","Indigenous",6,60
2020,3,"Female","Indigenous",9,60
2020,4,"Female","Indigenous",9,60
2020,5,"Female","Indigenous",11,60
2020,6,"Female","Indigenous",12,60
2020,7,"Female","Indigenous",18,60
2020,8,"Female","Indigenous",16,60
2020,9,"Female","Indigenous",9,60
2020,10,"Female","Indigenous",6,60
2020,11,"Female","Indigenous",12,60
2020,12,"Female","Indigenous",10,60
2010,8,"Female","Indigenous",5,65
2010,9,"Female","Indigenous",5,65
2010,10,"Female","Indigenous",6,65
2010,11,"Female","Indigenous",7,65
2010,12,"Female","Indigenous",8,65
2011,1,"Female","Indigenous",6,65
2011,2,"Female","Indigenous",4,65
2011,3,"Female","Indigenous",5,65
2011,4,"Female","Indigenous",4,65
2011,5,"Female","Indigenous",9,65
2011,6,"Female","Indigenous",6,65
2011,7,"Female","Indigenous",6,65
2011,8,"Female","Indigenous",8,65
2011,9,"Female","Indigenous",6,65
2011,10,"Female","Indigenous",6,65
2011,11,"Female","Indigenous",8,65
2011,12,"Female","Indigenous",4,65
2012,1,"Female","Indigenous",6,65
2012,2,"Female","Indigenous",9,65
2012,3,"Female","Indigenous",8,65
2012,4,"Female","Indigenous",6,65
2012,5,"Female","Indigenous",5,65
2012,6,"Female","Indigenous",4,65
2012,7,"Female","Indigenous",12,65
2012,8,"Female","Indigenous",4,65
2012,9,"Female","Indigenous",6,65
2012,10,"Female","Indigenous",8,65
2012,11,"Female","Indigenous",9,65
2012,12,"Female","Indigenous",10,65
2013,1,"Female","Indigenous",7,65
2013,2,"Female","Indigenous",4,65
2013,3,"Female","Indigenous",11,65
2013,4,"Female","Indigenous",10,65
2013,5,"Female","Indigenous",12,65
2013,6,"Female","Indigenous",5,65
2013,7,"Female","Indigenous",12,65
2013,8,"Female","Indigenous",5,65
2013,9,"Female","Indigenous",4,65
2013,10,"Female","Indigenous",10,65
2013,11,"Female","Indigenous",10,65
2013,12,"Female","Indigenous",9,65
2014,1,"Female","Indigenous",7,65
2014,2,"Female","Indigenous",4,65
2014,3,"Female","Indigenous",4,65
2014,4,"Female","Indigenous",2,65
2014,5,"Female","Indigenous",6,65
2014,6,"Female","Indigenous",4,65
2014,7,"Female","Indigenous",7,65
2014,8,"Female","Indigenous",6,65
2014,9,"Female","Indigenous",4,65
2014,10,"Female","Indigenous",6,65
2014,11,"Female","Indigenous",7,65
2014,12,"Female","Indigenous",3,65
2015,1,"Female","Indigenous",3,65
2015,2,"Female","Indigenous",11,65
2015,3,"Female","Indigenous",5,65
2015,4,"Female","Indigenous",5,65
2015,5,"Female","Indigenous",7,65
2015,6,"Female","Indigenous",5,65
2015,7,"Female","Indigenous",6,65
2015,8,"Female","Indigenous",4,65
2015,9,"Female","Indigenous",6,65
2015,10,"Female","Indigenous",6,65
2015,11,"Female","Indigenous",4,65
2015,12,"Female","Indigenous",4,65
2016,1,"Female","Indigenous",7,65
2016,2,"Female","Indigenous",4,65
2016,3,"Female","Indigenous",9,65
2016,4,"Female","Indigenous",7,65
2016,5,"Female","Indigenous",9,65
2016,6,"Female","Indigenous",7,65
2016,7,"Female","Indigenous",6,65
2016,8,"Female","Indigenous",8,65
2016,9,"Female","Indigenous",7,65
2016,10,"Female","Indigenous",7,65
2016,11,"Female","Indigenous",10,65
2016,12,"Female","Indigenous",4,65
2017,1,"Female","Indigenous",7,65
2017,2,"Female","Indigenous",8,65
2017,3,"Female","Indigenous",6,65
2017,4,"Female","Indigenous",5,65
2017,5,"Female","Indigenous",7,65
2017,6,"Female","Indigenous",9,65
2017,7,"Female","Indigenous",6,65
2017,8,"Female","Indigenous",4,65
2017,9,"Female","Indigenous",6,65
2017,10,"Female","Indigenous",5,65
2017,11,"Female","Indigenous",6,65
2017,12,"Female","Indigenous",10,65
2018,1,"Female","Indigenous",5,65
2018,2,"Female","Indigenous",8,65
2018,3,"Female","Indigenous",7,65
2018,4,"Female","Indigenous",11,65
2018,5,"Female","Indigenous",13,65
2018,6,"Female","Indigenous",7,65
2018,7,"Female","Indigenous",10,65
2018,8,"Female","Indigenous",14,65
2018,9,"Female","Indigenous",6,65
2018,10,"Female","Indigenous",5,65
2018,11,"Female","Indigenous",13,65
2018,12,"Female","Indigenous",7,65
2019,1,"Female","Indigenous",7,65
2019,2,"Female","Indigenous",5,65
2019,3,"Female","Indigenous",9,65
2019,4,"Female","Indigenous",8,65
2019,5,"Female","Indigenous",7,65
2019,6,"Female","Indigenous",5,65
2019,7,"Female","Indigenous",9,65
2019,8,"Female","Indigenous",9,65
2019,9,"Female","Indigenous",13,65
2019,10,"Female","Indigenous",11,65
2019,11,"Female","Indigenous",2,65
2019,12,"Female","Indigenous",5,65
2020,1,"Female","Indigenous",13,65
2020,2,"Female","Indigenous",8,65
2020,3,"Female","Indigenous",11,65
2020,4,"Female","Indigenous",15,65
2020,5,"Female","Indigenous",19,65
2020,6,"Female","Indigenous",17,65
2020,7,"Female","Indigenous",8,65
2020,8,"Female","Indigenous",14,65
2020,9,"Female","Indigenous",11,65
2020,10,"Female","Indigenous",12,65
2020,11,"Female","Indigenous",13,65
2020,12,"Female","Indigenous",10,65
2010,8,"Female","Indigenous",7,70
2010,9,"Female","Indigenous",5,70
2010,10,"Female","Indigenous",5,70
2010,11,"Female","Indigenous",5,70
2010,12,"Female","Indigenous",7,70
2011,1,"Female","Indigenous",13,70
2011,2,"Female","Indigenous",10,70
2011,3,"Female","Indigenous",12,70
2011,4,"Female","Indigenous",7,70
2011,5,"Female","Indigenous",9,70
2011,6,"Female","Indigenous",7,70
2011,7,"Female","Indigenous",6,70
2011,8,"Female","Indigenous",7,70
2011,9,"Female","Indigenous",8,70
2011,10,"Female","Indigenous",8,70
2011,11,"Female","Indigenous",6,70
2011,12,"Female","Indigenous",11,70
2012,1,"Female","Indigenous",3,70
2012,2,"Female","Indigenous",11,70
2012,3,"Female","Indigenous",2,70
2012,4,"Female","Indigenous",9,70
2012,5,"Female","Indigenous",7,70
2012,6,"Female","Indigenous",7,70
2012,7,"Female","Indigenous",3,70
2012,8,"Female","Indigenous",10,70
2012,9,"Female","Indigenous",6,70
2012,10,"Female","Indigenous",9,70
2012,11,"Female","Indigenous",11,70
2012,12,"Female","Indigenous",6,70
2013,1,"Female","Indigenous",12,70
2013,2,"Female","Indigenous",11,70
2013,3,"Female","Indigenous",11,70
2013,4,"Female","Indigenous",7,70
2013,5,"Female","Indigenous",10,70
2013,6,"Female","Indigenous",9,70
2013,7,"Female","Indigenous",12,70
2013,8,"Female","Indigenous",14,70
2013,9,"Female","Indigenous",9,70
2013,10,"Female","Indigenous",6,70
2013,11,"Female","Indigenous",12,70
2013,12,"Female","Indigenous",12,70
2014,1,"Female","Indigenous",12,70
2014,2,"Female","Indigenous",7,70
2014,3,"Female","Indigenous",8,70
2014,4,"Female","Indigenous",13,70
2014,5,"Female","Indigenous",4,70
2014,6,"Female","Indigenous",8,70
2014,7,"Female","Indigenous",13,70
2014,8,"Female","Indigenous",7,70
2014,9,"Female","Indigenous",7,70
2014,10,"Female","Indigenous",5,70
2014,11,"Female","Indigenous",9,70
2014,12,"Female","Indigenous",6,70
2015,1,"Female","Indigenous",10,70
2015,2,"Female","Indigenous",6,70
2015,3,"Female","Indigenous",13,70
2015,4,"Female","Indigenous",4,70
2015,5,"Female","Indigenous",12,70
2015,6,"Female","Indigenous",8,70
2015,7,"Female","Indigenous",10,70
2015,8,"Female","Indigenous",16,70
2015,9,"Female","Indigenous",14,70
2015,10,"Female","Indigenous",7,70
2015,11,"Female","Indigenous",10,70
2015,12,"Female","Indigenous",7,70
2016,1,"Female","Indigenous",10,70
2016,2,"Female","Indigenous",10,70
2016,3,"Female","Indigenous",9,70
2016,4,"Female","Indigenous",9,70
2016,5,"Female","Indigenous",8,70
2016,6,"Female","Indigenous",18,70
2016,7,"Female","Indigenous",11,70
2016,8,"Female","Indigenous",7,70
2016,9,"Female","Indigenous",5,70
2016,10,"Female","Indigenous",5,70
2016,11,"Female","Indigenous",10,70
2016,12,"Female","Indigenous",7,70
2017,1,"Female","Indigenous",13,70
2017,2,"Female","Indigenous",10,70
2017,3,"Female","Indigenous",12,70
2017,4,"Female","Indigenous",10,70
2017,5,"Female","Indigenous",13,70
2017,6,"Female","Indigenous",11,70
2017,7,"Female","Indigenous",7,70
2017,8,"Female","Indigenous",6,70
2017,9,"Female","Indigenous",13,70
2017,10,"Female","Indigenous",13,70
2017,11,"Female","Indigenous",8,70
2017,12,"Female","Indigenous",9,70
2018,1,"Female","Indigenous",8,70
2018,2,"Female","Indigenous",9,70
2018,3,"Female","Indigenous",13,70
2018,4,"Female","Indigenous",12,70
2018,5,"Female","Indigenous",5,70
2018,6,"Female","Indigenous",9,70
2018,7,"Female","Indigenous",16,70
2018,8,"Female","Indigenous",7,70
2018,9,"Female","Indigenous",10,70
2018,10,"Female","Indigenous",12,70
2018,11,"Female","Indigenous",10,70
2018,12,"Female","Indigenous",8,70
2019,1,"Female","Indigenous",9,70
2019,2,"Female","Indigenous",9,70
2019,3,"Female","Indigenous",7,70
2019,4,"Female","Indigenous",14,70
2019,5,"Female","Indigenous",15,70
2019,6,"Female","Indigenous",8,70
2019,7,"Female","Indigenous",9,70
2019,8,"Female","Indigenous",10,70
2019,9,"Female","Indigenous",8,70
2019,10,"Female","Indigenous",7,70
2019,11,"Female","Indigenous",4,70
2019,12,"Female","Indigenous",8,70
2020,1,"Female","Indigenous",13,70
2020,2,"Female","Indigenous",7,70
2020,3,"Female","Indigenous",8,70
2020,4,"Female","Indigenous",13,70
2020,5,"Female","Indigenous",15,70
2020,6,"Female","Indigenous",12,70
2020,7,"Female","Indigenous",18,70
2020,8,"Female","Indigenous",18,70
2020,9,"Female","Indigenous",15,70
2020,10,"Female","Indigenous",10,70
2020,11,"Female","Indigenous",12,70
2020,12,"Female","Indigenous",13,70
2010,8,"Female","Indigenous",2,75
2010,9,"Female","Indigenous",6,75
2010,10,"Female","Indigenous",7,75
2010,11,"Female","Indigenous",7,75
2010,12,"Female","Indigenous",8,75
2011,1,"Female","Indigenous",10,75
2011,2,"Female","Indigenous",9,75
2011,3,"Female","Indigenous",7,75
2011,4,"Female","Indigenous",9,75
2011,5,"Female","Indigenous",4,75
2011,6,"Female","Indigenous",5,75
2011,7,"Female","Indigenous",8,75
2011,8,"Female","Indigenous",11,75
2011,9,"Female","Indigenous",8,75
2011,10,"Female","Indigenous",9,75
2011,11,"Female","Indigenous",6,75
2011,12,"Female","Indigenous",8,75
2012,1,"Female","Indigenous",10,75
2012,2,"Female","Indigenous",3,75
2012,3,"Female","Indigenous",6,75
2012,4,"Female","Indigenous",11,75
2012,5,"Female","Indigenous",7,75
2012,6,"Female","Indigenous",9,75
2012,7,"Female","Indigenous",9,75
2012,8,"Female","Indigenous",8,75
2012,9,"Female","Indigenous",11,75
2012,10,"Female","Indigenous",8,75
2012,11,"Female","Indigenous",4,75
2012,12,"Female","Indigenous",7,75
2013,1,"Female","Indigenous",11,75
2013,2,"Female","Indigenous",6,75
2013,3,"Female","Indigenous",4,75
2013,4,"Female","Indigenous",7,75
2013,5,"Female","Indigenous",6,75
2013,6,"Female","Indigenous",11,75
2013,7,"Female","Indigenous",16,75
2013,8,"Female","Indigenous",8,75
2013,9,"Female","Indigenous",12,75
2013,10,"Female","Indigenous",11,75
2013,11,"Female","Indigenous",5,75
2013,12,"Female","Indigenous",10,75
2014,1,"Female","Indigenous",12,75
2014,2,"Female","Indigenous",8,75
2014,3,"Female","Indigenous",6,75
2014,4,"Female","Indigenous",6,75
2014,5,"Female","Indigenous",6,75
2014,6,"Female","Indigenous",8,75
2014,7,"Female","Indigenous",5,75
2014,8,"Female","Indigenous",11,75
2014,9,"Female","Indigenous",9,75
2014,10,"Female","Indigenous",12,75
2014,11,"Female","Indigenous",10,75
2014,12,"Female","Indigenous",5,75
2015,1,"Female","Indigenous",13,75
2015,2,"Female","Indigenous",11,75
2015,3,"Female","Indigenous",9,75
2015,4,"Female","Indigenous",7,75
2015,5,"Female","Indigenous",11,75
2015,6,"Female","Indigenous",13,75
2015,7,"Female","Indigenous",7,75
2015,8,"Female","Indigenous",8,75
2015,9,"Female","Indigenous",3,75
2015,10,"Female","Indigenous",11,75
2015,11,"Female","Indigenous",16,75
2015,12,"Female","Indigenous",11,75
2016,1,"Female","Indigenous",8,75
2016,2,"Female","Indigenous",12,75
2016,3,"Female","Indigenous",10,75
2016,4,"Female","Indigenous",10,75
2016,5,"Female","Indigenous",7,75
2016,6,"Female","Indigenous",16,75
2016,7,"Female","Indigenous",12,75
2016,8,"Female","Indigenous",12,75
2016,9,"Female","Indigenous",13,75
2016,10,"Female","Indigenous",6,75
2016,11,"Female","Indigenous",8,75
2016,12,"Female","Indigenous",10,75
2017,1,"Female","Indigenous",8,75
2017,2,"Female","Indigenous",5,75
2017,3,"Female","Indigenous",15,75
2017,4,"Female","Indigenous",8,75
2017,5,"Female","Indigenous",13,75
2017,6,"Female","Indigenous",10,75
2017,7,"Female","Indigenous",13,75
2017,8,"Female","Indigenous",12,75
2017,9,"Female","Indigenous",12,75
2017,10,"Female","Indigenous",8,75
2017,11,"Female","Indigenous",12,75
2017,12,"Female","Indigenous",9,75
2018,1,"Female","Indigenous",7,75
2018,2,"Female","Indigenous",9,75
2018,3,"Female","Indigenous",11,75
2018,4,"Female","Indigenous",13,75
2018,5,"Female","Indigenous",11,75
2018,6,"Female","Indigenous",14,75
2018,7,"Female","Indigenous",12,75
2018,8,"Female","Indigenous",16,75
2018,9,"Female","Indigenous",6,75
2018,10,"Female","Indigenous",12,75
2018,11,"Female","Indigenous",9,75
2018,12,"Female","Indigenous",16,75
2019,1,"Female","Indigenous",7,75
2019,2,"Female","Indigenous",10,75
2019,3,"Female","Indigenous",10,75
2019,4,"Female","Indigenous",7,75
2019,5,"Female","Indigenous",11,75
2019,6,"Female","Indigenous",11,75
2019,7,"Female","Indigenous",13,75
2019,8,"Female","Indigenous",16,75
2019,9,"Female","Indigenous",17,75
2019,10,"Female","Indigenous",7,75
2019,11,"Female","Indigenous",6,75
2019,12,"Female","Indigenous",10,75
2020,1,"Female","Indigenous",17,75
2020,2,"Female","Indigenous",11,75
2020,3,"Female","Indigenous",17,75
2020,4,"Female","Indigenous",15,75
2020,5,"Female","Indigenous",26,75
2020,6,"Female","Indigenous",26,75
2020,7,"Female","Indigenous",15,75
2020,8,"Female","Indigenous",13,75
2020,9,"Female","Indigenous",14,75
2020,10,"Female","Indigenous",6,75
2020,11,"Female","Indigenous",13,75
2020,12,"Female","Indigenous",13,75
2010,8,"Female","Indigenous",24,80
2010,9,"Female","Indigenous",22,80
2010,10,"Female","Indigenous",18,80
2010,11,"Female","Indigenous",29,80
2010,12,"Female","Indigenous",30,80
2011,1,"Female","Indigenous",29,80
2011,2,"Female","Indigenous",27,80
2011,3,"Female","Indigenous",19,80
2011,4,"Female","Indigenous",22,80
2011,5,"Female","Indigenous",15,80
2011,6,"Female","Indigenous",26,80
2011,7,"Female","Indigenous",33,80
2011,8,"Female","Indigenous",25,80
2011,9,"Female","Indigenous",17,80
2011,10,"Female","Indigenous",22,80
2011,11,"Female","Indigenous",22,80
2011,12,"Female","Indigenous",35,80
2012,1,"Female","Indigenous",32,80
2012,2,"Female","Indigenous",30,80
2012,3,"Female","Indigenous",22,80
2012,4,"Female","Indigenous",25,80
2012,5,"Female","Indigenous",23,80
2012,6,"Female","Indigenous",28,80
2012,7,"Female","Indigenous",26,80
2012,8,"Female","Indigenous",23,80
2012,9,"Female","Indigenous",30,80
2012,10,"Female","Indigenous",32,80
2012,11,"Female","Indigenous",27,80
2012,12,"Female","Indigenous",19,80
2013,1,"Female","Indigenous",27,80
2013,2,"Female","Indigenous",19,80
2013,3,"Female","Indigenous",23,80
2013,4,"Female","Indigenous",32,80
2013,5,"Female","Indigenous",25,80
2013,6,"Female","Indigenous",23,80
2013,7,"Female","Indigenous",38,80
2013,8,"Female","Indigenous",40,80
2013,9,"Female","Indigenous",20,80
2013,10,"Female","Indigenous",25,80
2013,11,"Female","Indigenous",25,80
2013,12,"Female","Indigenous",31,80
2014,1,"Female","Indigenous",35,80
2014,2,"Female","Indigenous",20,80
2014,3,"Female","Indigenous",23,80
2014,4,"Female","Indigenous",31,80
2014,5,"Female","Indigenous",35,80
2014,6,"Female","Indigenous",29,80
2014,7,"Female","Indigenous",39,80
2014,8,"Female","Indigenous",30,80
2014,9,"Female","Indigenous",19,80
2014,10,"Female","Indigenous",23,80
2014,11,"Female","Indigenous",27,80
2014,12,"Female","Indigenous",33,80
2015,1,"Female","Indigenous",31,80
2015,2,"Female","Indigenous",28,80
2015,3,"Female","Indigenous",27,80
2015,4,"Female","Indigenous",24,80
2015,5,"Female","Indigenous",22,80
2015,6,"Female","Indigenous",29,80
2015,7,"Female","Indigenous",29,80
2015,8,"Female","Indigenous",35,80
2015,9,"Female","Indigenous",28,80
2015,10,"Female","Indigenous",26,80
2015,11,"Female","Indigenous",30,80
2015,12,"Female","Indigenous",31,80
2016,1,"Female","Indigenous",31,80
2016,2,"Female","Indigenous",34,80
2016,3,"Female","Indigenous",29,80
2016,4,"Female","Indigenous",24,80
2016,5,"Female","Indigenous",30,80
2016,6,"Female","Indigenous",30,80
2016,7,"Female","Indigenous",39,80
2016,8,"Female","Indigenous",38,80
2016,9,"Female","Indigenous",36,80
2016,10,"Female","Indigenous",28,80
2016,11,"Female","Indigenous",29,80
2016,12,"Female","Indigenous",15,80
2017,1,"Female","Indigenous",24,80
2017,2,"Female","Indigenous",27,80
2017,3,"Female","Indigenous",41,80
2017,4,"Female","Indigenous",31,80
2017,5,"Female","Indigenous",34,80
2017,6,"Female","Indigenous",36,80
2017,7,"Female","Indigenous",41,80
2017,8,"Female","Indigenous",33,80
2017,9,"Female","Indigenous",27,80
2017,10,"Female","Indigenous",31,80
2017,11,"Female","Indigenous",21,80
2017,12,"Female","Indigenous",32,80
2018,1,"Female","Indigenous",34,80
2018,2,"Female","Indigenous",32,80
2018,3,"Female","Indigenous",35,80
2018,4,"Female","Indigenous",35,80
2018,5,"Female","Indigenous",39,80
2018,6,"Female","Indigenous",23,80
2018,7,"Female","Indigenous",31,80
2018,8,"Female","Indigenous",44,80
2018,9,"Female","Indigenous",39,80
2018,10,"Female","Indigenous",37,80
2018,11,"Female","Indigenous",34,80
2018,12,"Female","Indigenous",36,80
2019,1,"Female","Indigenous",35,80
2019,2,"Female","Indigenous",36,80
2019,3,"Female","Indigenous",35,80
2019,4,"Female","Indigenous",41,80
2019,5,"Female","Indigenous",38,80
2019,6,"Female","Indigenous",37,80
2019,7,"Female","Indigenous",51,80
2019,8,"Female","Indigenous",45,80
2019,9,"Female","Indigenous",46,80
2019,10,"Female","Indigenous",37,80
2019,11,"Female","Indigenous",36,80
2019,12,"Female","Indigenous",33,80
2020,1,"Female","Indigenous",34,80
2020,2,"Female","Indigenous",32,80
2020,3,"Female","Indigenous",46,80
2020,4,"Female","Indigenous",41,80
2020,5,"Female","Indigenous",61,80
2020,6,"Female","Indigenous",71,80
2020,7,"Female","Indigenous",66,80
2020,8,"Female","Indigenous",47,80
2020,9,"Female","Indigenous",50,80
2020,10,"Female","Indigenous",43,80
2020,11,"Female","Indigenous",32,80
2020,12,"Female","Indigenous",46,80
2010,8,"Female","White",756,0
2010,9,"Female","White",646,0
2010,10,"Female","White",643,0
2010,11,"Female","White",728,0
2010,12,"Female","White",697,0
2011,1,"Female","White",796,0
2011,2,"Female","White",683,0
2011,3,"Female","White",802,0
2011,4,"Female","White",806,0
2011,5,"Female","White",785,0
2011,6,"Female","White",766,0
2011,7,"Female","White",784,0
2011,8,"Female","White",710,0
2011,9,"Female","White",686,0
2011,10,"Female","White",700,0
2011,11,"Female","White",654,0
2011,12,"Female","White",734,0
2012,1,"Female","White",718,0
2012,2,"Female","White",636,0
2012,3,"Female","White",715,0
2012,4,"Female","White",747,0
2012,5,"Female","White",759,0
2012,6,"Female","White",783,0
2012,7,"Female","White",774,0
2012,8,"Female","White",739,0
2012,9,"Female","White",669,0
2012,10,"Female","White",710,0
2012,11,"Female","White",668,0
2012,12,"Female","White",667,0
2013,1,"Female","White",681,0
2013,2,"Female","White",607,0
2013,3,"Female","White",694,0
2013,4,"Female","White",812,0
2013,5,"Female","White",802,0
2013,6,"Female","White",754,0
2013,7,"Female","White",693,0
2013,8,"Female","White",733,0
2013,9,"Female","White",669,0
2013,10,"Female","White",646,0
2013,11,"Female","White",620,0
2013,12,"Female","White",692,0
2014,1,"Female","White",739,0
2014,2,"Female","White",660,0
2014,3,"Female","White",696,0
2014,4,"Female","White",705,0
2014,5,"Female","White",764,0
2014,6,"Female","White",728,0
2014,7,"Female","White",706,0
2014,8,"Female","White",651,0
2014,9,"Female","White",667,0
2014,10,"Female","White",679,0
2014,11,"Female","White",672,0
2014,12,"Female","White",694,0
2015,1,"Female","White",657,0
2015,2,"Female","White",601,0
2015,3,"Female","White",696,0
2015,4,"Female","White",687,0
2015,5,"Female","White",773,0
2015,6,"Female","White",699,0
2015,7,"Female","White",677,0
2015,8,"Female","White",636,0
2015,9,"Female","White",552,0
2015,10,"Female","White",634,0
2015,11,"Female","White",667,0
2015,12,"Female","White",677,0
2016,1,"Female","White",629,0
2016,2,"Female","White",628,0
2016,3,"Female","White",691,0
2016,4,"Female","White",746,0
2016,5,"Female","White",775,0
2016,6,"Female","White",710,0
2016,7,"Female","White",686,0
2016,8,"Female","White",617,0
2016,9,"Female","White",604,0
2016,10,"Female","White",584,0
2016,11,"Female","White",564,0
2016,12,"Female","White",633,0
2017,1,"Female","White",601,0
2017,2,"Female","White",570,0
2017,3,"Female","White",663,0
2017,4,"Female","White",669,0
2017,5,"Female","White",720,0
2017,6,"Female","White",652,0
2017,7,"Female","White",661,0
2017,8,"Female","White",653,0
2017,9,"Female","White",579,0
2017,10,"Female","White",678,0
2017,11,"Female","White",566,0
2017,12,"Female","White",660,0
2018,1,"Female","White",631,0
2018,2,"Female","White",550,0
2018,3,"Female","White",656,0
2018,4,"Female","White",698,0
2018,5,"Female","White",699,0
2018,6,"Female","White",638,0
2018,7,"Female","White",648,0
2018,8,"Female","White",647,0
2018,9,"Female","White",592,0
2018,10,"Female","White",578,0
2018,11,"Female","White",618,0
2018,12,"Female","White",640,0
2019,1,"Female","White",671,0
2019,2,"Female","White",571,0
2019,3,"Female","White",604,0
2019,4,"Female","White",689,0
2019,5,"Female","White",686,0
2019,6,"Female","White",689,0
2019,7,"Female","White",600,0
2019,8,"Female","White",593,0
2019,9,"Female","White",548,0
2019,10,"Female","White",563,0
2019,11,"Female","White",566,0
2019,12,"Female","White",586,0
2020,1,"Female","White",575,0
2020,2,"Female","White",501,0
2020,3,"Female","White",622,0
2020,4,"Female","White",553,0
2020,5,"Female","White",519,0
2020,6,"Female","White",491,0
2020,7,"Female","White",463,0
2020,8,"Female","White",481,0
2020,9,"Female","White",464,0
2020,10,"Female","White",465,0
2020,11,"Female","White",433,0
2020,12,"Female","White",507,0
2010,8,"Female","White",60,5
2010,9,"Female","White",49,5
2010,10,"Female","White",58,5
2010,11,"Female","White",53,5
2010,12,"Female","White",67,5
2011,1,"Female","White",79,5
2011,2,"Female","White",52,5
2011,3,"Female","White",54,5
2011,4,"Female","White",53,5
2011,5,"Female","White",56,5
2011,6,"Female","White",53,5
2011,7,"Female","White",69,5
2011,8,"Female","White",54,5
2011,9,"Female","White",49,5
2011,10,"Female","White",54,5
2011,11,"Female","White",58,5
2011,12,"Female","White",69,5
2012,1,"Female","White",58,5
2012,2,"Female","White",47,5
2012,3,"Female","White",59,5
2012,4,"Female","White",52,5
2012,5,"Female","White",74,5
2012,6,"Female","White",58,5
2012,7,"Female","White",67,5
2012,8,"Female","White",60,5
2012,9,"Female","White",48,5
2012,10,"Female","White",50,5
2012,11,"Female","White",54,5
2012,12,"Female","White",72,5
2013,1,"Female","White",57,5
2013,2,"Female","White",44,5
2013,3,"Female","White",53,5
2013,4,"Female","White",53,5
2013,5,"Female","White",44,5
2013,6,"Female","White",57,5
2013,7,"Female","White",48,5
2013,8,"Female","White",53,5
2013,9,"Female","White",68,5
2013,10,"Female","White",53,5
2013,11,"Female","White",48,5
2013,12,"Female","White",61,5
2014,1,"Female","White",48,5
2014,2,"Female","White",40,5
2014,3,"Female","White",43,5
2014,4,"Female","White",52,5
2014,5,"Female","White",50,5
2014,6,"Female","White",55,5
2014,7,"Female","White",58,5
2014,8,"Female","White",52,5
2014,9,"Female","White",48,5
2014,10,"Female","White",57,5
2014,11,"Female","White",51,5
2014,12,"Female","White",55,5
2015,1,"Female","White",70,5
2015,2,"Female","White",47,5
2015,3,"Female","White",42,5
2015,4,"Female","White",67,5
2015,5,"Female","White",68,5
2015,6,"Female","White",36,5
2015,7,"Female","White",62,5
2015,8,"Female","White",41,5
2015,9,"Female","White",49,5
2015,10,"Female","White",57,5
2015,11,"Female","White",47,5
2015,12,"Female","White",44,5
2016,1,"Female","White",37,5
2016,2,"Female","White",40,5
2016,3,"Female","White",63,5
2016,4,"Female","White",47,5
2016,5,"Female","White",49,5
2016,6,"Female","White",54,5
2016,7,"Female","White",61,5
2016,8,"Female","White",57,5
2016,9,"Female","White",42,5
2016,10,"Female","White",44,5
2016,11,"Female","White",46,5
2016,12,"Female","White",51,5
2017,1,"Female","White",42,5
2017,2,"Female","White",38,5
2017,3,"Female","White",50,5
2017,4,"Female","White",32,5
2017,5,"Female","White",48,5
2017,6,"Female","White",43,5
2017,7,"Female","White",46,5
2017,8,"Female","White",37,5
2017,9,"Female","White",46,5
2017,10,"Female","White",57,5
2017,11,"Female","White",41,5
2017,12,"Female","White",50,5
2018,1,"Female","White",48,5
2018,2,"Female","White",30,5
2018,3,"Female","White",43,5
2018,4,"Female","White",49,5
2018,5,"Female","White",46,5
2018,6,"Female","White",62,5
2018,7,"Female","White",47,5
2018,8,"Female","White",43,5
2018,9,"Female","White",42,5
2018,10,"Female","White",35,5
2018,11,"Female","White",44,5
2018,12,"Female","White",51,5
2019,1,"Female","White",39,5
2019,2,"Female","White",35,5
2019,3,"Female","White",49,5
2019,4,"Female","White",49,5
2019,5,"Female","White",57,5
2019,6,"Female","White",51,5
2019,7,"Female","White",50,5
2019,8,"Female","White",49,5
2019,9,"Female","White",41,5
2019,10,"Female","White",49,5
2019,11,"Female","White",42,5
2019,12,"Female","White",48,5
2020,1,"Female","White",46,5
2020,2,"Female","White",44,5
2020,3,"Female","White",32,5
2020,4,"Female","White",20,5
2020,5,"Female","White",39,5
2020,6,"Female","White",37,5
2020,7,"Female","White",32,5
2020,8,"Female","White",25,5
2020,9,"Female","White",28,5
2020,10,"Female","White",19,5
2020,11,"Female","White",32,5
2020,12,"Female","White",35,5
2010,8,"Female","White",67,10
2010,9,"Female","White",76,10
2010,10,"Female","White",92,10
2010,11,"Female","White",72,10
2010,12,"Female","White",86,10
2011,1,"Female","White",106,10
2011,2,"Female","White",59,10
2011,3,"Female","White",75,10
2011,4,"Female","White",62,10
2011,5,"Female","White",72,10
2011,6,"Female","White",72,10
2011,7,"Female","White",70,10
2011,8,"Female","White",71,10
2011,9,"Female","White",68,10
2011,10,"Female","White",59,10
2011,11,"Female","White",66,10
2011,12,"Female","White",75,10
2012,1,"Female","White",88,10
2012,2,"Female","White",72,10
2012,3,"Female","White",70,10
2012,4,"Female","White",67,10
2012,5,"Female","White",60,10
2012,6,"Female","White",73,10
2012,7,"Female","White",86,10
2012,8,"Female","White",70,10
2012,9,"Female","White",66,10
2012,10,"Female","White",75,10
2012,11,"Female","White",68,10
2012,12,"Female","White",84,10
2013,1,"Female","White",80,10
2013,2,"Female","White",71,10
2013,3,"Female","White",61,10
2013,4,"Female","White",53,10
2013,5,"Female","White",65,10
2013,6,"Female","White",77,10
2013,7,"Female","White",75,10
2013,8,"Female","White",77,10
2013,9,"Female","White",77,10
2013,10,"Female","White",50,10
2013,11,"Female","White",69,10
2013,12,"Female","White",68,10
2014,1,"Female","White",70,10
2014,2,"Female","White",67,10
2014,3,"Female","White",66,10
2014,4,"Female","White",57,10
2014,5,"Female","White",70,10
2014,6,"Female","White",59,10
2014,7,"Female","White",70,10
2014,8,"Female","White",78,10
2014,9,"Female","White",71,10
2014,10,"Female","White",65,10
2014,11,"Female","White",51,10
2014,12,"Female","White",64,10
2015,1,"Female","White",66,10
2015,2,"Female","White",51,10
2015,3,"Female","White",65,10
2015,4,"Female","White",59,10
2015,5,"Female","White",78,10
2015,6,"Female","White",62,10
2015,7,"Female","White",62,10
2015,8,"Female","White",43,10
2015,9,"Female","White",56,10
2015,10,"Female","White",53,10
2015,11,"Female","White",56,10
2015,12,"Female","White",65,10
2016,1,"Female","White",61,10
2016,2,"Female","White",64,10
2016,3,"Female","White",78,10
2016,4,"Female","White",66,10
2016,5,"Female","White",58,10
2016,6,"Female","White",68,10
2016,7,"Female","White",78,10
2016,8,"Female","White",56,10
2016,9,"Female","White",52,10
2016,10,"Female","White",72,10
2016,11,"Female","White",48,10
2016,12,"Female","White",50,10
2017,1,"Female","White",44,10
2017,2,"Female","White",67,10
2017,3,"Female","White",65,10
2017,4,"Female","White",44,10
2017,5,"Female","White",65,10
2017,6,"Female","White",57,10
2017,7,"Female","White",76,10
2017,8,"Female","White",51,10
2017,9,"Female","White",65,10
2017,10,"Female","White",70,10
2017,11,"Female","White",60,10
2017,12,"Female","White",55,10
2018,1,"Female","White",58,10
2018,2,"Female","White",46,10
2018,3,"Female","White",55,10
2018,4,"Female","White",50,10
2018,5,"Female","White",60,10
2018,6,"Female","White",57,10
2018,7,"Female","White",70,10
2018,8,"Female","White",64,10
2018,9,"Female","White",58,10
2018,10,"Female","White",54,10
2018,11,"Female","White",51,10
2018,12,"Female","White",62,10
2019,1,"Female","White",62,10
2019,2,"Female","White",39,10
2019,3,"Female","White",46,10
2019,4,"Female","White",55,10
2019,5,"Female","White",65,10
2019,6,"Female","White",50,10
2019,7,"Female","White",64,10
2019,8,"Female","White",63,10
2019,9,"Female","White",56,10
2019,10,"Female","White",49,10
2019,11,"Female","White",61,10
2019,12,"Female","White",49,10
2020,1,"Female","White",55,10
2020,2,"Female","White",53,10
2020,3,"Female","White",60,10
2020,4,"Female","White",49,10
2020,5,"Female","White",52,10
2020,6,"Female","White",40,10
2020,7,"Female","White",40,10
2020,8,"Female","White",40,10
2020,9,"Female","White",51,10
2020,10,"Female","White",50,10
2020,11,"Female","White",46,10
2020,12,"Female","White",58,10
2010,8,"Female","White",143,15
2010,9,"Female","White",126,15
2010,10,"Female","White",145,15
2010,11,"Female","White",135,15
2010,12,"Female","White",145,15
2011,1,"Female","White",165,15
2011,2,"Female","White",110,15
2011,3,"Female","White",121,15
2011,4,"Female","White",148,15
2011,5,"Female","White",149,15
2011,6,"Female","White",138,15
2011,7,"Female","White",153,15
2011,8,"Female","White",143,15
2011,9,"Female","White",134,15
2011,10,"Female","White",157,15
2011,11,"Female","White",130,15
2011,12,"Female","White",155,15
2012,1,"Female","White",133,15
2012,2,"Female","White",128,15
2012,3,"Female","White",128,15
2012,4,"Female","White",141,15
2012,5,"Female","White",147,15
2012,6,"Female","White",153,15
2012,7,"Female","White",139,15
2012,8,"Female","White",133,15
2012,9,"Female","White",151,15
2012,10,"Female","White",125,15
2012,11,"Female","White",116,15
2012,12,"Female","White",149,15
2013,1,"Female","White",180,15
2013,2,"Female","White",129,15
2013,3,"Female","White",153,15
2013,4,"Female","White",117,15
2013,5,"Female","White",147,15
2013,6,"Female","White",140,15
2013,7,"Female","White",148,15
2013,8,"Female","White",122,15
2013,9,"Female","White",125,15
2013,10,"Female","White",102,15
2013,11,"Female","White",148,15
2013,12,"Female","White",151,15
2014,1,"Female","White",123,15
2014,2,"Female","White",113,15
2014,3,"Female","White",134,15
2014,4,"Female","White",118,15
2014,5,"Female","White",133,15
2014,6,"Female","White",145,15
2014,7,"Female","White",117,15
2014,8,"Female","White",140,15
2014,9,"Female","White",130,15
2014,10,"Female","White",122,15
2014,11,"Female","White",115,15
2014,12,"Female","White",128,15
2015,1,"Female","White",126,15
2015,2,"Female","White",119,15
2015,3,"Female","White",135,15
2015,4,"Female","White",126,15
2015,5,"Female","White",132,15
2015,6,"Female","White",109,15
2015,7,"Female","White",108,15
2015,8,"Female","White",110,15
2015,9,"Female","White",125,15
2015,10,"Female","White",121,15
2015,11,"Female","White",118,15
2015,12,"Female","White",150,15
2016,1,"Female","White",119,15
2016,2,"Female","White",126,15
2016,3,"Female","White",136,15
2016,4,"Female","White",140,15
2016,5,"Female","White",132,15
2016,6,"Female","White",124,15
2016,7,"Female","White",130,15
2016,8,"Female","White",120,15
2016,9,"Female","White",103,15
2016,10,"Female","White",106,15
2016,11,"Female","White",100,15
2016,12,"Female","White",104,15
2017,1,"Female","White",117,15
2017,2,"Female","White",119,15
2017,3,"Female","White",123,15
2017,4,"Female","White",116,15
2017,5,"Female","White",114,15
2017,6,"Female","White",106,15
2017,7,"Female","White",124,15
2017,8,"Female","White",125,15
2017,9,"Female","White",125,15
2017,10,"Female","White",115,15
2017,11,"Female","White",134,15
2017,12,"Female","White",114,15
2018,1,"Female","White",111,15
2018,2,"Female","White",96,15
2018,3,"Female","White",114,15
2018,4,"Female","White",111,15
2018,5,"Female","White",108,15
2018,6,"Female","White",111,15
2018,7,"Female","White",92,15
2018,8,"Female","White",103,15
2018,9,"Female","White",113,15
2018,10,"Female","White",88,15
2018,11,"Female","White",107,15
2018,12,"Female","White",132,15
2019,1,"Female","White",102,15
2019,2,"Female","White",106,15
2019,3,"Female","White",112,15
2019,4,"Female","White",106,15
2019,5,"Female","White",123,15
2019,6,"Female","White",116,15
2019,7,"Female","White",99,15
2019,8,"Female","White",86,15
2019,9,"Female","White",108,15
2019,10,"Female","White",95,15
2019,11,"Female","White",94,15
2019,12,"Female","White",124,15
2020,1,"Female","White",119,15
2020,2,"Female","White",96,15
2020,3,"Female","White",98,15
2020,4,"Female","White",76,15
2020,5,"Female","White",117,15
2020,6,"Female","White",96,15
2020,7,"Female","White",97,15
2020,8,"Female","White",99,15
2020,9,"Female","White",109,15
2020,10,"Female","White",108,15
2020,11,"Female","White",99,15
2020,12,"Female","White",109,15
2010,8,"Female","White",181,20
2010,9,"Female","White",184,20
2010,10,"Female","White",204,20
2010,11,"Female","White",157,20
2010,12,"Female","White",181,20
2011,1,"Female","White",183,20
2011,2,"Female","White",167,20
2011,3,"Female","White",169,20
2011,4,"Female","White",172,20
2011,5,"Female","White",165,20
2011,6,"Female","White",184,20
2011,7,"Female","White",184,20
2011,8,"Female","White",174,20
2011,9,"Female","White",169,20
2011,10,"Female","White",166,20
2011,11,"Female","White",172,20
2011,12,"Female","White",169,20
2012,1,"Female","White",154,20
2012,2,"Female","White",158,20
2012,3,"Female","White",186,20
2012,4,"Female","White",155,20
2012,5,"Female","White",159,20
2012,6,"Female","White",180,20
2012,7,"Female","White",174,20
2012,8,"Female","White",183,20
2012,9,"Female","White",177,20
2012,10,"Female","White",156,20
2012,11,"Female","White",146,20
2012,12,"Female","White",171,20
2013,1,"Female","White",162,20
2013,2,"Female","White",145,20
2013,3,"Female","White",162,20
2013,4,"Female","White",144,20
2013,5,"Female","White",164,20
2013,6,"Female","White",155,20
2013,7,"Female","White",171,20
2013,8,"Female","White",156,20
2013,9,"Female","White",133,20
2013,10,"Female","White",188,20
2013,11,"Female","White",135,20
2013,12,"Female","White",149,20
2014,1,"Female","White",175,20
2014,2,"Female","White",148,20
2014,3,"Female","White",185,20
2014,4,"Female","White",155,20
2014,5,"Female","White",157,20
2014,6,"Female","White",170,20
2014,7,"Female","White",143,20
2014,8,"Female","White",171,20
2014,9,"Female","White",149,20
2014,10,"Female","White",135,20
2014,11,"Female","White",154,20
2014,12,"Female","White",151,20
2015,1,"Female","White",162,20
2015,2,"Female","White",152,20
2015,3,"Female","White",138,20
2015,4,"Female","White",141,20
2015,5,"Female","White",178,20
2015,6,"Female","White",142,20
2015,7,"Female","White",141,20
2015,8,"Female","White",140,20
2015,9,"Female","White",153,20
2015,10,"Female","White",179,20
2015,11,"Female","White",146,20
2015,12,"Female","White",144,20
2016,1,"Female","White",162,20
2016,2,"Female","White",157,20
2016,3,"Female","White",155,20
2016,4,"Female","White",166,20
2016,5,"Female","White",159,20
2016,6,"Female","White",168,20
2016,7,"Female","White",151,20
2016,8,"Female","White",166,20
2016,9,"Female","White",145,20
2016,10,"Female","White",145,20
2016,11,"Female","White",165,20
2016,12,"Female","White",159,20
2017,1,"Female","White",140,20
2017,2,"Female","White",135,20
2017,3,"Female","White",144,20
2017,4,"Female","White",131,20
2017,5,"Female","White",148,20
2017,6,"Female","White",148,20
2017,7,"Female","White",174,20
2017,8,"Female","White",183,20
2017,9,"Female","White",151,20
2017,10,"Female","White",135,20
2017,11,"Female","White",124,20
2017,12,"Female","White",139,20
2018,1,"Female","White",164,20
2018,2,"Female","White",134,20
2018,3,"Female","White",151,20
2018,4,"Female","White",141,20
2018,5,"Female","White",152,20
2018,6,"Female","White",136,20
2018,7,"Female","White",138,20
2018,8,"Female","White",147,20
2018,9,"Female","White",142,20
2018,10,"Female","White",137,20
2018,11,"Female","White",141,20
2018,12,"Female","White",136,20
2019,1,"Female","White",134,20
2019,2,"Female","White",117,20
2019,3,"Female","White",156,20
2019,4,"Female","White",144,20
2019,5,"Female","White",149,20
2019,6,"Female","White",169,20
2019,7,"Female","White",173,20
2019,8,"Female","White",141,20
2019,9,"Female","White",148,20
2019,10,"Female","White",155,20
2019,11,"Female","White",153,20
2019,12,"Female","White",143,20
2020,1,"Female","White",150,20
2020,2,"Female","White",140,20
2020,3,"Female","White",163,20
2020,4,"Female","White",137,20
2020,5,"Female","White",162,20
2020,6,"Female","White",144,20
2020,7,"Female","White",137,20
2020,8,"Female","White",178,20
2020,9,"Female","White",179,20
2020,10,"Female","White",187,20
2020,11,"Female","White",142,20
2020,12,"Female","White",168,20
2010,8,"Female","White",208,25
2010,9,"Female","White",244,25
2010,10,"Female","White",198,25
2010,11,"Female","White",205,25
2010,12,"Female","White",222,25
2011,1,"Female","White",217,25
2011,2,"Female","White",192,25
2011,3,"Female","White",200,25
2011,4,"Female","White",213,25
2011,5,"Female","White",219,25
2011,6,"Female","White",200,25
2011,7,"Female","White",204,25
2011,8,"Female","White",221,25
2011,9,"Female","White",201,25
2011,10,"Female","White",244,25
2011,11,"Female","White",183,25
2011,12,"Female","White",214,25
2012,1,"Female","White",215,25
2012,2,"Female","White",219,25
2012,3,"Female","White",193,25
2012,4,"Female","White",216,25
2012,5,"Female","White",203,25
2012,6,"Female","White",193,25
2012,7,"Female","White",228,25
2012,8,"Female","White",197,25
2012,9,"Female","White",188,25
2012,10,"Female","White",188,25
2012,11,"Female","White",181,25
2012,12,"Female","White",205,25
2013,1,"Female","White",218,25
2013,2,"Female","White",177,25
2013,3,"Female","White",189,25
2013,4,"Female","White",161,25
2013,5,"Female","White",222,25
2013,6,"Female","White",176,25
2013,7,"Female","White",210,25
2013,8,"Female","White",200,25
2013,9,"Female","White",190,25
2013,10,"Female","White",193,25
2013,11,"Female","White",186,25
2013,12,"Female","White",208,25
2014,1,"Female","White",189,25
2014,2,"Female","White",181,25
2014,3,"Female","White",211,25
2014,4,"Female","White",198,25
2014,5,"Female","White",195,25
2014,6,"Female","White",194,25
2014,7,"Female","White",213,25
2014,8,"Female","White",217,25
2014,9,"Female","White",212,25
2014,10,"Female","White",182,25
2014,11,"Female","White",160,25
2014,12,"Female","White",196,25
2015,1,"Female","White",216,25
2015,2,"Female","White",196,25
2015,3,"Female","White",194,25
2015,4,"Female","White",156,25
2015,5,"Female","White",199,25
2015,6,"Female","White",185,25
2015,7,"Female","White",185,25
2015,8,"Female","White",188,25
2015,9,"Female","White",200,25
2015,10,"Female","White",190,25
2015,11,"Female","White",167,25
2015,12,"Female","White",184,25
2016,1,"Female","White",200,25
2016,2,"Female","White",210,25
2016,3,"Female","White",195,25
2016,4,"Female","White",203,25
2016,5,"Female","White",190,25
2016,6,"Female","White",166,25
2016,7,"Female","White",188,25
2016,8,"Female","White",188,25
2016,9,"Female","White",173,25
2016,10,"Female","White",197,25
2016,11,"Female","White",183,25
2016,12,"Female","White",191,25
2017,1,"Female","White",167,25
2017,2,"Female","White",169,25
2017,3,"Female","White",160,25
2017,4,"Female","White",165,25
2017,5,"Female","White",169,25
2017,6,"Female","White",192,25
2017,7,"Female","White",167,25
2017,8,"Female","White",159,25
2017,9,"Female","White",172,25
2017,10,"Female","White",168,25
2017,11,"Female","White",170,25
2017,12,"Female","White",182,25
2018,1,"Female","White",171,25
2018,2,"Female","White",157,25
2018,3,"Female","White",173,25
2018,4,"Female","White",164,25
2018,5,"Female","White",154,25
2018,6,"Female","White",177,25
2018,7,"Female","White",165,25
2018,8,"Female","White",171,25
2018,9,"Female","White",176,25
2018,10,"Female","White",153,25
2018,11,"Female","White",159,25
2018,12,"Female","White",184,25
2019,1,"Female","White",153,25
2019,2,"Female","White",144,25
2019,3,"Female","White",203,25
2019,4,"Female","White",154,25
2019,5,"Female","White",180,25
2019,6,"Female","White",181,25
2019,7,"Female","White",179,25
2019,8,"Female","White",171,25
2019,9,"Female","White",162,25
2019,10,"Female","White",184,25
2019,11,"Female","White",188,25
2019,12,"Female","White",165,25
2020,1,"Female","White",174,25
2020,2,"Female","White",173,25
2020,3,"Female","White",188,25
2020,4,"Female","White",167,25
2020,5,"Female","White",212,25
2020,6,"Female","White",213,25
2020,7,"Female","White",215,25
2020,8,"Female","White",174,25
2020,9,"Female","White",180,25
2020,10,"Female","White",185,25
2020,11,"Female","White",201,25
2020,12,"Female","White",206,25
2010,8,"Female","White",258,30
2010,9,"Female","White",275,30
2010,10,"Female","White",291,30
2010,11,"Female","White",271,30
2010,12,"Female","White",294,30
2011,1,"Female","White",302,30
2011,2,"Female","White",259,30
2011,3,"Female","White",291,30
2011,4,"Female","White",271,30
2011,5,"Female","White",272,30
2011,6,"Female","White",280,30
2011,7,"Female","White",257,30
2011,8,"Female","White",264,30
2011,9,"Female","White",267,30
2011,10,"Female","White",246,30
2011,11,"Female","White",256,30
2011,12,"Female","White",262,30
2012,1,"Female","White",272,30
2012,2,"Female","White",263,30
2012,3,"Female","White",256,30
2012,4,"Female","White",269,30
2012,5,"Female","White",278,30
2012,6,"Female","White",278,30
2012,7,"Female","White",289,30
2012,8,"Female","White",278,30
2012,9,"Female","White",267,30
2012,10,"Female","White",300,30
2012,11,"Female","White",240,30
2012,12,"Female","White",280,30
2013,1,"Female","White",306,30
2013,2,"Female","White",236,30
2013,3,"Female","White",274,30
2013,4,"Female","White",284,30
2013,5,"Female","White",293,30
2013,6,"Female","White",284,30
2013,7,"Female","White",291,30
2013,8,"Female","White",267,30
2013,9,"Female","White",291,30
2013,10,"Female","White",270,30
2013,11,"Female","White",265,30
2013,12,"Female","White",261,30
2014,1,"Female","White",271,30
2014,2,"Female","White",274,30
2014,3,"Female","White",301,30
2014,4,"Female","White",262,30
2014,5,"Female","White",288,30
2014,6,"Female","White",253,30
2014,7,"Female","White",271,30
2014,8,"Female","White",264,30
2014,9,"Female","White",246,30
2014,10,"Female","White",285,30
2014,11,"Female","White",234,30
2014,12,"Female","White",286,30
2015,1,"Female","White",283,30
2015,2,"Female","White",223,30
2015,3,"Female","White",276,30
2015,4,"Female","White",266,30
2015,5,"Female","White",270,30
2015,6,"Female","White",266,30
2015,7,"Female","White",282,30
2015,8,"Female","White",293,30
2015,9,"Female","White",236,30
2015,10,"Female","White",261,30
2015,11,"Female","White",227,30
2015,12,"Female","White",246,30
2016,1,"Female","White",297,30
2016,2,"Female","White",241,30
2016,3,"Female","White",273,30
2016,4,"Female","White",290,30
2016,5,"Female","White",269,30
2016,6,"Female","White",260,30
2016,7,"Female","White",278,30
2016,8,"Female","White",267,30
2016,9,"Female","White",234,30
2016,10,"Female","White",272,30
2016,11,"Female","White",274,30
2016,12,"Female","White",242,30
2017,1,"Female","White",247,30
2017,2,"Female","White",242,30
2017,3,"Female","White",270,30
2017,4,"Female","White",253,30
2017,5,"Female","White",250,30
2017,6,"Female","White",268,30
2017,7,"Female","White",271,30
2017,8,"Female","White",237,30
2017,9,"Female","White",233,30
2017,10,"Female","White",246,30
2017,11,"Female","White",250,30
2017,12,"Female","White",232,30
2018,1,"Female","White",249,30
2018,2,"Female","White",247,30
2018,3,"Female","White",233,30
2018,4,"Female","White",240,30
2018,5,"Female","White",231,30
2018,6,"Female","White",260,30
2018,7,"Female","White",245,30
2018,8,"Female","White",200,30
2018,9,"Female","White",238,30
2018,10,"Female","White",235,30
2018,11,"Female","White",213,30
2018,12,"Female","White",233,30
2019,1,"Female","White",243,30
2019,2,"Female","White",225,30
2019,3,"Female","White",211,30
2019,4,"Female","White",218,30
2019,5,"Female","White",274,30
2019,6,"Female","White",254,30
2019,7,"Female","White",234,30
2019,8,"Female","White",255,30
2019,9,"Female","White",248,30
2019,10,"Female","White",230,30
2019,11,"Female","White",253,30
2019,12,"Female","White",228,30
2020,1,"Female","White",251,30
2020,2,"Female","White",227,30
2020,3,"Female","White",249,30
2020,4,"Female","White",241,30
2020,5,"Female","White",296,30
2020,6,"Female","White",264,30
2020,7,"Female","White",261,30
2020,8,"Female","White",256,30
2020,9,"Female","White",260,30
2020,10,"Female","White",246,30
2020,11,"Female","White",253,30
2020,12,"Female","White",297,30
2010,8,"Female","White",372,35
2010,9,"Female","White",348,35
2010,10,"Female","White",319,35
2010,11,"Female","White",328,35
2010,12,"Female","White",328,35
2011,1,"Female","White",383,35
2011,2,"Female","White",315,35
2011,3,"Female","White",333,35
2011,4,"Female","White",307,35
2011,5,"Female","White",357,35
2011,6,"Female","White",327,35
2011,7,"Female","White",350,35
2011,8,"Female","White",319,35
2011,9,"Female","White",324,35
2011,10,"Female","White",329,35
2011,11,"Female","White",308,35
2011,12,"Female","White",354,35
2012,1,"Female","White",346,35
2012,2,"Female","White",300,35
2012,3,"Female","White",381,35
2012,4,"Female","White",323,35
2012,5,"Female","White",330,35
2012,6,"Female","White",371,35
2012,7,"Female","White",354,35
2012,8,"Female","White",354,35
2012,9,"Female","White",305,35
2012,10,"Female","White",343,35
2012,11,"Female","White",345,35
2012,12,"Female","White",393,35
2013,1,"Female","White",347,35
2013,2,"Female","White",324,35
2013,3,"Female","White",326,35
2013,4,"Female","White",345,35
2013,5,"Female","White",378,35
2013,6,"Female","White",328,35
2013,7,"Female","White",360,35
2013,8,"Female","White",349,35
2013,9,"Female","White",327,35
2013,10,"Female","White",329,35
2013,11,"Female","White",293,35
2013,12,"Female","White",333,35
2014,1,"Female","White",327,35
2014,2,"Female","White",334,35
2014,3,"Female","White",348,35
2014,4,"Female","White",328,35
2014,5,"Female","White",356,35
2014,6,"Female","White",337,35
2014,7,"Female","White",360,35
2014,8,"Female","White",311,35
2014,9,"Female","White",308,35
2014,10,"Female","White",358,35
2014,11,"Female","White",327,35
2014,12,"Female","White",341,35
2015,1,"Female","White",373,35
2015,2,"Female","White",312,35
2015,3,"Female","White",398,35
2015,4,"Female","White",366,35
2015,5,"Female","White",407,35
2015,6,"Female","White",380,35
2015,7,"Female","White",356,35
2015,8,"Female","White",325,35
2015,9,"Female","White",307,35
2015,10,"Female","White",364,35
2015,11,"Female","White",371,35
2015,12,"Female","White",350,35
2016,1,"Female","White",364,35
2016,2,"Female","White",329,35
2016,3,"Female","White",354,35
2016,4,"Female","White",391,35
2016,5,"Female","White",416,35
2016,6,"Female","White",361,35
2016,7,"Female","White",344,35
2016,8,"Female","White",363,35
2016,9,"Female","White",318,35
2016,10,"Female","White",339,35
2016,11,"Female","White",351,35
2016,12,"Female","White",377,35
2017,1,"Female","White",360,35
2017,2,"Female","White",348,35
2017,3,"Female","White",318,35
2017,4,"Female","White",341,35
2017,5,"Female","White",347,35
2017,6,"Female","White",343,35
2017,7,"Female","White",361,35
2017,8,"Female","White",382,35
2017,9,"Female","White",362,35
2017,10,"Female","White",386,35
2017,11,"Female","White",281,35
2017,12,"Female","White",355,35
2018,1,"Female","White",344,35
2018,2,"Female","White",312,35
2018,3,"Female","White",407,35
2018,4,"Female","White",301,35
2018,5,"Female","White",382,35
2018,6,"Female","White",372,35
2018,7,"Female","White",351,35
2018,8,"Female","White",331,35
2018,9,"Female","White",324,35
2018,10,"Female","White",348,35
2018,11,"Female","White",308,35
2018,12,"Female","White",344,35
2019,1,"Female","White",329,35
2019,2,"Female","White",301,35
2019,3,"Female","White",368,35
2019,4,"Female","White",347,35
2019,5,"Female","White",364,35
2019,6,"Female","White",343,35
2019,7,"Female","White",391,35
2019,8,"Female","White",385,35
2019,9,"Female","White",343,35
2019,10,"Female","White",335,35
2019,11,"Female","White",300,35
2019,12,"Female","White",317,35
2020,1,"Female","White",349,35
2020,2,"Female","White",310,35
2020,3,"Female","White",373,35
2020,4,"Female","White",385,35
2020,5,"Female","White",406,35
2020,6,"Female","White",391,35
2020,7,"Female","White",454,35
2020,8,"Female","White",435,35
2020,9,"Female","White",391,35
2020,10,"Female","White",368,35
2020,11,"Female","White",366,35
2020,12,"Female","White",461,35
2010,8,"Female","White",494,40
2010,9,"Female","White",456,40
2010,10,"Female","White",487,40
2010,11,"Female","White",477,40
2010,12,"Female","White",496,40
2011,1,"Female","White",564,40
2011,2,"Female","White",460,40
2011,3,"Female","White",503,40
2011,4,"Female","White",449,40
2011,5,"Female","White",523,40
2011,6,"Female","White",478,40
2011,7,"Female","White",508,40
2011,8,"Female","White",528,40
2011,9,"Female","White",491,40
2011,10,"Female","White",477,40
2011,11,"Female","White",493,40
2011,12,"Female","White",499,40
2012,1,"Female","White",523,40
2012,2,"Female","White",495,40
2012,3,"Female","White",493,40
2012,4,"Female","White",476,40
2012,5,"Female","White",512,40
2012,6,"Female","White",480,40
2012,7,"Female","White",525,40
2012,8,"Female","White",480,40
2012,9,"Female","White",483,40
2012,10,"Female","White",433,40
2012,11,"Female","White",470,40
2012,12,"Female","White",491,40
2013,1,"Female","White",507,40
2013,2,"Female","White",430,40
2013,3,"Female","White",486,40
2013,4,"Female","White",448,40
2013,5,"Female","White",497,40
2013,6,"Female","White",519,40
2013,7,"Female","White",507,40
2013,8,"Female","White",484,40
2013,9,"Female","White",480,40
2013,10,"Female","White",443,40
2013,11,"Female","White",415,40
2013,12,"Female","White",460,40
2014,1,"Female","White",470,40
2014,2,"Female","White",426,40
2014,3,"Female","White",461,40
2014,4,"Female","White",423,40
2014,5,"Female","White",518,40
2014,6,"Female","White",473,40
2014,7,"Female","White",451,40
2014,8,"Female","White",459,40
2014,9,"Female","White",430,40
2014,10,"Female","White",467,40
2014,11,"Female","White",438,40
2014,12,"Female","White",445,40
2015,1,"Female","White",448,40
2015,2,"Female","White",428,40
2015,3,"Female","White",502,40
2015,4,"Female","White",439,40
2015,5,"Female","White",479,40
2015,6,"Female","White",483,40
2015,7,"Female","White",484,40
2015,8,"Female","White",474,40
2015,9,"Female","White",438,40
2015,10,"Female","White",459,40
2015,11,"Female","White",394,40
2015,12,"Female","White",447,40
2016,1,"Female","White",450,40
2016,2,"Female","White",438,40
2016,3,"Female","White",506,40
2016,4,"Female","White",536,40
2016,5,"Female","White",503,40
2016,6,"Female","White",470,40
2016,7,"Female","White",507,40
2016,8,"Female","White",419,40
2016,9,"Female","White",436,40
2016,10,"Female","White",478,40
2016,11,"Female","White",445,40
2016,12,"Female","White",472,40
2017,1,"Female","White",488,40
2017,2,"Female","White",399,40
2017,3,"Female","White",430,40
2017,4,"Female","White",438,40
2017,5,"Female","White",475,40
2017,6,"Female","White",450,40
2017,7,"Female","White",497,40
2017,8,"Female","White",439,40
2017,9,"Female","White",430,40
2017,10,"Female","White",461,40
2017,11,"Female","White",437,40
2017,12,"Female","White",465,40
2018,1,"Female","White",454,40
2018,2,"Female","White",416,40
2018,3,"Female","White",435,40
2018,4,"Female","White",469,40
2018,5,"Female","White",488,40
2018,6,"Female","White",463,40
2018,7,"Female","White",495,40
2018,8,"Female","White",421,40
2018,9,"Female","White",455,40
2018,10,"Female","White",426,40
2018,11,"Female","White",445,40
2018,12,"Female","White",446,40
2019,1,"Female","White",431,40
2019,2,"Female","White",404,40
2019,3,"Female","White",466,40
2019,4,"Female","White",477,40
2019,5,"Female","White",531,40
2019,6,"Female","White",495,40
2019,7,"Female","White",466,40
2019,8,"Female","White",473,40
2019,9,"Female","White",437,40
2019,10,"Female","White",513,40
2019,11,"Female","White",464,40
2019,12,"Female","White",474,40
2020,1,"Female","White",512,40
2020,2,"Female","White",454,40
2020,3,"Female","White",477,40
2020,4,"Female","White",506,40
2020,5,"Female","White",588,40
2020,6,"Female","White",539,40
2020,7,"Female","White",548,40
2020,8,"Female","White",566,40
2020,9,"Female","White",609,40
2020,10,"Female","White",532,40
2020,11,"Female","White",494,40
2020,12,"Female","White",611,40
2010,8,"Female","White",749,45
2010,9,"Female","White",728,45
2010,10,"Female","White",705,45
2010,11,"Female","White",679,45
2010,12,"Female","White",727,45
2011,1,"Female","White",776,45
2011,2,"Female","White",611,45
2011,3,"Female","White",736,45
2011,4,"Female","White",685,45
2011,5,"Female","White",751,45
2011,6,"Female","White",735,45
2011,7,"Female","White",749,45
2011,8,"Female","White",692,45
2011,9,"Female","White",764,45
2011,10,"Female","White",714,45
2011,11,"Female","White",682,45
2011,12,"Female","White",755,45
2012,1,"Female","White",682,45
2012,2,"Female","White",642,45
2012,3,"Female","White",694,45
2012,4,"Female","White",693,45
2012,5,"Female","White",751,45
2012,6,"Female","White",766,45
2012,7,"Female","White",776,45
2012,8,"Female","White",657,45
2012,9,"Female","White",694,45
2012,10,"Female","White",777,45
2012,11,"Female","White",636,45
2012,12,"Female","White",648,45
2013,1,"Female","White",700,45
2013,2,"Female","White",646,45
2013,3,"Female","White",728,45
2013,4,"Female","White",727,45
2013,5,"Female","White",784,45
2013,6,"Female","White",716,45
2013,7,"Female","White",789,45
2013,8,"Female","White",755,45
2013,9,"Female","White",640,45
2013,10,"Female","White",647,45
2013,11,"Female","White",657,45
2013,12,"Female","White",699,45
2014,1,"Female","White",710,45
2014,2,"Female","White",654,45
2014,3,"Female","White",646,45
2014,4,"Female","White",680,45
2014,5,"Female","White",658,45
2014,6,"Female","White",681,45
2014,7,"Female","White",687,45
2014,8,"Female","White",691,45
2014,9,"Female","White",645,45
2014,10,"Female","White",709,45
2014,11,"Female","White",638,45
2014,12,"Female","White",632,45
2015,1,"Female","White",683,45
2015,2,"Female","White",613,45
2015,3,"Female","White",659,45
2015,4,"Female","White",653,45
2015,5,"Female","White",715,45
2015,6,"Female","White",630,45
2015,7,"Female","White",698,45
2015,8,"Female","White",656,45
2015,9,"Female","White",631,45
2015,10,"Female","White",634,45
2015,11,"Female","White",643,45
2015,12,"Female","White",672,45
2016,1,"Female","White",685,45
2016,2,"Female","White",642,45
2016,3,"Female","White",715,45
2016,4,"Female","White",758,45
2016,5,"Female","White",742,45
2016,6,"Female","White",735,45
2016,7,"Female","White",653,45
2016,8,"Female","White",660,45
2016,9,"Female","White",570,45
2016,10,"Female","White",629,45
2016,11,"Female","White",580,45
2016,12,"Female","White",613,45
2017,1,"Female","White",668,45
2017,2,"Female","White",608,45
2017,3,"Female","White",634,45
2017,4,"Female","White",580,45
2017,5,"Female","White",700,45
2017,6,"Female","White",624,45
2017,7,"Female","White",713,45
2017,8,"Female","White",669,45
2017,9,"Female","White",633,45
2017,10,"Female","White",646,45
2017,11,"Female","White",572,45
2017,12,"Female","White",609,45
2018,1,"Female","White",687,45
2018,2,"Female","White",587,45
2018,3,"Female","White",589,45
2018,4,"Female","White",644,45
2018,5,"Female","White",663,45
2018,6,"Female","White",640,45
2018,7,"Female","White",681,45
2018,8,"Female","White",596,45
2018,9,"Female","White",658,45
2018,10,"Female","White",638,45
2018,11,"Female","White",596,45
2018,12,"Female","White",621,45
2019,1,"Female","White",611,45
2019,2,"Female","White",581,45
2019,3,"Female","White",641,45
2019,4,"Female","White",588,45
2019,5,"Female","White",652,45
2019,6,"Female","White",663,45
2019,7,"Female","White",662,45
2019,8,"Female","White",633,45
2019,9,"Female","White",667,45
2019,10,"Female","White",597,45
2019,11,"Female","White",591,45
2019,12,"Female","White",657,45
2020,1,"Female","White",605,45
2020,2,"Female","White",586,45
2020,3,"Female","White",642,45
2020,4,"Female","White",715,45
2020,5,"Female","White",799,45
2020,6,"Female","White",723,45
2020,7,"Female","White",766,45
2020,8,"Female","White",804,45
2020,9,"Female","White",726,45
2020,10,"Female","White",730,45
2020,11,"Female","White",704,45
2020,12,"Female","White",796,45
2010,8,"Female","White",1053,50
2010,9,"Female","White",916,50
2010,10,"Female","White",960,50
2010,11,"Female","White",943,50
2010,12,"Female","White",973,50
2011,1,"Female","White",986,50
2011,2,"Female","White",899,50
2011,3,"Female","White",1001,50
2011,4,"Female","White",954,50
2011,5,"Female","White",1011,50
2011,6,"Female","White",962,50
2011,7,"Female","White",1021,50
2011,8,"Female","White",1027,50
2011,9,"Female","White",932,50
2011,10,"Female","White",954,50
2011,11,"Female","White",892,50
2011,12,"Female","White",967,50
2012,1,"Female","White",954,50
2012,2,"Female","White",904,50
2012,3,"Female","White",945,50
2012,4,"Female","White",937,50
2012,5,"Female","White",951,50
2012,6,"Female","White",1002,50
2012,7,"Female","White",1054,50
2012,8,"Female","White",968,50
2012,9,"Female","White",977,50
2012,10,"Female","White",956,50
2012,11,"Female","White",887,50
2012,12,"Female","White",997,50
2013,1,"Female","White",945,50
2013,2,"Female","White",843,50
2013,3,"Female","White",915,50
2013,4,"Female","White",950,50
2013,5,"Female","White",999,50
2013,6,"Female","White",928,50
2013,7,"Female","White",1037,50
2013,8,"Female","White",999,50
2013,9,"Female","White",992,50
2013,10,"Female","White",901,50
2013,11,"Female","White",867,50
2013,12,"Female","White",905,50
2014,1,"Female","White",949,50
2014,2,"Female","White",913,50
2014,3,"Female","White",928,50
2014,4,"Female","White",854,50
2014,5,"Female","White",963,50
2014,6,"Female","White",959,50
2014,7,"Female","White",974,50
2014,8,"Female","White",1008,50
2014,9,"Female","White",992,50
2014,10,"Female","White",936,50
2014,11,"Female","White",866,50
2014,12,"Female","White",927,50
2015,1,"Female","White",914,50
2015,2,"Female","White",826,50
2015,3,"Female","White",943,50
2015,4,"Female","White",1009,50
2015,5,"Female","White",1015,50
2015,6,"Female","White",1000,50
2015,7,"Female","White",1047,50
2015,8,"Female","White",1021,50
2015,9,"Female","White",917,50
2015,10,"Female","White",981,50
2015,11,"Female","White",875,50
2015,12,"Female","White",988,50
2016,1,"Female","White",921,50
2016,2,"Female","White",951,50
2016,3,"Female","White",1043,50
2016,4,"Female","White",1098,50
2016,5,"Female","White",1045,50
2016,6,"Female","White",1034,50
2016,7,"Female","White",1003,50
2016,8,"Female","White",984,50
2016,9,"Female","White",925,50
2016,10,"Female","White",937,50
2016,11,"Female","White",914,50
2016,12,"Female","White",944,50
2017,1,"Female","White",969,50
2017,2,"Female","White",871,50
2017,3,"Female","White",948,50
2017,4,"Female","White",900,50
2017,5,"Female","White",913,50
2017,6,"Female","White",948,50
2017,7,"Female","White",1015,50
2017,8,"Female","White",979,50
2017,9,"Female","White",936,50
2017,10,"Female","White",869,50
2017,11,"Female","White",905,50
2017,12,"Female","White",913,50
2018,1,"Female","White",904,50
2018,2,"Female","White",832,50
2018,3,"Female","White",959,50
2018,4,"Female","White",883,50
2018,5,"Female","White",993,50
2018,6,"Female","White",986,50
2018,7,"Female","White",998,50
2018,8,"Female","White",910,50
2018,9,"Female","White",871,50
2018,10,"Female","White",944,50
2018,11,"Female","White",896,50
2018,12,"Female","White",900,50
2019,1,"Female","White",850,50
2019,2,"Female","White",804,50
2019,3,"Female","White",907,50
2019,4,"Female","White",913,50
2019,5,"Female","White",958,50
2019,6,"Female","White",956,50
2019,7,"Female","White",1041,50
2019,8,"Female","White",954,50
2019,9,"Female","White",926,50
2019,10,"Female","White",959,50
2019,11,"Female","White",859,50
2019,12,"Female","White",923,50
2020,1,"Female","White",886,50
2020,2,"Female","White",794,50
2020,3,"Female","White",918,50
2020,4,"Female","White",1008,50
2020,5,"Female","White",1155,50
2020,6,"Female","White",1083,50
2020,7,"Female","White",1152,50
2020,8,"Female","White",1143,50
2020,9,"Female","White",997,50
2020,10,"Female","White",981,50
2020,11,"Female","White",984,50
2020,12,"Female","White",1142,50
2010,8,"Female","White",1311,55
2010,9,"Female","White",1200,55
2010,10,"Female","White",1216,55
2010,11,"Female","White",1120,55
2010,12,"Female","White",1199,55
2011,1,"Female","White",1295,55
2011,2,"Female","White",1106,55
2011,3,"Female","White",1266,55
2011,4,"Female","White",1215,55
2011,5,"Female","White",1327,55
2011,6,"Female","White",1293,55
2011,7,"Female","White",1331,55
2011,8,"Female","White",1247,55
2011,9,"Female","White",1213,55
2011,10,"Female","White",1222,55
2011,11,"Female","White",1128,55
2011,12,"Female","White",1161,55
2012,1,"Female","White",1183,55
2012,2,"Female","White",1174,55
2012,3,"Female","White",1231,55
2012,4,"Female","White",1162,55
2012,5,"Female","White",1216,55
2012,6,"Female","White",1221,55
2012,7,"Female","White",1345,55
2012,8,"Female","White",1292,55
2012,9,"Female","White",1282,55
2012,10,"Female","White",1255,55
2012,11,"Female","White",1191,55
2012,12,"Female","White",1238,55
2013,1,"Female","White",1259,55
2013,2,"Female","White",1112,55
2013,3,"Female","White",1249,55
2013,4,"Female","White",1247,55
2013,5,"Female","White",1358,55
2013,6,"Female","White",1276,55
2013,7,"Female","White",1403,55
2013,8,"Female","White",1318,55
2013,9,"Female","White",1271,55
2013,10,"Female","White",1270,55
2013,11,"Female","White",1188,55
2013,12,"Female","White",1271,55
2014,1,"Female","White",1198,55
2014,2,"Female","White",1139,55
2014,3,"Female","White",1215,55
2014,4,"Female","White",1241,55
2014,5,"Female","White",1301,55
2014,6,"Female","White",1333,55
2014,7,"Female","White",1302,55
2014,8,"Female","White",1330,55
2014,9,"Female","White",1251,55
2014,10,"Female","White",1396,55
2014,11,"Female","White",1161,55
2014,12,"Female","White",1213,55
2015,1,"Female","White",1315,55
2015,2,"Female","White",1109,55
2015,3,"Female","White",1288,55
2015,4,"Female","White",1273,55
2015,5,"Female","White",1380,55
2015,6,"Female","White",1326,55
2015,7,"Female","White",1362,55
2015,8,"Female","White",1258,55
2015,9,"Female","White",1249,55
2015,10,"Female","White",1278,55
2015,11,"Female","White",1182,55
2015,12,"Female","White",1239,55
2016,1,"Female","White",1285,55
2016,2,"Female","White",1253,55
2016,3,"Female","White",1329,55
2016,4,"Female","White",1425,55
2016,5,"Female","White",1503,55
2016,6,"Female","White",1450,55
2016,7,"Female","White",1355,55
2016,8,"Female","White",1340,55
2016,9,"Female","White",1281,55
2016,10,"Female","White",1277,55
2016,11,"Female","White",1230,55
2016,12,"Female","White",1233,55
2017,1,"Female","White",1256,55
2017,2,"Female","White",1144,55
2017,3,"Female","White",1324,55
2017,4,"Female","White",1282,55
2017,5,"Female","White",1343,55
2017,6,"Female","White",1355,55
2017,7,"Female","White",1468,55
2017,8,"Female","White",1380,55
2017,9,"Female","White",1277,55
2017,10,"Female","White",1302,55
2017,11,"Female","White",1189,55
2017,12,"Female","White",1265,55
2018,1,"Female","White",1252,55
2018,2,"Female","White",1126,55
2018,3,"Female","White",1238,55
2018,4,"Female","White",1236,55
2018,5,"Female","White",1363,55
2018,6,"Female","White",1338,55
2018,7,"Female","White",1404,55
2018,8,"Female","White",1384,55
2018,9,"Female","White",1252,55
2018,10,"Female","White",1291,55
2018,11,"Female","White",1193,55
2018,12,"Female","White",1273,55
2019,1,"Female","White",1292,55
2019,2,"Female","White",1132,55
2019,3,"Female","White",1259,55
2019,4,"Female","White",1218,55
2019,5,"Female","White",1343,55
2019,6,"Female","White",1419,55
2019,7,"Female","White",1484,55
2019,8,"Female","White",1404,55
2019,9,"Female","White",1287,55
2019,10,"Female","White",1330,55
2019,11,"Female","White",1248,55
2019,12,"Female","White",1229,55
2020,1,"Female","White",1285,55
2020,2,"Female","White",1243,55
2020,3,"Female","White",1298,55
2020,4,"Female","White",1340,55
2020,5,"Female","White",1622,55
2020,6,"Female","White",1632,55
2020,7,"Female","White",1667,55
2020,8,"Female","White",1633,55
2020,9,"Female","White",1511,55
2020,10,"Female","White",1445,55
2020,11,"Female","White",1439,55
2020,12,"Female","White",1690,55
2010,8,"Female","White",1530,60
2010,9,"Female","White",1505,60
2010,10,"Female","White",1539,60
2010,11,"Female","White",1432,60
2010,12,"Female","White",1482,60
2011,1,"Female","White",1549,60
2011,2,"Female","White",1357,60
2011,3,"Female","White",1486,60
2011,4,"Female","White",1451,60
2011,5,"Female","White",1601,60
2011,6,"Female","White",1625,60
2011,7,"Female","White",1677,60
2011,8,"Female","White",1736,60
2011,9,"Female","White",1552,60
2011,10,"Female","White",1481,60
2011,11,"Female","White",1483,60
2011,12,"Female","White",1461,60
2012,1,"Female","White",1448,60
2012,2,"Female","White",1430,60
2012,3,"Female","White",1514,60
2012,4,"Female","White",1486,60
2012,5,"Female","White",1669,60
2012,6,"Female","White",1589,60
2012,7,"Female","White",1753,60
2012,8,"Female","White",1592,60
2012,9,"Female","White",1551,60
2012,10,"Female","White",1566,60
2012,11,"Female","White",1427,60
2012,12,"Female","White",1523,60
2013,1,"Female","White",1505,60
2013,2,"Female","White",1427,60
2013,3,"Female","White",1527,60
2013,4,"Female","White",1558,60
2013,5,"Female","White",1628,60
2013,6,"Female","White",1644,60
2013,7,"Female","White",1722,60
2013,8,"Female","White",1630,60
2013,9,"Female","White",1571,60
2013,10,"Female","White",1556,60
2013,11,"Female","White",1491,60
2013,12,"Female","White",1515,60
2014,1,"Female","White",1519,60
2014,2,"Female","White",1498,60
2014,3,"Female","White",1508,60
2014,4,"Female","White",1479,60
2014,5,"Female","White",1681,60
2014,6,"Female","White",1670,60
2014,7,"Female","White",1664,60
2014,8,"Female","White",1719,60
2014,9,"Female","White",1562,60
2014,10,"Female","White",1668,60
2014,11,"Female","White",1471,60
2014,12,"Female","White",1563,60
2015,1,"Female","White",1671,60
2015,2,"Female","White",1428,60
2015,3,"Female","White",1626,60
2015,4,"Female","White",1643,60
2015,5,"Female","White",1760,60
2015,6,"Female","White",1741,60
2015,7,"Female","White",1785,60
2015,8,"Female","White",1648,60
2015,9,"Female","White",1585,60
2015,10,"Female","White",1584,60
2015,11,"Female","White",1533,60
2015,12,"Female","White",1662,60
2016,1,"Female","White",1658,60
2016,2,"Female","White",1581,60
2016,3,"Female","White",1707,60
2016,4,"Female","White",1752,60
2016,5,"Female","White",1814,60
2016,6,"Female","White",1897,60
2016,7,"Female","White",1849,60
2016,8,"Female","White",1764,60
2016,9,"Female","White",1706,60
2016,10,"Female","White",1660,60
2016,11,"Female","White",1529,60
2016,12,"Female","White",1643,60
2017,1,"Female","White",1696,60
2017,2,"Female","White",1506,60
2017,3,"Female","White",1685,60
2017,4,"Female","White",1640,60
2017,5,"Female","White",1794,60
2017,6,"Female","White",1803,60
2017,7,"Female","White",1897,60
2017,8,"Female","White",1803,60
2017,9,"Female","White",1738,60
2017,10,"Female","White",1740,60
2017,11,"Female","White",1626,60
2017,12,"Female","White",1677,60
2018,1,"Female","White",1712,60
2018,2,"Female","White",1491,60
2018,3,"Female","White",1808,60
2018,4,"Female","White",1658,60
2018,5,"Female","White",1834,60
2018,6,"Female","White",1844,60
2018,7,"Female","White",1956,60
2018,8,"Female","White",1749,60
2018,9,"Female","White",1755,60
2018,10,"Female","White",1770,60
2018,11,"Female","White",1631,60
2018,12,"Female","White",1753,60
2019,1,"Female","White",1712,60
2019,2,"Female","White",1532,60
2019,3,"Female","White",1709,60
2019,4,"Female","White",1785,60
2019,5,"Female","White",1886,60
2019,6,"Female","White",1946,60
2019,7,"Female","White",2068,60
2019,8,"Female","White",1883,60
2019,9,"Female","White",1689,60
2019,10,"Female","White",1717,60
2019,11,"Female","White",1684,60
2019,12,"Female","White",1737,60
2020,1,"Female","White",1720,60
2020,2,"Female","White",1561,60
2020,3,"Female","White",1938,60
2020,4,"Female","White",1900,60
2020,5,"Female","White",2296,60
2020,6,"Female","White",2162,60
2020,7,"Female","White",2253,60
2020,8,"Female","White",2267,60
2020,9,"Female","White",2020,60
2020,10,"Female","White",2053,60
2020,11,"Female","White",2102,60
2020,12,"Female","White",2395,60
2010,8,"Female","White",1879,65
2010,9,"Female","White",1878,65
2010,10,"Female","White",1823,65
2010,11,"Female","White",1702,65
2010,12,"Female","White",1838,65
2011,1,"Female","White",1906,65
2011,2,"Female","White",1646,65
2011,3,"Female","White",1821,65
2011,4,"Female","White",1701,65
2011,5,"Female","White",1876,65
2011,6,"Female","White",1978,65
2011,7,"Female","White",2119,65
2011,8,"Female","White",1896,65
2011,9,"Female","White",1833,65
2011,10,"Female","White",1807,65
2011,11,"Female","White",1755,65
2011,12,"Female","White",1763,65
2012,1,"Female","White",1750,65
2012,2,"Female","White",1692,65
2012,3,"Female","White",1748,65
2012,4,"Female","White",1738,65
2012,5,"Female","White",1968,65
2012,6,"Female","White",1972,65
2012,7,"Female","White",2087,65
2012,8,"Female","White",1955,65
2012,9,"Female","White",1927,65
2012,10,"Female","White",1953,65
2012,11,"Female","White",1754,65
2012,12,"Female","White",1858,65
2013,1,"Female","White",1811,65
2013,2,"Female","White",1636,65
2013,3,"Female","White",1807,65
2013,4,"Female","White",1780,65
2013,5,"Female","White",1933,65
2013,6,"Female","White",2020,65
2013,7,"Female","White",2105,65
2013,8,"Female","White",2065,65
2013,9,"Female","White",1961,65
2013,10,"Female","White",1969,65
2013,11,"Female","White",1773,65
2013,12,"Female","White",1886,65
2014,1,"Female","White",1892,65
2014,2,"Female","White",1825,65
2014,3,"Female","White",1853,65
2014,4,"Female","White",1842,65
2014,5,"Female","White",1947,65
2014,6,"Female","White",1994,65
2014,7,"Female","White",2018,65
2014,8,"Female","White",2038,65
2014,9,"Female","White",1904,65
2014,10,"Female","White",2002,65
2014,11,"Female","White",1814,65
2014,12,"Female","White",1950,65
2015,1,"Female","White",2033,65
2015,2,"Female","White",1619,65
2015,3,"Female","White",1999,65
2015,4,"Female","White",2018,65
2015,5,"Female","White",2219,65
2015,6,"Female","White",2124,65
2015,7,"Female","White",2275,65
2015,8,"Female","White",2066,65
2015,9,"Female","White",1965,65
2015,10,"Female","White",2053,65
2015,11,"Female","White",1912,65
2015,12,"Female","White",2005,65
2016,1,"Female","White",1923,65
2016,2,"Female","White",1998,65
2016,3,"Female","White",2118,65
2016,4,"Female","White",2184,65
2016,5,"Female","White",2227,65
2016,6,"Female","White",2317,65
2016,7,"Female","White",2376,65
2016,8,"Female","White",2211,65
2016,9,"Female","White",2018,65
2016,10,"Female","White",2080,65
2016,11,"Female","White",1922,65
2016,12,"Female","White",2078,65
2017,1,"Female","White",2027,65
2017,2,"Female","White",1846,65
2017,3,"Female","White",1990,65
2017,4,"Female","White",1993,65
2017,5,"Female","White",2189,65
2017,6,"Female","White",2202,65
2017,7,"Female","White",2368,65
2017,8,"Female","White",2206,65
2017,9,"Female","White",2204,65
2017,10,"Female","White",2166,65
2017,11,"Female","White",1983,65
2017,12,"Female","White",2113,65
2018,1,"Female","White",2102,65
2018,2,"Female","White",1840,65
2018,3,"Female","White",2161,65
2018,4,"Female","White",2042,65
2018,5,"Female","White",2296,65
2018,6,"Female","White",2336,65
2018,7,"Female","White",2476,65
2018,8,"Female","White",2381,65
2018,9,"Female","White",2173,65
2018,10,"Female","White",2107,65
2018,11,"Female","White",2104,65
2018,12,"Female","White",2239,65
2019,1,"Female","White",2175,65
2019,2,"Female","White",1943,65
2019,3,"Female","White",2113,65
2019,4,"Female","White",2151,65
2019,5,"Female","White",2409,65
2019,6,"Female","White",2422,65
2019,7,"Female","White",2596,65
2019,8,"Female","White",2557,65
2019,9,"Female","White",2259,65
2019,10,"Female","White",2218,65
2019,11,"Female","White",2143,65
2019,12,"Female","White",2321,65
2020,1,"Female","White",2255,65
2020,2,"Female","White",2178,65
2020,3,"Female","White",2397,65
2020,4,"Female","White",2307,65
2020,5,"Female","White",2857,65
2020,6,"Female","White",2666,65
2020,7,"Female","White",2957,65
2020,8,"Female","White",2897,65
2020,9,"Female","White",2565,65
2020,10,"Female","White",2767,65
2020,11,"Female","White",2506,65
2020,12,"Female","White",2896,65
2010,8,"Female","White",2537,70
2010,9,"Female","White",2466,70
2010,10,"Female","White",2334,70
2010,11,"Female","White",2242,70
2010,12,"Female","White",2385,70
2011,1,"Female","White",2484,70
2011,2,"Female","White",2201,70
2011,3,"Female","White",2345,70
2011,4,"Female","White",2227,70
2011,5,"Female","White",2380,70
2011,6,"Female","White",2456,70
2011,7,"Female","White",2575,70
2011,8,"Female","White",2443,70
2011,9,"Female","White",2308,70
2011,10,"Female","White",2279,70
2011,11,"Female","White",2222,70
2011,12,"Female","White",2216,70
2012,1,"Female","White",2196,70
2012,2,"Female","White",2093,70
2012,3,"Female","White",2222,70
2012,4,"Female","White",2122,70
2012,5,"Female","White",2417,70
2012,6,"Female","White",2458,70
2012,7,"Female","White",2675,70
2012,8,"Female","White",2402,70
2012,9,"Female","White",2343,70
2012,10,"Female","White",2378,70
2012,11,"Female","White",2106,70
2012,12,"Female","White",2389,70
2013,1,"Female","White",2283,70
2013,2,"Female","White",1963,70
2013,3,"Female","White",2320,70
2013,4,"Female","White",2294,70
2013,5,"Female","White",2465,70
2013,6,"Female","White",2432,70
2013,7,"Female","White",2627,70
2013,8,"Female","White",2561,70
2013,9,"Female","White",2374,70
2013,10,"Female","White",2347,70
2013,11,"Female","White",2178,70
2013,12,"Female","White",2257,70
2014,1,"Female","White",2233,70
2014,2,"Female","White",2278,70
2014,3,"Female","White",2248,70
2014,4,"Female","White",2237,70
2014,5,"Female","White",2361,70
2014,6,"Female","White",2427,70
2014,7,"Female","White",2607,70
2014,8,"Female","White",2622,70
2014,9,"Female","White",2301,70
2014,10,"Female","White",2442,70
2014,11,"Female","White",2244,70
2014,12,"Female","White",2301,70
2015,1,"Female","White",2383,70
2015,2,"Female","White",2065,70
2015,3,"Female","White",2295,70
2015,4,"Female","White",2333,70
2015,5,"Female","White",2574,70
2015,6,"Female","White",2486,70
2015,7,"Female","White",2719,70
2015,8,"Female","White",2418,70
2015,9,"Female","White",2394,70
2015,10,"Female","White",2387,70
2015,11,"Female","White",2361,70
2015,12,"Female","White",2442,70
2016,1,"Female","White",2290,70
2016,2,"Female","White",2180,70
2016,3,"Female","White",2403,70
2016,4,"Female","White",2627,70
2016,5,"Female","White",2693,70
2016,6,"Female","White",2824,70
2016,7,"Female","White",2800,70
2016,8,"Female","White",2665,70
2016,9,"Female","White",2352,70
2016,10,"Female","White",2504,70
2016,11,"Female","White",2257,70
2016,12,"Female","White",2410,70
2017,1,"Female","White",2320,70
2017,2,"Female","White",2182,70
2017,3,"Female","White",2428,70
2017,4,"Female","White",2467,70
2017,5,"Female","White",2686,70
2017,6,"Female","White",2760,70
2017,7,"Female","White",2961,70
2017,8,"Female","White",2803,70
2017,9,"Female","White",2581,70
2017,10,"Female","White",2675,70
2017,11,"Female","White",2409,70
2017,12,"Female","White",2473,70
2018,1,"Female","White",2503,70
2018,2,"Female","White",2225,70
2018,3,"Female","White",2474,70
2018,4,"Female","White",2516,70
2018,5,"Female","White",2727,70
2018,6,"Female","White",2915,70
2018,7,"Female","White",2925,70
2018,8,"Female","White",2821,70
2018,9,"Female","White",2683,70
2018,10,"Female","White",2558,70
2018,11,"Female","White",2481,70
2018,12,"Female","White",2690,70
2019,1,"Female","White",2661,70
2019,2,"Female","White",2301,70
2019,3,"Female","White",2639,70
2019,4,"Female","White",2606,70
2019,5,"Female","White",2878,70
2019,6,"Female","White",2841,70
2019,7,"Female","White",3064,70
2019,8,"Female","White",2835,70
2019,9,"Female","White",2733,70
2019,10,"Female","White",2741,70
2019,11,"Female","White",2612,70
2019,12,"Female","White",2702,70
2020,1,"Female","White",2703,70
2020,2,"Female","White",2487,70
2020,3,"Female","White",2751,70
2020,4,"Female","White",2792,70
2020,5,"Female","White",3431,70
2020,6,"Female","White",3288,70
2020,7,"Female","White",3594,70
2020,8,"Female","White",3553,70
2020,9,"Female","White",3275,70
2020,10,"Female","White",3139,70
2020,11,"Female","White",3068,70
2020,12,"Female","White",3693,70
2010,8,"Female","White",3086,75
2010,9,"Female","White",2910,75
2010,10,"Female","White",2813,75
2010,11,"Female","White",2755,75
2010,12,"Female","White",2812,75
2011,1,"Female","White",3024,75
2011,2,"Female","White",2572,75
2011,3,"Female","White",2775,75
2011,4,"Female","White",2807,75
2011,5,"Female","White",2888,75
2011,6,"Female","White",3197,75
2011,7,"Female","White",3387,75
2011,8,"Female","White",3125,75
2011,9,"Female","White",2921,75
2011,10,"Female","White",2839,75
2011,11,"Female","White",2678,75
2011,12,"Female","White",2746,75
2012,1,"Female","White",2793,75
2012,2,"Female","White",2697,75
2012,3,"Female","White",2746,75
2012,4,"Female","White",2665,75
2012,5,"Female","White",2905,75
2012,6,"Female","White",3076,75
2012,7,"Female","White",3366,75
2012,8,"Female","White",3082,75
2012,9,"Female","White",2983,75
2012,10,"Female","White",2976,75
2012,11,"Female","White",2745,75
2012,12,"Female","White",2890,75
2013,1,"Female","White",2725,75
2013,2,"Female","White",2569,75
2013,3,"Female","White",2783,75
2013,4,"Female","White",2865,75
2013,5,"Female","White",3069,75
2013,6,"Female","White",3094,75
2013,7,"Female","White",3425,75
2013,8,"Female","White",3291,75
2013,9,"Female","White",2953,75
2013,10,"Female","White",3009,75
2013,11,"Female","White",2814,75
2013,12,"Female","White",2933,75
2014,1,"Female","White",3085,75
2014,2,"Female","White",3020,75
2014,3,"Female","White",2779,75
2014,4,"Female","White",2820,75
2014,5,"Female","White",3155,75
2014,6,"Female","White",3176,75
2014,7,"Female","White",3295,75
2014,8,"Female","White",3311,75
2014,9,"Female","White",3121,75
2014,10,"Female","White",3071,75
2014,11,"Female","White",2777,75
2014,12,"Female","White",2980,75
2015,1,"Female","White",3177,75
2015,2,"Female","White",2553,75
2015,3,"Female","White",2919,75
2015,4,"Female","White",3081,75
2015,5,"Female","White",3406,75
2015,6,"Female","White",3396,75
2015,7,"Female","White",3482,75
2015,8,"Female","White",3358,75
2015,9,"Female","White",3093,75
2015,10,"Female","White",3157,75
2015,11,"Female","White",2871,75
2015,12,"Female","White",3025,75
2016,1,"Female","White",3122,75
2016,2,"Female","White",2934,75
2016,3,"Female","White",3178,75
2016,4,"Female","White",3273,75
2016,5,"Female","White",3403,75
2016,6,"Female","White",3567,75
2016,7,"Female","White",3646,75
2016,8,"Female","White",3300,75
2016,9,"Female","White",2922,75
2016,10,"Female","White",3071,75
2016,11,"Female","White",2891,75
2016,12,"Female","White",2878,75
2017,1,"Female","White",3014,75
2017,2,"Female","White",2771,75
2017,3,"Female","White",3146,75
2017,4,"Female","White",2993,75
2017,5,"Female","White",3340,75
2017,6,"Female","White",3449,75
2017,7,"Female","White",3675,75
2017,8,"Female","White",3312,75
2017,9,"Female","White",3125,75
2017,10,"Female","White",3164,75
2017,11,"Female","White",3026,75
2017,12,"Female","White",3070,75
2018,1,"Female","White",2932,75
2018,2,"Female","White",2646,75
2018,3,"Female","White",3050,75
2018,4,"Female","White",3077,75
2018,5,"Female","White",3321,75
2018,6,"Female","White",3446,75
2018,7,"Female","White",3600,75
2018,8,"Female","White",3412,75
2018,9,"Female","White",3148,75
2018,10,"Female","White",3096,75
2018,11,"Female","White",3087,75
2018,12,"Female","White",3221,75
2019,1,"Female","White",3110,75
2019,2,"Female","White",2771,75
2019,3,"Female","White",3041,75
2019,4,"Female","White",3149,75
2019,5,"Female","White",3513,75
2019,6,"Female","White",3570,75
2019,7,"Female","White",3702,75
2019,8,"Female","White",3610,75
2019,9,"Female","White",3327,75
2019,10,"Female","White",3251,75
2019,11,"Female","White",3060,75
2019,12,"Female","White",3084,75
2020,1,"Female","White",3035,75
2020,2,"Female","White",2906,75
2020,3,"Female","White",3329,75
2020,4,"Female","White",3074,75
2020,5,"Female","White",3960,75
2020,6,"Female","White",3648,75
2020,7,"Female","White",3956,75
2020,8,"Female","White",3882,75
2020,9,"Female","White",3574,75
2020,10,"Female","White",3648,75
2020,11,"Female","White",3620,75
2020,12,"Female","White",4111,75
2010,8,"Female","White",10006,80
2010,9,"Female","White",9342,80
2010,10,"Female","White",9246,80
2010,11,"Female","White",8511,80
2010,12,"Female","White",9217,80
2011,1,"Female","White",9692,80
2011,2,"Female","White",8464,80
2011,3,"Female","White",9049,80
2011,4,"Female","White",8612,80
2011,5,"Female","White",9873,80
2011,6,"Female","White",10596,80
2011,7,"Female","White",11204,80
2011,8,"Female","White",10216,80
2011,9,"Female","White",9447,80
2011,10,"Female","White",9003,80
2011,11,"Female","White",8514,80
2011,12,"Female","White",8904,80
2012,1,"Female","White",8594,80
2012,2,"Female","White",8611,80
2012,3,"Female","White",8688,80
2012,4,"Female","White",8641,80
2012,5,"Female","White",9923,80
2012,6,"Female","White",10284,80
2012,7,"Female","White",11397,80
2012,8,"Female","White",10023,80
2012,9,"Female","White",9883,80
2012,10,"Female","White",10053,80
2012,11,"Female","White",8946,80
2012,12,"Female","White",9945,80
2013,1,"Female","White",9143,80
2013,2,"Female","White",8582,80
2013,3,"Female","White",9505,80
2013,4,"Female","White",9467,80
2013,5,"Female","White",10406,80
2013,6,"Female","White",10703,80
2013,7,"Female","White",11302,80
2013,8,"Female","White",11446,80
2013,9,"Female","White",10338,80
2013,10,"Female","White",10130,80
2013,11,"Female","White",9277,80
2013,12,"Female","White",9568,80
2014,1,"Female","White",10581,80
2014,2,"Female","White",10435,80
2014,3,"Female","White",9469,80
2014,4,"Female","White",9192,80
2014,5,"Female","White",10517,80
2014,6,"Female","White",11012,80
2014,7,"Female","White",11324,80
2014,8,"Female","White",11529,80
2014,9,"Female","White",10722,80
2014,10,"Female","White",11182,80
2014,11,"Female","White",9312,80
2014,12,"Female","White",9987,80
2015,1,"Female","White",11275,80
2015,2,"Female","White",8681,80
2015,3,"Female","White",10057,80
2015,4,"Female","White",10692,80
2015,5,"Female","White",12123,80
2015,6,"Female","White",12145,80
2015,7,"Female","White",12480,80
2015,8,"Female","White",11288,80
2015,9,"Female","White",11008,80
2015,10,"Female","White",10796,80
2015,11,"Female","White",10192,80
2015,12,"Female","White",10876,80
2016,1,"Female","White",10482,80
2016,2,"Female","White",10172,80
2016,3,"Female","White",11097,80
2016,4,"Female","White",11197,80
2016,5,"Female","White",12096,80
2016,6,"Female","White",13176,80
2016,7,"Female","White",13468,80
2016,8,"Female","White",11956,80
2016,9,"Female","White",11020,80
2016,10,"Female","White",11252,80
2016,11,"Female","White",10142,80
2016,12,"Female","White",10618,80
2017,1,"Female","White",10630,80
2017,2,"Female","White",9748,80
2017,3,"Female","White",11274,80
2017,4,"Female","White",11088,80
2017,5,"Female","White",12511,80
2017,6,"Female","White",13016,80
2017,7,"Female","White",13905,80
2017,8,"Female","White",12727,80
2017,9,"Female","White",11703,80
2017,10,"Female","White",11931,80
2017,11,"Female","White",10660,80
2017,12,"Female","White",11328,80
2018,1,"Female","White",11054,80
2018,2,"Female","White",9607,80
2018,3,"Female","White",11518,80
2018,4,"Female","White",11056,80
2018,5,"Female","White",12213,80
2018,6,"Female","White",13298,80
2018,7,"Female","White",13774,80
2018,8,"Female","White",13009,80
2018,9,"Female","White",12012,80
2018,10,"Female","White",11452,80
2018,11,"Female","White",11186,80
2018,12,"Female","White",12110,80
2019,1,"Female","White",12114,80
2019,2,"Female","White",10727,80
2019,3,"Female","White",11581,80
2019,4,"Female","White",11783,80
2019,5,"Female","White",12860,80
2019,6,"Female","White",13579,80
2019,7,"Female","White",14573,80
2019,8,"Female","White",13618,80
2019,9,"Female","White",12772,80
2019,10,"Female","White",12426,80
2019,11,"Female","White",11555,80
2019,12,"Female","White",11956,80
2020,1,"Female","White",12018,80
2020,2,"Female","White",10840,80
2020,3,"Female","White",12414,80
2020,4,"Female","White",11996,80
2020,5,"Female","White",14155,80
2020,6,"Female","White",13558,80
2020,7,"Female","White",14601,80
2020,8,"Female","White",14686,80
2020,9,"Female","White",13314,80
2020,10,"Female","White",14347,80
2020,11,"Female","White",12882,80
2020,12,"Female","White",14453,80
2011,1,"Male","All_races",1946,0
2012,1,"Male","All_races",1793,0
2013,1,"Male","All_races",1861,0
2014,1,"Male","All_races",1881,0
2015,1,"Male","All_races",1752,0
2016,1,"Male","All_races",1853,0
2017,1,"Male","All_races",1717,0
2018,1,"Male","All_races",1776,0
2019,1,"Male","All_races",1769,0
2020,1,"Male","All_races",1671,0
2011,2,"Male","All_races",1778,0
2012,2,"Male","All_races",1693,0
2013,2,"Male","All_races",1644,0
2014,2,"Male","All_races",1694,0
2015,2,"Male","All_races",1645,0
2016,2,"Male","All_races",1769,0
2017,2,"Male","All_races",1663,0
2018,2,"Male","All_races",1572,0
2019,2,"Male","All_races",1657,0
2020,2,"Male","All_races",1586,0
2011,3,"Male","All_races",2091,0
2012,3,"Male","All_races",1947,0
2013,3,"Male","All_races",1988,0
2014,3,"Male","All_races",1963,0
2015,3,"Male","All_races",1905,0
2016,3,"Male","All_races",1927,0
2017,3,"Male","All_races",1923,0
2018,3,"Male","All_races",1885,0
2019,3,"Male","All_races",1900,0
2020,3,"Male","All_races",1699,0
2011,4,"Male","All_races",2050,0
2012,4,"Male","All_races",1941,0
2013,4,"Male","All_races",1946,0
2014,4,"Male","All_races",1879,0
2015,4,"Male","All_races",1980,0
2016,4,"Male","All_races",1968,0
2017,4,"Male","All_races",1847,0
2018,4,"Male","All_races",1793,0
2019,4,"Male","All_races",1933,0
2020,4,"Male","All_races",1543,0
2011,5,"Male","All_races",2132,0
2012,5,"Male","All_races",2062,0
2013,5,"Male","All_races",2056,0
2014,5,"Male","All_races",2032,0
2015,5,"Male","All_races",2029,0
2016,5,"Male","All_races",1989,0
2017,5,"Male","All_races",1965,0
2018,5,"Male","All_races",1918,0
2019,5,"Male","All_races",1942,0
2020,5,"Male","All_races",1613,0
2011,6,"Male","All_races",2000,0
2012,6,"Male","All_races",1886,0
2013,6,"Male","All_races",1923,0
2014,6,"Male","All_races",1992,0
2015,6,"Male","All_races",1775,0
2016,6,"Male","All_races",1997,0
2017,6,"Male","All_races",1839,0
2018,6,"Male","All_races",1810,0
2019,6,"Male","All_races",1855,0
2020,6,"Male","All_races",1381,0
2011,7,"Male","All_races",1831,0
2012,7,"Male","All_races",1926,0
2013,7,"Male","All_races",1857,0
2014,7,"Male","All_races",1899,0
2015,7,"Male","All_races",1855,0
2016,7,"Male","All_races",1884,0
2017,7,"Male","All_races",1840,0
2018,7,"Male","All_races",1804,0
2019,7,"Male","All_races",1754,0
2020,7,"Male","All_races",1448,0
2010,8,"Male","All_races",1853,0
2011,8,"Male","All_races",1823,0
2012,8,"Male","All_races",1858,0
2013,8,"Male","All_races",1897,0
2014,8,"Male","All_races",1791,0
2015,8,"Male","All_races",1753,0
2016,8,"Male","All_races",1691,0
2017,8,"Male","All_races",1691,0
2018,8,"Male","All_races",1724,0
2019,8,"Male","All_races",1658,0
2020,8,"Male","All_races",1476,0
2010,9,"Male","All_races",1770,0
2011,9,"Male","All_races",1709,0
2012,9,"Male","All_races",1817,0
2013,9,"Male","All_races",1755,0
2014,9,"Male","All_races",1738,0
2015,9,"Male","All_races",1691,0
2016,9,"Male","All_races",1610,0
2017,9,"Male","All_races",1622,0
2018,9,"Male","All_races",1689,0
2019,9,"Male","All_races",1586,0
2020,9,"Male","All_races",1359,0
2010,10,"Male","All_races",1864,0
2011,10,"Male","All_races",1747,0
2012,10,"Male","All_races",1804,0
2013,10,"Male","All_races",1784,0
2014,10,"Male","All_races",1896,0
2015,10,"Male","All_races",1720,0
2016,10,"Male","All_races",1629,0
2017,10,"Male","All_races",1759,0
2018,10,"Male","All_races",1713,0
2019,10,"Male","All_races",1646,0
2020,10,"Male","All_races",1539,0
2010,11,"Male","All_races",1777,0
2011,11,"Male","All_races",1783,0
2012,11,"Male","All_races",1742,0
2013,11,"Male","All_races",1722,0
2014,11,"Male","All_races",1697,0
2015,11,"Male","All_races",1649,0
2016,11,"Male","All_races",1677,0
2017,11,"Male","All_races",1734,0
2018,11,"Male","All_races",1648,0
2019,11,"Male","All_races",1694,0
2020,11,"Male","All_races",1393,0
2010,12,"Male","All_races",1922,0
2011,12,"Male","All_races",1917,0
2012,12,"Male","All_races",1846,0
2013,12,"Male","All_races",1806,0
2014,12,"Male","All_races",1894,0
2015,12,"Male","All_races",1935,0
2016,12,"Male","All_races",1772,0
2017,12,"Male","All_races",1809,0
2018,12,"Male","All_races",1762,0
2019,12,"Male","All_races",1733,0
2020,12,"Male","All_races",1585,0
2011,1,"Male","All_races",228,5
2012,1,"Male","All_races",196,5
2013,1,"Male","All_races",172,5
2014,1,"Male","All_races",202,5
2015,1,"Male","All_races",149,5
2016,1,"Male","All_races",142,5
2017,1,"Male","All_races",165,5
2018,1,"Male","All_races",139,5
2019,1,"Male","All_races",135,5
2020,1,"Male","All_races",142,5
2011,2,"Male","All_races",174,5
2012,2,"Male","All_races",163,5
2013,2,"Male","All_races",144,5
2014,2,"Male","All_races",167,5
2015,2,"Male","All_races",129,5
2016,2,"Male","All_races",163,5
2017,2,"Male","All_races",156,5
2018,2,"Male","All_races",133,5
2019,2,"Male","All_races",110,5
2020,2,"Male","All_races",109,5
2011,3,"Male","All_races",176,5
2012,3,"Male","All_races",186,5
2013,3,"Male","All_races",153,5
2014,3,"Male","All_races",165,5
2015,3,"Male","All_races",137,5
2016,3,"Male","All_races",156,5
2017,3,"Male","All_races",149,5
2018,3,"Male","All_races",112,5
2019,3,"Male","All_races",169,5
2020,3,"Male","All_races",128,5
2011,4,"Male","All_races",185,5
2012,4,"Male","All_races",170,5
2013,4,"Male","All_races",180,5
2014,4,"Male","All_races",170,5
2015,4,"Male","All_races",182,5
2016,4,"Male","All_races",159,5
2017,4,"Male","All_races",146,5
2018,4,"Male","All_races",163,5
2019,4,"Male","All_races",163,5
2020,4,"Male","All_races",116,5
2011,5,"Male","All_races",187,5
2012,5,"Male","All_races",173,5
2013,5,"Male","All_races",166,5
2014,5,"Male","All_races",156,5
2015,5,"Male","All_races",152,5
2016,5,"Male","All_races",150,5
2017,5,"Male","All_races",146,5
2018,5,"Male","All_races",171,5
2019,5,"Male","All_races",146,5
2020,5,"Male","All_races",129,5
2011,6,"Male","All_races",173,5
2012,6,"Male","All_races",185,5
2013,6,"Male","All_races",156,5
2014,6,"Male","All_races",183,5
2015,6,"Male","All_races",130,5
2016,6,"Male","All_races",144,5
2017,6,"Male","All_races",139,5
2018,6,"Male","All_races",139,5
2019,6,"Male","All_races",140,5
2020,6,"Male","All_races",129,5
2011,7,"Male","All_races",181,5
2012,7,"Male","All_races",185,5
2013,7,"Male","All_races",186,5
2014,7,"Male","All_races",170,5
2015,7,"Male","All_races",147,5
2016,7,"Male","All_races",151,5
2017,7,"Male","All_races",146,5
2018,7,"Male","All_races",138,5
2019,7,"Male","All_races",154,5
2020,7,"Male","All_races",122,5
2010,8,"Male","All_races",170,5
2011,8,"Male","All_races",184,5
2012,8,"Male","All_races",157,5
2013,8,"Male","All_races",166,5
2014,8,"Male","All_races",155,5
2015,8,"Male","All_races",134,5
2016,8,"Male","All_races",165,5
2017,8,"Male","All_races",145,5
2018,8,"Male","All_races",130,5
2019,8,"Male","All_races",127,5
2020,8,"Male","All_races",132,5
2010,9,"Male","All_races",176,5
2011,9,"Male","All_races",162,5
2012,9,"Male","All_races",163,5
2013,9,"Male","All_races",185,5
2014,9,"Male","All_races",133,5
2015,9,"Male","All_races",145,5
2016,9,"Male","All_races",138,5
2017,9,"Male","All_races",173,5
2018,9,"Male","All_races",129,5
2019,9,"Male","All_races",130,5
2020,9,"Male","All_races",103,5
2010,10,"Male","All_races",183,5
2011,10,"Male","All_races",171,5
2012,10,"Male","All_races",171,5
2013,10,"Male","All_races",164,5
2014,10,"Male","All_races",137,5
2015,10,"Male","All_races",149,5
2016,10,"Male","All_races",135,5
2017,10,"Male","All_races",160,5
2018,10,"Male","All_races",146,5
2019,10,"Male","All_races",137,5
2020,10,"Male","All_races",121,5
2010,11,"Male","All_races",174,5
2011,11,"Male","All_races",147,5
2012,11,"Male","All_races",181,5
2013,11,"Male","All_races",164,5
2014,11,"Male","All_races",161,5
2015,11,"Male","All_races",133,5
2016,11,"Male","All_races",127,5
2017,11,"Male","All_races",143,5
2018,11,"Male","All_races",133,5
2019,11,"Male","All_races",164,5
2020,11,"Male","All_races",114,5
2010,12,"Male","All_races",211,5
2011,12,"Male","All_races",190,5
2012,12,"Male","All_races",199,5
2013,12,"Male","All_races",197,5
2014,12,"Male","All_races",190,5
2015,12,"Male","All_races",149,5
2016,12,"Male","All_races",146,5
2017,12,"Male","All_races",158,5
2018,12,"Male","All_races",155,5
2019,12,"Male","All_races",144,5
2020,12,"Male","All_races",113,5
2011,1,"Male","All_races",313,10
2012,1,"Male","All_races",306,10
2013,1,"Male","All_races",282,10
2014,1,"Male","All_races",303,10
2015,1,"Male","All_races",305,10
2016,1,"Male","All_races",266,10
2017,1,"Male","All_races",272,10
2018,1,"Male","All_races",223,10
2019,1,"Male","All_races",219,10
2020,1,"Male","All_races",187,10
2011,2,"Male","All_races",278,10
2012,2,"Male","All_races",301,10
2013,2,"Male","All_races",258,10
2014,2,"Male","All_races",245,10
2015,2,"Male","All_races",223,10
2016,2,"Male","All_races",229,10
2017,2,"Male","All_races",226,10
2018,2,"Male","All_races",200,10
2019,2,"Male","All_races",172,10
2020,2,"Male","All_races",215,10
2011,3,"Male","All_races",257,10
2012,3,"Male","All_races",257,10
2013,3,"Male","All_races",287,10
2014,3,"Male","All_races",269,10
2015,3,"Male","All_races",233,10
2016,3,"Male","All_races",268,10
2017,3,"Male","All_races",228,10
2018,3,"Male","All_races",213,10
2019,3,"Male","All_races",208,10
2020,3,"Male","All_races",205,10
2011,4,"Male","All_races",262,10
2012,4,"Male","All_races",256,10
2013,4,"Male","All_races",243,10
2014,4,"Male","All_races",277,10
2015,4,"Male","All_races",256,10
2016,4,"Male","All_races",250,10
2017,4,"Male","All_races",236,10
2018,4,"Male","All_races",221,10
2019,4,"Male","All_races",222,10
2020,4,"Male","All_races",168,10
2011,5,"Male","All_races",244,10
2012,5,"Male","All_races",275,10
2013,5,"Male","All_races",250,10
2014,5,"Male","All_races",284,10
2015,5,"Male","All_races",229,10
2016,5,"Male","All_races",263,10
2017,5,"Male","All_races",235,10
2018,5,"Male","All_races",217,10
2019,5,"Male","All_races",236,10
2020,5,"Male","All_races",186,10
2011,6,"Male","All_races",273,10
2012,6,"Male","All_races",240,10
2013,6,"Male","All_races",268,10
2014,6,"Male","All_races",266,10
2015,6,"Male","All_races",233,10
2016,6,"Male","All_races",253,10
2017,6,"Male","All_races",235,10
2018,6,"Male","All_races",213,10
2019,6,"Male","All_races",184,10
2020,6,"Male","All_races",167,10
2011,7,"Male","All_races",264,10
2012,7,"Male","All_races",302,10
2013,7,"Male","All_races",280,10
2014,7,"Male","All_races",224,10
2015,7,"Male","All_races",237,10
2016,7,"Male","All_races",202,10
2017,7,"Male","All_races",224,10
2018,7,"Male","All_races",207,10
2019,7,"Male","All_races",189,10
2020,7,"Male","All_races",208,10
2010,8,"Male","All_races",249,10
2011,8,"Male","All_races",267,10
2012,8,"Male","All_races",258,10
2013,8,"Male","All_races",244,10
2014,8,"Male","All_races",240,10
2015,8,"Male","All_races",221,10
2016,8,"Male","All_races",240,10
2017,8,"Male","All_races",212,10
2018,8,"Male","All_races",190,10
2019,8,"Male","All_races",197,10
2020,8,"Male","All_races",173,10
2010,9,"Male","All_races",272,10
2011,9,"Male","All_races",235,10
2012,9,"Male","All_races",267,10
2013,9,"Male","All_races",260,10
2014,9,"Male","All_races",256,10
2015,9,"Male","All_races",236,10
2016,9,"Male","All_races",228,10
2017,9,"Male","All_races",222,10
2018,9,"Male","All_races",179,10
2019,9,"Male","All_races",219,10
2020,9,"Male","All_races",185,10
2010,10,"Male","All_races",281,10
2011,10,"Male","All_races",277,10
2012,10,"Male","All_races",292,10
2013,10,"Male","All_races",255,10
2014,10,"Male","All_races",301,10
2015,10,"Male","All_races",256,10
2016,10,"Male","All_races",222,10
2017,10,"Male","All_races",222,10
2018,10,"Male","All_races",244,10
2019,10,"Male","All_races",196,10
2020,10,"Male","All_races",182,10
2010,11,"Male","All_races",276,10
2011,11,"Male","All_races",271,10
2012,11,"Male","All_races",280,10
2013,11,"Male","All_races",260,10
2014,11,"Male","All_races",248,10
2015,11,"Male","All_races",222,10
2016,11,"Male","All_races",222,10
2017,11,"Male","All_races",218,10
2018,11,"Male","All_races",176,10
2019,11,"Male","All_races",217,10
2020,11,"Male","All_races",192,10
2010,12,"Male","All_races",317,10
2011,12,"Male","All_races",296,10
2012,12,"Male","All_races",325,10
2013,12,"Male","All_races",306,10
2014,12,"Male","All_races",271,10
2015,12,"Male","All_races",248,10
2016,12,"Male","All_races",251,10
2017,12,"Male","All_races",224,10
2018,12,"Male","All_races",232,10
2019,12,"Male","All_races",200,10
2020,12,"Male","All_races",187,10
2011,1,"Male","All_races",1310,15
2012,1,"Male","All_races",1319,15
2013,1,"Male","All_races",1419,15
2014,1,"Male","All_races",1554,15
2015,1,"Male","All_races",1612,15
2016,1,"Male","All_races",1529,15
2017,1,"Male","All_races",1696,15
2018,1,"Male","All_races",1537,15
2019,1,"Male","All_races",1234,15
2020,1,"Male","All_races",1113,15
2011,2,"Male","All_races",1102,15
2012,2,"Male","All_races",1314,15
2013,2,"Male","All_races",1265,15
2014,2,"Male","All_races",1381,15
2015,2,"Male","All_races",1337,15
2016,2,"Male","All_races",1453,15
2017,2,"Male","All_races",1537,15
2018,2,"Male","All_races",1281,15
2019,2,"Male","All_races",1051,15
2020,2,"Male","All_races",1158,15
2011,3,"Male","All_races",1240,15
2012,3,"Male","All_races",1326,15
2013,3,"Male","All_races",1457,15
2014,3,"Male","All_races",1594,15
2015,3,"Male","All_races",1457,15
2016,3,"Male","All_races",1479,15
2017,3,"Male","All_races",1572,15
2018,3,"Male","All_races",1344,15
2019,3,"Male","All_races",1127,15
2020,3,"Male","All_races",1221,15
2011,4,"Male","All_races",1257,15
2012,4,"Male","All_races",1287,15
2013,4,"Male","All_races",1295,15
2014,4,"Male","All_races",1528,15
2015,4,"Male","All_races",1397,15
2016,4,"Male","All_races",1482,15
2017,4,"Male","All_races",1473,15
2018,4,"Male","All_races",1256,15
2019,4,"Male","All_races",1101,15
2020,4,"Male","All_races",1141,15
2011,5,"Male","All_races",1214,15
2012,5,"Male","All_races",1262,15
2013,5,"Male","All_races",1311,15
2014,5,"Male","All_races",1418,15
2015,5,"Male","All_races",1284,15
2016,5,"Male","All_races",1423,15
2017,5,"Male","All_races",1391,15
2018,5,"Male","All_races",1291,15
2019,5,"Male","All_races",1156,15
2020,5,"Male","All_races",1020,15
2011,6,"Male","All_races",1190,15
2012,6,"Male","All_races",1157,15
2013,6,"Male","All_races",1341,15
2014,6,"Male","All_races",1346,15
2015,6,"Male","All_races",1185,15
2016,6,"Male","All_races",1315,15
2017,6,"Male","All_races",1367,15
2018,6,"Male","All_races",1264,15
2019,6,"Male","All_races",1055,15
2020,6,"Male","All_races",976,15
2011,7,"Male","All_races",1208,15
2012,7,"Male","All_races",1250,15
2013,7,"Male","All_races",1278,15
2014,7,"Male","All_races",1307,15
2015,7,"Male","All_races",1264,15
2016,7,"Male","All_races",1407,15
2017,7,"Male","All_races",1416,15
2018,7,"Male","All_races",1218,15
2019,7,"Male","All_races",1010,15
2020,7,"Male","All_races",940,15
2010,8,"Male","All_races",1117,15
2011,8,"Male","All_races",1268,15
2012,8,"Male","All_races",1294,15
2013,8,"Male","All_races",1312,15
2014,8,"Male","All_races",1357,15
2015,8,"Male","All_races",1399,15
2016,8,"Male","All_races",1427,15
2017,8,"Male","All_races",1353,15
2018,8,"Male","All_races",1214,15
2019,8,"Male","All_races",997,15
2020,8,"Male","All_races",1021,15
2010,9,"Male","All_races",1076,15
2011,9,"Male","All_races",1206,15
2012,9,"Male","All_races",1423,15
2013,9,"Male","All_races",1346,15
2014,9,"Male","All_races",1309,15
2015,9,"Male","All_races",1373,15
2016,9,"Male","All_races",1390,15
2017,9,"Male","All_races",1368,15
2018,9,"Male","All_races",1222,15
2019,9,"Male","All_races",1100,15
2020,9,"Male","All_races",1000,15
2010,10,"Male","All_races",1206,15
2011,10,"Male","All_races",1280,15
2012,10,"Male","All_races",1468,15
2013,10,"Male","All_races",1297,15
2014,10,"Male","All_races",1423,15
2015,10,"Male","All_races",1451,15
2016,10,"Male","All_races",1532,15
2017,10,"Male","All_races",1382,15
2018,10,"Male","All_races",1275,15
2019,10,"Male","All_races",1073,15
2020,10,"Male","All_races",1201,15
2010,11,"Male","All_races",1146,15
2011,11,"Male","All_races",1239,15
2012,11,"Male","All_races",1402,15
2013,11,"Male","All_races",1336,15
2014,11,"Male","All_races",1465,15
2015,11,"Male","All_races",1415,15
2016,11,"Male","All_races",1436,15
2017,11,"Male","All_races",1366,15
2018,11,"Male","All_races",1162,15
2019,11,"Male","All_races",1049,15
2020,11,"Male","All_races",1054,15
2010,12,"Male","All_races",1274,15
2011,12,"Male","All_races",1262,15
2012,12,"Male","All_races",1561,15
2013,12,"Male","All_races",1570,15
2014,12,"Male","All_races",1552,15
2015,12,"Male","All_races",1504,15
2016,12,"Male","All_races",1533,15
2017,12,"Male","All_races",1513,15
2018,12,"Male","All_races",1244,15
2019,12,"Male","All_races",1133,15
2020,12,"Male","All_races",1068,15
2011,1,"Male","All_races",1882,20
2012,1,"Male","All_races",1850,20
2013,1,"Male","All_races",1752,20
2014,1,"Male","All_races",1984,20
2015,1,"Male","All_races",1976,20
2016,1,"Male","All_races",1924,20
2017,1,"Male","All_races",2191,20
2018,1,"Male","All_races",2018,20
2019,1,"Male","All_races",1776,20
2020,1,"Male","All_races",1823,20
2011,2,"Male","All_races",1660,20
2012,2,"Male","All_races",1748,20
2013,2,"Male","All_races",1659,20
2014,2,"Male","All_races",1896,20
2015,2,"Male","All_races",1706,20
2016,2,"Male","All_races",1931,20
2017,2,"Male","All_races",2021,20
2018,2,"Male","All_races",1812,20
2019,2,"Male","All_races",1573,20
2020,2,"Male","All_races",1833,20
2011,3,"Male","All_races",1786,20
2012,3,"Male","All_races",1814,20
2013,3,"Male","All_races",1839,20
2014,3,"Male","All_races",2049,20
2015,3,"Male","All_races",1855,20
2016,3,"Male","All_races",1922,20
2017,3,"Male","All_races",2036,20
2018,3,"Male","All_races",1925,20
2019,3,"Male","All_races",1731,20
2020,3,"Male","All_races",1882,20
2011,4,"Male","All_races",1749,20
2012,4,"Male","All_races",1831,20
2013,4,"Male","All_races",1638,20
2014,4,"Male","All_races",1853,20
2015,4,"Male","All_races",1752,20
2016,4,"Male","All_races",1959,20
2017,4,"Male","All_races",2042,20
2018,4,"Male","All_races",1916,20
2019,4,"Male","All_races",1684,20
2020,4,"Male","All_races",1830,20
2011,5,"Male","All_races",1766,20
2012,5,"Male","All_races",1811,20
2013,5,"Male","All_races",1739,20
2014,5,"Male","All_races",1866,20
2015,5,"Male","All_races",1795,20
2016,5,"Male","All_races",1845,20
2017,5,"Male","All_races",1991,20
2018,5,"Male","All_races",1795,20
2019,5,"Male","All_races",1722,20
2020,5,"Male","All_races",1751,20
2011,6,"Male","All_races",1732,20
2012,6,"Male","All_races",1703,20
2013,6,"Male","All_races",1766,20
2014,6,"Male","All_races",1779,20
2015,6,"Male","All_races",1575,20
2016,6,"Male","All_races",1736,20
2017,6,"Male","All_races",1862,20
2018,6,"Male","All_races",1818,20
2019,6,"Male","All_races",1581,20
2020,6,"Male","All_races",1627,20
2011,7,"Male","All_races",1791,20
2012,7,"Male","All_races",1749,20
2013,7,"Male","All_races",1696,20
2014,7,"Male","All_races",1685,20
2015,7,"Male","All_races",1572,20
2016,7,"Male","All_races",1824,20
2017,7,"Male","All_races",1963,20
2018,7,"Male","All_races",1884,20
2019,7,"Male","All_races",1629,20
2020,7,"Male","All_races",1676,20
2010,8,"Male","All_races",1640,20
2011,8,"Male","All_races",1708,20
2012,8,"Male","All_races",1723,20
2013,8,"Male","All_races",1685,20
2014,8,"Male","All_races",1805,20
2015,8,"Male","All_races",1767,20
2016,8,"Male","All_races",1912,20
2017,8,"Male","All_races",1968,20
2018,8,"Male","All_races",1709,20
2019,8,"Male","All_races",1577,20
2020,8,"Male","All_races",1717,20
2010,9,"Male","All_races",1718,20
2011,9,"Male","All_races",1601,20
2012,9,"Male","All_races",1880,20
2013,9,"Male","All_races",1719,20
2014,9,"Male","All_races",1681,20
2015,9,"Male","All_races",1797,20
2016,9,"Male","All_races",1812,20
2017,9,"Male","All_races",1940,20
2018,9,"Male","All_races",1748,20
2019,9,"Male","All_races",1607,20
2020,9,"Male","All_races",1782,20
2010,10,"Male","All_races",1814,20
2011,10,"Male","All_races",1878,20
2012,10,"Male","All_races",1920,20
2013,10,"Male","All_races",1807,20
2014,10,"Male","All_races",1825,20
2015,10,"Male","All_races",1883,20
2016,10,"Male","All_races",1992,20
2017,10,"Male","All_races",2035,20
2018,10,"Male","All_races",1820,20
2019,10,"Male","All_races",1704,20
2020,10,"Male","All_races",1854,20
2010,11,"Male","All_races",1785,20
2011,11,"Male","All_races",1734,20
2012,11,"Male","All_races",1804,20
2013,11,"Male","All_races",1950,20
2014,11,"Male","All_races",1911,20
2015,11,"Male","All_races",1965,20
2016,11,"Male","All_races",1930,20
2017,11,"Male","All_races",1988,20
2018,11,"Male","All_races",1720,20
2019,11,"Male","All_races",1652,20
2020,11,"Male","All_races",1802,20
2010,12,"Male","All_races",1954,20
2011,12,"Male","All_races",1879,20
2012,12,"Male","All_races",2099,20
2013,12,"Male","All_races",2000,20
2014,12,"Male","All_races",1949,20
2015,12,"Male","All_races",1988,20
2016,12,"Male","All_races",2067,20
2017,12,"Male","All_races",2023,20
2018,12,"Male","All_races",1889,20
2019,12,"Male","All_races",1799,20
2020,12,"Male","All_races",1853,20
2011,1,"Male","All_races",1920,25
2012,1,"Male","All_races",1798,25
2013,1,"Male","All_races",1785,25
2014,1,"Male","All_races",1909,25
2015,1,"Male","All_races",1862,25
2016,1,"Male","All_races",1883,25
2017,1,"Male","All_races",1843,25
2018,1,"Male","All_races",1782,25
2019,1,"Male","All_races",1684,25
2020,1,"Male","All_races",1585,25
2011,2,"Male","All_races",1617,25
2012,2,"Male","All_races",1794,25
2013,2,"Male","All_races",1653,25
2014,2,"Male","All_races",1726,25
2015,2,"Male","All_races",1650,25
2016,2,"Male","All_races",1700,25
2017,2,"Male","All_races",1698,25
2018,2,"Male","All_races",1534,25
2019,2,"Male","All_races",1432,25
2020,2,"Male","All_races",1639,25
2011,3,"Male","All_races",1768,25
2012,3,"Male","All_races",1756,25
2013,3,"Male","All_races",1802,25
2014,3,"Male","All_races",1898,25
2015,3,"Male","All_races",1756,25
2016,3,"Male","All_races",1747,25
2017,3,"Male","All_races",1739,25
2018,3,"Male","All_races",1770,25
2019,3,"Male","All_races",1559,25
2020,3,"Male","All_races",1591,25
2011,4,"Male","All_races",1757,25
2012,4,"Male","All_races",1749,25
2013,4,"Male","All_races",1676,25
2014,4,"Male","All_races",1774,25
2015,4,"Male","All_races",1629,25
2016,4,"Male","All_races",1752,25
2017,4,"Male","All_races",1726,25
2018,4,"Male","All_races",1596,25
2019,4,"Male","All_races",1481,25
2020,4,"Male","All_races",1666,25
2011,5,"Male","All_races",1880,25
2012,5,"Male","All_races",1686,25
2013,5,"Male","All_races",1752,25
2014,5,"Male","All_races",1687,25
2015,5,"Male","All_races",1747,25
2016,5,"Male","All_races",1716,25
2017,5,"Male","All_races",1760,25
2018,5,"Male","All_races",1576,25
2019,5,"Male","All_races",1481,25
2020,5,"Male","All_races",1686,25
2011,6,"Male","All_races",1708,25
2012,6,"Male","All_races",1751,25
2013,6,"Male","All_races",1735,25
2014,6,"Male","All_races",1708,25
2015,6,"Male","All_races",1524,25
2016,6,"Male","All_races",1576,25
2017,6,"Male","All_races",1670,25
2018,6,"Male","All_races",1592,25
2019,6,"Male","All_races",1492,25
2020,6,"Male","All_races",1610,25
2011,7,"Male","All_races",1742,25
2012,7,"Male","All_races",1708,25
2013,7,"Male","All_races",1626,25
2014,7,"Male","All_races",1676,25
2015,7,"Male","All_races",1613,25
2016,7,"Male","All_races",1738,25
2017,7,"Male","All_races",1760,25
2018,7,"Male","All_races",1581,25
2019,7,"Male","All_races",1465,25
2020,7,"Male","All_races",1555,25
2010,8,"Male","All_races",1682,25
2011,8,"Male","All_races",1697,25
2012,8,"Male","All_races",1811,25
2013,8,"Male","All_races",1751,25
2014,8,"Male","All_races",1725,25
2015,8,"Male","All_races",1702,25
2016,8,"Male","All_races",1699,25
2017,8,"Male","All_races",1761,25
2018,8,"Male","All_races",1642,25
2019,8,"Male","All_races",1471,25
2020,8,"Male","All_races",1570,25
2010,9,"Male","All_races",1695,25
2011,9,"Male","All_races",1744,25
2012,9,"Male","All_races",1749,25
2013,9,"Male","All_races",1699,25
2014,9,"Male","All_races",1695,25
2015,9,"Male","All_races",1688,25
2016,9,"Male","All_races",1650,25
2017,9,"Male","All_races",1735,25
2018,9,"Male","All_races",1581,25
2019,9,"Male","All_races",1499,25
2020,9,"Male","All_races",1659,25
2010,10,"Male","All_races",1832,25
2011,10,"Male","All_races",1867,25
2012,10,"Male","All_races",1842,25
2013,10,"Male","All_races",1785,25
2014,10,"Male","All_races",1765,25
2015,10,"Male","All_races",1784,25
2016,10,"Male","All_races",1866,25
2017,10,"Male","All_races",1808,25
2018,10,"Male","All_races",1571,25
2019,10,"Male","All_races",1588,25
2020,10,"Male","All_races",1825,25
2010,11,"Male","All_races",1711,25
2011,11,"Male","All_races",1707,25
2012,11,"Male","All_races",1770,25
2013,11,"Male","All_races",1729,25
2014,11,"Male","All_races",1778,25
2015,11,"Male","All_races",1757,25
2016,11,"Male","All_races",1705,25
2017,11,"Male","All_races",1681,25
2018,11,"Male","All_races",1509,25
2019,11,"Male","All_races",1547,25
2020,11,"Male","All_races",1741,25
2010,12,"Male","All_races",1892,25
2011,12,"Male","All_races",1817,25
2012,12,"Male","All_races",1987,25
2013,12,"Male","All_races",2015,25
2014,12,"Male","All_races",1879,25
2015,12,"Male","All_races",1886,25
2016,12,"Male","All_races",1893,25
2017,12,"Male","All_races",1816,25
2018,12,"Male","All_races",1661,25
2019,12,"Male","All_races",1614,25
2020,12,"Male","All_races",1728,25
2011,1,"Male","All_races",1964,30
2012,1,"Male","All_races",1933,30
2013,1,"Male","All_races",1779,30
2014,1,"Male","All_races",1913,30
2015,1,"Male","All_races",1995,30
2016,1,"Male","All_races",1851,30
2017,1,"Male","All_races",1872,30
2018,1,"Male","All_races",1760,30
2019,1,"Male","All_races",1698,30
2020,1,"Male","All_races",1659,30
2011,2,"Male","All_races",1532,30
2012,2,"Male","All_races",1816,30
2013,2,"Male","All_races",1726,30
2014,2,"Male","All_races",1784,30
2015,2,"Male","All_races",1710,30
2016,2,"Male","All_races",1801,30
2017,2,"Male","All_races",1732,30
2018,2,"Male","All_races",1568,30
2019,2,"Male","All_races",1429,30
2020,2,"Male","All_races",1622,30
2011,3,"Male","All_races",1744,30
2012,3,"Male","All_races",1788,30
2013,3,"Male","All_races",1854,30
2014,3,"Male","All_races",1982,30
2015,3,"Male","All_races",1780,30
2016,3,"Male","All_races",1865,30
2017,3,"Male","All_races",1852,30
2018,3,"Male","All_races",1724,30
2019,3,"Male","All_races",1635,30
2020,3,"Male","All_races",1704,30
2011,4,"Male","All_races",1752,30
2012,4,"Male","All_races",1743,30
2013,4,"Male","All_races",1772,30
2014,4,"Male","All_races",1873,30
2015,4,"Male","All_races",1775,30
2016,4,"Male","All_races",1784,30
2017,4,"Male","All_races",1792,30
2018,4,"Male","All_races",1656,30
2019,4,"Male","All_races",1719,30
2020,4,"Male","All_races",1828,30
2011,5,"Male","All_races",1786,30
2012,5,"Male","All_races",1791,30
2013,5,"Male","All_races",1898,30
2014,5,"Male","All_races",1852,30
2015,5,"Male","All_races",1797,30
2016,5,"Male","All_races",1817,30
2017,5,"Male","All_races",1887,30
2018,5,"Male","All_races",1648,30
2019,5,"Male","All_races",1588,30
2020,5,"Male","All_races",1945,30
2011,6,"Male","All_races",1754,30
2012,6,"Male","All_races",1710,30
2013,6,"Male","All_races",1759,30
2014,6,"Male","All_races",1807,30
2015,6,"Male","All_races",1712,30
2016,6,"Male","All_races",1635,30
2017,6,"Male","All_races",1728,30
2018,6,"Male","All_races",1698,30
2019,6,"Male","All_races",1656,30
2020,6,"Male","All_races",1751,30
2011,7,"Male","All_races",1913,30
2012,7,"Male","All_races",1793,30
2013,7,"Male","All_races",1778,30
2014,7,"Male","All_races",1729,30
2015,7,"Male","All_races",1715,30
2016,7,"Male","All_races",1776,30
2017,7,"Male","All_races",1772,30
2018,7,"Male","All_races",1738,30
2019,7,"Male","All_races",1606,30
2020,7,"Male","All_races",1757,30
2010,8,"Male","All_races",1745,30
2011,8,"Male","All_races",1773,30
2012,8,"Male","All_races",1760,30
2013,8,"Male","All_races",1786,30
2014,8,"Male","All_races",1859,30
2015,8,"Male","All_races",1689,30
2016,8,"Male","All_races",1735,30
2017,8,"Male","All_races",1770,30
2018,8,"Male","All_races",1557,30
2019,8,"Male","All_races",1516,30
2020,8,"Male","All_races",1792,30
2010,9,"Male","All_races",1697,30
2011,9,"Male","All_races",1760,30
2012,9,"Male","All_races",1775,30
2013,9,"Male","All_races",1779,30
2014,9,"Male","All_races",1756,30
2015,9,"Male","All_races",1676,30
2016,9,"Male","All_races",1718,30
2017,9,"Male","All_races",1667,30
2018,9,"Male","All_races",1690,30
2019,9,"Male","All_races",1566,30
2020,9,"Male","All_races",1725,30
2010,10,"Male","All_races",1763,30
2011,10,"Male","All_races",1849,30
2012,10,"Male","All_races",1994,30
2013,10,"Male","All_races",1752,30
2014,10,"Male","All_races",1838,30
2015,10,"Male","All_races",1764,30
2016,10,"Male","All_races",1893,30
2017,10,"Male","All_races",1819,30
2018,10,"Male","All_races",1704,30
2019,10,"Male","All_races",1585,30
2020,10,"Male","All_races",1877,30
2010,11,"Male","All_races",1650,30
2011,11,"Male","All_races",1701,30
2012,11,"Male","All_races",1867,30
2013,11,"Male","All_races",1842,30
2014,11,"Male","All_races",1835,30
2015,11,"Male","All_races",1799,30
2016,11,"Male","All_races",1750,30
2017,11,"Male","All_races",1697,30
2018,11,"Male","All_races",1527,30
2019,11,"Male","All_races",1554,30
2020,11,"Male","All_races",1804,30
2010,12,"Male","All_races",1901,30
2011,12,"Male","All_races",1867,30
2012,12,"Male","All_races",2101,30
2013,12,"Male","All_races",1991,30
2014,12,"Male","All_races",1949,30
2015,12,"Male","All_races",1952,30
2016,12,"Male","All_races",1812,30
2017,12,"Male","All_races",1815,30
2018,12,"Male","All_races",1715,30
2019,12,"Male","All_races",1808,30
2020,12,"Male","All_races",1946,30
2011,1,"Male","All_races",1925,35
2012,1,"Male","All_races",1863,35
2013,1,"Male","All_races",1861,35
2014,1,"Male","All_races",1953,35
2015,1,"Male","All_races",2048,35
2016,1,"Male","All_races",1939,35
2017,1,"Male","All_races",2019,35
2018,1,"Male","All_races",1970,35
2019,1,"Male","All_races",1984,35
2020,1,"Male","All_races",1919,35
2011,2,"Male","All_races",1680,35
2012,2,"Male","All_races",1800,35
2013,2,"Male","All_races",1747,35
2014,2,"Male","All_races",1812,35
2015,2,"Male","All_races",1813,35
2016,2,"Male","All_races",1920,35
2017,2,"Male","All_races",1871,35
2018,2,"Male","All_races",1787,35
2019,2,"Male","All_races",1719,35
2020,2,"Male","All_races",1850,35
2011,3,"Male","All_races",1848,35
2012,3,"Male","All_races",1827,35
2013,3,"Male","All_races",1871,35
2014,3,"Male","All_races",1926,35
2015,3,"Male","All_races",1887,35
2016,3,"Male","All_races",1978,35
2017,3,"Male","All_races",1914,35
2018,3,"Male","All_races",1926,35
2019,3,"Male","All_races",1865,35
2020,3,"Male","All_races",2005,35
2011,4,"Male","All_races",1820,35
2012,4,"Male","All_races",1797,35
2013,4,"Male","All_races",1900,35
2014,4,"Male","All_races",1881,35
2015,4,"Male","All_races",1874,35
2016,4,"Male","All_races",1972,35
2017,4,"Male","All_races",1890,35
2018,4,"Male","All_races",1931,35
2019,4,"Male","All_races",1865,35
2020,4,"Male","All_races",2090,35
2011,5,"Male","All_races",1837,35
2012,5,"Male","All_races",1845,35
2013,5,"Male","All_races",1957,35
2014,5,"Male","All_races",1908,35
2015,5,"Male","All_races",1928,35
2016,5,"Male","All_races",1918,35
2017,5,"Male","All_races",1942,35
2018,5,"Male","All_races",1853,35
2019,5,"Male","All_races",1896,35
2020,5,"Male","All_races",2439,35
2011,6,"Male","All_races",1785,35
2012,6,"Male","All_races",1803,35
2013,6,"Male","All_races",1885,35
2014,6,"Male","All_races",1899,35
2015,6,"Male","All_races",1749,35
2016,6,"Male","All_races",1867,35
2017,6,"Male","All_races",1948,35
2018,6,"Male","All_races",1979,35
2019,6,"Male","All_races",1892,35
2020,6,"Male","All_races",2094,35
2011,7,"Male","All_races",1846,35
2012,7,"Male","All_races",1825,35
2013,7,"Male","All_races",1887,35
2014,7,"Male","All_races",1842,35
2015,7,"Male","All_races",1868,35
2016,7,"Male","All_races",1968,35
2017,7,"Male","All_races",2031,35
2018,7,"Male","All_races",1846,35
2019,7,"Male","All_races",1895,35
2020,7,"Male","All_races",2247,35
2010,8,"Male","All_races",1774,35
2011,8,"Male","All_races",1788,35
2012,8,"Male","All_races",1795,35
2013,8,"Male","All_races",1857,35
2014,8,"Male","All_races",1895,35
2015,8,"Male","All_races",1883,35
2016,8,"Male","All_races",1904,35
2017,8,"Male","All_races",1950,35
2018,8,"Male","All_races",1922,35
2019,8,"Male","All_races",1800,35
2020,8,"Male","All_races",2200,35
2010,9,"Male","All_races",1704,35
2011,9,"Male","All_races",1728,35
2012,9,"Male","All_races",1875,35
2013,9,"Male","All_races",1860,35
2014,9,"Male","All_races",1824,35
2015,9,"Male","All_races",1833,35
2016,9,"Male","All_races",1824,35
2017,9,"Male","All_races",1918,35
2018,9,"Male","All_races",1931,35
2019,9,"Male","All_races",1859,35
2020,9,"Male","All_races",2053,35
2010,10,"Male","All_races",1842,35
2011,10,"Male","All_races",1758,35
2012,10,"Male","All_races",1937,35
2013,10,"Male","All_races",1790,35
2014,10,"Male","All_races",1880,35
2015,10,"Male","All_races",1890,35
2016,10,"Male","All_races",2021,35
2017,10,"Male","All_races",2004,35
2018,10,"Male","All_races",1846,35
2019,10,"Male","All_races",1801,35
2020,10,"Male","All_races",2130,35
2010,11,"Male","All_races",1703,35
2011,11,"Male","All_races",1704,35
2012,11,"Male","All_races",1870,35
2013,11,"Male","All_races",1817,35
2014,11,"Male","All_races",1828,35
2015,11,"Male","All_races",1972,35
2016,11,"Male","All_races",1841,35
2017,11,"Male","All_races",1876,35
2018,11,"Male","All_races",1772,35
2019,11,"Male","All_races",1779,35
2020,11,"Male","All_races",2145,35
2010,12,"Male","All_races",1849,35
2011,12,"Male","All_races",1914,35
2012,12,"Male","All_races",2067,35
2013,12,"Male","All_races",2076,35
2014,12,"Male","All_races",1953,35
2015,12,"Male","All_races",1954,35
2016,12,"Male","All_races",2048,35
2017,12,"Male","All_races",2036,35
2018,12,"Male","All_races",1915,35
2019,12,"Male","All_races",1871,35
2020,12,"Male","All_races",2322,35
2011,1,"Male","All_races",2422,40
2012,1,"Male","All_races",2194,40
2013,1,"Male","All_races",2227,40
2014,1,"Male","All_races",2147,40
2015,1,"Male","All_races",2226,40
2016,1,"Male","All_races",2186,40
2017,1,"Male","All_races",2235,40
2018,1,"Male","All_races",2213,40
2019,1,"Male","All_races",2222,40
2020,1,"Male","All_races",2162,40
2011,2,"Male","All_races",1999,40
2012,2,"Male","All_races",1991,40
2013,2,"Male","All_races",1989,40
2014,2,"Male","All_races",1994,40
2015,2,"Male","All_races",1946,40
2016,2,"Male","All_races",2043,40
2017,2,"Male","All_races",1989,40
2018,2,"Male","All_races",1924,40
2019,2,"Male","All_races",1895,40
2020,2,"Male","All_races",2114,40
2011,3,"Male","All_races",2196,40
2012,3,"Male","All_races",2166,40
2013,3,"Male","All_races",2241,40
2014,3,"Male","All_races",2109,40
2015,3,"Male","All_races",2108,40
2016,3,"Male","All_races",2189,40
2017,3,"Male","All_races",2221,40
2018,3,"Male","All_races",2186,40
2019,3,"Male","All_races",2143,40
2020,3,"Male","All_races",2278,40
2011,4,"Male","All_races",2063,40
2012,4,"Male","All_races",2084,40
2013,4,"Male","All_races",2079,40
2014,4,"Male","All_races",2070,40
2015,4,"Male","All_races",2119,40
2016,4,"Male","All_races",2239,40
2017,4,"Male","All_races",2055,40
2018,4,"Male","All_races",2020,40
2019,4,"Male","All_races",2116,40
2020,4,"Male","All_races",2563,40
2011,5,"Male","All_races",2207,40
2012,5,"Male","All_races",2172,40
2013,5,"Male","All_races",2243,40
2014,5,"Male","All_races",2108,40
2015,5,"Male","All_races",2174,40
2016,5,"Male","All_races",2141,40
2017,5,"Male","All_races",2203,40
2018,5,"Male","All_races",2149,40
2019,5,"Male","All_races",2150,40
2020,5,"Male","All_races",2946,40
2011,6,"Male","All_races",2253,40
2012,6,"Male","All_races",2172,40
2013,6,"Male","All_races",2179,40
2014,6,"Male","All_races",2051,40
2015,6,"Male","All_races",2061,40
2016,6,"Male","All_races",2183,40
2017,6,"Male","All_races",2088,40
2018,6,"Male","All_races",2084,40
2019,6,"Male","All_races",2221,40
2020,6,"Male","All_races",2783,40
2011,7,"Male","All_races",2216,40
2012,7,"Male","All_races",2252,40
2013,7,"Male","All_races",2157,40
2014,7,"Male","All_races",2063,40
2015,7,"Male","All_races",2029,40
2016,7,"Male","All_races",2152,40
2017,7,"Male","All_races",2207,40
2018,7,"Male","All_races",2160,40
2019,7,"Male","All_races",2064,40
2020,7,"Male","All_races",2825,40
2010,8,"Male","All_races",2168,40
2011,8,"Male","All_races",2169,40
2012,8,"Male","All_races",2103,40
2013,8,"Male","All_races",2178,40
2014,8,"Male","All_races",2166,40
2015,8,"Male","All_races",2143,40
2016,8,"Male","All_races",2069,40
2017,8,"Male","All_races",2122,40
2018,8,"Male","All_races",2065,40
2019,8,"Male","All_races",2089,40
2020,8,"Male","All_races",2648,40
2010,9,"Male","All_races",2150,40
2011,9,"Male","All_races",2032,40
2012,9,"Male","All_races",2153,40
2013,9,"Male","All_races",2025,40
2014,9,"Male","All_races",2079,40
2015,9,"Male","All_races",2052,40
2016,9,"Male","All_races",1971,40
2017,9,"Male","All_races",2106,40
2018,9,"Male","All_races",2027,40
2019,9,"Male","All_races",2068,40
2020,9,"Male","All_races",2435,40
2010,10,"Male","All_races",2169,40
2011,10,"Male","All_races",2190,40
2012,10,"Male","All_races",2224,40
2013,10,"Male","All_races",2015,40
2014,10,"Male","All_races",2214,40
2015,10,"Male","All_races",2074,40
2016,10,"Male","All_races",2098,40
2017,10,"Male","All_races",2052,40
2018,10,"Male","All_races",2124,40
2019,10,"Male","All_races",2117,40
2020,10,"Male","All_races",2453,40
2010,11,"Male","All_races",2109,40
2011,11,"Male","All_races",2119,40
2012,11,"Male","All_races",2009,40
2013,11,"Male","All_races",2057,40
2014,11,"Male","All_races",2059,40
2015,11,"Male","All_races",2053,40
2016,11,"Male","All_races",1972,40
2017,11,"Male","All_races",2006,40
2018,11,"Male","All_races",2052,40
2019,11,"Male","All_races",2069,40
2020,11,"Male","All_races",2478,40
2010,12,"Male","All_races",2342,40
2011,12,"Male","All_races",2133,40
2012,12,"Male","All_races",2258,40
2013,12,"Male","All_races",2185,40
2014,12,"Male","All_races",2195,40
2015,12,"Male","All_races",2272,40
2016,12,"Male","All_races",2176,40
2017,12,"Male","All_races",2237,40
2018,12,"Male","All_races",2192,40
2019,12,"Male","All_races",2250,40
2020,12,"Male","All_races",2788,40
2011,1,"Male","All_races",2890,45
2012,1,"Male","All_races",2760,45
2013,1,"Male","All_races",2779,45
2014,1,"Male","All_races",2720,45
2015,1,"Male","All_races",2788,45
2016,1,"Male","All_races",2682,45
2017,1,"Male","All_races",2635,45
2018,1,"Male","All_races",2621,45
2019,1,"Male","All_races",2603,45
2020,1,"Male","All_races",2619,45
2011,2,"Male","All_races",2494,45
2012,2,"Male","All_races",2617,45
2013,2,"Male","All_races",2421,45
2014,2,"Male","All_races",2507,45
2015,2,"Male","All_races",2451,45
2016,2,"Male","All_races",2762,45
2017,2,"Male","All_races",2387,45
2018,2,"Male","All_races",2351,45
2019,2,"Male","All_races",2277,45
2020,2,"Male","All_races",2518,45
2011,3,"Male","All_races",2820,45
2012,3,"Male","All_races",2680,45
2013,3,"Male","All_races",2732,45
2014,3,"Male","All_races",2710,45
2015,3,"Male","All_races",2664,45
2016,3,"Male","All_races",2786,45
2017,3,"Male","All_races",2625,45
2018,3,"Male","All_races",2611,45
2019,3,"Male","All_races",2635,45
2020,3,"Male","All_races",2724,45
2011,4,"Male","All_races",2612,45
2012,4,"Male","All_races",2555,45
2013,4,"Male","All_races",2639,45
2014,4,"Male","All_races",2561,45
2015,4,"Male","All_races",2681,45
2016,4,"Male","All_races",2912,45
2017,4,"Male","All_races",2600,45
2018,4,"Male","All_races",2613,45
2019,4,"Male","All_races",2463,45
2020,4,"Male","All_races",2955,45
2011,5,"Male","All_races",2772,45
2012,5,"Male","All_races",2799,45
2013,5,"Male","All_races",2893,45
2014,5,"Male","All_races",2814,45
2015,5,"Male","All_races",2821,45
2016,5,"Male","All_races",2758,45
2017,5,"Male","All_races",2704,45
2018,5,"Male","All_races",2624,45
2019,5,"Male","All_races",2667,45
2020,5,"Male","All_races",3652,45
2011,6,"Male","All_races",2811,45
2012,6,"Male","All_races",2767,45
2013,6,"Male","All_races",2816,45
2014,6,"Male","All_races",2629,45
2015,6,"Male","All_races",2656,45
2016,6,"Male","All_races",2709,45
2017,6,"Male","All_races",2625,45
2018,6,"Male","All_races",2745,45
2019,6,"Male","All_races",2638,45
2020,6,"Male","All_races",3317,45
2011,7,"Male","All_races",2953,45
2012,7,"Male","All_races",2856,45
2013,7,"Male","All_races",2992,45
2014,7,"Male","All_races",2760,45
2015,7,"Male","All_races",2790,45
2016,7,"Male","All_races",2770,45
2017,7,"Male","All_races",2703,45
2018,7,"Male","All_races",2656,45
2019,7,"Male","All_races",2757,45
2020,7,"Male","All_races",3329,45
2010,8,"Male","All_races",2897,45
2011,8,"Male","All_races",2732,45
2012,8,"Male","All_races",2685,45
2013,8,"Male","All_races",2689,45
2014,8,"Male","All_races",2728,45
2015,8,"Male","All_races",2670,45
2016,8,"Male","All_races",2672,45
2017,8,"Male","All_races",2718,45
2018,8,"Male","All_races",2654,45
2019,8,"Male","All_races",2593,45
2020,8,"Male","All_races",3346,45
2010,9,"Male","All_races",2607,45
2011,9,"Male","All_races",2626,45
2012,9,"Male","All_races",2740,45
2013,9,"Male","All_races",2678,45
2014,9,"Male","All_races",2618,45
2015,9,"Male","All_races",2473,45
2016,9,"Male","All_races",2574,45
2017,9,"Male","All_races",2481,45
2018,9,"Male","All_races",2578,45
2019,9,"Male","All_races",2493,45
2020,9,"Male","All_races",2995,45
2010,10,"Male","All_races",2653,45
2011,10,"Male","All_races",2872,45
2012,10,"Male","All_races",2811,45
2013,10,"Male","All_races",2689,45
2014,10,"Male","All_races",2676,45
2015,10,"Male","All_races",2652,45
2016,10,"Male","All_races",2739,45
2017,10,"Male","All_races",2559,45
2018,10,"Male","All_races",2522,45
2019,10,"Male","All_races",2538,45
2020,10,"Male","All_races",3071,45
2010,11,"Male","All_races",2495,45
2011,11,"Male","All_races",2532,45
2012,11,"Male","All_races",2503,45
2013,11,"Male","All_races",2544,45
2014,11,"Male","All_races",2570,45
2015,11,"Male","All_races",2584,45
2016,11,"Male","All_races",2484,45
2017,11,"Male","All_races",2386,45
2018,11,"Male","All_races",2470,45
2019,11,"Male","All_races",2412,45
2020,11,"Male","All_races",2923,45
2010,12,"Male","All_races",2799,45
2011,12,"Male","All_races",2711,45
2012,12,"Male","All_races",2875,45
2013,12,"Male","All_races",2751,45
2014,12,"Male","All_races",2759,45
2015,12,"Male","All_races",2747,45
2016,12,"Male","All_races",2727,45
2017,12,"Male","All_races",2775,45
2018,12,"Male","All_races",2611,45
2019,12,"Male","All_races",2608,45
2020,12,"Male","All_races",3371,45
2011,1,"Male","All_races",3493,50
2012,1,"Male","All_races",3340,50
2013,1,"Male","All_races",3511,50
2014,1,"Male","All_races",3427,50
2015,1,"Male","All_races",3567,50
2016,1,"Male","All_races",3546,50
2017,1,"Male","All_races",3449,50
2018,1,"Male","All_races",3559,50
2019,1,"Male","All_races",3483,50
2020,1,"Male","All_races",3571,50
2011,2,"Male","All_races",3064,50
2012,2,"Male","All_races",3109,50
2013,2,"Male","All_races",3137,50
2014,2,"Male","All_races",3107,50
2015,2,"Male","All_races",3159,50
2016,2,"Male","All_races",3318,50
2017,2,"Male","All_races",3245,50
2018,2,"Male","All_races",3184,50
2019,2,"Male","All_races",3061,50
2020,2,"Male","All_races",3164,50
2011,3,"Male","All_races",3383,50
2012,3,"Male","All_races",3297,50
2013,3,"Male","All_races",3296,50
2014,3,"Male","All_races",3501,50
2015,3,"Male","All_races",3497,50
2016,3,"Male","All_races",3633,50
2017,3,"Male","All_races",3511,50
2018,3,"Male","All_races",3513,50
2019,3,"Male","All_races",3504,50
2020,3,"Male","All_races",3642,50
2011,4,"Male","All_races",3274,50
2012,4,"Male","All_races",3077,50
2013,4,"Male","All_races",3296,50
2014,4,"Male","All_races",3398,50
2015,4,"Male","All_races",3479,50
2016,4,"Male","All_races",3674,50
2017,4,"Male","All_races",3360,50
2018,4,"Male","All_races",3452,50
2019,4,"Male","All_races",3452,50
2020,4,"Male","All_races",4071,50
2011,5,"Male","All_races",3442,50
2012,5,"Male","All_races",3472,50
2013,5,"Male","All_races",3438,50
2014,5,"Male","All_races",3415,50
2015,5,"Male","All_races",3604,50
2016,5,"Male","All_races",3690,50
2017,5,"Male","All_races",3617,50
2018,5,"Male","All_races",3680,50
2019,5,"Male","All_races",3686,50
2020,5,"Male","All_races",4990,50
2011,6,"Male","All_races",3494,50
2012,6,"Male","All_races",3424,50
2013,6,"Male","All_races",3454,50
2014,6,"Male","All_races",3487,50
2015,6,"Male","All_races",3440,50
2016,6,"Male","All_races",3734,50
2017,6,"Male","All_races",3436,50
2018,6,"Male","All_races",3693,50
2019,6,"Male","All_races",3605,50
2020,6,"Male","All_races",4572,50
2011,7,"Male","All_races",3539,50
2012,7,"Male","All_races",3536,50
2013,7,"Male","All_races",3765,50
2014,7,"Male","All_races",3488,50
2015,7,"Male","All_races",3583,50
2016,7,"Male","All_races",3725,50
2017,7,"Male","All_races",3765,50
2018,7,"Male","All_races",3742,50
2019,7,"Male","All_races",3720,50
2020,7,"Male","All_races",4611,50
2010,8,"Male","All_races",3491,50
2011,8,"Male","All_races",3395,50
2012,8,"Male","All_races",3404,50
2013,8,"Male","All_races",3536,50
2014,8,"Male","All_races",3534,50
2015,8,"Male","All_races",3485,50
2016,8,"Male","All_races",3542,50
2017,8,"Male","All_races",3521,50
2018,8,"Male","All_races",3602,50
2019,8,"Male","All_races",3556,50
2020,8,"Male","All_races",4485,50
2010,9,"Male","All_races",3201,50
2011,9,"Male","All_races",3315,50
2012,9,"Male","All_races",3322,50
2013,9,"Male","All_races",3289,50
2014,9,"Male","All_races",3293,50
2015,9,"Male","All_races",3310,50
2016,9,"Male","All_races",3315,50
2017,9,"Male","All_races",3298,50
2018,9,"Male","All_races",3348,50
2019,9,"Male","All_races",3411,50
2020,9,"Male","All_races",3959,50
2010,10,"Male","All_races",3250,50
2011,10,"Male","All_races",3254,50
2012,10,"Male","All_races",3385,50
2013,10,"Male","All_races",3369,50
2014,10,"Male","All_races",3387,50
2015,10,"Male","All_races",3448,50
2016,10,"Male","All_races",3568,50
2017,10,"Male","All_races",3415,50
2018,10,"Male","All_races",3394,50
2019,10,"Male","All_races",3448,50
2020,10,"Male","All_races",4020,50
2010,11,"Male","All_races",3188,50
2011,11,"Male","All_races",3211,50
2012,11,"Male","All_races",3074,50
2013,11,"Male","All_races",3222,50
2014,11,"Male","All_races",3277,50
2015,11,"Male","All_races",3407,50
2016,11,"Male","All_races",3257,50
2017,11,"Male","All_races",3366,50
2018,11,"Male","All_races",3188,50
2019,11,"Male","All_races",3147,50
2020,11,"Male","All_races",3771,50
2010,12,"Male","All_races",3330,50
2011,12,"Male","All_races",3328,50
2012,12,"Male","All_races",3461,50
2013,12,"Male","All_races",3492,50
2014,12,"Male","All_races",3387,50
2015,12,"Male","All_races",3487,50
2016,12,"Male","All_races",3484,50
2017,12,"Male","All_races",3539,50
2018,12,"Male","All_races",3527,50
2019,12,"Male","All_races",3606,50
2020,12,"Male","All_races",4442,50
2011,1,"Male","All_races",3955,55
2012,1,"Male","All_races",3826,55
2013,1,"Male","All_races",4023,55
2014,1,"Male","All_races",4174,55
2015,1,"Male","All_races",4226,55
2016,1,"Male","All_races",4279,55
2017,1,"Male","All_races",4280,55
2018,1,"Male","All_races",4191,55
2019,1,"Male","All_races",4326,55
2020,1,"Male","All_races",4406,55
2011,2,"Male","All_races",3503,55
2012,2,"Male","All_races",3657,55
2013,2,"Male","All_races",3565,55
2014,2,"Male","All_races",3669,55
2015,2,"Male","All_races",3590,55
2016,2,"Male","All_races",4228,55
2017,2,"Male","All_races",3858,55
2018,2,"Male","All_races",3957,55
2019,2,"Male","All_races",3955,55
2020,2,"Male","All_races",4221,55
2011,3,"Male","All_races",3732,55
2012,3,"Male","All_races",3835,55
2013,3,"Male","All_races",3978,55
2014,3,"Male","All_races",3995,55
2015,3,"Male","All_races",4111,55
2016,3,"Male","All_races",4516,55
2017,3,"Male","All_races",4301,55
2018,3,"Male","All_races",4216,55
2019,3,"Male","All_races",4380,55
2020,3,"Male","All_races",4747,55
2011,4,"Male","All_races",3730,55
2012,4,"Male","All_races",3707,55
2013,4,"Male","All_races",4169,55
2014,4,"Male","All_races",3922,55
2015,4,"Male","All_races",4144,55
2016,4,"Male","All_races",4654,55
2017,4,"Male","All_races",4264,55
2018,4,"Male","All_races",4232,55
2019,4,"Male","All_races",4352,55
2020,4,"Male","All_races",5206,55
2011,5,"Male","All_races",3987,55
2012,5,"Male","All_races",4095,55
2013,5,"Male","All_races",4243,55
2014,5,"Male","All_races",4332,55
2015,5,"Male","All_races",4490,55
2016,5,"Male","All_races",4761,55
2017,5,"Male","All_races",4583,55
2018,5,"Male","All_races",4643,55
2019,5,"Male","All_races",4694,55
2020,5,"Male","All_races",6551,55
2011,6,"Male","All_races",4061,55
2012,6,"Male","All_races",3915,55
2013,6,"Male","All_races",4117,55
2014,6,"Male","All_races",4265,55
2015,6,"Male","All_races",4270,55
2016,6,"Male","All_races",4644,55
2017,6,"Male","All_races",4380,55
2018,6,"Male","All_races",4578,55
2019,6,"Male","All_races",4607,55
2020,6,"Male","All_races",5716,55
2011,7,"Male","All_races",4146,55
2012,7,"Male","All_races",4369,55
2013,7,"Male","All_races",4491,55
2014,7,"Male","All_races",4165,55
2015,7,"Male","All_races",4464,55
2016,7,"Male","All_races",4633,55
2017,7,"Male","All_races",4670,55
2018,7,"Male","All_races",4670,55
2019,7,"Male","All_races",4925,55
2020,7,"Male","All_races",6076,55
2010,8,"Male","All_races",3940,55
2011,8,"Male","All_races",3889,55
2012,8,"Male","All_races",4053,55
2013,8,"Male","All_races",4201,55
2014,8,"Male","All_races",4272,55
2015,8,"Male","All_races",4193,55
2016,8,"Male","All_races",4312,55
2017,8,"Male","All_races",4426,55
2018,8,"Male","All_races",4641,55
2019,8,"Male","All_races",4596,55
2020,8,"Male","All_races",5910,55
2010,9,"Male","All_races",3659,55
2011,9,"Male","All_races",3697,55
2012,9,"Male","All_races",3797,55
2013,9,"Male","All_races",3904,55
2014,9,"Male","All_races",4063,55
2015,9,"Male","All_races",4082,55
2016,9,"Male","All_races",4081,55
2017,9,"Male","All_races",4302,55
2018,9,"Male","All_races",4326,55
2019,9,"Male","All_races",4404,55
2020,9,"Male","All_races",5243,55
2010,10,"Male","All_races",3742,55
2011,10,"Male","All_races",3932,55
2012,10,"Male","All_races",4029,55
2013,10,"Male","All_races",3963,55
2014,10,"Male","All_races",4257,55
2015,10,"Male","All_races",4056,55
2016,10,"Male","All_races",4298,55
2017,10,"Male","All_races",4252,55
2018,10,"Male","All_races",4301,55
2019,10,"Male","All_races",4341,55
2020,10,"Male","All_races",5110,55
2010,11,"Male","All_races",3674,55
2011,11,"Male","All_races",3719,55
2012,11,"Male","All_races",3716,55
2013,11,"Male","All_races",3862,55
2014,11,"Male","All_races",3913,55
2015,11,"Male","All_races",3967,55
2016,11,"Male","All_races",4082,55
2017,11,"Male","All_races",3919,55
2018,11,"Male","All_races",4125,55
2019,11,"Male","All_races",4159,55
2020,11,"Male","All_races",5084,55
2010,12,"Male","All_races",3950,55
2011,12,"Male","All_races",3890,55
2012,12,"Male","All_races",4000,55
2013,12,"Male","All_races",4078,55
2014,12,"Male","All_races",4143,55
2015,12,"Male","All_races",4357,55
2016,12,"Male","All_races",4350,55
2017,12,"Male","All_races",4237,55
2018,12,"Male","All_races",4473,55
2019,12,"Male","All_races",4506,55
2020,12,"Male","All_races",5605,55
2011,1,"Male","All_races",4391,60
2012,1,"Male","All_races",4180,60
2013,1,"Male","All_races",4221,60
2014,1,"Male","All_races",4588,60
2015,1,"Male","All_races",4740,60
2016,1,"Male","All_races",4942,60
2017,1,"Male","All_races",5014,60
2018,1,"Male","All_races",5110,60
2019,1,"Male","All_races",5364,60
2020,1,"Male","All_races",5362,60
2011,2,"Male","All_races",3844,60
2012,2,"Male","All_races",3917,60
2013,2,"Male","All_races",4088,60
2014,2,"Male","All_races",4174,60
2015,2,"Male","All_races",4213,60
2016,2,"Male","All_races",4800,60
2017,2,"Male","All_races",4601,60
2018,2,"Male","All_races",4646,60
2019,2,"Male","All_races",4676,60
2020,2,"Male","All_races",5025,60
2011,3,"Male","All_races",4177,60
2012,3,"Male","All_races",4104,60
2013,3,"Male","All_races",4365,60
2014,3,"Male","All_races",4460,60
2015,3,"Male","All_races",4581,60
2016,3,"Male","All_races",5327,60
2017,3,"Male","All_races",5045,60
2018,3,"Male","All_races",5365,60
2019,3,"Male","All_races",5188,60
2020,3,"Male","All_races",5703,60
2011,4,"Male","All_races",4091,60
2012,4,"Male","All_races",4103,60
2013,4,"Male","All_races",4449,60
2014,4,"Male","All_races",4353,60
2015,4,"Male","All_races",4797,60
2016,4,"Male","All_races",5254,60
2017,4,"Male","All_races",5005,60
2018,4,"Male","All_races",5190,60
2019,4,"Male","All_races",5314,60
2020,4,"Male","All_races",6231,60
2011,5,"Male","All_races",4444,60
2012,5,"Male","All_races",4513,60
2013,5,"Male","All_races",4637,60
2014,5,"Male","All_races",4698,60
2015,5,"Male","All_races",5139,60
2016,5,"Male","All_races",5317,60
2017,5,"Male","All_races",5341,60
2018,5,"Male","All_races",5572,60
2019,5,"Male","All_races",5714,60
2020,5,"Male","All_races",7969,60
2011,6,"Male","All_races",4334,60
2012,6,"Male","All_races",4467,60
2013,6,"Male","All_races",4561,60
2014,6,"Male","All_races",4750,60
2015,6,"Male","All_races",4851,60
2016,6,"Male","All_races",5392,60
2017,6,"Male","All_races",5478,60
2018,6,"Male","All_races",5581,60
2019,6,"Male","All_races",5669,60
2020,6,"Male","All_races",7192,60
2011,7,"Male","All_races",4652,60
2012,7,"Male","All_races",4823,60
2013,7,"Male","All_races",4884,60
2014,7,"Male","All_races",4795,60
2015,7,"Male","All_races",5049,60
2016,7,"Male","All_races",5355,60
2017,7,"Male","All_races",5644,60
2018,7,"Male","All_races",5858,60
2019,7,"Male","All_races",5969,60
2020,7,"Male","All_races",7474,60
2010,8,"Male","All_races",4468,60
2011,8,"Male","All_races",4426,60
2012,8,"Male","All_races",4547,60
2013,8,"Male","All_races",4626,60
2014,8,"Male","All_races",4975,60
2015,8,"Male","All_races",4836,60
2016,8,"Male","All_races",5160,60
2017,8,"Male","All_races",5440,60
2018,8,"Male","All_races",5650,60
2019,8,"Male","All_races",5701,60
2020,8,"Male","All_races",7245,60
2010,9,"Male","All_races",4076,60
2011,9,"Male","All_races",4295,60
2012,9,"Male","All_races",4362,60
2013,9,"Male","All_races",4505,60
2014,9,"Male","All_races",4717,60
2015,9,"Male","All_races",4710,60
2016,9,"Male","All_races",4957,60
2017,9,"Male","All_races",4970,60
2018,9,"Male","All_races",5167,60
2019,9,"Male","All_races",5258,60
2020,9,"Male","All_races",6371,60
2010,10,"Male","All_races",4188,60
2011,10,"Male","All_races",4313,60
2012,10,"Male","All_races",4470,60
2013,10,"Male","All_races",4346,60
2014,10,"Male","All_races",4663,60
2015,10,"Male","All_races",4829,60
2016,10,"Male","All_races",4983,60
2017,10,"Male","All_races",5265,60
2018,10,"Male","All_races",5172,60
2019,10,"Male","All_races",5415,60
2020,10,"Male","All_races",6402,60
2010,11,"Male","All_races",3924,60
2011,11,"Male","All_races",3913,60
2012,11,"Male","All_races",4049,60
2013,11,"Male","All_races",4296,60
2014,11,"Male","All_races",4430,60
2015,11,"Male","All_races",4521,60
2016,11,"Male","All_races",4664,60
2017,11,"Male","All_races",4923,60
2018,11,"Male","All_races",4930,60
2019,11,"Male","All_races",5141,60
2020,11,"Male","All_races",6190,60
2010,12,"Male","All_races",4190,60
2011,12,"Male","All_races",4273,60
2012,12,"Male","All_races",4386,60
2013,12,"Male","All_races",4396,60
2014,12,"Male","All_races",4608,60
2015,12,"Male","All_races",4870,60
2016,12,"Male","All_races",4918,60
2017,12,"Male","All_races",5090,60
2018,12,"Male","All_races",5409,60
2019,12,"Male","All_races",5407,60
2020,12,"Male","All_races",7096,60
2011,1,"Male","All_races",4506,65
2012,1,"Male","All_races",4436,65
2013,1,"Male","All_races",4466,65
2014,1,"Male","All_races",4738,65
2015,1,"Male","All_races",5100,65
2016,1,"Male","All_races",5314,65
2017,1,"Male","All_races",5448,65
2018,1,"Male","All_races",5521,65
2019,1,"Male","All_races",5830,65
2020,1,"Male","All_races",6003,65
2011,2,"Male","All_races",3968,65
2012,2,"Male","All_races",4256,65
2013,2,"Male","All_races",4120,65
2014,2,"Male","All_races",4470,65
2015,2,"Male","All_races",4407,65
2016,2,"Male","All_races",5156,65
2017,2,"Male","All_races",4903,65
2018,2,"Male","All_races",5037,65
2019,2,"Male","All_races",5143,65
2020,2,"Male","All_races",5737,65
2011,3,"Male","All_races",4372,65
2012,3,"Male","All_races",4346,65
2013,3,"Male","All_races",4746,65
2014,3,"Male","All_races",4659,65
2015,3,"Male","All_races",4971,65
2016,3,"Male","All_races",5618,65
2017,3,"Male","All_races",5412,65
2018,3,"Male","All_races",5714,65
2019,3,"Male","All_races",5772,65
2020,3,"Male","All_races",6481,65
2011,4,"Male","All_races",4193,65
2012,4,"Male","All_races",4390,65
2013,4,"Male","All_races",4613,65
2014,4,"Male","All_races",4728,65
2015,4,"Male","All_races",5181,65
2016,4,"Male","All_races",5590,65
2017,4,"Male","All_races",5485,65
2018,4,"Male","All_races",5724,65
2019,4,"Male","All_races",5913,65
2020,4,"Male","All_races",7081,65
2011,5,"Male","All_races",4730,65
2012,5,"Male","All_races",4847,65
2013,5,"Male","All_races",4980,65
2014,5,"Male","All_races",5076,65
2015,5,"Male","All_races",5491,65
2016,5,"Male","All_races",5937,65
2017,5,"Male","All_races",5878,65
2018,5,"Male","All_races",6052,65
2019,5,"Male","All_races",6438,65
2020,5,"Male","All_races",9308,65
2011,6,"Male","All_races",4701,65
2012,6,"Male","All_races",4774,65
2013,6,"Male","All_races",5001,65
2014,6,"Male","All_races",4997,65
2015,6,"Male","All_races",5304,65
2016,6,"Male","All_races",6024,65
2017,6,"Male","All_races",5884,65
2018,6,"Male","All_races",6142,65
2019,6,"Male","All_races",6358,65
2020,6,"Male","All_races",8245,65
2011,7,"Male","All_races",4835,65
2012,7,"Male","All_races",5139,65
2013,7,"Male","All_races",5203,65
2014,7,"Male","All_races",5270,65
2015,7,"Male","All_races",5714,65
2016,7,"Male","All_races",5919,65
2017,7,"Male","All_races",6426,65
2018,7,"Male","All_races",6268,65
2019,7,"Male","All_races",6724,65
2020,7,"Male","All_races",8605,65
2010,8,"Male","All_races",4661,65
2011,8,"Male","All_races",4762,65
2012,8,"Male","All_races",4912,65
2013,8,"Male","All_races",5154,65
2014,8,"Male","All_races",5149,65
2015,8,"Male","All_races",5357,65
2016,8,"Male","All_races",5658,65
2017,8,"Male","All_races",5791,65
2018,8,"Male","All_races",6052,65
2019,8,"Male","All_races",6539,65
2020,8,"Male","All_races",8206,65
2010,9,"Male","All_races",4411,65
2011,9,"Male","All_races",4427,65
2012,9,"Male","All_races",4638,65
2013,9,"Male","All_races",4738,65
2014,9,"Male","All_races",4945,65
2015,9,"Male","All_races",5165,65
2016,9,"Male","All_races",5320,65
2017,9,"Male","All_races",5451,65
2018,9,"Male","All_races",5721,65
2019,9,"Male","All_races",6022,65
2020,9,"Male","All_races",7216,65
2010,10,"Male","All_races",4350,65
2011,10,"Male","All_races",4390,65
2012,10,"Male","All_races",4659,65
2013,10,"Male","All_races",4701,65
2014,10,"Male","All_races",5029,65
2015,10,"Male","All_races",5120,65
2016,10,"Male","All_races",5409,65
2017,10,"Male","All_races",5664,65
2018,10,"Male","All_races",5625,65
2019,10,"Male","All_races",5858,65
2020,10,"Male","All_races",7069,65
2010,11,"Male","All_races",4168,65
2011,11,"Male","All_races",4426,65
2012,11,"Male","All_races",4341,65
2013,11,"Male","All_races",4432,65
2014,11,"Male","All_races",4636,65
2015,11,"Male","All_races",4952,65
2016,11,"Male","All_races",5135,65
2017,11,"Male","All_races",5363,65
2018,11,"Male","All_races",5541,65
2019,11,"Male","All_races",5676,65
2020,11,"Male","All_races",6914,65
2010,12,"Male","All_races",4398,65
2011,12,"Male","All_races",4388,65
2012,12,"Male","All_races",4678,65
2013,12,"Male","All_races",4836,65
2014,12,"Male","All_races",4941,65
2015,12,"Male","All_races",5324,65
2016,12,"Male","All_races",5432,65
2017,12,"Male","All_races",5751,65
2018,12,"Male","All_races",5883,65
2019,12,"Male","All_races",6032,65
2020,12,"Male","All_races",8322,65
2011,1,"Male","All_races",5062,70
2012,1,"Male","All_races",4717,70
2013,1,"Male","All_races",4991,70
2014,1,"Male","All_races",5090,70
2015,1,"Male","All_races",5196,70
2016,1,"Male","All_races",5506,70
2017,1,"Male","All_races",5420,70
2018,1,"Male","All_races",5645,70
2019,1,"Male","All_races",5993,70
2020,1,"Male","All_races",6159,70
2011,2,"Male","All_races",4520,70
2012,2,"Male","All_races",4547,70
2013,2,"Male","All_races",4504,70
2014,2,"Male","All_races",4629,70
2015,2,"Male","All_races",4584,70
2016,2,"Male","All_races",5189,70
2017,2,"Male","All_races",4998,70
2018,2,"Male","All_races",5116,70
2019,2,"Male","All_races",5211,70
2020,2,"Male","All_races",5750,70
2011,3,"Male","All_races",4982,70
2012,3,"Male","All_races",4900,70
2013,3,"Male","All_races",5158,70
2014,3,"Male","All_races",4956,70
2015,3,"Male","All_races",5090,70
2016,3,"Male","All_races",5750,70
2017,3,"Male","All_races",5685,70
2018,3,"Male","All_races",5848,70
2019,3,"Male","All_races",5898,70
2020,3,"Male","All_races",6504,70
2011,4,"Male","All_races",4911,70
2012,4,"Male","All_races",4627,70
2013,4,"Male","All_races",5076,70
2014,4,"Male","All_races",4905,70
2015,4,"Male","All_races",5293,70
2016,4,"Male","All_races",5602,70
2017,4,"Male","All_races",5495,70
2018,4,"Male","All_races",5799,70
2019,4,"Male","All_races",6113,70
2020,4,"Male","All_races",7277,70
2011,5,"Male","All_races",5216,70
2012,5,"Male","All_races",5100,70
2013,5,"Male","All_races",5355,70
2014,5,"Male","All_races",5453,70
2015,5,"Male","All_races",5932,70
2016,5,"Male","All_races",5978,70
2017,5,"Male","All_races",6144,70
2018,5,"Male","All_races",6359,70
2019,5,"Male","All_races",6537,70
2020,5,"Male","All_races",9698,70
2011,6,"Male","All_races",5441,70
2012,6,"Male","All_races",5130,70
2013,6,"Male","All_races",5254,70
2014,6,"Male","All_races",5438,70
2015,6,"Male","All_races",5715,70
2016,6,"Male","All_races",6301,70
2017,6,"Male","All_races",5995,70
2018,6,"Male","All_races",6376,70
2019,6,"Male","All_races",6708,70
2020,6,"Male","All_races",8602,70
2011,7,"Male","All_races",5636,70
2012,7,"Male","All_races",5593,70
2013,7,"Male","All_races",5882,70
2014,7,"Male","All_races",5531,70
2015,7,"Male","All_races",5775,70
2016,7,"Male","All_races",6158,70
2017,7,"Male","All_races",6501,70
2018,7,"Male","All_races",6589,70
2019,7,"Male","All_races",6846,70
2020,7,"Male","All_races",8862,70
2010,8,"Male","All_races",5540,70
2011,8,"Male","All_races",5221,70
2012,8,"Male","All_races",5200,70
2013,8,"Male","All_races",5635,70
2014,8,"Male","All_races",5616,70
2015,8,"Male","All_races",5524,70
2016,8,"Male","All_races",5862,70
2017,8,"Male","All_races",6184,70
2018,8,"Male","All_races",6444,70
2019,8,"Male","All_races",6758,70
2020,8,"Male","All_races",8534,70
2010,9,"Male","All_races",4824,70
2011,9,"Male","All_races",4892,70
2012,9,"Male","All_races",5098,70
2013,9,"Male","All_races",5185,70
2014,9,"Male","All_races",5282,70
2015,9,"Male","All_races",5190,70
2016,9,"Male","All_races",5325,70
2017,9,"Male","All_races",5761,70
2018,9,"Male","All_races",5976,70
2019,9,"Male","All_races",6104,70
2020,9,"Male","All_races",7535,70
2010,10,"Male","All_races",4989,70
2011,10,"Male","All_races",4933,70
2012,10,"Male","All_races",5090,70
2013,10,"Male","All_races",5105,70
2014,10,"Male","All_races",5462,70
2015,10,"Male","All_races",5344,70
2016,10,"Male","All_races",5605,70
2017,10,"Male","All_races",5903,70
2018,10,"Male","All_races",5872,70
2019,10,"Male","All_races",6266,70
2020,10,"Male","All_races",7402,70
2010,11,"Male","All_races",4713,70
2011,11,"Male","All_races",4561,70
2012,11,"Male","All_races",4835,70
2013,11,"Male","All_races",4860,70
2014,11,"Male","All_races",4971,70
2015,11,"Male","All_races",4996,70
2016,11,"Male","All_races",5240,70
2017,11,"Male","All_races",5465,70
2018,11,"Male","All_races",5605,70
2019,11,"Male","All_races",5809,70
2020,11,"Male","All_races",7305,70
2010,12,"Male","All_races",4990,70
2011,12,"Male","All_races",4761,70
2012,12,"Male","All_races",5051,70
2013,12,"Male","All_races",4953,70
2014,12,"Male","All_races",5080,70
2015,12,"Male","All_races",5312,70
2016,12,"Male","All_races",5416,70
2017,12,"Male","All_races",5552,70
2018,12,"Male","All_races",5861,70
2019,12,"Male","All_races",6095,70
2020,12,"Male","All_races",8559,70
2011,1,"Male","All_races",5093,75
2012,1,"Male","All_races",4884,75
2013,1,"Male","All_races",4818,75
2014,1,"Male","All_races",5170,75
2015,1,"Male","All_races",5390,75
2016,1,"Male","All_races",5609,75
2017,1,"Male","All_races",5426,75
2018,1,"Male","All_races",5668,75
2019,1,"Male","All_races",6010,75
2020,1,"Male","All_races",5944,75
2011,2,"Male","All_races",4552,75
2012,2,"Male","All_races",4574,75
2013,2,"Male","All_races",4577,75
2014,2,"Male","All_races",4942,75
2015,2,"Male","All_races",4703,75
2016,2,"Male","All_races",5506,75
2017,2,"Male","All_races",5039,75
2018,2,"Male","All_races",5046,75
2019,2,"Male","All_races",5353,75
2020,2,"Male","All_races",5646,75
2011,3,"Male","All_races",4674,75
2012,3,"Male","All_races",4796,75
2013,3,"Male","All_races",5115,75
2014,3,"Male","All_races",5107,75
2015,3,"Male","All_races",5427,75
2016,3,"Male","All_races",5884,75
2017,3,"Male","All_races",5804,75
2018,3,"Male","All_races",5817,75
2019,3,"Male","All_races",5934,75
2020,3,"Male","All_races",6482,75
2011,4,"Male","All_races",4666,75
2012,4,"Male","All_races",4767,75
2013,4,"Male","All_races",5114,75
2014,4,"Male","All_races",5011,75
2015,4,"Male","All_races",5591,75
2016,4,"Male","All_races",5974,75
2017,4,"Male","All_races",5703,75
2018,4,"Male","All_races",5980,75
2019,4,"Male","All_races",6019,75
2020,4,"Male","All_races",6982,75
2011,5,"Male","All_races",5160,75
2012,5,"Male","All_races",5303,75
2013,5,"Male","All_races",5598,75
2014,5,"Male","All_races",5576,75
2015,5,"Male","All_races",6214,75
2016,5,"Male","All_races",6400,75
2017,5,"Male","All_races",6183,75
2018,5,"Male","All_races",6274,75
2019,5,"Male","All_races",6813,75
2020,5,"Male","All_races",9152,75
2011,6,"Male","All_races",5469,75
2012,6,"Male","All_races",5354,75
2013,6,"Male","All_races",5400,75
2014,6,"Male","All_races",5565,75
2015,6,"Male","All_races",6012,75
2016,6,"Male","All_races",6455,75
2017,6,"Male","All_races",6406,75
2018,6,"Male","All_races",6593,75
2019,6,"Male","All_races",6721,75
2020,6,"Male","All_races",8337,75
2011,7,"Male","All_races",5771,75
2012,7,"Male","All_races",5763,75
2013,7,"Male","All_races",5857,75
2014,7,"Male","All_races",5864,75
2015,7,"Male","All_races",6279,75
2016,7,"Male","All_races",6525,75
2017,7,"Male","All_races",6904,75
2018,7,"Male","All_races",6599,75
2019,7,"Male","All_races",7216,75
2020,7,"Male","All_races",8642,75
2010,8,"Male","All_races",5394,75
2011,8,"Male","All_races",5259,75
2012,8,"Male","All_races",5378,75
2013,8,"Male","All_races",5883,75
2014,8,"Male","All_races",5922,75
2015,8,"Male","All_races",5938,75
2016,8,"Male","All_races",6045,75
2017,8,"Male","All_races",6249,75
2018,8,"Male","All_races",6506,75
2019,8,"Male","All_races",6675,75
2020,8,"Male","All_races",8354,75
2010,9,"Male","All_races",4942,75
2011,9,"Male","All_races",4945,75
2012,9,"Male","All_races",5023,75
2013,9,"Male","All_races",5315,75
2014,9,"Male","All_races",5515,75
2015,9,"Male","All_races",5641,75
2016,9,"Male","All_races",5498,75
2017,9,"Male","All_races",5896,75
2018,9,"Male","All_races",5961,75
2019,9,"Male","All_races",6345,75
2020,9,"Male","All_races",7098,75
2010,10,"Male","All_races",5008,75
2011,10,"Male","All_races",4940,75
2012,10,"Male","All_races",5118,75
2013,10,"Male","All_races",5306,75
2014,10,"Male","All_races",5620,75
2015,10,"Male","All_races",5635,75
2016,10,"Male","All_races",5680,75
2017,10,"Male","All_races",5996,75
2018,10,"Male","All_races",6043,75
2019,10,"Male","All_races",6173,75
2020,10,"Male","All_races",7191,75
2010,11,"Male","All_races",4513,75
2011,11,"Male","All_races",4750,75
2012,11,"Male","All_races",4715,75
2013,11,"Male","All_races",4854,75
2014,11,"Male","All_races",5060,75
2015,11,"Male","All_races",5358,75
2016,11,"Male","All_races",5249,75
2017,11,"Male","All_races",5532,75
2018,11,"Male","All_races",5624,75
2019,11,"Male","All_races",5778,75
2020,11,"Male","All_races",6927,75
2010,12,"Male","All_races",4850,75
2011,12,"Male","All_races",4886,75
2012,12,"Male","All_races",5075,75
2013,12,"Male","All_races",5063,75
2014,12,"Male","All_races",5226,75
2015,12,"Male","All_races",5741,75
2016,12,"Male","All_races",5524,75
2017,12,"Male","All_races",5661,75
2018,12,"Male","All_races",6027,75
2019,12,"Male","All_races",6023,75
2020,12,"Male","All_races",7869,75
2011,1,"Male","All_races",10566,80
2012,1,"Male","All_races",9545,80
2013,1,"Male","All_races",10183,80
2014,1,"Male","All_races",10894,80
2015,1,"Male","All_races",11694,80
2016,1,"Male","All_races",11995,80
2017,1,"Male","All_races",11990,80
2018,1,"Male","All_races",12333,80
2019,1,"Male","All_races",13321,80
2020,1,"Male","All_races",13538,80
2011,2,"Male","All_races",9356,80
2012,2,"Male","All_races",9188,80
2013,2,"Male","All_races",9564,80
2014,2,"Male","All_races",10574,80
2015,2,"Male","All_races",9967,80
2016,2,"Male","All_races",11654,80
2017,2,"Male","All_races",11202,80
2018,2,"Male","All_races",10978,80
2019,2,"Male","All_races",11812,80
2020,2,"Male","All_races",12683,80
2011,3,"Male","All_races",10152,80
2012,3,"Male","All_races",9694,80
2013,3,"Male","All_races",10744,80
2014,3,"Male","All_races",10498,80
2015,3,"Male","All_races",11292,80
2016,3,"Male","All_races",12835,80
2017,3,"Male","All_races",12743,80
2018,3,"Male","All_races",12909,80
2019,3,"Male","All_races",13453,80
2020,3,"Male","All_races",14728,80
2011,4,"Male","All_races",9684,80
2012,4,"Male","All_races",9792,80
2013,4,"Male","All_races",10752,80
2014,4,"Male","All_races",10484,80
2015,4,"Male","All_races",12018,80
2016,4,"Male","All_races",12722,80
2017,4,"Male","All_races",12992,80
2018,4,"Male","All_races",12824,80
2019,4,"Male","All_races",13540,80
2020,4,"Male","All_races",15107,80
2011,5,"Male","All_races",10696,80
2012,5,"Male","All_races",11132,80
2013,5,"Male","All_races",11860,80
2014,5,"Male","All_races",11859,80
2015,5,"Male","All_races",13656,80
2016,5,"Male","All_races",13644,80
2017,5,"Male","All_races",14025,80
2018,5,"Male","All_races",13988,80
2019,5,"Male","All_races",14794,80
2020,5,"Male","All_races",20129,80
2011,6,"Male","All_races",11647,80
2012,6,"Male","All_races",11190,80
2013,6,"Male","All_races",11799,80
2014,6,"Male","All_races",12208,80
2015,6,"Male","All_races",13317,80
2016,6,"Male","All_races",14632,80
2017,6,"Male","All_races",14312,80
2018,6,"Male","All_races",14536,80
2019,6,"Male","All_races",15351,80
2020,6,"Male","All_races",18685,80
2011,7,"Male","All_races",12158,80
2012,7,"Male","All_races",12586,80
2013,7,"Male","All_races",12840,80
2014,7,"Male","All_races",12432,80
2015,7,"Male","All_races",13652,80
2016,7,"Male","All_races",14858,80
2017,7,"Male","All_races",16045,80
2018,7,"Male","All_races",15281,80
2019,7,"Male","All_races",16733,80
2020,7,"Male","All_races",19155,80
2010,8,"Male","All_races",11009,80
2011,8,"Male","All_races",11199,80
2012,8,"Male","All_races",11396,80
2013,8,"Male","All_races",12605,80
2014,8,"Male","All_races",12897,80
2015,8,"Male","All_races",12781,80
2016,8,"Male","All_races",13809,80
2017,8,"Male","All_races",14610,80
2018,8,"Male","All_races",14734,80
2019,8,"Male","All_races",15668,80
2020,8,"Male","All_races",18824,80
2010,9,"Male","All_races",10398,80
2011,9,"Male","All_races",10441,80
2012,9,"Male","All_races",10865,80
2013,9,"Male","All_races",11463,80
2014,9,"Male","All_races",11490,80
2015,9,"Male","All_races",12227,80
2016,9,"Male","All_races",12327,80
2017,9,"Male","All_races",13057,80
2018,9,"Male","All_races",13577,80
2019,9,"Male","All_races",14398,80
2020,9,"Male","All_races",16425,80
2010,10,"Male","All_races",9938,80
2011,10,"Male","All_races",10127,80
2012,10,"Male","All_races",10919,80
2013,10,"Male","All_races",11124,80
2014,10,"Male","All_races",11887,80
2015,10,"Male","All_races",12071,80
2016,10,"Male","All_races",12623,80
2017,10,"Male","All_races",13147,80
2018,10,"Male","All_races",12958,80
2019,10,"Male","All_races",13933,80
2020,10,"Male","All_races",16199,80
2010,11,"Male","All_races",9133,80
2011,11,"Male","All_races",9395,80
2012,11,"Male","All_races",9942,80
2013,11,"Male","All_races",10050,80
2014,11,"Male","All_races",10514,80
2015,11,"Male","All_races",11530,80
2016,11,"Male","All_races",11467,80
2017,11,"Male","All_races",12076,80
2018,11,"Male","All_races",12406,80
2019,11,"Male","All_races",13065,80
2020,11,"Male","All_races",15249,80
2010,12,"Male","All_races",9622,80
2011,12,"Male","All_races",9749,80
2012,12,"Male","All_races",10400,80
2013,12,"Male","All_races",10278,80
2014,12,"Male","All_races",10823,80
2015,12,"Male","All_races",11727,80
2016,12,"Male","All_races",11779,80
2017,12,"Male","All_races",12336,80
2018,12,"Male","All_races",13326,80
2019,12,"Male","All_races",13622,80
2020,12,"Male","All_races",17552,80
2010,8,"Male","Asian",2,0
2010,9,"Male","Asian",1,0
2010,10,"Male","Asian",3,0
2010,11,"Male","Asian",3,0
2010,12,"Male","Asian",3,0
2011,1,"Male","Asian",5,0
2011,2,"Male","Asian",4,0
2011,3,"Male","Asian",4,0
2011,4,"Male","Asian",4,0
2011,5,"Male","Asian",4,0
2011,6,"Male","Asian",3,0
2011,7,"Male","Asian",6,0
2011,8,"Male","Asian",5,0
2011,9,"Male","Asian",5,0
2011,10,"Male","Asian",7,0
2011,11,"Male","Asian",2,0
2011,12,"Male","Asian",4,0
2012,1,"Male","Asian",8,0
2012,2,"Male","Asian",3,0
2012,3,"Male","Asian",3,0
2012,4,"Male","Asian",7,0
2012,5,"Male","Asian",5,0
2012,6,"Male","Asian",2,0
2012,7,"Male","Asian",4,0
2012,8,"Male","Asian",2,0
2012,9,"Male","Asian",4,0
2012,10,"Male","Asian",4,0
2012,11,"Male","Asian",5,0
2012,12,"Male","Asian",3,0
2013,2,"Male","Asian",3,0
2013,3,"Male","Asian",4,0
2013,4,"Male","Asian",5,0
2013,5,"Male","Asian",1,0
2013,6,"Male","Asian",6,0
2013,7,"Male","Asian",4,0
2013,8,"Male","Asian",7,0
2013,9,"Male","Asian",5,0
2013,10,"Male","Asian",6,0
2013,11,"Male","Asian",2,0
2013,12,"Male","Asian",2,0
2014,1,"Male","Asian",2,0
2014,2,"Male","Asian",1,0
2014,3,"Male","Asian",4,0
2014,4,"Male","Asian",2,0
2014,5,"Male","Asian",3,0
2014,6,"Male","Asian",2,0
2014,7,"Male","Asian",3,0
2014,8,"Male","Asian",3,0
2014,9,"Male","Asian",4,0
2014,10,"Male","Asian",1,0
2014,11,"Male","Asian",3,0
2014,12,"Male","Asian",6,0
2015,1,"Male","Asian",6,0
2015,2,"Male","Asian",4,0
2015,3,"Male","Asian",6,0
2015,4,"Male","Asian",7,0
2015,5,"Male","Asian",3,0
2015,6,"Male","Asian",9,0
2015,7,"Male","Asian",5,0
2015,8,"Male","Asian",2,0
2015,9,"Male","Asian",1,0
2015,10,"Male","Asian",3,0
2015,11,"Male","Asian",3,0
2015,12,"Male","Asian",3,0
2016,1,"Male","Asian",3,0
2016,2,"Male","Asian",7,0
2016,3,"Male","Asian",8,0
2016,4,"Male","Asian",3,0
2016,5,"Male","Asian",1,0
2016,6,"Male","Asian",3,0
2016,7,"Male","Asian",3,0
2016,8,"Male","Asian",4,0
2016,9,"Male","Asian",4,0
2016,10,"Male","Asian",5,0
2016,11,"Male","Asian",5,0
2016,12,"Male","Asian",3,0
2017,1,"Male","Asian",2,0
2017,2,"Male","Asian",5,0
2017,3,"Male","Asian",4,0
2017,4,"Male","Asian",3,0
2017,5,"Male","Asian",2,0
2017,6,"Male","Asian",3,0
2017,7,"Male","Asian",1,0
2017,8,"Male","Asian",5,0
2017,9,"Male","Asian",4,0
2017,10,"Male","Asian",5,0
2017,11,"Male","Asian",4,0
2017,12,"Male","Asian",2,0
2018,1,"Male","Asian",3,0
2018,2,"Male","Asian",2,0
2018,3,"Male","Asian",3,0
2018,4,"Male","Asian",2,0
2018,5,"Male","Asian",9,0
2018,7,"Male","Asian",4,0
2018,8,"Male","Asian",7,0
2018,9,"Male","Asian",2,0
2018,10,"Male","Asian",7,0
2018,11,"Male","Asian",4,0
2018,12,"Male","Asian",1,0
2019,1,"Male","Asian",4,0
2019,3,"Male","Asian",3,0
2019,4,"Male","Asian",6,0
2019,5,"Male","Asian",2,0
2019,6,"Male","Asian",3,0
2019,7,"Male","Asian",5,0
2019,8,"Male","Asian",4,0
2019,9,"Male","Asian",1,0
2019,10,"Male","Asian",3,0
2019,12,"Male","Asian",5,0
2020,1,"Male","Asian",4,0
2020,2,"Male","Asian",4,0
2020,3,"Male","Asian",7,0
2020,4,"Male","Asian",4,0
2020,5,"Male","Asian",1,0
2020,6,"Male","Asian",6,0
2020,7,"Male","Asian",3,0
2020,8,"Male","Asian",3,0
2020,9,"Male","Asian",4,0
2020,10,"Male","Asian",7,0
2020,11,"Male","Asian",2,0
2020,12,"Male","Asian",5,0
2010,8,"Male","Asian",1,5
2011,5,"Male","Asian",1,5
2011,10,"Male","Asian",1,5
2011,11,"Male","Asian",1,5
2012,1,"Male","Asian",1,5
2012,7,"Male","Asian",2,5
2013,1,"Male","Asian",1,5
2013,2,"Male","Asian",1,5
2013,10,"Male","Asian",1,5
2013,12,"Male","Asian",1,5
2014,2,"Male","Asian",2,5
2014,4,"Male","Asian",1,5
2014,10,"Male","Asian",1,5
2014,12,"Male","Asian",1,5
2015,3,"Male","Asian",1,5
2015,9,"Male","Asian",1,5
2015,10,"Male","Asian",1,5
2015,12,"Male","Asian",1,5
2016,3,"Male","Asian",1,5
2016,7,"Male","Asian",2,5
2016,9,"Male","Asian",1,5
2016,10,"Male","Asian",1,5
2017,1,"Male","Asian",1,5
2017,6,"Male","Asian",2,5
2017,9,"Male","Asian",1,5
2017,10,"Male","Asian",1,5
2017,11,"Male","Asian",1,5
2018,4,"Male","Asian",3,5
2018,10,"Male","Asian",1,5
2018,11,"Male","Asian",1,5
2019,6,"Male","Asian",1,5
2019,7,"Male","Asian",1,5
2019,11,"Male","Asian",1,5
2020,2,"Male","Asian",1,5
2020,6,"Male","Asian",1,5
2010,9,"Male","Asian",1,10
2011,1,"Male","Asian",1,10
2011,5,"Male","Asian",1,10
2011,10,"Male","Asian",1,10
2011,11,"Male","Asian",2,10
2011,12,"Male","Asian",1,10
2012,1,"Male","Asian",2,10
2012,5,"Male","Asian",1,10
2012,7,"Male","Asian",1,10
2013,1,"Male","Asian",1,10
2013,5,"Male","Asian",2,10
2013,11,"Male","Asian",1,10
2014,8,"Male","Asian",1,10
2015,7,"Male","Asian",2,10
2015,10,"Male","Asian",1,10
2015,11,"Male","Asian",1,10
2016,2,"Male","Asian",2,10
2016,3,"Male","Asian",1,10
2016,4,"Male","Asian",1,10
2016,7,"Male","Asian",2,10
2016,9,"Male","Asian",1,10
2017,1,"Male","Asian",2,10
2017,8,"Male","Asian",1,10
2017,11,"Male","Asian",1,10
2018,1,"Male","Asian",1,10
2018,3,"Male","Asian",1,10
2018,4,"Male","Asian",1,10
2018,6,"Male","Asian",1,10
2018,11,"Male","Asian",3,10
2018,12,"Male","Asian",1,10
2019,6,"Male","Asian",1,10
2019,9,"Male","Asian",1,10
2019,10,"Male","Asian",1,10
2020,1,"Male","Asian",2,10
2020,2,"Male","Asian",1,10
2020,7,"Male","Asian",1,10
2020,8,"Male","Asian",1,10
2020,9,"Male","Asian",1,10
2020,11,"Male","Asian",2,10
2020,12,"Male","Asian",1,10
2010,8,"Male","Asian",1,15
2010,9,"Male","Asian",3,15
2010,10,"Male","Asian",1,15
2010,11,"Male","Asian",2,15
2010,12,"Male","Asian",2,15
2011,1,"Male","Asian",2,15
2011,2,"Male","Asian",1,15
2011,4,"Male","Asian",3,15
2011,5,"Male","Asian",1,15
2011,7,"Male","Asian",1,15
2011,10,"Male","Asian",1,15
2011,12,"Male","Asian",2,15
2012,2,"Male","Asian",1,15
2012,3,"Male","Asian",6,15
2012,4,"Male","Asian",1,15
2012,5,"Male","Asian",1,15
2012,7,"Male","Asian",1,15
2012,8,"Male","Asian",2,15
2012,9,"Male","Asian",2,15
2012,10,"Male","Asian",2,15
2012,11,"Male","Asian",2,15
2012,12,"Male","Asian",1,15
2013,5,"Male","Asian",1,15
2013,8,"Male","Asian",3,15
2013,9,"Male","Asian",1,15
2013,10,"Male","Asian",1,15
2013,12,"Male","Asian",3,15
2014,1,"Male","Asian",2,15
2014,2,"Male","Asian",4,15
2014,3,"Male","Asian",3,15
2014,4,"Male","Asian",1,15
2014,5,"Male","Asian",2,15
2014,6,"Male","Asian",2,15
2014,7,"Male","Asian",2,15
2014,8,"Male","Asian",4,15
2014,9,"Male","Asian",1,15
2014,10,"Male","Asian",3,15
2014,11,"Male","Asian",8,15
2014,12,"Male","Asian",2,15
2015,2,"Male","Asian",2,15
2015,3,"Male","Asian",2,15
2015,4,"Male","Asian",2,15
2015,5,"Male","Asian",1,15
2015,6,"Male","Asian",2,15
2015,7,"Male","Asian",3,15
2015,8,"Male","Asian",3,15
2015,9,"Male","Asian",4,15
2015,10,"Male","Asian",5,15
2015,11,"Male","Asian",2,15
2016,1,"Male","Asian",5,15
2016,3,"Male","Asian",5,15
2016,5,"Male","Asian",1,15
2016,6,"Male","Asian",1,15
2016,8,"Male","Asian",7,15
2016,9,"Male","Asian",6,15
2016,10,"Male","Asian",3,15
2016,11,"Male","Asian",2,15
2016,12,"Male","Asian",3,15
2017,1,"Male","Asian",1,15
2017,2,"Male","Asian",2,15
2017,3,"Male","Asian",2,15
2017,4,"Male","Asian",4,15
2017,5,"Male","Asian",4,15
2017,6,"Male","Asian",4,15
2017,7,"Male","Asian",2,15
2017,9,"Male","Asian",2,15
2017,10,"Male","Asian",1,15
2017,11,"Male","Asian",1,15
2017,12,"Male","Asian",3,15
2018,1,"Male","Asian",4,15
2018,2,"Male","Asian",2,15
2018,3,"Male","Asian",3,15
2018,4,"Male","Asian",2,15
2018,5,"Male","Asian",4,15
2018,6,"Male","Asian",3,15
2018,7,"Male","Asian",1,15
2018,8,"Male","Asian",1,15
2018,9,"Male","Asian",1,15
2018,10,"Male","Asian",2,15
2018,11,"Male","Asian",1,15
2018,12,"Male","Asian",6,15
2019,1,"Male","Asian",3,15
2019,2,"Male","Asian",3,15
2019,3,"Male","Asian",3,15
2019,4,"Male","Asian",3,15
2019,5,"Male","Asian",2,15
2019,6,"Male","Asian",3,15
2019,7,"Male","Asian",1,15
2019,8,"Male","Asian",2,15
2019,9,"Male","Asian",1,15
2019,10,"Male","Asian",4,15
2019,11,"Male","Asian",4,15
2019,12,"Male","Asian",3,15
2020,1,"Male","Asian",2,15
2020,2,"Male","Asian",4,15
2020,3,"Male","Asian",3,15
2020,4,"Male","Asian",3,15
2020,5,"Male","Asian",5,15
2020,6,"Male","Asian",3,15
2020,7,"Male","Asian",3,15
2020,8,"Male","Asian",1,15
2020,9,"Male","Asian",1,15
2020,10,"Male","Asian",1,15
2020,11,"Male","Asian",5,15
2020,12,"Male","Asian",4,15
2010,8,"Male","Asian",2,20
2010,9,"Male","Asian",2,20
2010,10,"Male","Asian",4,20
2010,11,"Male","Asian",4,20
2010,12,"Male","Asian",7,20
2011,1,"Male","Asian",3,20
2011,2,"Male","Asian",4,20
2011,3,"Male","Asian",3,20
2011,4,"Male","Asian",1,20
2011,5,"Male","Asian",2,20
2011,6,"Male","Asian",3,20
2011,7,"Male","Asian",6,20
2011,8,"Male","Asian",2,20
2011,11,"Male","Asian",2,20
2011,12,"Male","Asian",2,20
2012,1,"Male","Asian",3,20
2012,2,"Male","Asian",3,20
2012,3,"Male","Asian",2,20
2012,4,"Male","Asian",2,20
2012,5,"Male","Asian",3,20
2012,6,"Male","Asian",5,20
2012,7,"Male","Asian",7,20
2012,8,"Male","Asian",1,20
2012,9,"Male","Asian",2,20
2012,10,"Male","Asian",5,20
2012,11,"Male","Asian",2,20
2012,12,"Male","Asian",3,20
2013,2,"Male","Asian",2,20
2013,3,"Male","Asian",4,20
2013,4,"Male","Asian",3,20
2013,7,"Male","Asian",3,20
2013,9,"Male","Asian",1,20
2013,10,"Male","Asian",1,20
2013,11,"Male","Asian",3,20
2013,12,"Male","Asian",1,20
2014,1,"Male","Asian",1,20
2014,2,"Male","Asian",4,20
2014,3,"Male","Asian",5,20
2014,4,"Male","Asian",1,20
2014,6,"Male","Asian",5,20
2014,7,"Male","Asian",2,20
2014,8,"Male","Asian",2,20
2014,9,"Male","Asian",2,20
2014,10,"Male","Asian",3,20
2014,11,"Male","Asian",4,20
2014,12,"Male","Asian",6,20
2015,1,"Male","Asian",1,20
2015,2,"Male","Asian",3,20
2015,3,"Male","Asian",2,20
2015,4,"Male","Asian",1,20
2015,5,"Male","Asian",3,20
2015,6,"Male","Asian",2,20
2015,8,"Male","Asian",7,20
2015,9,"Male","Asian",3,20
2015,10,"Male","Asian",1,20
2015,11,"Male","Asian",1,20
2015,12,"Male","Asian",3,20
2016,1,"Male","Asian",1,20
2016,2,"Male","Asian",2,20
2016,3,"Male","Asian",3,20
2016,4,"Male","Asian",4,20
2016,5,"Male","Asian",3,20
2016,6,"Male","Asian",1,20
2016,7,"Male","Asian",2,20
2016,8,"Male","Asian",7,20
2016,9,"Male","Asian",2,20
2016,10,"Male","Asian",5,20
2016,11,"Male","Asian",2,20
2016,12,"Male","Asian",1,20
2017,1,"Male","Asian",4,20
2017,2,"Male","Asian",4,20
2017,4,"Male","Asian",2,20
2017,5,"Male","Asian",3,20
2017,6,"Male","Asian",4,20
2017,7,"Male","Asian",4,20
2017,8,"Male","Asian",5,20
2017,9,"Male","Asian",4,20
2017,10,"Male","Asian",4,20
2017,11,"Male","Asian",3,20
2017,12,"Male","Asian",5,20
2018,1,"Male","Asian",5,20
2018,2,"Male","Asian",6,20
2018,3,"Male","Asian",3,20
2018,4,"Male","Asian",3,20
2018,5,"Male","Asian",7,20
2018,6,"Male","Asian",2,20
2018,7,"Male","Asian",4,20
2018,8,"Male","Asian",2,20
2018,9,"Male","Asian",4,20
2018,10,"Male","Asian",4,20
2018,11,"Male","Asian",2,20
2018,12,"Male","Asian",8,20
2019,1,"Male","Asian",3,20
2019,2,"Male","Asian",4,20
2019,3,"Male","Asian",4,20
2019,4,"Male","Asian",2,20
2019,5,"Male","Asian",4,20
2019,6,"Male","Asian",1,20
2019,7,"Male","Asian",3,20
2019,8,"Male","Asian",2,20
2019,9,"Male","Asian",1,20
2019,10,"Male","Asian",2,20
2019,11,"Male","Asian",3,20
2019,12,"Male","Asian",3,20
2020,1,"Male","Asian",1,20
2020,2,"Male","Asian",4,20
2020,3,"Male","Asian",3,20
2020,4,"Male","Asian",5,20
2020,5,"Male","Asian",3,20
2020,6,"Male","Asian",6,20
2020,7,"Male","Asian",3,20
2020,8,"Male","Asian",1,20
2020,9,"Male","Asian",1,20
2020,10,"Male","Asian",5,20
2020,11,"Male","Asian",5,20
2020,12,"Male","Asian",7,20
2010,8,"Male","Asian",2,25
2010,9,"Male","Asian",3,25
2010,10,"Male","Asian",3,25
2010,11,"Male","Asian",2,25
2010,12,"Male","Asian",1,25
2011,1,"Male","Asian",7,25
2011,3,"Male","Asian",2,25
2011,4,"Male","Asian",2,25
2011,5,"Male","Asian",4,25
2011,6,"Male","Asian",2,25
2011,7,"Male","Asian",5,25
2011,8,"Male","Asian",4,25
2011,9,"Male","Asian",2,25
2011,10,"Male","Asian",4,25
2011,11,"Male","Asian",3,25
2011,12,"Male","Asian",2,25
2012,1,"Male","Asian",2,25
2012,2,"Male","Asian",1,25
2012,3,"Male","Asian",4,25
2012,4,"Male","Asian",2,25
2012,5,"Male","Asian",4,25
2012,6,"Male","Asian",3,25
2012,7,"Male","Asian",4,25
2012,8,"Male","Asian",1,25
2012,9,"Male","Asian",2,25
2012,10,"Male","Asian",3,25
2012,11,"Male","Asian",2,25
2012,12,"Male","Asian",4,25
2013,1,"Male","Asian",2,25
2013,3,"Male","Asian",1,25
2013,4,"Male","Asian",2,25
2013,5,"Male","Asian",3,25
2013,6,"Male","Asian",3,25
2013,7,"Male","Asian",3,25
2013,8,"Male","Asian",4,25
2013,9,"Male","Asian",1,25
2013,10,"Male","Asian",1,25
2013,11,"Male","Asian",2,25
2013,12,"Male","Asian",3,25
2014,1,"Male","Asian",6,25
2014,2,"Male","Asian",3,25
2014,3,"Male","Asian",5,25
2014,4,"Male","Asian",1,25
2014,5,"Male","Asian",2,25
2014,6,"Male","Asian",2,25
2014,7,"Male","Asian",2,25
2014,8,"Male","Asian",3,25
2014,9,"Male","Asian",2,25
2014,10,"Male","Asian",1,25
2014,11,"Male","Asian",1,25
2014,12,"Male","Asian",2,25
2015,1,"Male","Asian",2,25
2015,2,"Male","Asian",2,25
2015,3,"Male","Asian",3,25
2015,4,"Male","Asian",2,25
2015,5,"Male","Asian",1,25
2015,6,"Male","Asian",2,25
2015,7,"Male","Asian",2,25
2015,8,"Male","Asian",5,25
2015,9,"Male","Asian",5,25
2015,10,"Male","Asian",4,25
2015,11,"Male","Asian",2,25
2015,12,"Male","Asian",2,25
2016,1,"Male","Asian",4,25
2016,2,"Male","Asian",2,25
2016,3,"Male","Asian",2,25
2016,4,"Male","Asian",6,25
2016,5,"Male","Asian",5,25
2016,6,"Male","Asian",2,25
2016,7,"Male","Asian",1,25
2016,8,"Male","Asian",1,25
2016,9,"Male","Asian",5,25
2016,10,"Male","Asian",2,25
2016,11,"Male","Asian",2,25
2016,12,"Male","Asian",6,25
2017,1,"Male","Asian",5,25
2017,2,"Male","Asian",1,25
2017,3,"Male","Asian",3,25
2017,4,"Male","Asian",4,25
2017,5,"Male","Asian",2,25
2017,6,"Male","Asian",5,25
2017,7,"Male","Asian",1,25
2017,8,"Male","Asian",5,25
2017,9,"Male","Asian",1,25
2017,10,"Male","Asian",4,25
2017,11,"Male","Asian",5,25
2017,12,"Male","Asian",4,25
2018,1,"Male","Asian",4,25
2018,2,"Male","Asian",2,25
2018,3,"Male","Asian",3,25
2018,4,"Male","Asian",4,25
2018,5,"Male","Asian",4,25
2018,6,"Male","Asian",2,25
2018,7,"Male","Asian",2,25
2018,8,"Male","Asian",4,25
2018,9,"Male","Asian",2,25
2018,10,"Male","Asian",5,25
2018,11,"Male","Asian",4,25
2018,12,"Male","Asian",7,25
2019,1,"Male","Asian",2,25
2019,2,"Male","Asian",3,25
2019,3,"Male","Asian",3,25
2019,5,"Male","Asian",4,25
2019,6,"Male","Asian",1,25
2019,7,"Male","Asian",3,25
2019,8,"Male","Asian",2,25
2019,9,"Male","Asian",2,25
2019,10,"Male","Asian",3,25
2019,11,"Male","Asian",3,25
2019,12,"Male","Asian",4,25
2020,1,"Male","Asian",3,25
2020,2,"Male","Asian",3,25
2020,3,"Male","Asian",4,25
2020,4,"Male","Asian",1,25
2020,5,"Male","Asian",6,25
2020,6,"Male","Asian",4,25
2020,7,"Male","Asian",3,25
2020,8,"Male","Asian",2,25
2020,9,"Male","Asian",9,25
2020,10,"Male","Asian",6,25
2020,11,"Male","Asian",4,25
2020,12,"Male","Asian",6,25
2010,8,"Male","Asian",4,30
2010,9,"Male","Asian",3,30
2010,10,"Male","Asian",2,30
2010,11,"Male","Asian",4,30
2011,1,"Male","Asian",3,30
2011,2,"Male","Asian",3,30
2011,3,"Male","Asian",2,30
2011,4,"Male","Asian",3,30
2011,5,"Male","Asian",2,30
2011,6,"Male","Asian",2,30
2011,7,"Male","Asian",1,30
2011,8,"Male","Asian",3,30
2011,9,"Male","Asian",10,30
2011,10,"Male","Asian",2,30
2011,11,"Male","Asian",3,30
2011,12,"Male","Asian",2,30
2012,1,"Male","Asian",3,30
2012,2,"Male","Asian",6,30
2012,3,"Male","Asian",1,30
2012,4,"Male","Asian",5,30
2012,5,"Male","Asian",3,30
2012,6,"Male","Asian",4,30
2012,7,"Male","Asian",2,30
2012,8,"Male","Asian",2,30
2012,9,"Male","Asian",6,30
2012,10,"Male","Asian",6,30
2012,11,"Male","Asian",4,30
2012,12,"Male","Asian",5,30
2013,2,"Male","Asian",3,30
2013,3,"Male","Asian",1,30
2013,4,"Male","Asian",9,30
2013,5,"Male","Asian",3,30
2013,6,"Male","Asian",5,30
2013,7,"Male","Asian",2,30
2013,8,"Male","Asian",4,30
2013,9,"Male","Asian",4,30
2013,10,"Male","Asian",3,30
2013,11,"Male","Asian",1,30
2013,12,"Male","Asian",4,30
2014,1,"Male","Asian",6,30
2014,2,"Male","Asian",2,30
2014,3,"Male","Asian",2,30
2014,4,"Male","Asian",4,30
2014,5,"Male","Asian",4,30
2014,6,"Male","Asian",7,30
2014,7,"Male","Asian",5,30
2014,8,"Male","Asian",3,30
2014,9,"Male","Asian",2,30
2014,10,"Male","Asian",1,30
2014,11,"Male","Asian",2,30
2014,12,"Male","Asian",6,30
2015,1,"Male","Asian",4,30
2015,2,"Male","Asian",5,30
2015,3,"Male","Asian",2,30
2015,4,"Male","Asian",5,30
2015,5,"Male","Asian",1,30
2015,6,"Male","Asian",5,30
2015,7,"Male","Asian",3,30
2015,8,"Male","Asian",3,30
2015,9,"Male","Asian",4,30
2015,10,"Male","Asian",4,30
2015,11,"Male","Asian",2,30
2015,12,"Male","Asian",4,30
2016,1,"Male","Asian",2,30
2016,2,"Male","Asian",6,30
2016,3,"Male","Asian",4,30
2016,4,"Male","Asian",7,30
2016,5,"Male","Asian",2,30
2016,6,"Male","Asian",3,30
2016,8,"Male","Asian",7,30
2016,9,"Male","Asian",2,30
2016,10,"Male","Asian",1,30
2016,11,"Male","Asian",2,30
2016,12,"Male","Asian",7,30
2017,1,"Male","Asian",3,30
2017,2,"Male","Asian",2,30
2017,3,"Male","Asian",3,30
2017,4,"Male","Asian",5,30
2017,5,"Male","Asian",3,30
2017,6,"Male","Asian",5,30
2017,7,"Male","Asian",4,30
2017,8,"Male","Asian",7,30
2017,9,"Male","Asian",2,30
2017,10,"Male","Asian",5,30
2017,11,"Male","Asian",6,30
2017,12,"Male","Asian",4,30
2018,1,"Male","Asian",2,30
2018,2,"Male","Asian",2,30
2018,3,"Male","Asian",4,30
2018,4,"Male","Asian",5,30
2018,5,"Male","Asian",7,30
2018,6,"Male","Asian",4,30
2018,7,"Male","Asian",3,30
2018,8,"Male","Asian",3,30
2018,9,"Male","Asian",7,30
2018,10,"Male","Asian",1,30
2018,11,"Male","Asian",1,30
2018,12,"Male","Asian",2,30
2019,1,"Male","Asian",2,30
2019,2,"Male","Asian",1,30
2019,4,"Male","Asian",1,30
2019,5,"Male","Asian",3,30
2019,6,"Male","Asian",7,30
2019,7,"Male","Asian",1,30
2019,8,"Male","Asian",1,30
2019,9,"Male","Asian",5,30
2019,10,"Male","Asian",5,30
2019,12,"Male","Asian",1,30
2020,1,"Male","Asian",7,30
2020,2,"Male","Asian",2,30
2020,3,"Male","Asian",6,30
2020,4,"Male","Asian",2,30
2020,5,"Male","Asian",6,30
2020,6,"Male","Asian",3,30
2020,7,"Male","Asian",8,30
2020,8,"Male","Asian",4,30
2020,9,"Male","Asian",3,30
2020,10,"Male","Asian",7,30
2020,11,"Male","Asian",5,30
2020,12,"Male","Asian",6,30
2010,8,"Male","Asian",4,35
2010,9,"Male","Asian",4,35
2010,10,"Male","Asian",7,35
2010,11,"Male","Asian",5,35
2010,12,"Male","Asian",9,35
2011,1,"Male","Asian",9,35
2011,3,"Male","Asian",4,35
2011,4,"Male","Asian",2,35
2011,5,"Male","Asian",4,35
2011,6,"Male","Asian",5,35
2011,7,"Male","Asian",5,35
2011,8,"Male","Asian",3,35
2011,9,"Male","Asian",7,35
2011,10,"Male","Asian",1,35
2011,11,"Male","Asian",3,35
2011,12,"Male","Asian",2,35
2012,1,"Male","Asian",3,35
2012,2,"Male","Asian",1,35
2012,3,"Male","Asian",2,35
2012,4,"Male","Asian",4,35
2012,5,"Male","Asian",3,35
2012,6,"Male","Asian",5,35
2012,7,"Male","Asian",3,35
2012,8,"Male","Asian",6,35
2012,9,"Male","Asian",7,35
2012,10,"Male","Asian",4,35
2012,11,"Male","Asian",6,35
2012,12,"Male","Asian",4,35
2013,1,"Male","Asian",3,35
2013,2,"Male","Asian",4,35
2013,3,"Male","Asian",4,35
2013,4,"Male","Asian",3,35
2013,5,"Male","Asian",4,35
2013,6,"Male","Asian",7,35
2013,7,"Male","Asian",6,35
2013,8,"Male","Asian",5,35
2013,9,"Male","Asian",6,35
2013,10,"Male","Asian",2,35
2013,11,"Male","Asian",8,35
2013,12,"Male","Asian",6,35
2014,1,"Male","Asian",7,35
2014,2,"Male","Asian",9,35
2014,3,"Male","Asian",3,35
2014,4,"Male","Asian",2,35
2014,5,"Male","Asian",2,35
2014,6,"Male","Asian",3,35
2014,7,"Male","Asian",2,35
2014,8,"Male","Asian",3,35
2014,9,"Male","Asian",3,35
2014,10,"Male","Asian",8,35
2014,11,"Male","Asian",3,35
2014,12,"Male","Asian",10,35
2015,1,"Male","Asian",8,35
2015,2,"Male","Asian",4,35
2015,3,"Male","Asian",6,35
2015,4,"Male","Asian",4,35
2015,5,"Male","Asian",4,35
2015,6,"Male","Asian",4,35
2015,7,"Male","Asian",4,35
2015,8,"Male","Asian",2,35
2015,9,"Male","Asian",2,35
2015,10,"Male","Asian",4,35
2015,11,"Male","Asian",5,35
2015,12,"Male","Asian",4,35
2016,1,"Male","Asian",4,35
2016,2,"Male","Asian",9,35
2016,3,"Male","Asian",4,35
2016,4,"Male","Asian",5,35
2016,5,"Male","Asian",6,35
2016,6,"Male","Asian",2,35
2016,7,"Male","Asian",2,35
2016,8,"Male","Asian",6,35
2016,9,"Male","Asian",3,35
2016,10,"Male","Asian",6,35
2016,11,"Male","Asian",5,35
2016,12,"Male","Asian",3,35
2017,1,"Male","Asian",5,35
2017,2,"Male","Asian",4,35
2017,3,"Male","Asian",4,35
2017,4,"Male","Asian",5,35
2017,5,"Male","Asian",7,35
2017,6,"Male","Asian",1,35
2017,7,"Male","Asian",5,35
2017,8,"Male","Asian",4,35
2017,9,"Male","Asian",4,35
2017,10,"Male","Asian",4,35
2017,11,"Male","Asian",6,35
2017,12,"Male","Asian",6,35
2018,1,"Male","Asian",4,35
2018,2,"Male","Asian",3,35
2018,3,"Male","Asian",7,35
2018,4,"Male","Asian",6,35
2018,5,"Male","Asian",1,35
2018,6,"Male","Asian",6,35
2018,7,"Male","Asian",3,35
2018,8,"Male","Asian",3,35
2018,9,"Male","Asian",4,35
2018,10,"Male","Asian",5,35
2018,11,"Male","Asian",3,35
2018,12,"Male","Asian",5,35
2019,1,"Male","Asian",1,35
2019,2,"Male","Asian",6,35
2019,3,"Male","Asian",5,35
2019,4,"Male","Asian",2,35
2019,5,"Male","Asian",5,35
2019,6,"Male","Asian",2,35
2019,7,"Male","Asian",2,35
2019,8,"Male","Asian",3,35
2019,9,"Male","Asian",8,35
2019,10,"Male","Asian",4,35
2019,11,"Male","Asian",4,35
2019,12,"Male","Asian",6,35
2020,1,"Male","Asian",2,35
2020,2,"Male","Asian",3,35
2020,3,"Male","Asian",2,35
2020,4,"Male","Asian",5,35
2020,5,"Male","Asian",11,35
2020,6,"Male","Asian",7,35
2020,7,"Male","Asian",7,35
2020,8,"Male","Asian",1,35
2020,9,"Male","Asian",7,35
2020,10,"Male","Asian",9,35
2020,11,"Male","Asian",4,35
2020,12,"Male","Asian",7,35
2010,8,"Male","Asian",6,40
2010,9,"Male","Asian",7,40
2010,10,"Male","Asian",3,40
2010,11,"Male","Asian",2,40
2010,12,"Male","Asian",10,40
2011,1,"Male","Asian",3,40
2011,2,"Male","Asian",4,40
2011,3,"Male","Asian",4,40
2011,4,"Male","Asian",6,40
2011,5,"Male","Asian",6,40
2011,6,"Male","Asian",9,40
2011,7,"Male","Asian",1,40
2011,8,"Male","Asian",1,40
2011,9,"Male","Asian",5,40
2011,10,"Male","Asian",12,40
2011,11,"Male","Asian",4,40
2011,12,"Male","Asian",4,40
2012,1,"Male","Asian",5,40
2012,2,"Male","Asian",8,40
2012,3,"Male","Asian",5,40
2012,4,"Male","Asian",5,40
2012,5,"Male","Asian",8,40
2012,6,"Male","Asian",4,40
2012,7,"Male","Asian",3,40
2012,8,"Male","Asian",5,40
2012,9,"Male","Asian",7,40
2012,10,"Male","Asian",6,40
2012,11,"Male","Asian",3,40
2012,12,"Male","Asian",4,40
2013,1,"Male","Asian",6,40
2013,2,"Male","Asian",5,40
2013,3,"Male","Asian",6,40
2013,4,"Male","Asian",4,40
2013,5,"Male","Asian",8,40
2013,6,"Male","Asian",8,40
2013,7,"Male","Asian",5,40
2013,8,"Male","Asian",10,40
2013,9,"Male","Asian",3,40
2013,10,"Male","Asian",3,40
2013,11,"Male","Asian",8,40
2013,12,"Male","Asian",3,40
2014,1,"Male","Asian",7,40
2014,2,"Male","Asian",4,40
2014,3,"Male","Asian",8,40
2014,4,"Male","Asian",4,40
2014,5,"Male","Asian",5,40
2014,6,"Male","Asian",5,40
2014,7,"Male","Asian",4,40
2014,8,"Male","Asian",5,40
2014,9,"Male","Asian",4,40
2014,10,"Male","Asian",2,40
2014,11,"Male","Asian",5,40
2014,12,"Male","Asian",2,40
2015,1,"Male","Asian",6,40
2015,2,"Male","Asian",2,40
2015,3,"Male","Asian",7,40
2015,4,"Male","Asian",11,40
2015,5,"Male","Asian",9,40
2015,6,"Male","Asian",8,40
2015,7,"Male","Asian",7,40
2015,8,"Male","Asian",3,40
2015,9,"Male","Asian",3,40
2015,10,"Male","Asian",5,40
2015,11,"Male","Asian",6,40
2015,12,"Male","Asian",2,40
2016,1,"Male","Asian",4,40
2016,2,"Male","Asian",5,40
2016,3,"Male","Asian",4,40
2016,4,"Male","Asian",4,40
2016,5,"Male","Asian",6,40
2016,6,"Male","Asian",8,40
2016,7,"Male","Asian",3,40
2016,8,"Male","Asian",3,40
2016,9,"Male","Asian",2,40
2016,10,"Male","Asian",8,40
2016,11,"Male","Asian",4,40
2016,12,"Male","Asian",6,40
2017,1,"Male","Asian",7,40
2017,2,"Male","Asian",6,40
2017,3,"Male","Asian",9,40
2017,4,"Male","Asian",8,40
2017,5,"Male","Asian",4,40
2017,6,"Male","Asian",2,40
2017,7,"Male","Asian",4,40
2017,8,"Male","Asian",4,40
2017,9,"Male","Asian",5,40
2017,10,"Male","Asian",5,40
2017,11,"Male","Asian",5,40
2017,12,"Male","Asian",7,40
2018,1,"Male","Asian",10,40
2018,2,"Male","Asian",2,40
2018,3,"Male","Asian",13,40
2018,4,"Male","Asian",4,40
2018,5,"Male","Asian",4,40
2018,6,"Male","Asian",11,40
2018,7,"Male","Asian",4,40
2018,8,"Male","Asian",5,40
2018,9,"Male","Asian",9,40
2018,10,"Male","Asian",8,40
2018,11,"Male","Asian",4,40
2018,12,"Male","Asian",8,40
2019,1,"Male","Asian",8,40
2019,2,"Male","Asian",3,40
2019,3,"Male","Asian",7,40
2019,4,"Male","Asian",5,40
2019,5,"Male","Asian",9,40
2019,6,"Male","Asian",7,40
2019,7,"Male","Asian",3,40
2019,8,"Male","Asian",3,40
2019,9,"Male","Asian",8,40
2019,10,"Male","Asian",4,40
2019,11,"Male","Asian",4,40
2019,12,"Male","Asian",5,40
2020,1,"Male","Asian",10,40
2020,2,"Male","Asian",4,40
2020,3,"Male","Asian",7,40
2020,4,"Male","Asian",8,40
2020,5,"Male","Asian",10,40
2020,6,"Male","Asian",7,40
2020,7,"Male","Asian",8,40
2020,8,"Male","Asian",3,40
2020,9,"Male","Asian",10,40
2020,10,"Male","Asian",8,40
2020,11,"Male","Asian",13,40
2020,12,"Male","Asian",10,40
2010,8,"Male","Asian",3,45
2010,9,"Male","Asian",10,45
2010,10,"Male","Asian",6,45
2010,11,"Male","Asian",8,45
2010,12,"Male","Asian",6,45
2011,1,"Male","Asian",16,45
2011,2,"Male","Asian",11,45
2011,3,"Male","Asian",8,45
2011,4,"Male","Asian",4,45
2011,5,"Male","Asian",12,45
2011,6,"Male","Asian",10,45
2011,7,"Male","Asian",6,45
2011,8,"Male","Asian",6,45
2011,9,"Male","Asian",8,45
2011,10,"Male","Asian",9,45
2011,11,"Male","Asian",6,45
2011,12,"Male","Asian",9,45
2012,1,"Male","Asian",1,45
2012,2,"Male","Asian",7,45
2012,3,"Male","Asian",4,45
2012,4,"Male","Asian",8,45
2012,5,"Male","Asian",5,45
2012,6,"Male","Asian",10,45
2012,7,"Male","Asian",15,45
2012,8,"Male","Asian",6,45
2012,9,"Male","Asian",5,45
2012,10,"Male","Asian",8,45
2012,11,"Male","Asian",5,45
2012,12,"Male","Asian",9,45
2013,1,"Male","Asian",4,45
2013,2,"Male","Asian",5,45
2013,3,"Male","Asian",6,45
2013,4,"Male","Asian",7,45
2013,5,"Male","Asian",5,45
2013,6,"Male","Asian",7,45
2013,7,"Male","Asian",11,45
2013,8,"Male","Asian",7,45
2013,9,"Male","Asian",9,45
2013,10,"Male","Asian",6,45
2013,11,"Male","Asian",4,45
2013,12,"Male","Asian",12,45
2014,1,"Male","Asian",13,45
2014,2,"Male","Asian",3,45
2014,3,"Male","Asian",7,45
2014,4,"Male","Asian",7,45
2014,5,"Male","Asian",9,45
2014,6,"Male","Asian",9,45
2014,7,"Male","Asian",8,45
2014,8,"Male","Asian",7,45
2014,9,"Male","Asian",6,45
2014,10,"Male","Asian",7,45
2014,11,"Male","Asian",6,45
2014,12,"Male","Asian",9,45
2015,1,"Male","Asian",10,45
2015,2,"Male","Asian",5,45
2015,3,"Male","Asian",4,45
2015,4,"Male","Asian",10,45
2015,5,"Male","Asian",8,45
2015,6,"Male","Asian",8,45
2015,7,"Male","Asian",5,45
2015,8,"Male","Asian",10,45
2015,9,"Male","Asian",5,45
2015,10,"Male","Asian",9,45
2015,11,"Male","Asian",11,45
2015,12,"Male","Asian",8,45
2016,1,"Male","Asian",13,45
2016,2,"Male","Asian",5,45
2016,3,"Male","Asian",11,45
2016,4,"Male","Asian",6,45
2016,5,"Male","Asian",6,45
2016,6,"Male","Asian",8,45
2016,7,"Male","Asian",13,45
2016,8,"Male","Asian",7,45
2016,9,"Male","Asian",6,45
2016,10,"Male","Asian",16,45
2016,11,"Male","Asian",12,45
2016,12,"Male","Asian",2,45
2017,1,"Male","Asian",6,45
2017,2,"Male","Asian",9,45
2017,3,"Male","Asian",7,45
2017,4,"Male","Asian",4,45
2017,5,"Male","Asian",6,45
2017,6,"Male","Asian",3,45
2017,7,"Male","Asian",5,45
2017,8,"Male","Asian",7,45
2017,9,"Male","Asian",13,45
2017,10,"Male","Asian",4,45
2017,11,"Male","Asian",3,45
2017,12,"Male","Asian",5,45
2018,1,"Male","Asian",5,45
2018,2,"Male","Asian",15,45
2018,3,"Male","Asian",11,45
2018,4,"Male","Asian",4,45
2018,5,"Male","Asian",4,45
2018,6,"Male","Asian",9,45
2018,7,"Male","Asian",10,45
2018,8,"Male","Asian",7,45
2018,9,"Male","Asian",7,45
2018,10,"Male","Asian",9,45
2018,11,"Male","Asian",5,45
2018,12,"Male","Asian",5,45
2019,1,"Male","Asian",11,45
2019,2,"Male","Asian",6,45
2019,3,"Male","Asian",10,45
2019,4,"Male","Asian",13,45
2019,5,"Male","Asian",5,45
2019,6,"Male","Asian",11,45
2019,7,"Male","Asian",13,45
2019,8,"Male","Asian",8,45
2019,9,"Male","Asian",9,45
2019,10,"Male","Asian",9,45
2019,11,"Male","Asian",8,45
2019,12,"Male","Asian",16,45
2020,1,"Male","Asian",7,45
2020,2,"Male","Asian",7,45
2020,3,"Male","Asian",6,45
2020,4,"Male","Asian",10,45
2020,5,"Male","Asian",13,45
2020,6,"Male","Asian",15,45
2020,7,"Male","Asian",11,45
2020,8,"Male","Asian",9,45
2020,9,"Male","Asian",9,45
2020,10,"Male","Asian",12,45
2020,11,"Male","Asian",11,45
2020,12,"Male","Asian",13,45
2010,8,"Male","Asian",6,50
2010,9,"Male","Asian",9,50
2010,10,"Male","Asian",14,50
2010,11,"Male","Asian",9,50
2010,12,"Male","Asian",9,50
2011,1,"Male","Asian",10,50
2011,2,"Male","Asian",14,50
2011,3,"Male","Asian",7,50
2011,4,"Male","Asian",12,50
2011,5,"Male","Asian",5,50
2011,6,"Male","Asian",13,50
2011,7,"Male","Asian",7,50
2011,8,"Male","Asian",12,50
2011,9,"Male","Asian",10,50
2011,10,"Male","Asian",12,50
2011,11,"Male","Asian",9,50
2011,12,"Male","Asian",16,50
2012,1,"Male","Asian",14,50
2012,2,"Male","Asian",8,50
2012,3,"Male","Asian",5,50
2012,4,"Male","Asian",3,50
2012,5,"Male","Asian",11,50
2012,6,"Male","Asian",13,50
2012,7,"Male","Asian",9,50
2012,8,"Male","Asian",11,50
2012,9,"Male","Asian",12,50
2012,10,"Male","Asian",10,50
2012,11,"Male","Asian",8,50
2012,12,"Male","Asian",11,50
2013,1,"Male","Asian",11,50
2013,2,"Male","Asian",10,50
2013,3,"Male","Asian",12,50
2013,4,"Male","Asian",9,50
2013,5,"Male","Asian",12,50
2013,6,"Male","Asian",14,50
2013,7,"Male","Asian",13,50
2013,8,"Male","Asian",14,50
2013,9,"Male","Asian",11,50
2013,10,"Male","Asian",11,50
2013,11,"Male","Asian",6,50
2013,12,"Male","Asian",10,50
2014,1,"Male","Asian",4,50
2014,2,"Male","Asian",5,50
2014,3,"Male","Asian",20,50
2014,4,"Male","Asian",8,50
2014,5,"Male","Asian",11,50
2014,6,"Male","Asian",14,50
2014,7,"Male","Asian",7,50
2014,8,"Male","Asian",10,50
2014,9,"Male","Asian",6,50
2014,10,"Male","Asian",8,50
2014,11,"Male","Asian",3,50
2014,12,"Male","Asian",12,50
2015,1,"Male","Asian",13,50
2015,2,"Male","Asian",7,50
2015,3,"Male","Asian",12,50
2015,4,"Male","Asian",10,50
2015,5,"Male","Asian",10,50
2015,6,"Male","Asian",14,50
2015,7,"Male","Asian",12,50
2015,8,"Male","Asian",13,50
2015,9,"Male","Asian",7,50
2015,10,"Male","Asian",15,50
2015,11,"Male","Asian",8,50
2015,12,"Male","Asian",6,50
2016,1,"Male","Asian",11,50
2016,2,"Male","Asian",15,50
2016,3,"Male","Asian",6,50
2016,4,"Male","Asian",9,50
2016,5,"Male","Asian",11,50
2016,6,"Male","Asian",16,50
2016,7,"Male","Asian",13,50
2016,8,"Male","Asian",20,50
2016,9,"Male","Asian",7,50
2016,10,"Male","Asian",6,50
2016,11,"Male","Asian",5,50
2016,12,"Male","Asian",11,50
2017,1,"Male","Asian",15,50
2017,2,"Male","Asian",13,50
2017,3,"Male","Asian",6,50
2017,4,"Male","Asian",10,50
2017,5,"Male","Asian",12,50
2017,6,"Male","Asian",10,50
2017,7,"Male","Asian",8,50
2017,8,"Male","Asian",11,50
2017,9,"Male","Asian",11,50
2017,10,"Male","Asian",16,50
2017,11,"Male","Asian",9,50
2017,12,"Male","Asian",10,50
2018,1,"Male","Asian",16,50
2018,2,"Male","Asian",13,50
2018,3,"Male","Asian",11,50
2018,4,"Male","Asian",12,50
2018,5,"Male","Asian",13,50
2018,6,"Male","Asian",12,50
2018,7,"Male","Asian",11,50
2018,8,"Male","Asian",13,50
2018,9,"Male","Asian",17,50
2018,10,"Male","Asian",11,50
2018,11,"Male","Asian",12,50
2018,12,"Male","Asian",9,50
2019,1,"Male","Asian",10,50
2019,2,"Male","Asian",10,50
2019,3,"Male","Asian",12,50
2019,4,"Male","Asian",8,50
2019,5,"Male","Asian",21,50
2019,6,"Male","Asian",4,50
2019,7,"Male","Asian",9,50
2019,8,"Male","Asian",12,50
2019,9,"Male","Asian",12,50
2019,10,"Male","Asian",17,50
2019,11,"Male","Asian",10,50
2019,12,"Male","Asian",9,50
2020,1,"Male","Asian",15,50
2020,2,"Male","Asian",11,50
2020,3,"Male","Asian",11,50
2020,4,"Male","Asian",19,50
2020,5,"Male","Asian",24,50
2020,6,"Male","Asian",14,50
2020,7,"Male","Asian",24,50
2020,8,"Male","Asian",10,50
2020,9,"Male","Asian",19,50
2020,10,"Male","Asian",19,50
2020,11,"Male","Asian",14,50
2020,12,"Male","Asian",12,50
2010,8,"Male","Asian",13,55
2010,9,"Male","Asian",15,55
2010,10,"Male","Asian",19,55
2010,11,"Male","Asian",10,55
2010,12,"Male","Asian",24,55
2011,1,"Male","Asian",21,55
2011,2,"Male","Asian",19,55
2011,3,"Male","Asian",18,55
2011,4,"Male","Asian",28,55
2011,5,"Male","Asian",15,55
2011,6,"Male","Asian",14,55
2011,7,"Male","Asian",15,55
2011,8,"Male","Asian",15,55
2011,9,"Male","Asian",17,55
2011,10,"Male","Asian",21,55
2011,11,"Male","Asian",23,55
2011,12,"Male","Asian",15,55
2012,1,"Male","Asian",23,55
2012,2,"Male","Asian",17,55
2012,3,"Male","Asian",15,55
2012,4,"Male","Asian",18,55
2012,5,"Male","Asian",13,55
2012,6,"Male","Asian",15,55
2012,7,"Male","Asian",20,55
2012,8,"Male","Asian",15,55
2012,9,"Male","Asian",11,55
2012,10,"Male","Asian",18,55
2012,11,"Male","Asian",17,55
2012,12,"Male","Asian",17,55
2013,1,"Male","Asian",19,55
2013,2,"Male","Asian",16,55
2013,3,"Male","Asian",11,55
2013,4,"Male","Asian",20,55
2013,5,"Male","Asian",24,55
2013,6,"Male","Asian",18,55
2013,7,"Male","Asian",19,55
2013,8,"Male","Asian",16,55
2013,9,"Male","Asian",13,55
2013,10,"Male","Asian",22,55
2013,11,"Male","Asian",13,55
2013,12,"Male","Asian",15,55
2014,1,"Male","Asian",28,55
2014,2,"Male","Asian",14,55
2014,3,"Male","Asian",11,55
2014,4,"Male","Asian",20,55
2014,5,"Male","Asian",18,55
2014,6,"Male","Asian",13,55
2014,7,"Male","Asian",11,55
2014,8,"Male","Asian",12,55
2014,9,"Male","Asian",9,55
2014,10,"Male","Asian",21,55
2014,11,"Male","Asian",11,55
2014,12,"Male","Asian",7,55
2015,1,"Male","Asian",14,55
2015,2,"Male","Asian",16,55
2015,3,"Male","Asian",17,55
2015,4,"Male","Asian",15,55
2015,5,"Male","Asian",17,55
2015,6,"Male","Asian",11,55
2015,7,"Male","Asian",22,55
2015,8,"Male","Asian",8,55
2015,9,"Male","Asian",15,55
2015,10,"Male","Asian",10,55
2015,11,"Male","Asian",8,55
2015,12,"Male","Asian",17,55
2016,1,"Male","Asian",14,55
2016,2,"Male","Asian",19,55
2016,3,"Male","Asian",17,55
2016,4,"Male","Asian",14,55
2016,5,"Male","Asian",24,55
2016,6,"Male","Asian",12,55
2016,7,"Male","Asian",17,55
2016,8,"Male","Asian",17,55
2016,9,"Male","Asian",25,55
2016,10,"Male","Asian",19,55
2016,11,"Male","Asian",25,55
2016,12,"Male","Asian",12,55
2017,1,"Male","Asian",11,55
2017,2,"Male","Asian",22,55
2017,3,"Male","Asian",17,55
2017,4,"Male","Asian",10,55
2017,5,"Male","Asian",17,55
2017,6,"Male","Asian",15,55
2017,7,"Male","Asian",21,55
2017,8,"Male","Asian",16,55
2017,9,"Male","Asian",14,55
2017,10,"Male","Asian",17,55
2017,11,"Male","Asian",19,55
2017,12,"Male","Asian",22,55
2018,1,"Male","Asian",16,55
2018,2,"Male","Asian",12,55
2018,3,"Male","Asian",21,55
2018,4,"Male","Asian",20,55
2018,5,"Male","Asian",13,55
2018,6,"Male","Asian",21,55
2018,7,"Male","Asian",27,55
2018,8,"Male","Asian",19,55
2018,9,"Male","Asian",17,55
2018,10,"Male","Asian",15,55
2018,11,"Male","Asian",14,55
2018,12,"Male","Asian",20,55
2019,1,"Male","Asian",14,55
2019,2,"Male","Asian",14,55
2019,3,"Male","Asian",20,55
2019,4,"Male","Asian",9,55
2019,5,"Male","Asian",12,55
2019,6,"Male","Asian",13,55
2019,7,"Male","Asian",17,55
2019,8,"Male","Asian",15,55
2019,9,"Male","Asian",13,55
2019,10,"Male","Asian",15,55
2019,11,"Male","Asian",11,55
2019,12,"Male","Asian",22,55
2020,1,"Male","Asian",13,55
2020,2,"Male","Asian",27,55
2020,3,"Male","Asian",20,55
2020,4,"Male","Asian",25,55
2020,5,"Male","Asian",26,55
2020,6,"Male","Asian",22,55
2020,7,"Male","Asian",36,55
2020,8,"Male","Asian",28,55
2020,9,"Male","Asian",23,55
2020,10,"Male","Asian",21,55
2020,11,"Male","Asian",16,55
2020,12,"Male","Asian",21,55
2010,8,"Male","Asian",14,60
2010,9,"Male","Asian",29,60
2010,10,"Male","Asian",18,60
2010,11,"Male","Asian",20,60
2010,12,"Male","Asian",30,60
2011,1,"Male","Asian",16,60
2011,2,"Male","Asian",20,60
2011,3,"Male","Asian",22,60
2011,4,"Male","Asian",22,60
2011,5,"Male","Asian",32,60
2011,6,"Male","Asian",23,60
2011,7,"Male","Asian",32,60
2011,8,"Male","Asian",21,60
2011,9,"Male","Asian",30,60
2011,10,"Male","Asian",27,60
2011,11,"Male","Asian",18,60
2011,12,"Male","Asian",15,60
2012,1,"Male","Asian",25,60
2012,2,"Male","Asian",17,60
2012,3,"Male","Asian",17,60
2012,4,"Male","Asian",16,60
2012,5,"Male","Asian",25,60
2012,6,"Male","Asian",23,60
2012,7,"Male","Asian",25,60
2012,8,"Male","Asian",36,60
2012,9,"Male","Asian",18,60
2012,10,"Male","Asian",22,60
2012,11,"Male","Asian",21,60
2012,12,"Male","Asian",25,60
2013,1,"Male","Asian",22,60
2013,2,"Male","Asian",21,60
2013,3,"Male","Asian",15,60
2013,4,"Male","Asian",23,60
2013,5,"Male","Asian",29,60
2013,6,"Male","Asian",25,60
2013,7,"Male","Asian",25,60
2013,8,"Male","Asian",17,60
2013,9,"Male","Asian",25,60
2013,10,"Male","Asian",19,60
2013,11,"Male","Asian",23,60
2013,12,"Male","Asian",24,60
2014,1,"Male","Asian",27,60
2014,2,"Male","Asian",20,60
2014,3,"Male","Asian",15,60
2014,4,"Male","Asian",23,60
2014,5,"Male","Asian",27,60
2014,6,"Male","Asian",24,60
2014,7,"Male","Asian",27,60
2014,8,"Male","Asian",33,60
2014,9,"Male","Asian",20,60
2014,10,"Male","Asian",24,60
2014,11,"Male","Asian",23,60
2014,12,"Male","Asian",26,60
2015,1,"Male","Asian",18,60
2015,2,"Male","Asian",15,60
2015,3,"Male","Asian",28,60
2015,4,"Male","Asian",33,60
2015,5,"Male","Asian",28,60
2015,6,"Male","Asian",22,60
2015,7,"Male","Asian",31,60
2015,8,"Male","Asian",20,60
2015,9,"Male","Asian",31,60
2015,10,"Male","Asian",23,60
2015,11,"Male","Asian",28,60
2015,12,"Male","Asian",21,60
2016,1,"Male","Asian",20,60
2016,2,"Male","Asian",18,60
2016,3,"Male","Asian",32,60
2016,4,"Male","Asian",28,60
2016,5,"Male","Asian",38,60
2016,6,"Male","Asian",26,60
2016,7,"Male","Asian",18,60
2016,8,"Male","Asian",20,60
2016,9,"Male","Asian",17,60
2016,10,"Male","Asian",18,60
2016,11,"Male","Asian",17,60
2016,12,"Male","Asian",27,60
2017,1,"Male","Asian",21,60
2017,2,"Male","Asian",24,60
2017,3,"Male","Asian",20,60
2017,4,"Male","Asian",15,60
2017,5,"Male","Asian",25,60
2017,6,"Male","Asian",27,60
2017,7,"Male","Asian",31,60
2017,8,"Male","Asian",38,60
2017,9,"Male","Asian",19,60
2017,10,"Male","Asian",20,60
2017,11,"Male","Asian",28,60
2017,12,"Male","Asian",20,60
2018,1,"Male","Asian",18,60
2018,2,"Male","Asian",21,60
2018,3,"Male","Asian",23,60
2018,4,"Male","Asian",21,60
2018,5,"Male","Asian",22,60
2018,6,"Male","Asian",24,60
2018,7,"Male","Asian",21,60
2018,8,"Male","Asian",27,60
2018,9,"Male","Asian",23,60
2018,10,"Male","Asian",26,60
2018,11,"Male","Asian",16,60
2018,12,"Male","Asian",28,60
2019,1,"Male","Asian",21,60
2019,2,"Male","Asian",21,60
2019,3,"Male","Asian",20,60
2019,4,"Male","Asian",19,60
2019,5,"Male","Asian",22,60
2019,6,"Male","Asian",17,60
2019,7,"Male","Asian",27,60
2019,8,"Male","Asian",28,60
2019,9,"Male","Asian",17,60
2019,10,"Male","Asian",20,60
2019,11,"Male","Asian",20,60
2019,12,"Male","Asian",30,60
2020,1,"Male","Asian",24,60
2020,2,"Male","Asian",25,60
2020,3,"Male","Asian",22,60
2020,4,"Male","Asian",23,60
2020,5,"Male","Asian",48,60
2020,6,"Male","Asian",34,60
2020,7,"Male","Asian",32,60
2020,8,"Male","Asian",42,60
2020,9,"Male","Asian",35,60
2020,10,"Male","Asian",37,60
2020,11,"Male","Asian",27,60
2020,12,"Male","Asian",46,60
2010,8,"Male","Asian",24,65
2010,9,"Male","Asian",33,65
2010,10,"Male","Asian",24,65
2010,11,"Male","Asian",32,65
2010,12,"Male","Asian",27,65
2011,1,"Male","Asian",19,65
2011,2,"Male","Asian",27,65
2011,3,"Male","Asian",31,65
2011,4,"Male","Asian",19,65
2011,5,"Male","Asian",40,65
2011,6,"Male","Asian",29,65
2011,7,"Male","Asian",33,65
2011,8,"Male","Asian",37,65
2011,9,"Male","Asian",22,65
2011,10,"Male","Asian",28,65
2011,11,"Male","Asian",41,65
2011,12,"Male","Asian",29,65
2012,1,"Male","Asian",25,65
2012,2,"Male","Asian",33,65
2012,3,"Male","Asian",29,65
2012,4,"Male","Asian",25,65
2012,5,"Male","Asian",36,65
2012,6,"Male","Asian",26,65
2012,7,"Male","Asian",39,65
2012,8,"Male","Asian",26,65
2012,9,"Male","Asian",25,65
2012,10,"Male","Asian",19,65
2012,11,"Male","Asian",19,65
2012,12,"Male","Asian",29,65
2013,1,"Male","Asian",39,65
2013,2,"Male","Asian",35,65
2013,3,"Male","Asian",23,65
2013,4,"Male","Asian",24,65
2013,5,"Male","Asian",40,65
2013,6,"Male","Asian",26,65
2013,7,"Male","Asian",33,65
2013,8,"Male","Asian",37,65
2013,9,"Male","Asian",24,65
2013,10,"Male","Asian",33,65
2013,11,"Male","Asian",25,65
2013,12,"Male","Asian",26,65
2014,1,"Male","Asian",21,65
2014,2,"Male","Asian",27,65
2014,3,"Male","Asian",29,65
2014,4,"Male","Asian",20,65
2014,5,"Male","Asian",39,65
2014,6,"Male","Asian",36,65
2014,7,"Male","Asian",33,65
2014,8,"Male","Asian",36,65
2014,9,"Male","Asian",31,65
2014,10,"Male","Asian",33,65
2014,11,"Male","Asian",26,65
2014,12,"Male","Asian",21,65
2015,1,"Male","Asian",28,65
2015,2,"Male","Asian",31,65
2015,3,"Male","Asian",30,65
2015,4,"Male","Asian",26,65
2015,5,"Male","Asian",30,65
2015,6,"Male","Asian",34,65
2015,7,"Male","Asian",38,65
2015,8,"Male","Asian",28,65
2015,9,"Male","Asian",43,65
2015,10,"Male","Asian",27,65
2015,11,"Male","Asian",25,65
2015,12,"Male","Asian",29,65
2016,1,"Male","Asian",36,65
2016,2,"Male","Asian",22,65
2016,3,"Male","Asian",29,65
2016,4,"Male","Asian",20,65
2016,5,"Male","Asian",22,65
2016,6,"Male","Asian",46,65
2016,7,"Male","Asian",31,65
2016,8,"Male","Asian",38,65
2016,9,"Male","Asian",27,65
2016,10,"Male","Asian",43,65
2016,11,"Male","Asian",27,65
2016,12,"Male","Asian",33,65
2017,1,"Male","Asian",33,65
2017,2,"Male","Asian",38,65
2017,3,"Male","Asian",21,65
2017,4,"Male","Asian",26,65
2017,5,"Male","Asian",41,65
2017,6,"Male","Asian",37,65
2017,7,"Male","Asian",36,65
2017,8,"Male","Asian",29,65
2017,9,"Male","Asian",26,65
2017,10,"Male","Asian",30,65
2017,11,"Male","Asian",30,65
2017,12,"Male","Asian",35,65
2018,1,"Male","Asian",30,65
2018,2,"Male","Asian",37,65
2018,3,"Male","Asian",33,65
2018,4,"Male","Asian",34,65
2018,5,"Male","Asian",33,65
2018,6,"Male","Asian",34,65
2018,7,"Male","Asian",30,65
2018,8,"Male","Asian",41,65
2018,9,"Male","Asian",35,65
2018,10,"Male","Asian",33,65
2018,11,"Male","Asian",30,65
2018,12,"Male","Asian",34,65
2019,1,"Male","Asian",33,65
2019,2,"Male","Asian",21,65
2019,3,"Male","Asian",32,65
2019,4,"Male","Asian",42,65
2019,5,"Male","Asian",23,65
2019,6,"Male","Asian",28,65
2019,7,"Male","Asian",36,65
2019,8,"Male","Asian",29,65
2019,9,"Male","Asian",27,65
2019,10,"Male","Asian",26,65
2019,11,"Male","Asian",28,65
2019,12,"Male","Asian",31,65
2020,1,"Male","Asian",34,65
2020,2,"Male","Asian",29,65
2020,3,"Male","Asian",49,65
2020,4,"Male","Asian",56,65
2020,5,"Male","Asian",54,65
2020,6,"Male","Asian",54,65
2020,7,"Male","Asian",51,65
2020,8,"Male","Asian",47,65
2020,9,"Male","Asian",33,65
2020,10,"Male","Asian",45,65
2020,11,"Male","Asian",43,65
2020,12,"Male","Asian",59,65
2010,8,"Male","Asian",55,70
2010,9,"Male","Asian",47,70
2010,10,"Male","Asian",28,70
2010,11,"Male","Asian",45,70
2010,12,"Male","Asian",35,70
2011,1,"Male","Asian",35,70
2011,2,"Male","Asian",29,70
2011,3,"Male","Asian",38,70
2011,4,"Male","Asian",53,70
2011,5,"Male","Asian",38,70
2011,6,"Male","Asian",50,70
2011,7,"Male","Asian",41,70
2011,8,"Male","Asian",43,70
2011,9,"Male","Asian",28,70
2011,10,"Male","Asian",51,70
2011,11,"Male","Asian",39,70
2011,12,"Male","Asian",36,70
2012,1,"Male","Asian",25,70
2012,2,"Male","Asian",30,70
2012,3,"Male","Asian",31,70
2012,4,"Male","Asian",37,70
2012,5,"Male","Asian",39,70
2012,6,"Male","Asian",29,70
2012,7,"Male","Asian",46,70
2012,8,"Male","Asian",40,70
2012,9,"Male","Asian",31,70
2012,10,"Male","Asian",35,70
2012,11,"Male","Asian",35,70
2012,12,"Male","Asian",40,70
2013,1,"Male","Asian",45,70
2013,2,"Male","Asian",31,70
2013,3,"Male","Asian",39,70
2013,4,"Male","Asian",30,70
2013,5,"Male","Asian",36,70
2013,6,"Male","Asian",36,70
2013,7,"Male","Asian",49,70
2013,8,"Male","Asian",41,70
2013,9,"Male","Asian",35,70
2013,10,"Male","Asian",49,70
2013,11,"Male","Asian",37,70
2013,12,"Male","Asian",40,70
2014,1,"Male","Asian",37,70
2014,2,"Male","Asian",34,70
2014,3,"Male","Asian",24,70
2014,4,"Male","Asian",31,70
2014,5,"Male","Asian",33,70
2014,6,"Male","Asian",37,70
2014,7,"Male","Asian",37,70
2014,8,"Male","Asian",45,70
2014,9,"Male","Asian",46,70
2014,10,"Male","Asian",40,70
2014,11,"Male","Asian",39,70
2014,12,"Male","Asian",33,70
2015,1,"Male","Asian",35,70
2015,2,"Male","Asian",40,70
2015,3,"Male","Asian",37,70
2015,4,"Male","Asian",29,70
2015,5,"Male","Asian",50,70
2015,6,"Male","Asian",44,70
2015,7,"Male","Asian",24,70
2015,8,"Male","Asian",51,70
2015,9,"Male","Asian",35,70
2015,10,"Male","Asian",51,70
2015,11,"Male","Asian",26,70
2015,12,"Male","Asian",27,70
2016,1,"Male","Asian",37,70
2016,2,"Male","Asian",30,70
2016,3,"Male","Asian",41,70
2016,4,"Male","Asian",56,70
2016,5,"Male","Asian",47,70
2016,6,"Male","Asian",52,70
2016,7,"Male","Asian",51,70
2016,8,"Male","Asian",38,70
2016,9,"Male","Asian",35,70
2016,10,"Male","Asian",37,70
2016,11,"Male","Asian",29,70
2016,12,"Male","Asian",43,70
2017,1,"Male","Asian",38,70
2017,2,"Male","Asian",31,70
2017,3,"Male","Asian",43,70
2017,4,"Male","Asian",44,70
2017,5,"Male","Asian",42,70
2017,6,"Male","Asian",36,70
2017,7,"Male","Asian",42,70
2017,8,"Male","Asian",44,70
2017,9,"Male","Asian",44,70
2017,10,"Male","Asian",38,70
2017,11,"Male","Asian",46,70
2017,12,"Male","Asian",46,70
2018,1,"Male","Asian",39,70
2018,2,"Male","Asian",33,70
2018,3,"Male","Asian",44,70
2018,4,"Male","Asian",33,70
2018,5,"Male","Asian",37,70
2018,6,"Male","Asian",46,70
2018,7,"Male","Asian",41,70
2018,8,"Male","Asian",53,70
2018,9,"Male","Asian",30,70
2018,10,"Male","Asian",43,70
2018,11,"Male","Asian",43,70
2018,12,"Male","Asian",32,70
2019,1,"Male","Asian",37,70
2019,2,"Male","Asian",38,70
2019,3,"Male","Asian",49,70
2019,4,"Male","Asian",33,70
2019,5,"Male","Asian",39,70
2019,6,"Male","Asian",34,70
2019,7,"Male","Asian",57,70
2019,8,"Male","Asian",33,70
2019,9,"Male","Asian",47,70
2019,10,"Male","Asian",39,70
2019,11,"Male","Asian",36,70
2019,12,"Male","Asian",36,70
2020,1,"Male","Asian",43,70
2020,2,"Male","Asian",34,70
2020,3,"Male","Asian",43,70
2020,4,"Male","Asian",56,70
2020,5,"Male","Asian",68,70
2020,6,"Male","Asian",62,70
2020,7,"Male","Asian",86,70
2020,8,"Male","Asian",53,70
2020,9,"Male","Asian",52,70
2020,10,"Male","Asian",61,70
2020,11,"Male","Asian",54,70
2020,12,"Male","Asian",76,70
2010,8,"Male","Asian",39,75
2010,9,"Male","Asian",38,75
2010,10,"Male","Asian",49,75
2010,11,"Male","Asian",41,75
2010,12,"Male","Asian",34,75
2011,1,"Male","Asian",43,75
2011,2,"Male","Asian",38,75
2011,3,"Male","Asian",33,75
2011,4,"Male","Asian",41,75
2011,5,"Male","Asian",51,75
2011,6,"Male","Asian",33,75
2011,7,"Male","Asian",53,75
2011,8,"Male","Asian",39,75
2011,9,"Male","Asian",45,75
2011,10,"Male","Asian",41,75
2011,11,"Male","Asian",49,75
2011,12,"Male","Asian",41,75
2012,1,"Male","Asian",39,75
2012,2,"Male","Asian",35,75
2012,3,"Male","Asian",39,75
2012,4,"Male","Asian",35,75
2012,5,"Male","Asian",46,75
2012,6,"Male","Asian",42,75
2012,7,"Male","Asian",48,75
2012,8,"Male","Asian",42,75
2012,9,"Male","Asian",39,75
2012,10,"Male","Asian",37,75
2012,11,"Male","Asian",49,75
2012,12,"Male","Asian",33,75
2013,1,"Male","Asian",36,75
2013,2,"Male","Asian",50,75
2013,3,"Male","Asian",37,75
2013,4,"Male","Asian",40,75
2013,5,"Male","Asian",43,75
2013,6,"Male","Asian",46,75
2013,7,"Male","Asian",39,75
2013,8,"Male","Asian",37,75
2013,9,"Male","Asian",44,75
2013,10,"Male","Asian",37,75
2013,11,"Male","Asian",43,75
2013,12,"Male","Asian",40,75
2014,1,"Male","Asian",40,75
2014,2,"Male","Asian",45,75
2014,3,"Male","Asian",48,75
2014,4,"Male","Asian",36,75
2014,5,"Male","Asian",53,75
2014,6,"Male","Asian",55,75
2014,7,"Male","Asian",45,75
2014,8,"Male","Asian",60,75
2014,9,"Male","Asian",43,75
2014,10,"Male","Asian",49,75
2014,11,"Male","Asian",41,75
2014,12,"Male","Asian",36,75
2015,1,"Male","Asian",44,75
2015,2,"Male","Asian",37,75
2015,3,"Male","Asian",41,75
2015,4,"Male","Asian",49,75
2015,5,"Male","Asian",65,75
2015,6,"Male","Asian",65,75
2015,7,"Male","Asian",37,75
2015,8,"Male","Asian",63,75
2015,9,"Male","Asian",46,75
2015,10,"Male","Asian",46,75
2015,11,"Male","Asian",39,75
2015,12,"Male","Asian",34,75
2016,1,"Male","Asian",40,75
2016,2,"Male","Asian",38,75
2016,3,"Male","Asian",42,75
2016,4,"Male","Asian",37,75
2016,5,"Male","Asian",38,75
2016,6,"Male","Asian",54,75
2016,7,"Male","Asian",51,75
2016,8,"Male","Asian",40,75
2016,9,"Male","Asian",44,75
2016,10,"Male","Asian",41,75
2016,11,"Male","Asian",41,75
2016,12,"Male","Asian",54,75
2017,1,"Male","Asian",42,75
2017,2,"Male","Asian",38,75
2017,3,"Male","Asian",52,75
2017,4,"Male","Asian",43,75
2017,5,"Male","Asian",56,75
2017,6,"Male","Asian",49,75
2017,7,"Male","Asian",57,75
2017,8,"Male","Asian",49,75
2017,9,"Male","Asian",44,75
2017,10,"Male","Asian",55,75
2017,11,"Male","Asian",46,75
2017,12,"Male","Asian",47,75
2018,1,"Male","Asian",34,75
2018,2,"Male","Asian",29,75
2018,3,"Male","Asian",46,75
2018,4,"Male","Asian",56,75
2018,5,"Male","Asian",39,75
2018,6,"Male","Asian",43,75
2018,7,"Male","Asian",61,75
2018,8,"Male","Asian",51,75
2018,9,"Male","Asian",50,75
2018,10,"Male","Asian",47,75
2018,11,"Male","Asian",51,75
2018,12,"Male","Asian",47,75
2019,1,"Male","Asian",43,75
2019,2,"Male","Asian",41,75
2019,3,"Male","Asian",56,75
2019,4,"Male","Asian",42,75
2019,5,"Male","Asian",53,75
2019,6,"Male","Asian",47,75
2019,7,"Male","Asian",48,75
2019,8,"Male","Asian",35,75
2019,9,"Male","Asian",66,75
2019,10,"Male","Asian",50,75
2019,11,"Male","Asian",42,75
2019,12,"Male","Asian",46,75
2020,1,"Male","Asian",54,75
2020,2,"Male","Asian",37,75
2020,3,"Male","Asian",56,75
2020,4,"Male","Asian",44,75
2020,5,"Male","Asian",64,75
2020,6,"Male","Asian",57,75
2020,7,"Male","Asian",74,75
2020,8,"Male","Asian",70,75
2020,9,"Male","Asian",56,75
2020,10,"Male","Asian",55,75
2020,11,"Male","Asian",65,75
2020,12,"Male","Asian",63,75
2010,8,"Male","Asian",94,80
2010,9,"Male","Asian",92,80
2010,10,"Male","Asian",87,80
2010,11,"Male","Asian",85,80
2010,12,"Male","Asian",117,80
2011,1,"Male","Asian",110,80
2011,2,"Male","Asian",80,80
2011,3,"Male","Asian",105,80
2011,4,"Male","Asian",103,80
2011,5,"Male","Asian",104,80
2011,6,"Male","Asian",125,80
2011,7,"Male","Asian",116,80
2011,8,"Male","Asian",109,80
2011,9,"Male","Asian",102,80
2011,10,"Male","Asian",90,80
2011,11,"Male","Asian",103,80
2011,12,"Male","Asian",95,80
2012,1,"Male","Asian",88,80
2012,2,"Male","Asian",81,80
2012,3,"Male","Asian",94,80
2012,4,"Male","Asian",98,80
2012,5,"Male","Asian",110,80
2012,6,"Male","Asian",111,80
2012,7,"Male","Asian",122,80
2012,8,"Male","Asian",100,80
2012,9,"Male","Asian",102,80
2012,10,"Male","Asian",105,80
2012,11,"Male","Asian",105,80
2012,12,"Male","Asian",85,80
2013,1,"Male","Asian",102,80
2013,2,"Male","Asian",92,80
2013,3,"Male","Asian",108,80
2013,4,"Male","Asian",120,80
2013,5,"Male","Asian",114,80
2013,6,"Male","Asian",103,80
2013,7,"Male","Asian",126,80
2013,8,"Male","Asian",127,80
2013,9,"Male","Asian",108,80
2013,10,"Male","Asian",113,80
2013,11,"Male","Asian",110,80
2013,12,"Male","Asian",112,80
2014,1,"Male","Asian",102,80
2014,2,"Male","Asian",120,80
2014,3,"Male","Asian",109,80
2014,4,"Male","Asian",87,80
2014,5,"Male","Asian",108,80
2014,6,"Male","Asian",120,80
2014,7,"Male","Asian",105,80
2014,8,"Male","Asian",134,80
2014,9,"Male","Asian",88,80
2014,10,"Male","Asian",115,80
2014,11,"Male","Asian",89,80
2014,12,"Male","Asian",101,80
2015,1,"Male","Asian",125,80
2015,2,"Male","Asian",96,80
2015,3,"Male","Asian",104,80
2015,4,"Male","Asian",127,80
2015,5,"Male","Asian",132,80
2015,6,"Male","Asian",119,80
2015,7,"Male","Asian",141,80
2015,8,"Male","Asian",126,80
2015,9,"Male","Asian",113,80
2015,10,"Male","Asian",104,80
2015,11,"Male","Asian",109,80
2015,12,"Male","Asian",95,80
2016,1,"Male","Asian",129,80
2016,2,"Male","Asian",113,80
2016,3,"Male","Asian",116,80
2016,4,"Male","Asian",130,80
2016,5,"Male","Asian",114,80
2016,6,"Male","Asian",179,80
2016,7,"Male","Asian",152,80
2016,8,"Male","Asian",144,80
2016,9,"Male","Asian",110,80
2016,10,"Male","Asian",136,80
2016,11,"Male","Asian",95,80
2016,12,"Male","Asian",126,80
2017,1,"Male","Asian",125,80
2017,2,"Male","Asian",108,80
2017,3,"Male","Asian",111,80
2017,4,"Male","Asian",118,80
2017,5,"Male","Asian",117,80
2017,6,"Male","Asian",128,80
2017,7,"Male","Asian",141,80
2017,8,"Male","Asian",129,80
2017,9,"Male","Asian",122,80
2017,10,"Male","Asian",150,80
2017,11,"Male","Asian",120,80
2017,12,"Male","Asian",126,80
2018,1,"Male","Asian",118,80
2018,2,"Male","Asian",90,80
2018,3,"Male","Asian",103,80
2018,4,"Male","Asian",135,80
2018,5,"Male","Asian",137,80
2018,6,"Male","Asian",136,80
2018,7,"Male","Asian",136,80
2018,8,"Male","Asian",139,80
2018,9,"Male","Asian",131,80
2018,10,"Male","Asian",138,80
2018,11,"Male","Asian",142,80
2018,12,"Male","Asian",132,80
2019,1,"Male","Asian",128,80
2019,2,"Male","Asian",104,80
2019,3,"Male","Asian",115,80
2019,4,"Male","Asian",120,80
2019,5,"Male","Asian",129,80
2019,6,"Male","Asian",141,80
2019,7,"Male","Asian",143,80
2019,8,"Male","Asian",157,80
2019,9,"Male","Asian",125,80
2019,10,"Male","Asian",129,80
2019,11,"Male","Asian",131,80
2019,12,"Male","Asian",140,80
2020,1,"Male","Asian",119,80
2020,2,"Male","Asian",103,80
2020,3,"Male","Asian",160,80
2020,4,"Male","Asian",160,80
2020,5,"Male","Asian",187,80
2020,6,"Male","Asian",186,80
2020,7,"Male","Asian",161,80
2020,8,"Male","Asian",176,80
2020,9,"Male","Asian",153,80
2020,10,"Male","Asian",181,80
2020,11,"Male","Asian",149,80
2020,12,"Male","Asian",184,80
2010,8,"Male","Black",59,0
2010,9,"Male","Black",55,0
2010,10,"Male","Black",65,0
2010,11,"Male","Black",57,0
2010,12,"Male","Black",51,0
2011,1,"Male","Black",52,0
2011,2,"Male","Black",49,0
2011,3,"Male","Black",71,0
2011,4,"Male","Black",68,0
2011,5,"Male","Black",52,0
2011,6,"Male","Black",74,0
2011,7,"Male","Black",53,0
2011,8,"Male","Black",64,0
2011,9,"Male","Black",53,0
2011,10,"Male","Black",56,0
2011,11,"Male","Black",50,0
2011,12,"Male","Black",50,0
2012,1,"Male","Black",54,0
2012,2,"Male","Black",52,0
2012,3,"Male","Black",52,0
2012,4,"Male","Black",62,0
2012,5,"Male","Black",62,0
2012,6,"Male","Black",60,0
2012,7,"Male","Black",66,0
2012,8,"Male","Black",64,0
2012,9,"Male","Black",47,0
2012,10,"Male","Black",51,0
2012,11,"Male","Black",48,0
2012,12,"Male","Black",52,0
2013,1,"Male","Black",65,0
2013,2,"Male","Black",48,0
2013,3,"Male","Black",61,0
2013,4,"Male","Black",54,0
2013,5,"Male","Black",71,0
2013,6,"Male","Black",57,0
2013,7,"Male","Black",46,0
2013,8,"Male","Black",59,0
2013,9,"Male","Black",51,0
2013,10,"Male","Black",50,0
2013,11,"Male","Black",43,0
2013,12,"Male","Black",45,0
2014,1,"Male","Black",63,0
2014,2,"Male","Black",49,0
2014,3,"Male","Black",55,0
2014,4,"Male","Black",47,0
2014,5,"Male","Black",47,0
2014,6,"Male","Black",52,0
2014,7,"Male","Black",60,0
2014,8,"Male","Black",55,0
2014,9,"Male","Black",37,0
2014,10,"Male","Black",36,0
2014,11,"Male","Black",48,0
2014,12,"Male","Black",48,0
2015,1,"Male","Black",36,0
2015,2,"Male","Black",47,0
2015,3,"Male","Black",44,0
2015,4,"Male","Black",51,0
2015,5,"Male","Black",62,0
2015,6,"Male","Black",41,0
2015,7,"Male","Black",42,0
2015,8,"Male","Black",45,0
2015,9,"Male","Black",34,0
2015,10,"Male","Black",38,0
2015,11,"Male","Black",41,0
2015,12,"Male","Black",48,0
2016,1,"Male","Black",50,0
2016,2,"Male","Black",28,0
2016,3,"Male","Black",49,0
2016,4,"Male","Black",45,0
2016,5,"Male","Black",67,0
2016,6,"Male","Black",51,0
2016,7,"Male","Black",60,0
2016,8,"Male","Black",52,0
2016,9,"Male","Black",38,0
2016,10,"Male","Black",35,0
2016,11,"Male","Black",42,0
2016,12,"Male","Black",42,0
2017,1,"Male","Black",39,0
2017,2,"Male","Black",31,0
2017,3,"Male","Black",42,0
2017,4,"Male","Black",48,0
2017,5,"Male","Black",48,0
2017,6,"Male","Black",45,0
2017,7,"Male","Black",43,0
2017,8,"Male","Black",52,0
2017,9,"Male","Black",51,0
2017,10,"Male","Black",45,0
2017,11,"Male","Black",47,0
2017,12,"Male","Black",55,0
2018,1,"Male","Black",48,0
2018,2,"Male","Black",53,0
2018,3,"Male","Black",50,0
2018,4,"Male","Black",52,0
2018,5,"Male","Black",61,0
2018,6,"Male","Black",62,0
2018,7,"Male","Black",50,0
2018,8,"Male","Black",50,0
2018,9,"Male","Black",47,0
2018,10,"Male","Black",56,0
2018,11,"Male","Black",47,0
2018,12,"Male","Black",62,0
2019,1,"Male","Black",48,0
2019,2,"Male","Black",51,0
2019,3,"Male","Black",49,0
2019,4,"Male","Black",55,0
2019,5,"Male","Black",53,0
2019,6,"Male","Black",45,0
2019,7,"Male","Black",51,0
2019,8,"Male","Black",58,0
2019,9,"Male","Black",46,0
2019,10,"Male","Black",46,0
2019,11,"Male","Black",51,0
2019,12,"Male","Black",47,0
2020,1,"Male","Black",49,0
2020,2,"Male","Black",49,0
2020,3,"Male","Black",51,0
2020,4,"Male","Black",52,0
2020,5,"Male","Black",52,0
2020,6,"Male","Black",30,0
2020,7,"Male","Black",37,0
2020,8,"Male","Black",39,0
2020,9,"Male","Black",47,0
2020,10,"Male","Black",45,0
2020,11,"Male","Black",41,0
2020,12,"Male","Black",58,0
2010,8,"Male","Black",9,5
2010,9,"Male","Black",10,5
2010,10,"Male","Black",12,5
2010,11,"Male","Black",10,5
2010,12,"Male","Black",14,5
2011,1,"Male","Black",18,5
2011,2,"Male","Black",11,5
2011,3,"Male","Black",6,5
2011,4,"Male","Black",10,5
2011,5,"Male","Black",12,5
2011,6,"Male","Black",13,5
2011,7,"Male","Black",16,5
2011,8,"Male","Black",12,5
2011,9,"Male","Black",8,5
2011,10,"Male","Black",10,5
2011,11,"Male","Black",6,5
2011,12,"Male","Black",8,5
2012,1,"Male","Black",12,5
2012,2,"Male","Black",12,5
2012,3,"Male","Black",12,5
2012,4,"Male","Black",6,5
2012,5,"Male","Black",13,5
2012,6,"Male","Black",4,5
2012,7,"Male","Black",12,5
2012,8,"Male","Black",6,5
2012,9,"Male","Black",9,5
2012,10,"Male","Black",7,5
2012,11,"Male","Black",10,5
2012,12,"Male","Black",12,5
2013,1,"Male","Black",3,5
2013,2,"Male","Black",7,5
2013,3,"Male","Black",3,5
2013,4,"Male","Black",8,5
2013,5,"Male","Black",11,5
2013,6,"Male","Black",9,5
2013,7,"Male","Black",7,5
2013,8,"Male","Black",6,5
2013,9,"Male","Black",12,5
2013,10,"Male","Black",7,5
2013,11,"Male","Black",5,5
2013,12,"Male","Black",14,5
2014,1,"Male","Black",12,5
2014,2,"Male","Black",6,5
2014,3,"Male","Black",10,5
2014,4,"Male","Black",2,5
2014,5,"Male","Black",14,5
2014,6,"Male","Black",6,5
2014,7,"Male","Black",2,5
2014,8,"Male","Black",7,5
2014,9,"Male","Black",10,5
2014,10,"Male","Black",6,5
2014,11,"Male","Black",6,5
2014,12,"Male","Black",12,5
2015,1,"Male","Black",6,5
2015,2,"Male","Black",6,5
2015,3,"Male","Black",7,5
2015,4,"Male","Black",9,5
2015,5,"Male","Black",4,5
2015,6,"Male","Black",6,5
2015,7,"Male","Black",8,5
2015,8,"Male","Black",10,5
2015,9,"Male","Black",7,5
2015,10,"Male","Black",7,5
2015,11,"Male","Black",2,5
2015,12,"Male","Black",6,5
2016,1,"Male","Black",3,5
2016,2,"Male","Black",9,5
2016,3,"Male","Black",8,5
2016,4,"Male","Black",10,5
2016,5,"Male","Black",12,5
2016,6,"Male","Black",3,5
2016,7,"Male","Black",7,5
2016,8,"Male","Black",14,5
2016,9,"Male","Black",6,5
2016,10,"Male","Black",5,5
2016,11,"Male","Black",8,5
2016,12,"Male","Black",8,5
2017,1,"Male","Black",7,5
2017,2,"Male","Black",13,5
2017,3,"Male","Black",6,5
2017,4,"Male","Black",9,5
2017,5,"Male","Black",6,5
2017,6,"Male","Black",5,5
2017,7,"Male","Black",8,5
2017,8,"Male","Black",7,5
2017,9,"Male","Black",10,5
2017,10,"Male","Black",4,5
2017,11,"Male","Black",4,5
2017,12,"Male","Black",7,5
2018,1,"Male","Black",9,5
2018,2,"Male","Black",5,5
2018,3,"Male","Black",7,5
2018,4,"Male","Black",7,5
2018,5,"Male","Black",1,5
2018,6,"Male","Black",4,5
2018,7,"Male","Black",4,5
2018,8,"Male","Black",3,5
2018,9,"Male","Black",5,5
2018,10,"Male","Black",7,5
2018,11,"Male","Black",7,5
2018,12,"Male","Black",4,5
2019,1,"Male","Black",8,5
2019,2,"Male","Black",8,5
2019,3,"Male","Black",10,5
2019,4,"Male","Black",8,5
2019,5,"Male","Black",5,5
2019,6,"Male","Black",10,5
2019,7,"Male","Black",9,5
2019,8,"Male","Black",8,5
2019,9,"Male","Black",2,5
2019,10,"Male","Black",6,5
2019,11,"Male","Black",7,5
2019,12,"Male","Black",8,5
2020,1,"Male","Black",6,5
2020,2,"Male","Black",6,5
2020,3,"Male","Black",1,5
2020,4,"Male","Black",7,5
2020,5,"Male","Black",3,5
2020,6,"Male","Black",9,5
2020,7,"Male","Black",3,5
2020,8,"Male","Black",10,5
2020,9,"Male","Black",10,5
2020,10,"Male","Black",7,5
2020,11,"Male","Black",7,5
2020,12,"Male","Black",7,5
2010,8,"Male","Black",15,10
2010,9,"Male","Black",18,10
2010,10,"Male","Black",19,10
2010,11,"Male","Black",25,10
2010,12,"Male","Black",35,10
2011,1,"Male","Black",21,10
2011,2,"Male","Black",23,10
2011,3,"Male","Black",19,10
2011,4,"Male","Black",24,10
2011,5,"Male","Black",12,10
2011,6,"Male","Black",22,10
2011,7,"Male","Black",24,10
2011,8,"Male","Black",15,10
2011,9,"Male","Black",15,10
2011,10,"Male","Black",16,10
2011,11,"Male","Black",16,10
2011,12,"Male","Black",29,10
2012,1,"Male","Black",16,10
2012,2,"Male","Black",21,10
2012,3,"Male","Black",16,10
2012,4,"Male","Black",25,10
2012,5,"Male","Black",15,10
2012,6,"Male","Black",17,10
2012,7,"Male","Black",23,10
2012,8,"Male","Black",15,10
2012,9,"Male","Black",15,10
2012,10,"Male","Black",21,10
2012,11,"Male","Black",19,10
2012,12,"Male","Black",20,10
2013,1,"Male","Black",13,10
2013,2,"Male","Black",26,10
2013,3,"Male","Black",19,10
2013,4,"Male","Black",15,10
2013,5,"Male","Black",13,10
2013,6,"Male","Black",15,10
2013,7,"Male","Black",20,10
2013,8,"Male","Black",12,10
2013,9,"Male","Black",11,10
2013,10,"Male","Black",20,10
2013,11,"Male","Black",21,10
2013,12,"Male","Black",17,10
2014,1,"Male","Black",23,10
2014,2,"Male","Black",16,10
2014,3,"Male","Black",19,10
2014,4,"Male","Black",23,10
2014,5,"Male","Black",18,10
2014,6,"Male","Black",22,10
2014,7,"Male","Black",10,10
2014,8,"Male","Black",17,10
2014,9,"Male","Black",24,10
2014,10,"Male","Black",23,10
2014,11,"Male","Black",25,10
2014,12,"Male","Black",18,10
2015,1,"Male","Black",24,10
2015,2,"Male","Black",25,10
2015,3,"Male","Black",19,10
2015,4,"Male","Black",17,10
2015,5,"Male","Black",14,10
2015,6,"Male","Black",18,10
2015,7,"Male","Black",9,10
2015,8,"Male","Black",13,10
2015,9,"Male","Black",21,10
2015,10,"Male","Black",19,10
2015,11,"Male","Black",14,10
2015,12,"Male","Black",19,10
2016,1,"Male","Black",25,10
2016,2,"Male","Black",18,10
2016,3,"Male","Black",24,10
2016,4,"Male","Black",14,10
2016,5,"Male","Black",15,10
2016,6,"Male","Black",16,10
2016,7,"Male","Black",15,10
2016,8,"Male","Black",13,10
2016,9,"Male","Black",15,10
2016,10,"Male","Black",7,10
2016,11,"Male","Black",16,10
2016,12,"Male","Black",19,10
2017,1,"Male","Black",23,10
2017,2,"Male","Black",17,10
2017,3,"Male","Black",16,10
2017,4,"Male","Black",15,10
2017,5,"Male","Black",16,10
2017,6,"Male","Black",13,10
2017,7,"Male","Black",16,10
2017,8,"Male","Black",10,10
2017,9,"Male","Black",15,10
2017,10,"Male","Black",12,10
2017,11,"Male","Black",17,10
2017,12,"Male","Black",20,10
2018,1,"Male","Black",20,10
2018,2,"Male","Black",16,10
2018,3,"Male","Black",11,10
2018,4,"Male","Black",15,10
2018,5,"Male","Black",16,10
2018,6,"Male","Black",11,10
2018,7,"Male","Black",13,10
2018,8,"Male","Black",14,10
2018,9,"Male","Black",16,10
2018,10,"Male","Black",12,10
2018,11,"Male","Black",5,10
2018,12,"Male","Black",14,10
2019,1,"Male","Black",12,10
2019,2,"Male","Black",14,10
2019,3,"Male","Black",17,10
2019,4,"Male","Black",10,10
2019,5,"Male","Black",16,10
2019,6,"Male","Black",17,10
2019,7,"Male","Black",11,10
2019,8,"Male","Black",10,10
2019,9,"Male","Black",12,10
2019,10,"Male","Black",8,10
2019,11,"Male","Black",16,10
2019,12,"Male","Black",15,10
2020,1,"Male","Black",10,10
2020,2,"Male","Black",11,10
2020,3,"Male","Black",14,10
2020,4,"Male","Black",7,10
2020,5,"Male","Black",10,10
2020,6,"Male","Black",6,10
2020,7,"Male","Black",13,10
2020,8,"Male","Black",12,10
2020,9,"Male","Black",10,10
2020,10,"Male","Black",8,10
2020,11,"Male","Black",15,10
2020,12,"Male","Black",14,10
2010,8,"Male","Black",84,15
2010,9,"Male","Black",77,15
2010,10,"Male","Black",108,15
2010,11,"Male","Black",111,15
2010,12,"Male","Black",108,15
2011,1,"Male","Black",122,15
2011,2,"Male","Black",90,15
2011,3,"Male","Black",101,15
2011,4,"Male","Black",105,15
2011,5,"Male","Black",98,15
2011,6,"Male","Black",95,15
2011,7,"Male","Black",101,15
2011,8,"Male","Black",98,15
2011,9,"Male","Black",96,15
2011,10,"Male","Black",86,15
2011,11,"Male","Black",93,15
2011,12,"Male","Black",91,15
2012,1,"Male","Black",120,15
2012,2,"Male","Black",96,15
2012,3,"Male","Black",99,15
2012,4,"Male","Black",87,15
2012,5,"Male","Black",100,15
2012,6,"Male","Black",97,15
2012,7,"Male","Black",76,15
2012,8,"Male","Black",107,15
2012,9,"Male","Black",97,15
2012,10,"Male","Black",121,15
2012,11,"Male","Black",109,15
2012,12,"Male","Black",113,15
2013,1,"Male","Black",100,15
2013,2,"Male","Black",91,15
2013,3,"Male","Black",108,15
2013,4,"Male","Black",107,15
2013,5,"Male","Black",117,15
2013,6,"Male","Black",91,15
2013,7,"Male","Black",85,15
2013,8,"Male","Black",108,15
2013,9,"Male","Black",107,15
2013,10,"Male","Black",78,15
2013,11,"Male","Black",104,15
2013,12,"Male","Black",113,15
2014,1,"Male","Black",143,15
2014,2,"Male","Black",118,15
2014,3,"Male","Black",126,15
2014,4,"Male","Black",134,15
2014,5,"Male","Black",125,15
2014,6,"Male","Black",119,15
2014,7,"Male","Black",99,15
2014,8,"Male","Black",107,15
2014,9,"Male","Black",133,15
2014,10,"Male","Black",120,15
2014,11,"Male","Black",142,15
2014,12,"Male","Black",136,15
2015,1,"Male","Black",124,15
2015,2,"Male","Black",100,15
2015,3,"Male","Black",121,15
2015,4,"Male","Black",103,15
2015,5,"Male","Black",94,15
2015,6,"Male","Black",89,15
2015,7,"Male","Black",93,15
2015,8,"Male","Black",98,15
2015,9,"Male","Black",109,15
2015,10,"Male","Black",130,15
2015,11,"Male","Black",122,15
2015,12,"Male","Black",115,15
2016,1,"Male","Black",141,15
2016,2,"Male","Black",123,15
2016,3,"Male","Black",131,15
2016,4,"Male","Black",149,15
2016,5,"Male","Black",129,15
2016,6,"Male","Black",99,15
2016,7,"Male","Black",124,15
2016,8,"Male","Black",115,15
2016,9,"Male","Black",119,15
2016,10,"Male","Black",130,15
2016,11,"Male","Black",129,15
2016,12,"Male","Black",134,15
2017,1,"Male","Black",149,15
2017,2,"Male","Black",133,15
2017,3,"Male","Black",139,15
2017,4,"Male","Black",105,15
2017,5,"Male","Black",107,15
2017,6,"Male","Black",95,15
2017,7,"Male","Black",112,15
2017,8,"Male","Black",103,15
2017,9,"Male","Black",107,15
2017,10,"Male","Black",115,15
2017,11,"Male","Black",116,15
2017,12,"Male","Black",122,15
2018,1,"Male","Black",127,15
2018,2,"Male","Black",111,15
2018,3,"Male","Black",114,15
2018,4,"Male","Black",93,15
2018,5,"Male","Black",107,15
2018,6,"Male","Black",120,15
2018,7,"Male","Black",95,15
2018,8,"Male","Black",100,15
2018,9,"Male","Black",97,15
2018,10,"Male","Black",101,15
2018,11,"Male","Black",102,15
2018,12,"Male","Black",85,15
2019,1,"Male","Black",98,15
2019,2,"Male","Black",99,15
2019,3,"Male","Black",121,15
2019,4,"Male","Black",79,15
2019,5,"Male","Black",85,15
2019,6,"Male","Black",86,15
2019,7,"Male","Black",100,15
2019,8,"Male","Black",88,15
2019,9,"Male","Black",72,15
2019,10,"Male","Black",97,15
2019,11,"Male","Black",93,15
2019,12,"Male","Black",89,15
2020,1,"Male","Black",75,15
2020,2,"Male","Black",109,15
2020,3,"Male","Black",97,15
2020,4,"Male","Black",102,15
2020,5,"Male","Black",91,15
2020,6,"Male","Black",90,15
2020,7,"Male","Black",72,15
2020,8,"Male","Black",75,15
2020,9,"Male","Black",90,15
2020,10,"Male","Black",106,15
2020,11,"Male","Black",85,15
2020,12,"Male","Black",82,15
2010,8,"Male","Black",140,20
2010,9,"Male","Black",120,20
2010,10,"Male","Black",156,20
2010,11,"Male","Black",148,20
2010,12,"Male","Black",181,20
2011,1,"Male","Black",160,20
2011,2,"Male","Black",130,20
2011,3,"Male","Black",170,20
2011,4,"Male","Black",113,20
2011,5,"Male","Black",137,20
2011,6,"Male","Black",138,20
2011,7,"Male","Black",140,20
2011,8,"Male","Black",145,20
2011,9,"Male","Black",128,20
2011,10,"Male","Black",159,20
2011,11,"Male","Black",144,20
2011,12,"Male","Black",150,20
2012,1,"Male","Black",171,20
2012,2,"Male","Black",142,20
2012,3,"Male","Black",156,20
2012,4,"Male","Black",142,20
2012,5,"Male","Black",146,20
2012,6,"Male","Black",162,20
2012,7,"Male","Black",150,20
2012,8,"Male","Black",145,20
2012,9,"Male","Black",136,20
2012,10,"Male","Black",154,20
2012,11,"Male","Black",143,20
2012,12,"Male","Black",164,20
2013,1,"Male","Black",162,20
2013,2,"Male","Black",129,20
2013,3,"Male","Black",147,20
2013,4,"Male","Black",119,20
2013,5,"Male","Black",144,20
2013,6,"Male","Black",135,20
2013,7,"Male","Black",130,20
2013,8,"Male","Black",156,20
2013,9,"Male","Black",167,20
2013,10,"Male","Black",148,20
2013,11,"Male","Black",154,20
2013,12,"Male","Black",185,20
2014,1,"Male","Black",167,20
2014,2,"Male","Black",157,20
2014,3,"Male","Black",170,20
2014,4,"Male","Black",177,20
2014,5,"Male","Black",148,20
2014,6,"Male","Black",154,20
2014,7,"Male","Black",157,20
2014,8,"Male","Black",144,20
2014,9,"Male","Black",138,20
2014,10,"Male","Black",137,20
2014,11,"Male","Black",192,20
2014,12,"Male","Black",183,20
2015,1,"Male","Black",170,20
2015,2,"Male","Black",137,20
2015,3,"Male","Black",157,20
2015,4,"Male","Black",144,20
2015,5,"Male","Black",136,20
2015,6,"Male","Black",146,20
2015,7,"Male","Black",151,20
2015,8,"Male","Black",139,20
2015,9,"Male","Black",155,20
2015,10,"Male","Black",157,20
2015,11,"Male","Black",168,20
2015,12,"Male","Black",181,20
2016,1,"Male","Black",173,20
2016,2,"Male","Black",159,20
2016,3,"Male","Black",178,20
2016,4,"Male","Black",139,20
2016,5,"Male","Black",142,20
2016,6,"Male","Black",145,20
2016,7,"Male","Black",147,20
2016,8,"Male","Black",152,20
2016,9,"Male","Black",141,20
2016,10,"Male","Black",158,20
2016,11,"Male","Black",158,20
2016,12,"Male","Black",161,20
2017,1,"Male","Black",193,20
2017,2,"Male","Black",164,20
2017,3,"Male","Black",186,20
2017,4,"Male","Black",152,20
2017,5,"Male","Black",157,20
2017,6,"Male","Black",161,20
2017,7,"Male","Black",133,20
2017,8,"Male","Black",163,20
2017,9,"Male","Black",155,20
2017,10,"Male","Black",205,20
2017,11,"Male","Black",164,20
2017,12,"Male","Black",176,20
2018,1,"Male","Black",157,20
2018,2,"Male","Black",156,20
2018,3,"Male","Black",202,20
2018,4,"Male","Black",155,20
2018,5,"Male","Black",147,20
2018,6,"Male","Black",131,20
2018,7,"Male","Black",134,20
2018,8,"Male","Black",163,20
2018,9,"Male","Black",121,20
2018,10,"Male","Black",153,20
2018,11,"Male","Black",141,20
2018,12,"Male","Black",142,20
2019,1,"Male","Black",156,20
2019,2,"Male","Black",177,20
2019,3,"Male","Black",142,20
2019,4,"Male","Black",136,20
2019,5,"Male","Black",143,20
2019,6,"Male","Black",156,20
2019,7,"Male","Black",144,20
2019,8,"Male","Black",131,20
2019,9,"Male","Black",146,20
2019,10,"Male","Black",150,20
2019,11,"Male","Black",130,20
2019,12,"Male","Black",135,20
2020,1,"Male","Black",189,20
2020,2,"Male","Black",178,20
2020,3,"Male","Black",170,20
2020,4,"Male","Black",170,20
2020,5,"Male","Black",132,20
2020,6,"Male","Black",144,20
2020,7,"Male","Black",127,20
2020,8,"Male","Black",138,20
2020,9,"Male","Black",159,20
2020,10,"Male","Black",184,20
2020,11,"Male","Black",158,20
2020,12,"Male","Black",165,20
2010,8,"Male","Black",147,25
2010,9,"Male","Black",138,25
2010,10,"Male","Black",152,25
2010,11,"Male","Black",153,25
2010,12,"Male","Black",188,25
2011,1,"Male","Black",198,25
2011,2,"Male","Black",154,25
2011,3,"Male","Black",153,25
2011,4,"Male","Black",141,25
2011,5,"Male","Black",166,25
2011,6,"Male","Black",151,25
2011,7,"Male","Black",165,25
2011,8,"Male","Black",173,25
2011,9,"Male","Black",149,25
2011,10,"Male","Black",163,25
2011,11,"Male","Black",135,25
2011,12,"Male","Black",162,25
2012,1,"Male","Black",180,25
2012,2,"Male","Black",169,25
2012,3,"Male","Black",172,25
2012,4,"Male","Black",175,25
2012,5,"Male","Black",142,25
2012,6,"Male","Black",160,25
2012,7,"Male","Black",145,25
2012,8,"Male","Black",161,25
2012,9,"Male","Black",155,25
2012,10,"Male","Black",155,25
2012,11,"Male","Black",171,25
2012,12,"Male","Black",186,25
2013,1,"Male","Black",159,25
2013,2,"Male","Black",144,25
2013,3,"Male","Black",170,25
2013,4,"Male","Black",130,25
2013,5,"Male","Black",152,25
2013,6,"Male","Black",136,25
2013,7,"Male","Black",137,25
2013,8,"Male","Black",162,25
2013,9,"Male","Black",157,25
2013,10,"Male","Black",147,25
2013,11,"Male","Black",169,25
2013,12,"Male","Black",189,25
2014,1,"Male","Black",176,25
2014,2,"Male","Black",147,25
2014,3,"Male","Black",157,25
2014,4,"Male","Black",157,25
2014,5,"Male","Black",154,25
2014,6,"Male","Black",123,25
2014,7,"Male","Black",160,25
2014,8,"Male","Black",174,25
2014,9,"Male","Black",164,25
2014,10,"Male","Black",148,25
2014,11,"Male","Black",147,25
2014,12,"Male","Black",183,25
2015,1,"Male","Black",158,25
2015,2,"Male","Black",141,25
2015,3,"Male","Black",160,25
2015,4,"Male","Black",131,25
2015,5,"Male","Black",150,25
2015,6,"Male","Black",151,25
2015,7,"Male","Black",117,25
2015,8,"Male","Black",128,25
2015,9,"Male","Black",136,25
2015,10,"Male","Black",146,25
2015,11,"Male","Black",160,25
2015,12,"Male","Black",158,25
2016,1,"Male","Black",189,25
2016,2,"Male","Black",166,25
2016,3,"Male","Black",151,25
2016,4,"Male","Black",177,25
2016,5,"Male","Black",144,25
2016,6,"Male","Black",118,25
2016,7,"Male","Black",138,25
2016,8,"Male","Black",134,25
2016,9,"Male","Black",138,25
2016,10,"Male","Black",166,25
2016,11,"Male","Black",154,25
2016,12,"Male","Black",161,25
2017,1,"Male","Black",160,25
2017,2,"Male","Black",161,25
2017,3,"Male","Black",158,25
2017,4,"Male","Black",141,25
2017,5,"Male","Black",130,25
2017,6,"Male","Black",116,25
2017,7,"Male","Black",141,25
2017,8,"Male","Black",152,25
2017,9,"Male","Black",153,25
2017,10,"Male","Black",155,25
2017,11,"Male","Black",137,25
2017,12,"Male","Black",162,25
2018,1,"Male","Black",148,25
2018,2,"Male","Black",125,25
2018,3,"Male","Black",156,25
2018,4,"Male","Black",123,25
2018,5,"Male","Black",136,25
2018,6,"Male","Black",148,25
2018,7,"Male","Black",154,25
2018,8,"Male","Black",138,25
2018,9,"Male","Black",139,25
2018,10,"Male","Black",139,25
2018,11,"Male","Black",142,25
2018,12,"Male","Black",145,25
2019,1,"Male","Black",143,25
2019,2,"Male","Black",126,25
2019,3,"Male","Black",160,25
2019,4,"Male","Black",116,25
2019,5,"Male","Black",138,25
2019,6,"Male","Black",155,25
2019,7,"Male","Black",119,25
2019,8,"Male","Black",120,25
2019,9,"Male","Black",157,25
2019,10,"Male","Black",134,25
2019,11,"Male","Black",140,25
2019,12,"Male","Black",126,25
2020,1,"Male","Black",147,25
2020,2,"Male","Black",148,25
2020,3,"Male","Black",131,25
2020,4,"Male","Black",155,25
2020,5,"Male","Black",138,25
2020,6,"Male","Black",136,25
2020,7,"Male","Black",146,25
2020,8,"Male","Black",139,25
2020,9,"Male","Black",147,25
2020,10,"Male","Black",179,25
2020,11,"Male","Black",139,25
2020,12,"Male","Black",166,25
2010,8,"Male","Black",159,30
2010,9,"Male","Black",164,30
2010,10,"Male","Black",172,30
2010,11,"Male","Black",164,30
2010,12,"Male","Black",210,30
2011,1,"Male","Black",190,30
2011,2,"Male","Black",140,30
2011,3,"Male","Black",155,30
2011,4,"Male","Black",157,30
2011,5,"Male","Black",175,30
2011,6,"Male","Black",176,30
2011,7,"Male","Black",183,30
2011,8,"Male","Black",187,30
2011,9,"Male","Black",167,30
2011,10,"Male","Black",182,30
2011,11,"Male","Black",165,30
2011,12,"Male","Black",197,30
2012,1,"Male","Black",187,30
2012,2,"Male","Black",207,30
2012,3,"Male","Black",185,30
2012,4,"Male","Black",169,30
2012,5,"Male","Black",178,30
2012,6,"Male","Black",154,30
2012,7,"Male","Black",161,30
2012,8,"Male","Black",167,30
2012,9,"Male","Black",165,30
2012,10,"Male","Black",187,30
2012,11,"Male","Black",175,30
2012,12,"Male","Black",189,30
2013,1,"Male","Black",161,30
2013,2,"Male","Black",176,30
2013,3,"Male","Black",182,30
2013,4,"Male","Black",173,30
2013,5,"Male","Black",189,30
2013,6,"Male","Black",168,30
2013,7,"Male","Black",161,30
2013,8,"Male","Black",164,30
2013,9,"Male","Black",162,30
2013,10,"Male","Black",182,30
2013,11,"Male","Black",168,30
2013,12,"Male","Black",181,30
2014,1,"Male","Black",183,30
2014,2,"Male","Black",167,30
2014,3,"Male","Black",166,30
2014,4,"Male","Black",196,30
2014,5,"Male","Black",185,30
2014,6,"Male","Black",184,30
2014,7,"Male","Black",177,30
2014,8,"Male","Black",192,30
2014,9,"Male","Black",171,30
2014,10,"Male","Black",173,30
2014,11,"Male","Black",160,30
2014,12,"Male","Black",196,30
2015,1,"Male","Black",196,30
2015,2,"Male","Black",175,30
2015,3,"Male","Black",175,30
2015,4,"Male","Black",172,30
2015,5,"Male","Black",197,30
2015,6,"Male","Black",163,30
2015,7,"Male","Black",134,30
2015,8,"Male","Black",135,30
2015,9,"Male","Black",169,30
2015,10,"Male","Black",146,30
2015,11,"Male","Black",169,30
2015,12,"Male","Black",196,30
2016,1,"Male","Black",206,30
2016,2,"Male","Black",165,30
2016,3,"Male","Black",166,30
2016,4,"Male","Black",176,30
2016,5,"Male","Black",184,30
2016,6,"Male","Black",152,30
2016,7,"Male","Black",161,30
2016,8,"Male","Black",159,30
2016,9,"Male","Black",169,30
2016,10,"Male","Black",177,30
2016,11,"Male","Black",147,30
2016,12,"Male","Black",151,30
2017,1,"Male","Black",161,30
2017,2,"Male","Black",161,30
2017,3,"Male","Black",155,30
2017,4,"Male","Black",161,30
2017,5,"Male","Black",181,30
2017,6,"Male","Black",153,30
2017,7,"Male","Black",153,30
2017,8,"Male","Black",166,30
2017,9,"Male","Black",148,30
2017,10,"Male","Black",149,30
2017,11,"Male","Black",155,30
2017,12,"Male","Black",161,30
2018,1,"Male","Black",145,30
2018,2,"Male","Black",143,30
2018,3,"Male","Black",153,30
2018,4,"Male","Black",156,30
2018,5,"Male","Black",148,30
2018,6,"Male","Black",166,30
2018,7,"Male","Black",144,30
2018,8,"Male","Black",148,30
2018,9,"Male","Black",162,30
2018,10,"Male","Black",151,30
2018,11,"Male","Black",150,30
2018,12,"Male","Black",161,30
2019,1,"Male","Black",156,30
2019,2,"Male","Black",115,30
2019,3,"Male","Black",167,30
2019,4,"Male","Black",165,30
2019,5,"Male","Black",145,30
2019,6,"Male","Black",162,30
2019,7,"Male","Black",155,30
2019,8,"Male","Black",158,30
2019,9,"Male","Black",147,30
2019,10,"Male","Black",148,30
2019,11,"Male","Black",139,30
2019,12,"Male","Black",179,30
2020,1,"Male","Black",159,30
2020,2,"Male","Black",161,30
2020,3,"Male","Black",174,30
2020,4,"Male","Black",155,30
2020,5,"Male","Black",190,30
2020,6,"Male","Black",162,30
2020,7,"Male","Black",161,30
2020,8,"Male","Black",186,30
2020,9,"Male","Black",159,30
2020,10,"Male","Black",200,30
2020,11,"Male","Black",162,30
2020,12,"Male","Black",181,30
2010,8,"Male","Black",182,35
2010,9,"Male","Black",167,35
2010,10,"Male","Black",223,35
2010,11,"Male","Black",180,35
2010,12,"Male","Black",171,35
2011,1,"Male","Black",199,35
2011,2,"Male","Black",203,35
2011,3,"Male","Black",198,35
2011,4,"Male","Black",196,35
2011,5,"Male","Black",189,35
2011,6,"Male","Black",197,35
2011,7,"Male","Black",168,35
2011,8,"Male","Black",204,35
2011,9,"Male","Black",182,35
2011,10,"Male","Black",190,35
2011,11,"Male","Black",164,35
2011,12,"Male","Black",215,35
2012,1,"Male","Black",210,35
2012,2,"Male","Black",182,35
2012,3,"Male","Black",189,35
2012,4,"Male","Black",191,35
2012,5,"Male","Black",185,35
2012,6,"Male","Black",189,35
2012,7,"Male","Black",165,35
2012,8,"Male","Black",165,35
2012,9,"Male","Black",159,35
2012,10,"Male","Black",183,35
2012,11,"Male","Black",171,35
2012,12,"Male","Black",229,35
2013,1,"Male","Black",215,35
2013,2,"Male","Black",175,35
2013,3,"Male","Black",171,35
2013,4,"Male","Black",190,35
2013,5,"Male","Black",177,35
2013,6,"Male","Black",178,35
2013,7,"Male","Black",191,35
2013,8,"Male","Black",169,35
2013,9,"Male","Black",165,35
2013,10,"Male","Black",175,35
2013,11,"Male","Black",158,35
2013,12,"Male","Black",207,35
2014,1,"Male","Black",213,35
2014,2,"Male","Black",173,35
2014,3,"Male","Black",198,35
2014,4,"Male","Black",219,35
2014,5,"Male","Black",198,35
2014,6,"Male","Black",176,35
2014,7,"Male","Black",190,35
2014,8,"Male","Black",185,35
2014,9,"Male","Black",174,35
2014,10,"Male","Black",153,35
2014,11,"Male","Black",179,35
2014,12,"Male","Black",188,35
2015,1,"Male","Black",208,35
2015,2,"Male","Black",175,35
2015,3,"Male","Black",188,35
2015,4,"Male","Black",189,35
2015,5,"Male","Black",207,35
2015,6,"Male","Black",187,35
2015,7,"Male","Black",201,35
2015,8,"Male","Black",197,35
2015,9,"Male","Black",185,35
2015,10,"Male","Black",178,35
2015,11,"Male","Black",194,35
2015,12,"Male","Black",205,35
2016,1,"Male","Black",198,35
2016,2,"Male","Black",191,35
2016,3,"Male","Black",194,35
2016,4,"Male","Black",199,35
2016,5,"Male","Black",207,35
2016,6,"Male","Black",192,35
2016,7,"Male","Black",194,35
2016,8,"Male","Black",180,35
2016,9,"Male","Black",183,35
2016,10,"Male","Black",188,35
2016,11,"Male","Black",175,35
2016,12,"Male","Black",207,35
2017,1,"Male","Black",204,35
2017,2,"Male","Black",202,35
2017,3,"Male","Black",171,35
2017,4,"Male","Black",180,35
2017,5,"Male","Black",175,35
2017,6,"Male","Black",188,35
2017,7,"Male","Black",192,35
2017,8,"Male","Black",192,35
2017,9,"Male","Black",176,35
2017,10,"Male","Black",193,35
2017,11,"Male","Black",186,35
2017,12,"Male","Black",225,35
2018,1,"Male","Black",204,35
2018,2,"Male","Black",168,35
2018,3,"Male","Black",206,35
2018,4,"Male","Black",177,35
2018,5,"Male","Black",184,35
2018,6,"Male","Black",184,35
2018,7,"Male","Black",183,35
2018,8,"Male","Black",186,35
2018,9,"Male","Black",170,35
2018,10,"Male","Black",158,35
2018,11,"Male","Black",170,35
2018,12,"Male","Black",148,35
2019,1,"Male","Black",186,35
2019,2,"Male","Black",183,35
2019,3,"Male","Black",179,35
2019,4,"Male","Black",194,35
2019,5,"Male","Black",202,35
2019,6,"Male","Black",190,35
2019,7,"Male","Black",229,35
2019,8,"Male","Black",166,35
2019,9,"Male","Black",180,35
2019,10,"Male","Black",181,35
2019,11,"Male","Black",203,35
2019,12,"Male","Black",199,35
2020,1,"Male","Black",186,35
2020,2,"Male","Black",200,35
2020,3,"Male","Black",219,35
2020,4,"Male","Black",194,35
2020,5,"Male","Black",239,35
2020,6,"Male","Black",206,35
2020,7,"Male","Black",239,35
2020,8,"Male","Black",219,35
2020,9,"Male","Black",178,35
2020,10,"Male","Black",225,35
2020,11,"Male","Black",238,35
2020,12,"Male","Black",248,35
2010,8,"Male","Black",209,40
2010,9,"Male","Black",224,40
2010,10,"Male","Black",208,40
2010,11,"Male","Black",233,40
2010,12,"Male","Black",252,40
2011,1,"Male","Black",263,40
2011,2,"Male","Black",216,40
2011,3,"Male","Black",240,40
2011,4,"Male","Black",224,40
2011,5,"Male","Black",222,40
2011,6,"Male","Black",245,40
2011,7,"Male","Black",234,40
2011,8,"Male","Black",223,40
2011,9,"Male","Black",226,40
2011,10,"Male","Black",239,40
2011,11,"Male","Black",236,40
2011,12,"Male","Black",216,40
2012,1,"Male","Black",233,40
2012,2,"Male","Black",204,40
2012,3,"Male","Black",213,40
2012,4,"Male","Black",202,40
2012,5,"Male","Black",224,40
2012,6,"Male","Black",221,40
2012,7,"Male","Black",250,40
2012,8,"Male","Black",198,40
2012,9,"Male","Black",220,40
2012,10,"Male","Black",208,40
2012,11,"Male","Black",202,40
2012,12,"Male","Black",232,40
2013,1,"Male","Black",234,40
2013,2,"Male","Black",203,40
2013,3,"Male","Black",212,40
2013,4,"Male","Black",219,40
2013,5,"Male","Black",231,40
2013,6,"Male","Black",241,40
2013,7,"Male","Black",222,40
2013,8,"Male","Black",192,40
2013,9,"Male","Black",193,40
2013,10,"Male","Black",211,40
2013,11,"Male","Black",187,40
2013,12,"Male","Black",238,40
2014,1,"Male","Black",236,40
2014,2,"Male","Black",183,40
2014,3,"Male","Black",210,40
2014,4,"Male","Black",183,40
2014,5,"Male","Black",208,40
2014,6,"Male","Black",187,40
2014,7,"Male","Black",226,40
2014,8,"Male","Black",236,40
2014,9,"Male","Black",187,40
2014,10,"Male","Black",213,40
2014,11,"Male","Black",212,40
2014,12,"Male","Black",238,40
2015,1,"Male","Black",231,40
2015,2,"Male","Black",201,40
2015,3,"Male","Black",217,40
2015,4,"Male","Black",207,40
2015,5,"Male","Black",224,40
2015,6,"Male","Black",204,40
2015,7,"Male","Black",183,40
2015,8,"Male","Black",208,40
2015,9,"Male","Black",212,40
2015,10,"Male","Black",214,40
2015,11,"Male","Black",214,40
2015,12,"Male","Black",226,40
2016,1,"Male","Black",206,40
2016,2,"Male","Black",184,40
2016,3,"Male","Black",235,40
2016,4,"Male","Black",217,40
2016,5,"Male","Black",207,40
2016,6,"Male","Black",224,40
2016,7,"Male","Black",187,40
2016,8,"Male","Black",222,40
2016,9,"Male","Black",193,40
2016,10,"Male","Black",225,40
2016,11,"Male","Black",184,40
2016,12,"Male","Black",218,40
2017,1,"Male","Black",231,40
2017,2,"Male","Black",193,40
2017,3,"Male","Black",234,40
2017,4,"Male","Black",209,40
2017,5,"Male","Black",217,40
2017,6,"Male","Black",218,40
2017,7,"Male","Black",210,40
2017,8,"Male","Black",225,40
2017,9,"Male","Black",220,40
2017,10,"Male","Black",210,40
2017,11,"Male","Black",212,40
2017,12,"Male","Black",227,40
2018,1,"Male","Black",219,40
2018,2,"Male","Black",190,40
2018,3,"Male","Black",217,40
2018,4,"Male","Black",205,40
2018,5,"Male","Black",235,40
2018,6,"Male","Black",223,40
2018,7,"Male","Black",200,40
2018,8,"Male","Black",205,40
2018,9,"Male","Black",202,40
2018,10,"Male","Black",209,40
2018,11,"Male","Black",234,40
2018,12,"Male","Black",201,40
2019,1,"Male","Black",247,40
2019,2,"Male","Black",192,40
2019,3,"Male","Black",253,40
2019,4,"Male","Black",241,40
2019,5,"Male","Black",236,40
2019,6,"Male","Black",220,40
2019,7,"Male","Black",205,40
2019,8,"Male","Black",200,40
2019,9,"Male","Black",203,40
2019,10,"Male","Black",232,40
2019,11,"Male","Black",218,40
2019,12,"Male","Black",243,40
2020,1,"Male","Black",240,40
2020,2,"Male","Black",214,40
2020,3,"Male","Black",220,40
2020,4,"Male","Black",286,40
2020,5,"Male","Black",345,40
2020,6,"Male","Black",327,40
2020,7,"Male","Black",319,40
2020,8,"Male","Black",299,40
2020,9,"Male","Black",283,40
2020,10,"Male","Black",245,40
2020,11,"Male","Black",274,40
2020,12,"Male","Black",342,40
2010,8,"Male","Black",293,45
2010,9,"Male","Black",261,45
2010,10,"Male","Black",263,45
2010,11,"Male","Black",251,45
2010,12,"Male","Black",303,45
2011,1,"Male","Black",284,45
2011,2,"Male","Black",250,45
2011,3,"Male","Black",307,45
2011,4,"Male","Black",269,45
2011,5,"Male","Black",280,45
2011,6,"Male","Black",329,45
2011,7,"Male","Black",323,45
2011,8,"Male","Black",251,45
2011,9,"Male","Black",293,45
2011,10,"Male","Black",299,45
2011,11,"Male","Black",240,45
2011,12,"Male","Black",281,45
2012,1,"Male","Black",275,45
2012,2,"Male","Black",285,45
2012,3,"Male","Black",277,45
2012,4,"Male","Black",267,45
2012,5,"Male","Black",291,45
2012,6,"Male","Black",251,45
2012,7,"Male","Black",247,45
2012,8,"Male","Black",259,45
2012,9,"Male","Black",285,45
2012,10,"Male","Black",293,45
2012,11,"Male","Black",253,45
2012,12,"Male","Black",269,45
2013,1,"Male","Black",267,45
2013,2,"Male","Black",246,45
2013,3,"Male","Black",264,45
2013,4,"Male","Black",281,45
2013,5,"Male","Black",267,45
2013,6,"Male","Black",279,45
2013,7,"Male","Black",312,45
2013,8,"Male","Black",259,45
2013,9,"Male","Black",252,45
2013,10,"Male","Black",265,45
2013,11,"Male","Black",250,45
2013,12,"Male","Black",265,45
2014,1,"Male","Black",259,45
2014,2,"Male","Black",253,45
2014,3,"Male","Black",323,45
2014,4,"Male","Black",259,45
2014,5,"Male","Black",277,45
2014,6,"Male","Black",280,45
2014,7,"Male","Black",258,45
2014,8,"Male","Black",271,45
2014,9,"Male","Black",290,45
2014,10,"Male","Black",265,45
2014,11,"Male","Black",276,45
2014,12,"Male","Black",286,45
2015,1,"Male","Black",268,45
2015,2,"Male","Black",263,45
2015,3,"Male","Black",258,45
2015,4,"Male","Black",235,45
2015,5,"Male","Black",262,45
2015,6,"Male","Black",282,45
2015,7,"Male","Black",307,45
2015,8,"Male","Black",269,45
2015,9,"Male","Black",224,45
2015,10,"Male","Black",271,45
2015,11,"Male","Black",272,45
2015,12,"Male","Black",288,45
2016,1,"Male","Black",266,45
2016,2,"Male","Black",275,45
2016,3,"Male","Black",278,45
2016,4,"Male","Black",284,45
2016,5,"Male","Black",277,45
2016,6,"Male","Black",261,45
2016,7,"Male","Black",289,45
2016,8,"Male","Black",275,45
2016,9,"Male","Black",262,45
2016,10,"Male","Black",250,45
2016,11,"Male","Black",268,45
2016,12,"Male","Black",293,45
2017,1,"Male","Black",271,45
2017,2,"Male","Black",237,45
2017,3,"Male","Black",258,45
2017,4,"Male","Black",226,45
2017,5,"Male","Black",245,45
2017,6,"Male","Black",284,45
2017,7,"Male","Black",263,45
2017,8,"Male","Black",284,45
2017,9,"Male","Black",247,45
2017,10,"Male","Black",271,45
2017,11,"Male","Black",233,45
2017,12,"Male","Black",283,45
2018,1,"Male","Black",295,45
2018,2,"Male","Black",218,45
2018,3,"Male","Black",236,45
2018,4,"Male","Black",279,45
2018,5,"Male","Black",273,45
2018,6,"Male","Black",287,45
2018,7,"Male","Black",286,45
2018,8,"Male","Black",256,45
2018,9,"Male","Black",252,45
2018,10,"Male","Black",232,45
2018,11,"Male","Black",293,45
2018,12,"Male","Black",279,45
2019,1,"Male","Black",272,45
2019,2,"Male","Black",256,45
2019,3,"Male","Black",297,45
2019,4,"Male","Black",254,45
2019,5,"Male","Black",259,45
2019,6,"Male","Black",284,45
2019,7,"Male","Black",311,45
2019,8,"Male","Black",283,45
2019,9,"Male","Black",259,45
2019,10,"Male","Black",258,45
2019,11,"Male","Black",260,45
2019,12,"Male","Black",267,45
2020,1,"Male","Black",284,45
2020,2,"Male","Black",280,45
2020,3,"Male","Black",277,45
2020,4,"Male","Black",313,45
2020,5,"Male","Black",393,45
2020,6,"Male","Black",372,45
2020,7,"Male","Black",362,45
2020,8,"Male","Black",371,45
2020,9,"Male","Black",353,45
2020,10,"Male","Black",326,45
2020,11,"Male","Black",323,45
2020,12,"Male","Black",416,45
2010,8,"Male","Black",353,50
2010,9,"Male","Black",326,50
2010,10,"Male","Black",341,50
2010,11,"Male","Black",346,50
2010,12,"Male","Black",344,50
2011,1,"Male","Black",372,50
2011,2,"Male","Black",316,50
2011,3,"Male","Black",347,50
2011,4,"Male","Black",361,50
2011,5,"Male","Black",355,50
2011,6,"Male","Black",338,50
2011,7,"Male","Black",368,50
2011,8,"Male","Black",393,50
2011,9,"Male","Black",338,50
2011,10,"Male","Black",315,50
2011,11,"Male","Black",338,50
2011,12,"Male","Black",343,50
2012,1,"Male","Black",352,50
2012,2,"Male","Black",298,50
2012,3,"Male","Black",350,50
2012,4,"Male","Black",310,50
2012,5,"Male","Black",353,50
2012,6,"Male","Black",355,50
2012,7,"Male","Black",325,50
2012,8,"Male","Black",311,50
2012,9,"Male","Black",353,50
2012,10,"Male","Black",339,50
2012,11,"Male","Black",328,50
2012,12,"Male","Black",320,50
2013,1,"Male","Black",373,50
2013,2,"Male","Black",306,50
2013,3,"Male","Black",288,50
2013,4,"Male","Black",351,50
2013,5,"Male","Black",358,50
2013,6,"Male","Black",327,50
2013,7,"Male","Black",356,50
2013,8,"Male","Black",367,50
2013,9,"Male","Black",359,50
2013,10,"Male","Black",325,50
2013,11,"Male","Black",337,50
2013,12,"Male","Black",354,50
2014,1,"Male","Black",349,50
2014,2,"Male","Black",306,50
2014,3,"Male","Black",340,50
2014,4,"Male","Black",343,50
2014,5,"Male","Black",327,50
2014,6,"Male","Black",358,50
2014,7,"Male","Black",317,50
2014,8,"Male","Black",345,50
2014,9,"Male","Black",329,50
2014,10,"Male","Black",330,50
2014,11,"Male","Black",315,50
2014,12,"Male","Black",347,50
2015,1,"Male","Black",361,50
2015,2,"Male","Black",314,50
2015,3,"Male","Black",352,50
2015,4,"Male","Black",347,50
2015,5,"Male","Black",346,50
2015,6,"Male","Black",316,50
2015,7,"Male","Black",340,50
2015,8,"Male","Black",323,50
2015,9,"Male","Black",320,50
2015,10,"Male","Black",342,50
2015,11,"Male","Black",332,50
2015,12,"Male","Black",343,50
2016,1,"Male","Black",385,50
2016,2,"Male","Black",334,50
2016,3,"Male","Black",352,50
2016,4,"Male","Black",339,50
2016,5,"Male","Black",345,50
2016,6,"Male","Black",375,50
2016,7,"Male","Black",346,50
2016,8,"Male","Black",324,50
2016,9,"Male","Black",319,50
2016,10,"Male","Black",346,50
2016,11,"Male","Black",325,50
2016,12,"Male","Black",329,50
2017,1,"Male","Black",337,50
2017,2,"Male","Black",316,50
2017,3,"Male","Black",355,50
2017,4,"Male","Black",366,50
2017,5,"Male","Black",346,50
2017,6,"Male","Black",322,50
2017,7,"Male","Black",374,50
2017,8,"Male","Black",369,50
2017,9,"Male","Black",352,50
2017,10,"Male","Black",341,50
2017,11,"Male","Black",319,50
2017,12,"Male","Black",351,50
2018,1,"Male","Black",339,50
2018,2,"Male","Black",294,50
2018,3,"Male","Black",336,50
2018,4,"Male","Black",363,50
2018,5,"Male","Black",382,50
2018,6,"Male","Black",376,50
2018,7,"Male","Black",383,50
2018,8,"Male","Black",381,50
2018,9,"Male","Black",336,50
2018,10,"Male","Black",339,50
2018,11,"Male","Black",351,50
2018,12,"Male","Black",386,50
2019,1,"Male","Black",346,50
2019,2,"Male","Black",298,50
2019,3,"Male","Black",339,50
2019,4,"Male","Black",366,50
2019,5,"Male","Black",372,50
2019,6,"Male","Black",377,50
2019,7,"Male","Black",404,50
2019,8,"Male","Black",367,50
2019,9,"Male","Black",360,50
2019,10,"Male","Black",391,50
2019,11,"Male","Black",330,50
2019,12,"Male","Black",361,50
2020,1,"Male","Black",355,50
2020,2,"Male","Black",374,50
2020,3,"Male","Black",411,50
2020,4,"Male","Black",453,50
2020,5,"Male","Black",540,50
2020,6,"Male","Black",548,50
2020,7,"Male","Black",510,50
2020,8,"Male","Black",510,50
2020,9,"Male","Black",446,50
2020,10,"Male","Black",420,50
2020,11,"Male","Black",420,50
2020,12,"Male","Black",508,50
2010,8,"Male","Black",352,55
2010,9,"Male","Black",357,55
2010,10,"Male","Black",350,55
2010,11,"Male","Black",360,55
2010,12,"Male","Black",417,55
2011,1,"Male","Black",397,55
2011,2,"Male","Black",360,55
2011,3,"Male","Black",362,55
2011,4,"Male","Black",383,55
2011,5,"Male","Black",384,55
2011,6,"Male","Black",415,55
2011,7,"Male","Black",417,55
2011,8,"Male","Black",375,55
2011,9,"Male","Black",406,55
2011,10,"Male","Black",379,55
2011,11,"Male","Black",354,55
2011,12,"Male","Black",371,55
2012,1,"Male","Black",375,55
2012,2,"Male","Black",344,55
2012,3,"Male","Black",360,55
2012,4,"Male","Black",374,55
2012,5,"Male","Black",387,55
2012,6,"Male","Black",373,55
2012,7,"Male","Black",429,55
2012,8,"Male","Black",418,55
2012,9,"Male","Black",382,55
2012,10,"Male","Black",372,55
2012,11,"Male","Black",352,55
2012,12,"Male","Black",401,55
2013,1,"Male","Black",356,55
2013,2,"Male","Black",330,55
2013,3,"Male","Black",388,55
2013,4,"Male","Black",402,55
2013,5,"Male","Black",434,55
2013,6,"Male","Black",383,55
2013,7,"Male","Black",431,55
2013,8,"Male","Black",412,55
2013,9,"Male","Black",364,55
2013,10,"Male","Black",389,55
2013,11,"Male","Black",374,55
2013,12,"Male","Black",397,55
2014,1,"Male","Black",423,55
2014,2,"Male","Black",350,55
2014,3,"Male","Black",420,55
2014,4,"Male","Black",370,55
2014,5,"Male","Black",432,55
2014,6,"Male","Black",406,55
2014,7,"Male","Black",398,55
2014,8,"Male","Black",436,55
2014,9,"Male","Black",422,55
2014,10,"Male","Black",430,55
2014,11,"Male","Black",376,55
2014,12,"Male","Black",400,55
2015,1,"Male","Black",403,55
2015,2,"Male","Black",345,55
2015,3,"Male","Black",400,55
2015,4,"Male","Black",384,55
2015,5,"Male","Black",428,55
2015,6,"Male","Black",403,55
2015,7,"Male","Black",421,55
2015,8,"Male","Black",394,55
2015,9,"Male","Black",393,55
2015,10,"Male","Black",426,55
2015,11,"Male","Black",378,55
2015,12,"Male","Black",444,55
2016,1,"Male","Black",452,55
2016,2,"Male","Black",402,55
2016,3,"Male","Black",419,55
2016,4,"Male","Black",460,55
2016,5,"Male","Black",437,55
2016,6,"Male","Black",484,55
2016,7,"Male","Black",422,55
2016,8,"Male","Black",420,55
2016,9,"Male","Black",386,55
2016,10,"Male","Black",414,55
2016,11,"Male","Black",418,55
2016,12,"Male","Black",436,55
2017,1,"Male","Black",427,55
2017,2,"Male","Black",362,55
2017,3,"Male","Black",375,55
2017,4,"Male","Black",409,55
2017,5,"Male","Black",436,55
2017,6,"Male","Black",410,55
2017,7,"Male","Black",469,55
2017,8,"Male","Black",415,55
2017,9,"Male","Black",378,55
2017,10,"Male","Black",394,55
2017,11,"Male","Black",377,55
2017,12,"Male","Black",430,55
2018,1,"Male","Black",450,55
2018,2,"Male","Black",395,55
2018,3,"Male","Black",449,55
2018,4,"Male","Black",397,55
2018,5,"Male","Black",471,55
2018,6,"Male","Black",453,55
2018,7,"Male","Black",485,55
2018,8,"Male","Black",468,55
2018,9,"Male","Black",439,55
2018,10,"Male","Black",411,55
2018,11,"Male","Black",447,55
2018,12,"Male","Black",437,55
2019,1,"Male","Black",405,55
2019,2,"Male","Black",406,55
2019,3,"Male","Black",433,55
2019,4,"Male","Black",473,55
2019,5,"Male","Black",470,55
2019,6,"Male","Black",455,55
2019,7,"Male","Black",495,55
2019,8,"Male","Black",429,55
2019,9,"Male","Black",444,55
2019,10,"Male","Black",486,55
2019,11,"Male","Black",417,55
2019,12,"Male","Black",511,55
2020,1,"Male","Black",433,55
2020,2,"Male","Black",435,55
2020,3,"Male","Black",471,55
2020,4,"Male","Black",522,55
2020,5,"Male","Black",662,55
2020,6,"Male","Black",602,55
2020,7,"Male","Black",616,55
2020,8,"Male","Black",662,55
2020,9,"Male","Black",538,55
2020,10,"Male","Black",504,55
2020,11,"Male","Black",548,55
2020,12,"Male","Black",598,55
2010,8,"Male","Black",395,60
2010,9,"Male","Black",357,60
2010,10,"Male","Black",391,60
2010,11,"Male","Black",373,60
2010,12,"Male","Black",361,60
2011,1,"Male","Black",451,60
2011,2,"Male","Black",384,60
2011,3,"Male","Black",411,60
2011,4,"Male","Black",345,60
2011,5,"Male","Black",386,60
2011,6,"Male","Black",388,60
2011,7,"Male","Black",433,60
2011,8,"Male","Black",418,60
2011,9,"Male","Black",381,60
2011,10,"Male","Black",396,60
2011,11,"Male","Black",352,60
2011,12,"Male","Black",439,60
2012,1,"Male","Black",410,60
2012,2,"Male","Black",369,60
2012,3,"Male","Black",360,60
2012,4,"Male","Black",366,60
2012,5,"Male","Black",416,60
2012,6,"Male","Black",408,60
2012,7,"Male","Black",471,60
2012,8,"Male","Black",431,60
2012,9,"Male","Black",397,60
2012,10,"Male","Black",404,60
2012,11,"Male","Black",352,60
2012,12,"Male","Black",403,60
2013,1,"Male","Black",390,60
2013,2,"Male","Black",369,60
2013,3,"Male","Black",391,60
2013,4,"Male","Black",413,60
2013,5,"Male","Black",444,60
2013,6,"Male","Black",411,60
2013,7,"Male","Black",420,60
2013,8,"Male","Black",417,60
2013,9,"Male","Black",417,60
2013,10,"Male","Black",400,60
2013,11,"Male","Black",424,60
2013,12,"Male","Black",378,60
2014,1,"Male","Black",443,60
2014,2,"Male","Black",370,60
2014,3,"Male","Black",403,60
2014,4,"Male","Black",410,60
2014,5,"Male","Black",401,60
2014,6,"Male","Black",408,60
2014,7,"Male","Black",443,60
2014,8,"Male","Black",452,60
2014,9,"Male","Black",418,60
2014,10,"Male","Black",428,60
2014,11,"Male","Black",418,60
2014,12,"Male","Black",437,60
2015,1,"Male","Black",425,60
2015,2,"Male","Black",359,60
2015,3,"Male","Black",444,60
2015,4,"Male","Black",420,60
2015,5,"Male","Black",474,60
2015,6,"Male","Black",417,60
2015,7,"Male","Black",436,60
2015,8,"Male","Black",406,60
2015,9,"Male","Black",430,60
2015,10,"Male","Black",447,60
2015,11,"Male","Black",420,60
2015,12,"Male","Black",470,60
2016,1,"Male","Black",464,60
2016,2,"Male","Black",432,60
2016,3,"Male","Black",509,60
2016,4,"Male","Black",500,60
2016,5,"Male","Black",483,60
2016,6,"Male","Black",476,60
2016,7,"Male","Black",493,60
2016,8,"Male","Black",485,60
2016,9,"Male","Black",427,60
2016,10,"Male","Black",426,60
2016,11,"Male","Black",399,60
2016,12,"Male","Black",429,60
2017,1,"Male","Black",442,60
2017,2,"Male","Black",384,60
2017,3,"Male","Black",471,60
2017,4,"Male","Black",461,60
2017,5,"Male","Black",481,60
2017,6,"Male","Black",530,60
2017,7,"Male","Black",553,60
2017,8,"Male","Black",491,60
2017,9,"Male","Black",496,60
2017,10,"Male","Black",467,60
2017,11,"Male","Black",478,60
2017,12,"Male","Black",519,60
2018,1,"Male","Black",487,60
2018,2,"Male","Black",466,60
2018,3,"Male","Black",495,60
2018,4,"Male","Black",488,60
2018,5,"Male","Black",543,60
2018,6,"Male","Black",500,60
2018,7,"Male","Black",580,60
2018,8,"Male","Black",545,60
2018,9,"Male","Black",542,60
2018,10,"Male","Black",483,60
2018,11,"Male","Black",519,60
2018,12,"Male","Black",559,60
2019,1,"Male","Black",496,60
2019,2,"Male","Black",497,60
2019,3,"Male","Black",491,60
2019,4,"Male","Black",498,60
2019,5,"Male","Black",552,60
2019,6,"Male","Black",536,60
2019,7,"Male","Black",597,60
2019,8,"Male","Black",568,60
2019,9,"Male","Black",507,60
2019,10,"Male","Black",510,60
2019,11,"Male","Black",489,60
2019,12,"Male","Black",569,60
2020,1,"Male","Black",572,60
2020,2,"Male","Black",499,60
2020,3,"Male","Black",568,60
2020,4,"Male","Black",623,60
2020,5,"Male","Black",857,60
2020,6,"Male","Black",777,60
2020,7,"Male","Black",817,60
2020,8,"Male","Black",752,60
2020,9,"Male","Black",614,60
2020,10,"Male","Black",639,60
2020,11,"Male","Black",676,60
2020,12,"Male","Black",704,60
2010,8,"Male","Black",402,65
2010,9,"Male","Black",359,65
2010,10,"Male","Black",363,65
2010,11,"Male","Black",413,65
2010,12,"Male","Black",392,65
2011,1,"Male","Black",435,65
2011,2,"Male","Black",365,65
2011,3,"Male","Black",360,65
2011,4,"Male","Black",368,65
2011,5,"Male","Black",412,65
2011,6,"Male","Black",435,65
2011,7,"Male","Black",434,65
2011,8,"Male","Black",429,65
2011,9,"Male","Black",407,65
2011,10,"Male","Black",345,65
2011,11,"Male","Black",389,65
2011,12,"Male","Black",374,65
2012,1,"Male","Black",405,65
2012,2,"Male","Black",366,65
2012,3,"Male","Black",389,65
2012,4,"Male","Black",419,65
2012,5,"Male","Black",376,65
2012,6,"Male","Black",394,65
2012,7,"Male","Black",429,65
2012,8,"Male","Black",441,65
2012,9,"Male","Black",400,65
2012,10,"Male","Black",447,65
2012,11,"Male","Black",376,65
2012,12,"Male","Black",396,65
2013,1,"Male","Black",404,65
2013,2,"Male","Black",351,65
2013,3,"Male","Black",408,65
2013,4,"Male","Black",413,65
2013,5,"Male","Black",457,65
2013,6,"Male","Black",442,65
2013,7,"Male","Black",452,65
2013,8,"Male","Black",428,65
2013,9,"Male","Black",403,65
2013,10,"Male","Black",409,65
2013,11,"Male","Black",378,65
2013,12,"Male","Black",448,65
2014,1,"Male","Black",432,65
2014,2,"Male","Black",416,65
2014,3,"Male","Black",379,65
2014,4,"Male","Black",402,65
2014,5,"Male","Black",411,65
2014,6,"Male","Black",465,65
2014,7,"Male","Black",450,65
2014,8,"Male","Black",416,65
2014,9,"Male","Black",406,65
2014,10,"Male","Black",410,65
2014,11,"Male","Black",315,65
2014,12,"Male","Black",406,65
2015,1,"Male","Black",420,65
2015,2,"Male","Black",389,65
2015,3,"Male","Black",385,65
2015,4,"Male","Black",455,65
2015,5,"Male","Black",464,65
2015,6,"Male","Black",459,65
2015,7,"Male","Black",495,65
2015,8,"Male","Black",425,65
2015,9,"Male","Black",447,65
2015,10,"Male","Black",430,65
2015,11,"Male","Black",398,65
2015,12,"Male","Black",453,65
2016,1,"Male","Black",456,65
2016,2,"Male","Black",396,65
2016,3,"Male","Black",432,65
2016,4,"Male","Black",461,65
2016,5,"Male","Black",485,65
2016,6,"Male","Black",533,65
2016,7,"Male","Black",469,65
2016,8,"Male","Black",494,65
2016,9,"Male","Black",452,65
2016,10,"Male","Black",469,65
2016,11,"Male","Black",442,65
2016,12,"Male","Black",450,65
2017,1,"Male","Black",456,65
2017,2,"Male","Black",413,65
2017,3,"Male","Black",452,65
2017,4,"Male","Black",481,65
2017,5,"Male","Black",513,65
2017,6,"Male","Black",499,65
2017,7,"Male","Black",552,65
2017,8,"Male","Black",474,65
2017,9,"Male","Black",480,65
2017,10,"Male","Black",511,65
2017,11,"Male","Black",479,65
2017,12,"Male","Black",539,65
2018,1,"Male","Black",485,65
2018,2,"Male","Black",428,65
2018,3,"Male","Black",512,65
2018,4,"Male","Black",512,65
2018,5,"Male","Black",573,65
2018,6,"Male","Black",547,65
2018,7,"Male","Black",539,65
2018,8,"Male","Black",534,65
2018,9,"Male","Black",518,65
2018,10,"Male","Black",525,65
2018,11,"Male","Black",520,65
2018,12,"Male","Black",566,65
2019,1,"Male","Black",544,65
2019,2,"Male","Black",447,65
2019,3,"Male","Black",522,65
2019,4,"Male","Black",563,65
2019,5,"Male","Black",608,65
2019,6,"Male","Black",592,65
2019,7,"Male","Black",608,65
2019,8,"Male","Black",607,65
2019,9,"Male","Black",525,65
2019,10,"Male","Black",567,65
2019,11,"Male","Black",542,65
2019,12,"Male","Black",549,65
2020,1,"Male","Black",546,65
2020,2,"Male","Black",497,65
2020,3,"Male","Black",626,65
2020,4,"Male","Black",676,65
2020,5,"Male","Black",933,65
2020,6,"Male","Black",845,65
2020,7,"Male","Black",839,65
2020,8,"Male","Black",759,65
2020,9,"Male","Black",675,65
2020,10,"Male","Black",636,65
2020,11,"Male","Black",615,65
2020,12,"Male","Black",799,65
2010,8,"Male","Black",442,70
2010,9,"Male","Black",353,70
2010,10,"Male","Black",400,70
2010,11,"Male","Black",380,70
2010,12,"Male","Black",432,70
2011,1,"Male","Black",426,70
2011,2,"Male","Black",396,70
2011,3,"Male","Black",427,70
2011,4,"Male","Black",396,70
2011,5,"Male","Black",431,70
2011,6,"Male","Black",460,70
2011,7,"Male","Black",448,70
2011,8,"Male","Black",425,70
2011,9,"Male","Black",379,70
2011,10,"Male","Black",415,70
2011,11,"Male","Black",419,70
2011,12,"Male","Black",394,70
2012,1,"Male","Black",390,70
2012,2,"Male","Black",360,70
2012,3,"Male","Black",386,70
2012,4,"Male","Black",319,70
2012,5,"Male","Black",432,70
2012,6,"Male","Black",394,70
2012,7,"Male","Black",459,70
2012,8,"Male","Black",433,70
2012,9,"Male","Black",406,70
2012,10,"Male","Black",378,70
2012,11,"Male","Black",396,70
2012,12,"Male","Black",433,70
2013,1,"Male","Black",384,70
2013,2,"Male","Black",346,70
2013,3,"Male","Black",428,70
2013,4,"Male","Black",407,70
2013,5,"Male","Black",402,70
2013,6,"Male","Black",412,70
2013,7,"Male","Black",493,70
2013,8,"Male","Black",414,70
2013,9,"Male","Black",405,70
2013,10,"Male","Black",410,70
2013,11,"Male","Black",408,70
2013,12,"Male","Black",416,70
2014,1,"Male","Black",431,70
2014,2,"Male","Black",380,70
2014,3,"Male","Black",396,70
2014,4,"Male","Black",388,70
2014,5,"Male","Black",418,70
2014,6,"Male","Black",426,70
2014,7,"Male","Black",451,70
2014,8,"Male","Black",449,70
2014,9,"Male","Black",467,70
2014,10,"Male","Black",433,70
2014,11,"Male","Black",410,70
2014,12,"Male","Black",420,70
2015,1,"Male","Black",416,70
2015,2,"Male","Black",357,70
2015,3,"Male","Black",414,70
2015,4,"Male","Black",394,70
2015,5,"Male","Black",506,70
2015,6,"Male","Black",477,70
2015,7,"Male","Black",479,70
2015,8,"Male","Black",425,70
2015,9,"Male","Black",430,70
2015,10,"Male","Black",420,70
2015,11,"Male","Black",403,70
2015,12,"Male","Black",415,70
2016,1,"Male","Black",408,70
2016,2,"Male","Black",390,70
2016,3,"Male","Black",415,70
2016,4,"Male","Black",476,70
2016,5,"Male","Black",462,70
2016,6,"Male","Black",515,70
2016,7,"Male","Black",476,70
2016,8,"Male","Black",456,70
2016,9,"Male","Black",437,70
2016,10,"Male","Black",418,70
2016,11,"Male","Black",429,70
2016,12,"Male","Black",440,70
2017,1,"Male","Black",411,70
2017,2,"Male","Black",414,70
2017,3,"Male","Black",434,70
2017,4,"Male","Black",445,70
2017,5,"Male","Black",487,70
2017,6,"Male","Black",443,70
2017,7,"Male","Black",529,70
2017,8,"Male","Black",531,70
2017,9,"Male","Black",529,70
2017,10,"Male","Black",499,70
2017,11,"Male","Black",437,70
2017,12,"Male","Black",454,70
2018,1,"Male","Black",467,70
2018,2,"Male","Black",414,70
2018,3,"Male","Black",492,70
2018,4,"Male","Black",463,70
2018,5,"Male","Black",571,70
2018,6,"Male","Black",510,70
2018,7,"Male","Black",526,70
2018,8,"Male","Black",491,70
2018,9,"Male","Black",557,70
2018,10,"Male","Black",466,70
2018,11,"Male","Black",466,70
2018,12,"Male","Black",482,70
2019,1,"Male","Black",453,70
2019,2,"Male","Black",392,70
2019,3,"Male","Black",499,70
2019,4,"Male","Black",509,70
2019,5,"Male","Black",517,70
2019,6,"Male","Black",575,70
2019,7,"Male","Black",588,70
2019,8,"Male","Black",544,70
2019,9,"Male","Black",509,70
2019,10,"Male","Black",537,70
2019,11,"Male","Black",494,70
2019,12,"Male","Black",499,70
2020,1,"Male","Black",517,70
2020,2,"Male","Black",480,70
2020,3,"Male","Black",533,70
2020,4,"Male","Black",629,70
2020,5,"Male","Black",882,70
2020,6,"Male","Black",799,70
2020,7,"Male","Black",794,70
2020,8,"Male","Black",796,70
2020,9,"Male","Black",655,70
2020,10,"Male","Black",628,70
2020,11,"Male","Black",631,70
2020,12,"Male","Black",761,70
2010,8,"Male","Black",368,75
2010,9,"Male","Black",346,75
2010,10,"Male","Black",372,75
2010,11,"Male","Black",355,75
2010,12,"Male","Black",369,75
2011,1,"Male","Black",402,75
2011,2,"Male","Black",404,75
2011,3,"Male","Black",359,75
2011,4,"Male","Black",373,75
2011,5,"Male","Black",389,75
2011,6,"Male","Black",399,75
2011,7,"Male","Black",427,75
2011,8,"Male","Black",414,75
2011,9,"Male","Black",390,75
2011,10,"Male","Black",402,75
2011,11,"Male","Black",349,75
2011,12,"Male","Black",377,75
2012,1,"Male","Black",385,75
2012,2,"Male","Black",350,75
2012,3,"Male","Black",351,75
2012,4,"Male","Black",352,75
2012,5,"Male","Black",408,75
2012,6,"Male","Black",378,75
2012,7,"Male","Black",392,75
2012,8,"Male","Black",410,75
2012,9,"Male","Black",332,75
2012,10,"Male","Black",374,75
2012,11,"Male","Black",314,75
2012,12,"Male","Black",395,75
2013,1,"Male","Black",342,75
2013,2,"Male","Black",324,75
2013,3,"Male","Black",375,75
2013,4,"Male","Black",350,75
2013,5,"Male","Black",427,75
2013,6,"Male","Black",396,75
2013,7,"Male","Black",411,75
2013,8,"Male","Black",416,75
2013,9,"Male","Black",370,75
2013,10,"Male","Black",414,75
2013,11,"Male","Black",356,75
2013,12,"Male","Black",375,75
2014,1,"Male","Black",359,75
2014,2,"Male","Black",367,75
2014,3,"Male","Black",365,75
2014,4,"Male","Black",355,75
2014,5,"Male","Black",405,75
2014,6,"Male","Black",382,75
2014,7,"Male","Black",461,75
2014,8,"Male","Black",444,75
2014,9,"Male","Black",385,75
2014,10,"Male","Black",437,75
2014,11,"Male","Black",381,75
2014,12,"Male","Black",395,75
2015,1,"Male","Black",376,75
2015,2,"Male","Black",346,75
2015,3,"Male","Black",376,75
2015,4,"Male","Black",420,75
2015,5,"Male","Black",414,75
2015,6,"Male","Black",398,75
2015,7,"Male","Black",469,75
2015,8,"Male","Black",443,75
2015,9,"Male","Black",391,75
2015,10,"Male","Black",408,75
2015,11,"Male","Black",389,75
2015,12,"Male","Black",403,75
2016,1,"Male","Black",404,75
2016,2,"Male","Black",357,75
2016,3,"Male","Black",368,75
2016,4,"Male","Black",434,75
2016,5,"Male","Black",450,75
2016,6,"Male","Black",411,75
2016,7,"Male","Black",445,75
2016,8,"Male","Black",414,75
2016,9,"Male","Black",396,75
2016,10,"Male","Black",418,75
2016,11,"Male","Black",378,75
2016,12,"Male","Black",381,75
2017,1,"Male","Black",412,75
2017,2,"Male","Black",370,75
2017,3,"Male","Black",409,75
2017,4,"Male","Black",404,75
2017,5,"Male","Black",445,75
2017,6,"Male","Black",468,75
2017,7,"Male","Black",512,75
2017,8,"Male","Black",494,75
2017,9,"Male","Black",446,75
2017,10,"Male","Black",437,75
2017,11,"Male","Black",388,75
2017,12,"Male","Black",432,75
2018,1,"Male","Black",429,75
2018,2,"Male","Black",399,75
2018,3,"Male","Black",446,75
2018,4,"Male","Black",466,75
2018,5,"Male","Black",449,75
2018,6,"Male","Black",480,75
2018,7,"Male","Black",473,75
2018,8,"Male","Black",483,75
2018,9,"Male","Black",419,75
2018,10,"Male","Black",423,75
2018,11,"Male","Black",426,75
2018,12,"Male","Black",461,75
2019,1,"Male","Black",436,75
2019,2,"Male","Black",447,75
2019,3,"Male","Black",494,75
2019,4,"Male","Black",461,75
2019,5,"Male","Black",524,75
2019,6,"Male","Black",497,75
2019,7,"Male","Black",561,75
2019,8,"Male","Black",534,75
2019,9,"Male","Black",484,75
2019,10,"Male","Black",473,75
2019,11,"Male","Black",464,75
2019,12,"Male","Black",479,75
2020,1,"Male","Black",493,75
2020,2,"Male","Black",436,75
2020,3,"Male","Black",513,75
2020,4,"Male","Black",536,75
2020,5,"Male","Black",735,75
2020,6,"Male","Black",714,75
2020,7,"Male","Black",747,75
2020,8,"Male","Black",714,75
2020,9,"Male","Black",581,75
2020,10,"Male","Black",592,75
2020,11,"Male","Black",587,75
2020,12,"Male","Black",624,75
2010,8,"Male","Black",710,80
2010,9,"Male","Black",678,80
2010,10,"Male","Black",619,80
2010,11,"Male","Black",588,80
2010,12,"Male","Black",680,80
2011,1,"Male","Black",708,80
2011,2,"Male","Black",620,80
2011,3,"Male","Black",729,80
2011,4,"Male","Black",687,80
2011,5,"Male","Black",738,80
2011,6,"Male","Black",778,80
2011,7,"Male","Black",796,80
2011,8,"Male","Black",781,80
2011,9,"Male","Black",698,80
2011,10,"Male","Black",684,80
2011,11,"Male","Black",609,80
2011,12,"Male","Black",684,80
2012,1,"Male","Black",608,80
2012,2,"Male","Black",634,80
2012,3,"Male","Black",634,80
2012,4,"Male","Black",675,80
2012,5,"Male","Black",751,80
2012,6,"Male","Black",690,80
2012,7,"Male","Black",762,80
2012,8,"Male","Black",726,80
2012,9,"Male","Black",689,80
2012,10,"Male","Black",713,80
2012,11,"Male","Black",668,80
2012,12,"Male","Black",664,80
2013,1,"Male","Black",679,80
2013,2,"Male","Black",598,80
2013,3,"Male","Black",694,80
2013,4,"Male","Black",676,80
2013,5,"Male","Black",770,80
2013,6,"Male","Black",708,80
2013,7,"Male","Black",841,80
2013,8,"Male","Black",831,80
2013,9,"Male","Black",752,80
2013,10,"Male","Black",702,80
2013,11,"Male","Black",665,80
2013,12,"Male","Black",703,80
2014,1,"Male","Black",704,80
2014,2,"Male","Black",683,80
2014,3,"Male","Black",703,80
2014,4,"Male","Black",687,80
2014,5,"Male","Black",740,80
2014,6,"Male","Black",789,80
2014,7,"Male","Black",796,80
2014,8,"Male","Black",867,80
2014,9,"Male","Black",718,80
2014,10,"Male","Black",765,80
2014,11,"Male","Black",657,80
2014,12,"Male","Black",706,80
2015,1,"Male","Black",756,80
2015,2,"Male","Black",589,80
2015,3,"Male","Black",696,80
2015,4,"Male","Black",738,80
2015,5,"Male","Black",804,80
2015,6,"Male","Black",871,80
2015,7,"Male","Black",845,80
2015,8,"Male","Black",790,80
2015,9,"Male","Black",697,80
2015,10,"Male","Black",759,80
2015,11,"Male","Black",714,80
2015,12,"Male","Black",739,80
2016,1,"Male","Black",770,80
2016,2,"Male","Black",805,80
2016,3,"Male","Black",826,80
2016,4,"Male","Black",780,80
2016,5,"Male","Black",889,80
2016,6,"Male","Black",909,80
2016,7,"Male","Black",938,80
2016,8,"Male","Black",866,80
2016,9,"Male","Black",780,80
2016,10,"Male","Black",745,80
2016,11,"Male","Black",714,80
2016,12,"Male","Black",739,80
2017,1,"Male","Black",798,80
2017,2,"Male","Black",733,80
2017,3,"Male","Black",844,80
2017,4,"Male","Black",793,80
2017,5,"Male","Black",878,80
2017,6,"Male","Black",934,80
2017,7,"Male","Black",1115,80
2017,8,"Male","Black",1024,80
2017,9,"Male","Black",849,80
2017,10,"Male","Black",903,80
2017,11,"Male","Black",842,80
2017,12,"Male","Black",802,80
2018,1,"Male","Black",841,80
2018,2,"Male","Black",715,80
2018,3,"Male","Black",836,80
2018,4,"Male","Black",859,80
2018,5,"Male","Black",943,80
2018,6,"Male","Black",873,80
2018,7,"Male","Black",963,80
2018,8,"Male","Black",1022,80
2018,9,"Male","Black",931,80
2018,10,"Male","Black",882,80
2018,11,"Male","Black",813,80
2018,12,"Male","Black",857,80
2019,1,"Male","Black",893,80
2019,2,"Male","Black",825,80
2019,3,"Male","Black",901,80
2019,4,"Male","Black",854,80
2019,5,"Male","Black",984,80
2019,6,"Male","Black",1040,80
2019,7,"Male","Black",1096,80
2019,8,"Male","Black",1081,80
2019,9,"Male","Black",986,80
2019,10,"Male","Black",958,80
2019,11,"Male","Black",842,80
2019,12,"Male","Black",953,80
2020,1,"Male","Black",958,80
2020,2,"Male","Black",892,80
2020,3,"Male","Black",1026,80
2020,4,"Male","Black",1019,80
2020,5,"Male","Black",1413,80
2020,6,"Male","Black",1465,80
2020,7,"Male","Black",1457,80
2020,8,"Male","Black",1402,80
2020,9,"Male","Black",1166,80
2020,10,"Male","Black",1160,80
2020,11,"Male","Black",1067,80
2020,12,"Male","Black",1188,80
2010,8,"Male","Brown",875,0
2010,9,"Male","Brown",855,0
2010,10,"Male","Brown",936,0
2010,11,"Male","Brown",874,0
2010,12,"Male","Brown",950,0
2011,1,"Male","Brown",885,0
2011,2,"Male","Brown",860,0
2011,3,"Male","Brown",1000,0
2011,4,"Male","Brown",983,0
2011,5,"Male","Brown",1072,0
2011,6,"Male","Brown",937,0
2011,7,"Male","Brown",873,0
2011,8,"Male","Brown",899,0
2011,9,"Male","Brown",828,0
2011,10,"Male","Brown",886,0
2011,11,"Male","Brown",916,0
2011,12,"Male","Brown",949,0
2012,1,"Male","Brown",868,0
2012,2,"Male","Brown",820,0
2012,3,"Male","Brown",949,0
2012,4,"Male","Brown",932,0
2012,5,"Male","Brown",1010,0
2012,6,"Male","Brown",945,0
2012,7,"Male","Brown",930,0
2012,8,"Male","Brown",925,0
2012,9,"Male","Brown",877,0
2012,10,"Male","Brown",910,0
2012,11,"Male","Brown",845,0
2012,12,"Male","Brown",904,0
2013,1,"Male","Brown",959,0
2013,2,"Male","Brown",836,0
2013,3,"Male","Brown",980,0
2013,4,"Male","Brown",975,0
2013,5,"Male","Brown",985,0
2013,6,"Male","Brown",934,0
2013,7,"Male","Brown",981,0
2013,8,"Male","Brown",971,0
2013,9,"Male","Brown",870,0
2013,10,"Male","Brown",876,0
2013,11,"Male","Brown",884,0
2013,12,"Male","Brown",935,0
2014,1,"Male","Brown",913,0
2014,2,"Male","Brown",831,0
2014,3,"Male","Brown",970,0
2014,4,"Male","Brown",948,0
2014,5,"Male","Brown",1027,0
2014,6,"Male","Brown",952,0
2014,7,"Male","Brown",923,0
2014,8,"Male","Brown",867,0
2014,9,"Male","Brown",853,0
2014,10,"Male","Brown",963,0
2014,11,"Male","Brown",919,0
2014,12,"Male","Brown",988,0
2015,1,"Male","Brown",931,0
2015,2,"Male","Brown",858,0
2015,3,"Male","Brown",968,0
2015,4,"Male","Brown",1057,0
2015,5,"Male","Brown",1016,0
2015,6,"Male","Brown",861,0
2015,7,"Male","Brown",936,0
2015,8,"Male","Brown",932,0
2015,9,"Male","Brown",857,0
2015,10,"Male","Brown",898,0
2015,11,"Male","Brown",866,0
2015,12,"Male","Brown",981,0
2016,1,"Male","Brown",921,0
2016,2,"Male","Brown",927,0
2016,3,"Male","Brown",998,0
2016,4,"Male","Brown",1015,0
2016,5,"Male","Brown",994,0
2016,6,"Male","Brown",1012,0
2016,7,"Male","Brown",978,0
2016,8,"Male","Brown",899,0
2016,9,"Male","Brown",874,0
2016,10,"Male","Brown",885,0
2016,11,"Male","Brown",863,0
2016,12,"Male","Brown",901,0
2017,1,"Male","Brown",920,0
2017,2,"Male","Brown",915,0
2017,3,"Male","Brown",1049,0
2017,4,"Male","Brown",958,0
2017,5,"Male","Brown",1067,0
2017,6,"Male","Brown",960,0
2017,7,"Male","Brown",923,0
2017,8,"Male","Brown",874,0
2017,9,"Male","Brown",798,0
2017,10,"Male","Brown",933,0
2017,11,"Male","Brown",903,0
2017,12,"Male","Brown",959,0
2018,1,"Male","Brown",951,0
2018,2,"Male","Brown",814,0
2018,3,"Male","Brown",995,0
2018,4,"Male","Brown",924,0
2018,5,"Male","Brown",1012,0
2018,6,"Male","Brown",963,0
2018,7,"Male","Brown",934,0
2018,8,"Male","Brown",906,0
2018,9,"Male","Brown",896,0
2018,10,"Male","Brown",909,0
2018,11,"Male","Brown",880,0
2018,12,"Male","Brown",936,0
2019,1,"Male","Brown",940,0
2019,2,"Male","Brown",870,0
2019,3,"Male","Brown",976,0
2019,4,"Male","Brown",1024,0
2019,5,"Male","Brown",1032,0
2019,6,"Male","Brown",963,0
2019,7,"Male","Brown",911,0
2019,8,"Male","Brown",891,0
2019,9,"Male","Brown",848,0
2019,10,"Male","Brown",881,0
2019,11,"Male","Brown",894,0
2019,12,"Male","Brown",912,0
2020,1,"Male","Brown",870,0
2020,2,"Male","Brown",865,0
2020,3,"Male","Brown",916,0
2020,4,"Male","Brown",848,0
2020,5,"Male","Brown",894,0
2020,6,"Male","Brown",783,0
2020,7,"Male","Brown",769,0
2020,8,"Male","Brown",835,0
2020,9,"Male","Brown",749,0
2020,10,"Male","Brown",866,0
2020,11,"Male","Brown",770,0
2020,12,"Male","Brown",858,0
2010,8,"Male","Brown",91,5
2010,9,"Male","Brown",90,5
2010,10,"Male","Brown",79,5
2010,11,"Male","Brown",88,5
2010,12,"Male","Brown",107,5
2011,1,"Male","Brown",98,5
2011,2,"Male","Brown",81,5
2011,3,"Male","Brown",103,5
2011,4,"Male","Brown",96,5
2011,5,"Male","Brown",96,5
2011,6,"Male","Brown",91,5
2011,7,"Male","Brown",85,5
2011,8,"Male","Brown",86,5
2011,9,"Male","Brown",84,5
2011,10,"Male","Brown",96,5
2011,11,"Male","Brown",79,5
2011,12,"Male","Brown",98,5
2012,1,"Male","Brown",98,5
2012,2,"Male","Brown",88,5
2012,3,"Male","Brown",95,5
2012,4,"Male","Brown",87,5
2012,5,"Male","Brown",85,5
2012,6,"Male","Brown",93,5
2012,7,"Male","Brown",89,5
2012,8,"Male","Brown",97,5
2012,9,"Male","Brown",71,5
2012,10,"Male","Brown",88,5
2012,11,"Male","Brown",95,5
2012,12,"Male","Brown",115,5
2013,1,"Male","Brown",101,5
2013,2,"Male","Brown",82,5
2013,3,"Male","Brown",73,5
2013,4,"Male","Brown",92,5
2013,5,"Male","Brown",92,5
2013,6,"Male","Brown",87,5
2013,7,"Male","Brown",89,5
2013,8,"Male","Brown",87,5
2013,9,"Male","Brown",98,5
2013,10,"Male","Brown",72,5
2013,11,"Male","Brown",78,5
2013,12,"Male","Brown",105,5
2014,1,"Male","Brown",103,5
2014,2,"Male","Brown",84,5
2014,3,"Male","Brown",93,5
2014,4,"Male","Brown",92,5
2014,5,"Male","Brown",78,5
2014,6,"Male","Brown",83,5
2014,7,"Male","Brown",96,5
2014,8,"Male","Brown",76,5
2014,9,"Male","Brown",69,5
2014,10,"Male","Brown",65,5
2014,11,"Male","Brown",87,5
2014,12,"Male","Brown",100,5
2015,1,"Male","Brown",84,5
2015,2,"Male","Brown",70,5
2015,3,"Male","Brown",70,5
2015,4,"Male","Brown",94,5
2015,5,"Male","Brown",92,5
2015,6,"Male","Brown",58,5
2015,7,"Male","Brown",66,5
2015,8,"Male","Brown",73,5
2015,9,"Male","Brown",78,5
2015,10,"Male","Brown",77,5
2015,11,"Male","Brown",68,5
2015,12,"Male","Brown",77,5
2016,1,"Male","Brown",72,5
2016,2,"Male","Brown",87,5
2016,3,"Male","Brown",84,5
2016,4,"Male","Brown",91,5
2016,5,"Male","Brown",80,5
2016,6,"Male","Brown",78,5
2016,7,"Male","Brown",79,5
2016,8,"Male","Brown",87,5
2016,9,"Male","Brown",73,5
2016,10,"Male","Brown",68,5
2016,11,"Male","Brown",62,5
2016,12,"Male","Brown",74,5
2017,1,"Male","Brown",91,5
2017,2,"Male","Brown",76,5
2017,3,"Male","Brown",72,5
2017,4,"Male","Brown",75,5
2017,5,"Male","Brown",78,5
2017,6,"Male","Brown",79,5
2017,7,"Male","Brown",73,5
2017,8,"Male","Brown",85,5
2017,9,"Male","Brown",80,5
2017,10,"Male","Brown",86,5
2017,11,"Male","Brown",93,5
2017,12,"Male","Brown",92,5
2018,1,"Male","Brown",81,5
2018,2,"Male","Brown",76,5
2018,3,"Male","Brown",67,5
2018,4,"Male","Brown",89,5
2018,5,"Male","Brown",105,5
2018,6,"Male","Brown",68,5
2018,7,"Male","Brown",80,5
2018,8,"Male","Brown",72,5
2018,9,"Male","Brown",68,5
2018,10,"Male","Brown",76,5
2018,11,"Male","Brown",69,5
2018,12,"Male","Brown",96,5
2019,1,"Male","Brown",71,5
2019,2,"Male","Brown",55,5
2019,3,"Male","Brown",93,5
2019,4,"Male","Brown",88,5
2019,5,"Male","Brown",84,5
2019,6,"Male","Brown",67,5
2019,7,"Male","Brown",88,5
2019,8,"Male","Brown",61,5
2019,9,"Male","Brown",75,5
2019,10,"Male","Brown",73,5
2019,11,"Male","Brown",94,5
2019,12,"Male","Brown",75,5
2020,1,"Male","Brown",74,5
2020,2,"Male","Brown",59,5
2020,3,"Male","Brown",81,5
2020,4,"Male","Brown",59,5
2020,5,"Male","Brown",68,5
2020,6,"Male","Brown",64,5
2020,7,"Male","Brown",66,5
2020,8,"Male","Brown",68,5
2020,9,"Male","Brown",58,5
2020,10,"Male","Brown",69,5
2020,11,"Male","Brown",61,5
2020,12,"Male","Brown",66,5
2010,8,"Male","Brown",137,10
2010,9,"Male","Brown",144,10
2010,10,"Male","Brown",156,10
2010,11,"Male","Brown",141,10
2010,12,"Male","Brown",156,10
2011,1,"Male","Brown",153,10
2011,2,"Male","Brown",142,10
2011,3,"Male","Brown",129,10
2011,4,"Male","Brown",138,10
2011,5,"Male","Brown",135,10
2011,6,"Male","Brown",151,10
2011,7,"Male","Brown",141,10
2011,8,"Male","Brown",160,10
2011,9,"Male","Brown",117,10
2011,10,"Male","Brown",146,10
2011,11,"Male","Brown",129,10
2011,12,"Male","Brown",165,10
2012,1,"Male","Brown",169,10
2012,2,"Male","Brown",154,10
2012,3,"Male","Brown",130,10
2012,4,"Male","Brown",132,10
2012,5,"Male","Brown",161,10
2012,6,"Male","Brown",128,10
2012,7,"Male","Brown",153,10
2012,8,"Male","Brown",152,10
2012,9,"Male","Brown",165,10
2012,10,"Male","Brown",163,10
2012,11,"Male","Brown",146,10
2012,12,"Male","Brown",180,10
2013,1,"Male","Brown",158,10
2013,2,"Male","Brown",138,10
2013,3,"Male","Brown",159,10
2013,4,"Male","Brown",140,10
2013,5,"Male","Brown",145,10
2013,6,"Male","Brown",165,10
2013,7,"Male","Brown",148,10
2013,8,"Male","Brown",135,10
2013,9,"Male","Brown",147,10
2013,10,"Male","Brown",126,10
2013,11,"Male","Brown",133,10
2013,12,"Male","Brown",187,10
2014,1,"Male","Brown",172,10
2014,2,"Male","Brown",130,10
2014,3,"Male","Brown",156,10
2014,4,"Male","Brown",149,10
2014,5,"Male","Brown",154,10
2014,6,"Male","Brown",146,10
2014,7,"Male","Brown",115,10
2014,8,"Male","Brown",140,10
2014,9,"Male","Brown",137,10
2014,10,"Male","Brown",176,10
2014,11,"Male","Brown",137,10
2014,12,"Male","Brown",150,10
2015,1,"Male","Brown",172,10
2015,2,"Male","Brown",125,10
2015,3,"Male","Brown",119,10
2015,4,"Male","Brown",149,10
2015,5,"Male","Brown",134,10
2015,6,"Male","Brown",117,10
2015,7,"Male","Brown",140,10
2015,8,"Male","Brown",120,10
2015,9,"Male","Brown",131,10
2015,10,"Male","Brown",153,10
2015,11,"Male","Brown",128,10
2015,12,"Male","Brown",135,10
2016,1,"Male","Brown",147,10
2016,2,"Male","Brown",124,10
2016,3,"Male","Brown",146,10
2016,4,"Male","Brown",154,10
2016,5,"Male","Brown",142,10
2016,6,"Male","Brown",149,10
2016,7,"Male","Brown",108,10
2016,8,"Male","Brown",142,10
2016,9,"Male","Brown",132,10
2016,10,"Male","Brown",132,10
2016,11,"Male","Brown",129,10
2016,12,"Male","Brown",139,10
2017,1,"Male","Brown",157,10
2017,2,"Male","Brown",125,10
2017,3,"Male","Brown",144,10
2017,4,"Male","Brown",134,10
2017,5,"Male","Brown",132,10
2017,6,"Male","Brown",136,10
2017,7,"Male","Brown",144,10
2017,8,"Male","Brown",129,10
2017,9,"Male","Brown",129,10
2017,10,"Male","Brown",144,10
2017,11,"Male","Brown",123,10
2017,12,"Male","Brown",129,10
2018,1,"Male","Brown",129,10
2018,2,"Male","Brown",120,10
2018,3,"Male","Brown",129,10
2018,4,"Male","Brown",120,10
2018,5,"Male","Brown",130,10
2018,6,"Male","Brown",117,10
2018,7,"Male","Brown",114,10
2018,8,"Male","Brown",108,10
2018,9,"Male","Brown",102,10
2018,10,"Male","Brown",157,10
2018,11,"Male","Brown",102,10
2018,12,"Male","Brown",127,10
2019,1,"Male","Brown",140,10
2019,2,"Male","Brown",95,10
2019,3,"Male","Brown",117,10
2019,4,"Male","Brown",134,10
2019,5,"Male","Brown",131,10
2019,6,"Male","Brown",105,10
2019,7,"Male","Brown",104,10
2019,8,"Male","Brown",114,10
2019,9,"Male","Brown",118,10
2019,10,"Male","Brown",109,10
2019,11,"Male","Brown",121,10
2019,12,"Male","Brown",108,10
2020,1,"Male","Brown",104,10
2020,2,"Male","Brown",124,10
2020,3,"Male","Brown",125,10
2020,4,"Male","Brown",105,10
2020,5,"Male","Brown",114,10
2020,6,"Male","Brown",89,10
2020,7,"Male","Brown",121,10
2020,8,"Male","Brown",101,10
2020,9,"Male","Brown",110,10
2020,10,"Male","Brown",114,10
2020,11,"Male","Brown",108,10
2020,12,"Male","Brown",110,10
2010,8,"Male","Brown",676,15
2010,9,"Male","Brown",638,15
2010,10,"Male","Brown",698,15
2010,11,"Male","Brown",664,15
2010,12,"Male","Brown",735,15
2011,1,"Male","Brown",736,15
2011,2,"Male","Brown",608,15
2011,3,"Male","Brown",752,15
2011,4,"Male","Brown",732,15
2011,5,"Male","Brown",720,15
2011,6,"Male","Brown",713,15
2011,7,"Male","Brown",713,15
2011,8,"Male","Brown",746,15
2011,9,"Male","Brown",716,15
2011,10,"Male","Brown",776,15
2011,11,"Male","Brown",766,15
2011,12,"Male","Brown",747,15
2012,1,"Male","Brown",840,15
2012,2,"Male","Brown",814,15
2012,3,"Male","Brown",807,15
2012,4,"Male","Brown",786,15
2012,5,"Male","Brown",782,15
2012,6,"Male","Brown",697,15
2012,7,"Male","Brown",769,15
2012,8,"Male","Brown",754,15
2012,9,"Male","Brown",866,15
2012,10,"Male","Brown",880,15
2012,11,"Male","Brown",875,15
2012,12,"Male","Brown",964,15
2013,1,"Male","Brown",886,15
2013,2,"Male","Brown",799,15
2013,3,"Male","Brown",926,15
2013,4,"Male","Brown",825,15
2013,5,"Male","Brown",781,15
2013,6,"Male","Brown",830,15
2013,7,"Male","Brown",805,15
2013,8,"Male","Brown",792,15
2013,9,"Male","Brown",810,15
2013,10,"Male","Brown",834,15
2013,11,"Male","Brown",829,15
2013,12,"Male","Brown",985,15
2014,1,"Male","Brown",986,15
2014,2,"Male","Brown",878,15
2014,3,"Male","Brown",1052,15
2014,4,"Male","Brown",936,15
2014,5,"Male","Brown",891,15
2014,6,"Male","Brown",825,15
2014,7,"Male","Brown",824,15
2014,8,"Male","Brown",807,15
2014,9,"Male","Brown",810,15
2014,10,"Male","Brown",887,15
2014,11,"Male","Brown",909,15
2014,12,"Male","Brown",988,15
2015,1,"Male","Brown",1051,15
2015,2,"Male","Brown",857,15
2015,3,"Male","Brown",916,15
2015,4,"Male","Brown",889,15
2015,5,"Male","Brown",810,15
2015,6,"Male","Brown",728,15
2015,7,"Male","Brown",785,15
2015,8,"Male","Brown",877,15
2015,9,"Male","Brown",888,15
2015,10,"Male","Brown",927,15
2015,11,"Male","Brown",909,15
2015,12,"Male","Brown",997,15
2016,1,"Male","Brown",964,15
2016,2,"Male","Brown",924,15
2016,3,"Male","Brown",959,15
2016,4,"Male","Brown",933,15
2016,5,"Male","Brown",946,15
2016,6,"Male","Brown",864,15
2016,7,"Male","Brown",898,15
2016,8,"Male","Brown",922,15
2016,9,"Male","Brown",906,15
2016,10,"Male","Brown",979,15
2016,11,"Male","Brown",918,15
2016,12,"Male","Brown",1012,15
2017,1,"Male","Brown",1138,15
2017,2,"Male","Brown",1031,15
2017,3,"Male","Brown",1039,15
2017,4,"Male","Brown",989,15
2017,5,"Male","Brown",911,15
2017,6,"Male","Brown",919,15
2017,7,"Male","Brown",916,15
2017,8,"Male","Brown",908,15
2017,9,"Male","Brown",924,15
2017,10,"Male","Brown",905,15
2017,11,"Male","Brown",932,15
2017,12,"Male","Brown",1026,15
2018,1,"Male","Brown",1020,15
2018,2,"Male","Brown",819,15
2018,3,"Male","Brown",862,15
2018,4,"Male","Brown",844,15
2018,5,"Male","Brown",862,15
2018,6,"Male","Brown",843,15
2018,7,"Male","Brown",837,15
2018,8,"Male","Brown",830,15
2018,9,"Male","Brown",814,15
2018,10,"Male","Brown",867,15
2018,11,"Male","Brown",749,15
2018,12,"Male","Brown",808,15
2019,1,"Male","Brown",832,15
2019,2,"Male","Brown",688,15
2019,3,"Male","Brown",721,15
2019,4,"Male","Brown",712,15
2019,5,"Male","Brown",768,15
2019,6,"Male","Brown",647,15
2019,7,"Male","Brown",640,15
2019,8,"Male","Brown",638,15
2019,9,"Male","Brown",709,15
2019,10,"Male","Brown",695,15
2019,11,"Male","Brown",661,15
2019,12,"Male","Brown",732,15
2020,1,"Male","Brown",749,15
2020,2,"Male","Brown",752,15
2020,3,"Male","Brown",817,15
2020,4,"Male","Brown",777,15
2020,5,"Male","Brown",663,15
2020,6,"Male","Brown",627,15
2020,7,"Male","Brown",607,15
2020,8,"Male","Brown",674,15
2020,9,"Male","Brown",665,15
2020,10,"Male","Brown",800,15
2020,11,"Male","Brown",716,15
2020,12,"Male","Brown",737,15
2010,8,"Male","Brown",935,20
2010,9,"Male","Brown",994,20
2010,10,"Male","Brown",1017,20
2010,11,"Male","Brown",976,20
2010,12,"Male","Brown",1092,20
2011,1,"Male","Brown",1063,20
2011,2,"Male","Brown",923,20
2011,3,"Male","Brown",1022,20
2011,4,"Male","Brown",1028,20
2011,5,"Male","Brown",1003,20
2011,6,"Male","Brown",1029,20
2011,7,"Male","Brown",1057,20
2011,8,"Male","Brown",982,20
2011,9,"Male","Brown",942,20
2011,10,"Male","Brown",1076,20
2011,11,"Male","Brown",984,20
2011,12,"Male","Brown",1101,20
2012,1,"Male","Brown",1098,20
2012,2,"Male","Brown",1026,20
2012,3,"Male","Brown",1028,20
2012,4,"Male","Brown",1096,20
2012,5,"Male","Brown",1075,20
2012,6,"Male","Brown",991,20
2012,7,"Male","Brown",1023,20
2012,8,"Male","Brown",1002,20
2012,9,"Male","Brown",1147,20
2012,10,"Male","Brown",1136,20
2012,11,"Male","Brown",1082,20
2012,12,"Male","Brown",1257,20
2013,1,"Male","Brown",1032,20
2013,2,"Male","Brown",1023,20
2013,3,"Male","Brown",1111,20
2013,4,"Male","Brown",969,20
2013,5,"Male","Brown",1053,20
2013,6,"Male","Brown",1068,20
2013,7,"Male","Brown",988,20
2013,8,"Male","Brown",971,20
2013,9,"Male","Brown",982,20
2013,10,"Male","Brown",1093,20
2013,11,"Male","Brown",1209,20
2013,12,"Male","Brown",1199,20
2014,1,"Male","Brown",1194,20
2014,2,"Male","Brown",1163,20
2014,3,"Male","Brown",1252,20
2014,4,"Male","Brown",1139,20
2014,5,"Male","Brown",1167,20
2014,6,"Male","Brown",1067,20
2014,7,"Male","Brown",1025,20
2014,8,"Male","Brown",1101,20
2014,9,"Male","Brown",970,20
2014,10,"Male","Brown",1132,20
2014,11,"Male","Brown",1123,20
2014,12,"Male","Brown",1207,20
2015,1,"Male","Brown",1204,20
2015,2,"Male","Brown",1065,20
2015,3,"Male","Brown",1121,20
2015,4,"Male","Brown",1071,20
2015,5,"Male","Brown",1069,20
2015,6,"Male","Brown",934,20
2015,7,"Male","Brown",964,20
2015,8,"Male","Brown",1060,20
2015,9,"Male","Brown",1101,20
2015,10,"Male","Brown",1193,20
2015,11,"Male","Brown",1234,20
2015,12,"Male","Brown",1223,20
2016,1,"Male","Brown",1188,20
2016,2,"Male","Brown",1232,20
2016,3,"Male","Brown",1188,20
2016,4,"Male","Brown",1211,20
2016,5,"Male","Brown",1196,20
2016,6,"Male","Brown",1070,20
2016,7,"Male","Brown",1109,20
2016,8,"Male","Brown",1212,20
2016,9,"Male","Brown",1178,20
2016,10,"Male","Brown",1302,20
2016,11,"Male","Brown",1269,20
2016,12,"Male","Brown",1312,20
2017,1,"Male","Brown",1413,20
2017,2,"Male","Brown",1326,20
2017,3,"Male","Brown",1327,20
2017,4,"Male","Brown",1314,20
2017,5,"Male","Brown",1337,20
2017,6,"Male","Brown",1182,20
2017,7,"Male","Brown",1294,20
2017,8,"Male","Brown",1261,20
2017,9,"Male","Brown",1240,20
2017,10,"Male","Brown",1273,20
2017,11,"Male","Brown",1292,20
2017,12,"Male","Brown",1314,20
2018,1,"Male","Brown",1315,20
2018,2,"Male","Brown",1172,20
2018,3,"Male","Brown",1187,20
2018,4,"Male","Brown",1218,20
2018,5,"Male","Brown",1141,20
2018,6,"Male","Brown",1219,20
2018,7,"Male","Brown",1243,20
2018,8,"Male","Brown",1105,20
2018,9,"Male","Brown",1118,20
2018,10,"Male","Brown",1181,20
2018,11,"Male","Brown",1089,20
2018,12,"Male","Brown",1223,20
2019,1,"Male","Brown",1136,20
2019,2,"Male","Brown",950,20
2019,3,"Male","Brown",1094,20
2019,4,"Male","Brown",1080,20
2019,5,"Male","Brown",1080,20
2019,6,"Male","Brown",934,20
2019,7,"Male","Brown",982,20
2019,8,"Male","Brown",992,20
2019,9,"Male","Brown",998,20
2019,10,"Male","Brown",1059,20
2019,11,"Male","Brown",1054,20
2019,12,"Male","Brown",1149,20
2020,1,"Male","Brown",1152,20
2020,2,"Male","Brown",1189,20
2020,3,"Male","Brown",1184,20
2020,4,"Male","Brown",1187,20
2020,5,"Male","Brown",1116,20
2020,6,"Male","Brown",1023,20
2020,7,"Male","Brown",1041,20
2020,8,"Male","Brown",1115,20
2020,9,"Male","Brown",1113,20
2020,10,"Male","Brown",1182,20
2020,11,"Male","Brown",1160,20
2020,12,"Male","Brown",1160,20
2010,8,"Male","Brown",930,25
2010,9,"Male","Brown",973,25
2010,10,"Male","Brown",1059,25
2010,11,"Male","Brown",919,25
2010,12,"Male","Brown",1031,25
2011,1,"Male","Brown",999,25
2011,2,"Male","Brown",892,25
2011,3,"Male","Brown",985,25
2011,4,"Male","Brown",974,25
2011,5,"Male","Brown",1013,25
2011,6,"Male","Brown",995,25
2011,7,"Male","Brown",954,25
2011,8,"Male","Brown",896,25
2011,9,"Male","Brown",962,25
2011,10,"Male","Brown",1049,25
2011,11,"Male","Brown",954,25
2011,12,"Male","Brown",1027,25
2012,1,"Male","Brown",1072,25
2012,2,"Male","Brown",1026,25
2012,3,"Male","Brown",977,25
2012,4,"Male","Brown",1001,25
2012,5,"Male","Brown",976,25
2012,6,"Male","Brown",981,25
2012,7,"Male","Brown",954,25
2012,8,"Male","Brown",1027,25
2012,9,"Male","Brown",986,25
2012,10,"Male","Brown",1056,25
2012,11,"Male","Brown",1005,25
2012,12,"Male","Brown",1121,25
2013,1,"Male","Brown",1044,25
2013,2,"Male","Brown",963,25
2013,3,"Male","Brown",1062,25
2013,4,"Male","Brown",999,25
2013,5,"Male","Brown",1010,25
2013,6,"Male","Brown",1035,25
2013,7,"Male","Brown",907,25
2013,8,"Male","Brown",997,25
2013,9,"Male","Brown",954,25
2013,10,"Male","Brown",1073,25
2013,11,"Male","Brown",998,25
2013,12,"Male","Brown",1156,25
2014,1,"Male","Brown",1132,25
2014,2,"Male","Brown",1012,25
2014,3,"Male","Brown",1093,25
2014,4,"Male","Brown",1059,25
2014,5,"Male","Brown",966,25
2014,6,"Male","Brown",1002,25
2014,7,"Male","Brown",956,25
2014,8,"Male","Brown",1000,25
2014,9,"Male","Brown",982,25
2014,10,"Male","Brown",1028,25
2014,11,"Male","Brown",1063,25
2014,12,"Male","Brown",1147,25
2015,1,"Male","Brown",1104,25
2015,2,"Male","Brown",995,25
2015,3,"Male","Brown",1058,25
2015,4,"Male","Brown",971,25
2015,5,"Male","Brown",1080,25
2015,6,"Male","Brown",871,25
2015,7,"Male","Brown",976,25
2015,8,"Male","Brown",1037,25
2015,9,"Male","Brown",1012,25
2015,10,"Male","Brown",1085,25
2015,11,"Male","Brown",1079,25
2015,12,"Male","Brown",1162,25
2016,1,"Male","Brown",1162,25
2016,2,"Male","Brown",1001,25
2016,3,"Male","Brown",1034,25
2016,4,"Male","Brown",1034,25
2016,5,"Male","Brown",1002,25
2016,6,"Male","Brown",943,25
2016,7,"Male","Brown",1082,25
2016,8,"Male","Brown",1037,25
2016,9,"Male","Brown",1006,25
2016,10,"Male","Brown",1119,25
2016,11,"Male","Brown",1043,25
2016,12,"Male","Brown",1162,25
2017,1,"Male","Brown",1164,25
2017,2,"Male","Brown",1052,25
2017,3,"Male","Brown",1088,25
2017,4,"Male","Brown",1074,25
2017,5,"Male","Brown",1102,25
2017,6,"Male","Brown",1061,25
2017,7,"Male","Brown",1066,25
2017,8,"Male","Brown",1080,25
2017,9,"Male","Brown",1081,25
2017,10,"Male","Brown",1118,25
2017,11,"Male","Brown",1069,25
2017,12,"Male","Brown",1137,25
2018,1,"Male","Brown",1125,25
2018,2,"Male","Brown",973,25
2018,3,"Male","Brown",1086,25
2018,4,"Male","Brown",984,25
2018,5,"Male","Brown",955,25
2018,6,"Male","Brown",968,25
2018,7,"Male","Brown",958,25
2018,8,"Male","Brown",1010,25
2018,9,"Male","Brown",943,25
2018,10,"Male","Brown",995,25
2018,11,"Male","Brown",925,25
2018,12,"Male","Brown",990,25
2019,1,"Male","Brown",1037,25
2019,2,"Male","Brown",908,25
2019,3,"Male","Brown",944,25
2019,4,"Male","Brown",938,25
2019,5,"Male","Brown",897,25
2019,6,"Male","Brown",870,25
2019,7,"Male","Brown",879,25
2019,8,"Male","Brown",888,25
2019,9,"Male","Brown",888,25
2019,10,"Male","Brown",944,25
2019,11,"Male","Brown",942,25
2019,12,"Male","Brown",992,25
2020,1,"Male","Brown",981,25
2020,2,"Male","Brown",1029,25
2020,3,"Male","Brown",1012,25
2020,4,"Male","Brown",1042,25
2020,5,"Male","Brown",1053,25
2020,6,"Male","Brown",999,25
2020,7,"Male","Brown",925,25
2020,8,"Male","Brown",940,25
2020,9,"Male","Brown",1023,25
2020,10,"Male","Brown",1146,25
2020,11,"Male","Brown",1108,25
2020,12,"Male","Brown",1085,25
2010,8,"Male","Brown",945,30
2010,9,"Male","Brown",903,30
2010,10,"Male","Brown",916,30
2010,11,"Male","Brown",880,30
2010,12,"Male","Brown",1006,30
2011,1,"Male","Brown",1018,30
2011,2,"Male","Brown",829,30
2011,3,"Male","Brown",947,30
2011,4,"Male","Brown",916,30
2011,5,"Male","Brown",916,30
2011,6,"Male","Brown",935,30
2011,7,"Male","Brown",1009,30
2011,8,"Male","Brown",922,30
2011,9,"Male","Brown",910,30
2011,10,"Male","Brown",1013,30
2011,11,"Male","Brown",921,30
2011,12,"Male","Brown",1021,30
2012,1,"Male","Brown",1032,30
2012,2,"Male","Brown",969,30
2012,3,"Male","Brown",988,30
2012,4,"Male","Brown",952,30
2012,5,"Male","Brown",926,30
2012,6,"Male","Brown",884,30
2012,7,"Male","Brown",975,30
2012,8,"Male","Brown",942,30
2012,9,"Male","Brown",994,30
2012,10,"Male","Brown",1061,30
2012,11,"Male","Brown",1037,30
2012,12,"Male","Brown",1172,30
2013,1,"Male","Brown",1014,30
2013,2,"Male","Brown",950,30
2013,3,"Male","Brown",1025,30
2013,4,"Male","Brown",922,30
2013,5,"Male","Brown",1040,30
2013,6,"Male","Brown",960,30
2013,7,"Male","Brown",976,30
2013,8,"Male","Brown",979,30
2013,9,"Male","Brown",1014,30
2013,10,"Male","Brown",953,30
2013,11,"Male","Brown",982,30
2013,12,"Male","Brown",1121,30
2014,1,"Male","Brown",1093,30
2014,2,"Male","Brown",979,30
2014,3,"Male","Brown",1174,30
2014,4,"Male","Brown",1041,30
2014,5,"Male","Brown",1040,30
2014,6,"Male","Brown",992,30
2014,7,"Male","Brown",959,30
2014,8,"Male","Brown",1031,30
2014,9,"Male","Brown",1004,30
2014,10,"Male","Brown",1017,30
2014,11,"Male","Brown",1068,30
2014,12,"Male","Brown",1062,30
2015,1,"Male","Brown",1141,30
2015,2,"Male","Brown",993,30
2015,3,"Male","Brown",1039,30
2015,4,"Male","Brown",1028,30
2015,5,"Male","Brown",1012,30
2015,6,"Male","Brown",954,30
2015,7,"Male","Brown",985,30
2015,8,"Male","Brown",973,30
2015,9,"Male","Brown",974,30
2015,10,"Male","Brown",1025,30
2015,11,"Male","Brown",1032,30
2015,12,"Male","Brown",1113,30
2016,1,"Male","Brown",1041,30
2016,2,"Male","Brown",1067,30
2016,3,"Male","Brown",1076,30
2016,4,"Male","Brown",974,30
2016,5,"Male","Brown",1049,30
2016,6,"Male","Brown",934,30
2016,7,"Male","Brown",995,30
2016,8,"Male","Brown",1016,30
2016,9,"Male","Brown",978,30
2016,10,"Male","Brown",1123,30
2016,11,"Male","Brown",1050,30
2016,12,"Male","Brown",1104,30
2017,1,"Male","Brown",1102,30
2017,2,"Male","Brown",1003,30
2017,3,"Male","Brown",1104,30
2017,4,"Male","Brown",1051,30
2017,5,"Male","Brown",1109,30
2017,6,"Male","Brown",1018,30
2017,7,"Male","Brown",1054,30
2017,8,"Male","Brown",1071,30
2017,9,"Male","Brown",954,30
2017,10,"Male","Brown",1101,30
2017,11,"Male","Brown",986,30
2017,12,"Male","Brown",1061,30
2018,1,"Male","Brown",1070,30
2018,2,"Male","Brown",919,30
2018,3,"Male","Brown",988,30
2018,4,"Male","Brown",1006,30
2018,5,"Male","Brown",963,30
2018,6,"Male","Brown",997,30
2018,7,"Male","Brown",998,30
2018,8,"Male","Brown",915,30
2018,9,"Male","Brown",1006,30
2018,10,"Male","Brown",1036,30
2018,11,"Male","Brown",862,30
2018,12,"Male","Brown",1020,30
2019,1,"Male","Brown",1032,30
2019,2,"Male","Brown",881,30
2019,3,"Male","Brown",981,30
2019,4,"Male","Brown",1059,30
2019,5,"Male","Brown",923,30
2019,6,"Male","Brown",965,30
2019,7,"Male","Brown",903,30
2019,8,"Male","Brown",861,30
2019,9,"Male","Brown",917,30
2019,10,"Male","Brown",942,30
2019,11,"Male","Brown",903,30
2019,12,"Male","Brown",1064,30
2020,1,"Male","Brown",965,30
2020,2,"Male","Brown",996,30
2020,3,"Male","Brown",1010,30
2020,4,"Male","Brown",1148,30
2020,5,"Male","Brown",1141,30
2020,6,"Male","Brown",1019,30
2020,7,"Male","Brown",1020,30
2020,8,"Male","Brown",1019,30
2020,9,"Male","Brown",998,30
2020,10,"Male","Brown",1087,30
2020,11,"Male","Brown",1089,30
2020,12,"Male","Brown",1141,30
2010,8,"Male","Brown",837,35
2010,9,"Male","Brown",841,35
2010,10,"Male","Brown",911,35
2010,11,"Male","Brown",816,35
2010,12,"Male","Brown",937,35
2011,1,"Male","Brown",957,35
2011,2,"Male","Brown",794,35
2011,3,"Male","Brown",920,35
2011,4,"Male","Brown",901,35
2011,5,"Male","Brown",919,35
2011,6,"Male","Brown",918,35
2011,7,"Male","Brown",902,35
2011,8,"Male","Brown",882,35
2011,9,"Male","Brown",883,35
2011,10,"Male","Brown",880,35
2011,11,"Male","Brown",882,35
2011,12,"Male","Brown",992,35
2012,1,"Male","Brown",927,35
2012,2,"Male","Brown",943,35
2012,3,"Male","Brown",914,35
2012,4,"Male","Brown",970,35
2012,5,"Male","Brown",971,35
2012,6,"Male","Brown",903,35
2012,7,"Male","Brown",945,35
2012,8,"Male","Brown",934,35
2012,9,"Male","Brown",967,35
2012,10,"Male","Brown",1007,35
2012,11,"Male","Brown",1008,35
2012,12,"Male","Brown",1039,35
2013,1,"Male","Brown",1002,35
2013,2,"Male","Brown",927,35
2013,3,"Male","Brown",1010,35
2013,4,"Male","Brown",1025,35
2013,5,"Male","Brown",1036,35
2013,6,"Male","Brown",987,35
2013,7,"Male","Brown",949,35
2013,8,"Male","Brown",968,35
2013,9,"Male","Brown",1018,35
2013,10,"Male","Brown",910,35
2013,11,"Male","Brown",988,35
2013,12,"Male","Brown",1133,35
2014,1,"Male","Brown",1081,35
2014,2,"Male","Brown",965,35
2014,3,"Male","Brown",1063,35
2014,4,"Male","Brown",994,35
2014,5,"Male","Brown",1005,35
2014,6,"Male","Brown",975,35
2014,7,"Male","Brown",1004,35
2014,8,"Male","Brown",994,35
2014,9,"Male","Brown",962,35
2014,10,"Male","Brown",1019,35
2014,11,"Male","Brown",1028,35
2014,12,"Male","Brown",1072,35
2015,1,"Male","Brown",1165,35
2015,2,"Male","Brown",1043,35
2015,3,"Male","Brown",1033,35
2015,4,"Male","Brown",1049,35
2015,5,"Male","Brown",1022,35
2015,6,"Male","Brown",943,35
2015,7,"Male","Brown",1035,35
2015,8,"Male","Brown",1022,35
2015,9,"Male","Brown",984,35
2015,10,"Male","Brown",1084,35
2015,11,"Male","Brown",1101,35
2015,12,"Male","Brown",1060,35
2016,1,"Male","Brown",1099,35
2016,2,"Male","Brown",1088,35
2016,3,"Male","Brown",1086,35
2016,4,"Male","Brown",1056,35
2016,5,"Male","Brown",1074,35
2016,6,"Male","Brown",1010,35
2016,7,"Male","Brown",1070,35
2016,8,"Male","Brown",1082,35
2016,9,"Male","Brown",1003,35
2016,10,"Male","Brown",1111,35
2016,11,"Male","Brown",1014,35
2016,12,"Male","Brown",1127,35
2017,1,"Male","Brown",1150,35
2017,2,"Male","Brown",1032,35
2017,3,"Male","Brown",1090,35
2017,4,"Male","Brown",1076,35
2017,5,"Male","Brown",1081,35
2017,6,"Male","Brown",1056,35
2017,7,"Male","Brown",1134,35
2017,8,"Male","Brown",1067,35
2017,9,"Male","Brown",1094,35
2017,10,"Male","Brown",1159,35
2017,11,"Male","Brown",1060,35
2017,12,"Male","Brown",1141,35
2018,1,"Male","Brown",1100,35
2018,2,"Male","Brown",975,35
2018,3,"Male","Brown",1056,35
2018,4,"Male","Brown",1083,35
2018,5,"Male","Brown",1032,35
2018,6,"Male","Brown",1092,35
2018,7,"Male","Brown",1029,35
2018,8,"Male","Brown",1047,35
2018,9,"Male","Brown",1095,35
2018,10,"Male","Brown",1063,35
2018,11,"Male","Brown",966,35
2018,12,"Male","Brown",1111,35
2019,1,"Male","Brown",1097,35
2019,2,"Male","Brown",983,35
2019,3,"Male","Brown",1077,35
2019,4,"Male","Brown",1054,35
2019,5,"Male","Brown",1060,35
2019,6,"Male","Brown",1046,35
2019,7,"Male","Brown",1007,35
2019,8,"Male","Brown",1016,35
2019,9,"Male","Brown",1009,35
2019,10,"Male","Brown",1004,35
2019,11,"Male","Brown",989,35
2019,12,"Male","Brown",1064,35
2020,1,"Male","Brown",1115,35
2020,2,"Male","Brown",1051,35
2020,3,"Male","Brown",1127,35
2020,4,"Male","Brown",1199,35
2020,5,"Male","Brown",1390,35
2020,6,"Male","Brown",1193,35
2020,7,"Male","Brown",1226,35
2020,8,"Male","Brown",1260,35
2020,9,"Male","Brown",1159,35
2020,10,"Male","Brown",1179,35
2020,11,"Male","Brown",1178,35
2020,12,"Male","Brown",1302,35
2010,8,"Male","Brown",990,40
2010,9,"Male","Brown",1023,40
2010,10,"Male","Brown",1022,40
2010,11,"Male","Brown",974,40
2010,12,"Male","Brown",1093,40
2011,1,"Male","Brown",1121,40
2011,2,"Male","Brown",918,40
2011,3,"Male","Brown",989,40
2011,4,"Male","Brown",967,40
2011,5,"Male","Brown",998,40
2011,6,"Male","Brown",1094,40
2011,7,"Male","Brown",1028,40
2011,8,"Male","Brown",1011,40
2011,9,"Male","Brown",955,40
2011,10,"Male","Brown",995,40
2011,11,"Male","Brown",1009,40
2011,12,"Male","Brown",1065,40
2012,1,"Male","Brown",1081,40
2012,2,"Male","Brown",959,40
2012,3,"Male","Brown",1066,40
2012,4,"Male","Brown",1036,40
2012,5,"Male","Brown",1049,40
2012,6,"Male","Brown",1039,40
2012,7,"Male","Brown",1073,40
2012,8,"Male","Brown",1019,40
2012,9,"Male","Brown",1038,40
2012,10,"Male","Brown",1074,40
2012,11,"Male","Brown",969,40
2012,12,"Male","Brown",1096,40
2013,1,"Male","Brown",1090,40
2013,2,"Male","Brown",979,40
2013,3,"Male","Brown",1122,40
2013,4,"Male","Brown",1028,40
2013,5,"Male","Brown",1138,40
2013,6,"Male","Brown",1044,40
2013,7,"Male","Brown",1047,40
2013,8,"Male","Brown",1097,40
2013,9,"Male","Brown",1009,40
2013,10,"Male","Brown",996,40
2013,11,"Male","Brown",1063,40
2013,12,"Male","Brown",1055,40
2014,1,"Male","Brown",1099,40
2014,2,"Male","Brown",985,40
2014,3,"Male","Brown",1039,40
2014,4,"Male","Brown",1076,40
2014,5,"Male","Brown",1063,40
2014,6,"Male","Brown",1000,40
2014,7,"Male","Brown",1003,40
2014,8,"Male","Brown",1061,40
2014,9,"Male","Brown",1065,40
2014,10,"Male","Brown",1122,40
2014,11,"Male","Brown",1068,40
2014,12,"Male","Brown",1120,40
2015,1,"Male","Brown",1132,40
2015,2,"Male","Brown",983,40
2015,3,"Male","Brown",1074,40
2015,4,"Male","Brown",1079,40
2015,5,"Male","Brown",1089,40
2015,6,"Male","Brown",1035,40
2015,7,"Male","Brown",1046,40
2015,8,"Male","Brown",1026,40
2015,9,"Male","Brown",1100,40
2015,10,"Male","Brown",1046,40
2015,11,"Male","Brown",1076,40
2015,12,"Male","Brown",1191,40
2016,1,"Male","Brown",1165,40
2016,2,"Male","Brown",1049,40
2016,3,"Male","Brown",1147,40
2016,4,"Male","Brown",1177,40
2016,5,"Male","Brown",1094,40
2016,6,"Male","Brown",1120,40
2016,7,"Male","Brown",1168,40
2016,8,"Male","Brown",1059,40
2016,9,"Male","Brown",1042,40
2016,10,"Male","Brown",1095,40
2016,11,"Male","Brown",1065,40
2016,12,"Male","Brown",1174,40
2017,1,"Male","Brown",1194,40
2017,2,"Male","Brown",1058,40
2017,3,"Male","Brown",1192,40
2017,4,"Male","Brown",1135,40
2017,5,"Male","Brown",1199,40
2017,6,"Male","Brown",1112,40
2017,7,"Male","Brown",1162,40
2017,8,"Male","Brown",1152,40
2017,9,"Male","Brown",1041,40
2017,10,"Male","Brown",1082,40
2017,11,"Male","Brown",1063,40
2017,12,"Male","Brown",1199,40
2018,1,"Male","Brown",1210,40
2018,2,"Male","Brown",1029,40
2018,3,"Male","Brown",1179,40
2018,4,"Male","Brown",1077,40
2018,5,"Male","Brown",1161,40
2018,6,"Male","Brown",1095,40
2018,7,"Male","Brown",1127,40
2018,8,"Male","Brown",1091,40
2018,9,"Male","Brown",1078,40
2018,10,"Male","Brown",1146,40
2018,11,"Male","Brown",1056,40
2018,12,"Male","Brown",1217,40
2019,1,"Male","Brown",1189,40
2019,2,"Male","Brown",1030,40
2019,3,"Male","Brown",1142,40
2019,4,"Male","Brown",1148,40
2019,5,"Male","Brown",1150,40
2019,6,"Male","Brown",1172,40
2019,7,"Male","Brown",1042,40
2019,8,"Male","Brown",1123,40
2019,9,"Male","Brown",1146,40
2019,10,"Male","Brown",1123,40
2019,11,"Male","Brown",1110,40
2019,12,"Male","Brown",1200,40
2020,1,"Male","Brown",1168,40
2020,2,"Male","Brown",1149,40
2020,3,"Male","Brown",1267,40
2020,4,"Male","Brown",1464,40
2020,5,"Male","Brown",1654,40
2020,6,"Male","Brown",1489,40
2020,7,"Male","Brown",1510,40
2020,8,"Male","Brown",1358,40
2020,9,"Male","Brown",1298,40
2020,10,"Male","Brown",1328,40
2020,11,"Male","Brown",1283,40
2020,12,"Male","Brown",1455,40
2010,8,"Male","Brown",1199,45
2010,9,"Male","Brown",1123,45
2010,10,"Male","Brown",1121,45
2010,11,"Male","Brown",1036,45
2010,12,"Male","Brown",1148,45
2011,1,"Male","Brown",1273,45
2011,2,"Male","Brown",1032,45
2011,3,"Male","Brown",1161,45
2011,4,"Male","Brown",1110,45
2011,5,"Male","Brown",1196,45
2011,6,"Male","Brown",1198,45
2011,7,"Male","Brown",1235,45
2011,8,"Male","Brown",1172,45
2011,9,"Male","Brown",1111,45
2011,10,"Male","Brown",1208,45
2011,11,"Male","Brown",1121,45
2011,12,"Male","Brown",1224,45
2012,1,"Male","Brown",1228,45
2012,2,"Male","Brown",1146,45
2012,3,"Male","Brown",1183,45
2012,4,"Male","Brown",1137,45
2012,5,"Male","Brown",1200,45
2012,6,"Male","Brown",1199,45
2012,7,"Male","Brown",1288,45
2012,8,"Male","Brown",1242,45
2012,9,"Male","Brown",1265,45
2012,10,"Male","Brown",1265,45
2012,11,"Male","Brown",1162,45
2012,12,"Male","Brown",1317,45
2013,1,"Male","Brown",1317,45
2013,2,"Male","Brown",1101,45
2013,3,"Male","Brown",1238,45
2013,4,"Male","Brown",1189,45
2013,5,"Male","Brown",1289,45
2013,6,"Male","Brown",1270,45
2013,7,"Male","Brown",1294,45
2013,8,"Male","Brown",1238,45
2013,9,"Male","Brown",1196,45
2013,10,"Male","Brown",1192,45
2013,11,"Male","Brown",1148,45
2013,12,"Male","Brown",1271,45
2014,1,"Male","Brown",1282,45
2014,2,"Male","Brown",1142,45
2014,3,"Male","Brown",1222,45
2014,4,"Male","Brown",1193,45
2014,5,"Male","Brown",1287,45
2014,6,"Male","Brown",1216,45
2014,7,"Male","Brown",1293,45
2014,8,"Male","Brown",1262,45
2014,9,"Male","Brown",1219,45
2014,10,"Male","Brown",1253,45
2014,11,"Male","Brown",1226,45
2014,12,"Male","Brown",1302,45
2015,1,"Male","Brown",1359,45
2015,2,"Male","Brown",1124,45
2015,3,"Male","Brown",1253,45
2015,4,"Male","Brown",1321,45
2015,5,"Male","Brown",1314,45
2015,6,"Male","Brown",1242,45
2015,7,"Male","Brown",1353,45
2015,8,"Male","Brown",1269,45
2015,9,"Male","Brown",1217,45
2015,10,"Male","Brown",1273,45
2015,11,"Male","Brown",1256,45
2015,12,"Male","Brown",1335,45
2016,1,"Male","Brown",1315,45
2016,2,"Male","Brown",1390,45
2016,3,"Male","Brown",1357,45
2016,4,"Male","Brown",1434,45
2016,5,"Male","Brown",1337,45
2016,6,"Male","Brown",1258,45
2016,7,"Male","Brown",1334,45
2016,8,"Male","Brown",1258,45
2016,9,"Male","Brown",1260,45
2016,10,"Male","Brown",1431,45
2016,11,"Male","Brown",1250,45
2016,12,"Male","Brown",1375,45
2017,1,"Male","Brown",1347,45
2017,2,"Male","Brown",1180,45
2017,3,"Male","Brown",1345,45
2017,4,"Male","Brown",1307,45
2017,5,"Male","Brown",1293,45
2017,6,"Male","Brown",1288,45
2017,7,"Male","Brown",1331,45
2017,8,"Male","Brown",1320,45
2017,9,"Male","Brown",1232,45
2017,10,"Male","Brown",1269,45
2017,11,"Male","Brown",1232,45
2017,12,"Male","Brown",1345,45
2018,1,"Male","Brown",1270,45
2018,2,"Male","Brown",1181,45
2018,3,"Male","Brown",1348,45
2018,4,"Male","Brown",1330,45
2018,5,"Male","Brown",1284,45
2018,6,"Male","Brown",1379,45
2018,7,"Male","Brown",1304,45
2018,8,"Male","Brown",1304,45
2018,9,"Male","Brown",1311,45
2018,10,"Male","Brown",1294,45
2018,11,"Male","Brown",1236,45
2018,12,"Male","Brown",1273,45
2019,1,"Male","Brown",1306,45
2019,2,"Male","Brown",1130,45
2019,3,"Male","Brown",1350,45
2019,4,"Male","Brown",1260,45
2019,5,"Male","Brown",1420,45
2019,6,"Male","Brown",1292,45
2019,7,"Male","Brown",1358,45
2019,8,"Male","Brown",1306,45
2019,9,"Male","Brown",1249,45
2019,10,"Male","Brown",1302,45
2019,11,"Male","Brown",1258,45
2019,12,"Male","Brown",1315,45
2020,1,"Male","Brown",1307,45
2020,2,"Male","Brown",1267,45
2020,3,"Male","Brown",1447,45
2020,4,"Male","Brown",1541,45
2020,5,"Male","Brown",1975,45
2020,6,"Male","Brown",1725,45
2020,7,"Male","Brown",1626,45
2020,8,"Male","Brown",1664,45
2020,9,"Male","Brown",1469,45
2020,10,"Male","Brown",1562,45
2020,11,"Male","Brown",1478,45
2020,12,"Male","Brown",1629,45
2010,8,"Male","Brown",1324,50
2010,9,"Male","Brown",1197,50
2010,10,"Male","Brown",1270,50
2010,11,"Male","Brown",1185,50
2010,12,"Male","Brown",1265,50
2011,1,"Male","Brown",1367,50
2011,2,"Male","Brown",1227,50
2011,3,"Male","Brown",1346,50
2011,4,"Male","Brown",1285,50
2011,5,"Male","Brown",1364,50
2011,6,"Male","Brown",1371,50
2011,7,"Male","Brown",1386,50
2011,8,"Male","Brown",1280,50
2011,9,"Male","Brown",1300,50
2011,10,"Male","Brown",1294,50
2011,11,"Male","Brown",1294,50
2011,12,"Male","Brown",1303,50
2012,1,"Male","Brown",1380,50
2012,2,"Male","Brown",1196,50
2012,3,"Male","Brown",1348,50
2012,4,"Male","Brown",1302,50
2012,5,"Male","Brown",1390,50
2012,6,"Male","Brown",1344,50
2012,7,"Male","Brown",1435,50
2012,8,"Male","Brown",1379,50
2012,9,"Male","Brown",1338,50
2012,10,"Male","Brown",1414,50
2012,11,"Male","Brown",1279,50
2012,12,"Male","Brown",1440,50
2013,1,"Male","Brown",1471,50
2013,2,"Male","Brown",1293,50
2013,3,"Male","Brown",1437,50
2013,4,"Male","Brown",1329,50
2013,5,"Male","Brown",1395,50
2013,6,"Male","Brown",1457,50
2013,7,"Male","Brown",1503,50
2013,8,"Male","Brown",1436,50
2013,9,"Male","Brown",1382,50
2013,10,"Male","Brown",1403,50
2013,11,"Male","Brown",1343,50
2013,12,"Male","Brown",1452,50
2014,1,"Male","Brown",1480,50
2014,2,"Male","Brown",1253,50
2014,3,"Male","Brown",1488,50
2014,4,"Male","Brown",1471,50
2014,5,"Male","Brown",1367,50
2014,6,"Male","Brown",1453,50
2014,7,"Male","Brown",1497,50
2014,8,"Male","Brown",1489,50
2014,9,"Male","Brown",1418,50
2014,10,"Male","Brown",1438,50
2014,11,"Male","Brown",1428,50
2014,12,"Male","Brown",1514,50
2015,1,"Male","Brown",1517,50
2015,2,"Male","Brown",1359,50
2015,3,"Male","Brown",1508,50
2015,4,"Male","Brown",1514,50
2015,5,"Male","Brown",1563,50
2015,6,"Male","Brown",1518,50
2015,7,"Male","Brown",1583,50
2015,8,"Male","Brown",1555,50
2015,9,"Male","Brown",1432,50
2015,10,"Male","Brown",1480,50
2015,11,"Male","Brown",1465,50
2015,12,"Male","Brown",1565,50
2016,1,"Male","Brown",1546,50
2016,2,"Male","Brown",1505,50
2016,3,"Male","Brown",1609,50
2016,4,"Male","Brown",1627,50
2016,5,"Male","Brown",1625,50
2016,6,"Male","Brown",1593,50
2016,7,"Male","Brown",1661,50
2016,8,"Male","Brown",1527,50
2016,9,"Male","Brown",1452,50
2016,10,"Male","Brown",1575,50
2016,11,"Male","Brown",1458,50
2016,12,"Male","Brown",1604,50
2017,1,"Male","Brown",1563,50
2017,2,"Male","Brown",1533,50
2017,3,"Male","Brown",1584,50
2017,4,"Male","Brown",1505,50
2017,5,"Male","Brown",1657,50
2017,6,"Male","Brown",1579,50
2017,7,"Male","Brown",1705,50
2017,8,"Male","Brown",1590,50
2017,9,"Male","Brown",1461,50
2017,10,"Male","Brown",1599,50
2017,11,"Male","Brown",1554,50
2017,12,"Male","Brown",1623,50
2018,1,"Male","Brown",1673,50
2018,2,"Male","Brown",1503,50
2018,3,"Male","Brown",1606,50
2018,4,"Male","Brown",1579,50
2018,5,"Male","Brown",1693,50
2018,6,"Male","Brown",1662,50
2018,7,"Male","Brown",1653,50
2018,8,"Male","Brown",1609,50
2018,9,"Male","Brown",1528,50
2018,10,"Male","Brown",1567,50
2018,11,"Male","Brown",1482,50
2018,12,"Male","Brown",1612,50
2019,1,"Male","Brown",1652,50
2019,2,"Male","Brown",1412,50
2019,3,"Male","Brown",1658,50
2019,4,"Male","Brown",1625,50
2019,5,"Male","Brown",1703,50
2019,6,"Male","Brown",1655,50
2019,7,"Male","Brown",1722,50
2019,8,"Male","Brown",1652,50
2019,9,"Male","Brown",1571,50
2019,10,"Male","Brown",1572,50
2019,11,"Male","Brown",1486,50
2019,12,"Male","Brown",1711,50
2020,1,"Male","Brown",1731,50
2020,2,"Male","Brown",1471,50
2020,3,"Male","Brown",1696,50
2020,4,"Male","Brown",2034,50
2020,5,"Male","Brown",2584,50
2020,6,"Male","Brown",2202,50
2020,7,"Male","Brown",2149,50
2020,8,"Male","Brown",2058,50
2020,9,"Male","Brown",1836,50
2020,10,"Male","Brown",1960,50
2020,11,"Male","Brown",1801,50
2020,12,"Male","Brown",2034,50
2010,8,"Male","Brown",1436,55
2010,9,"Male","Brown",1289,55
2010,10,"Male","Brown",1304,55
2010,11,"Male","Brown",1358,55
2010,12,"Male","Brown",1472,55
2011,1,"Male","Brown",1439,55
2011,2,"Male","Brown",1275,55
2011,3,"Male","Brown",1374,55
2011,4,"Male","Brown",1353,55
2011,5,"Male","Brown",1524,55
2011,6,"Male","Brown",1496,55
2011,7,"Male","Brown",1426,55
2011,8,"Male","Brown",1420,55
2011,9,"Male","Brown",1367,55
2011,10,"Male","Brown",1383,55
2011,11,"Male","Brown",1360,55
2011,12,"Male","Brown",1411,55
2012,1,"Male","Brown",1433,55
2012,2,"Male","Brown",1357,55
2012,3,"Male","Brown",1471,55
2012,4,"Male","Brown",1399,55
2012,5,"Male","Brown",1527,55
2012,6,"Male","Brown",1498,55
2012,7,"Male","Brown",1662,55
2012,8,"Male","Brown",1492,55
2012,9,"Male","Brown",1416,55
2012,10,"Male","Brown",1566,55
2012,11,"Male","Brown",1426,55
2012,12,"Male","Brown",1466,55
2013,1,"Male","Brown",1576,55
2013,2,"Male","Brown",1384,55
2013,3,"Male","Brown",1483,55
2013,4,"Male","Brown",1582,55
2013,5,"Male","Brown",1645,55
2013,6,"Male","Brown",1555,55
2013,7,"Male","Brown",1675,55
2013,8,"Male","Brown",1585,55
2013,9,"Male","Brown",1490,55
2013,10,"Male","Brown",1524,55
2013,11,"Male","Brown",1513,55
2013,12,"Male","Brown",1678,55
2014,1,"Male","Brown",1608,55
2014,2,"Male","Brown",1417,55
2014,3,"Male","Brown",1581,55
2014,4,"Male","Brown",1554,55
2014,5,"Male","Brown",1698,55
2014,6,"Male","Brown",1673,55
2014,7,"Male","Brown",1603,55
2014,8,"Male","Brown",1620,55
2014,9,"Male","Brown",1552,55
2014,10,"Male","Brown",1681,55
2014,11,"Male","Brown",1563,55
2014,12,"Male","Brown",1723,55
2015,1,"Male","Brown",1642,55
2015,2,"Male","Brown",1452,55
2015,3,"Male","Brown",1703,55
2015,4,"Male","Brown",1696,55
2015,5,"Male","Brown",1818,55
2015,6,"Male","Brown",1702,55
2015,7,"Male","Brown",1813,55
2015,8,"Male","Brown",1673,55
2015,9,"Male","Brown",1646,55
2015,10,"Male","Brown",1629,55
2015,11,"Male","Brown",1722,55
2015,12,"Male","Brown",1730,55
2016,1,"Male","Brown",1753,55
2016,2,"Male","Brown",1783,55
2016,3,"Male","Brown",1901,55
2016,4,"Male","Brown",1912,55
2016,5,"Male","Brown",1941,55
2016,6,"Male","Brown",1839,55
2016,7,"Male","Brown",1895,55
2016,8,"Male","Brown",1740,55
2016,9,"Male","Brown",1644,55
2016,10,"Male","Brown",1794,55
2016,11,"Male","Brown",1716,55
2016,12,"Male","Brown",1859,55
2017,1,"Male","Brown",1787,55
2017,2,"Male","Brown",1631,55
2017,3,"Male","Brown",1936,55
2017,4,"Male","Brown",1822,55
2017,5,"Male","Brown",1950,55
2017,6,"Male","Brown",1863,55
2017,7,"Male","Brown",1896,55
2017,8,"Male","Brown",1868,55
2017,9,"Male","Brown",1841,55
2017,10,"Male","Brown",1806,55
2017,11,"Male","Brown",1663,55
2017,12,"Male","Brown",1779,55
2018,1,"Male","Brown",1718,55
2018,2,"Male","Brown",1675,55
2018,3,"Male","Brown",1800,55
2018,4,"Male","Brown",1823,55
2018,5,"Male","Brown",2005,55
2018,6,"Male","Brown",1858,55
2018,7,"Male","Brown",1904,55
2018,8,"Male","Brown",1931,55
2018,9,"Male","Brown",1795,55
2018,10,"Male","Brown",1850,55
2018,11,"Male","Brown",1738,55
2018,12,"Male","Brown",1893,55
2019,1,"Male","Brown",1851,55
2019,2,"Male","Brown",1613,55
2019,3,"Male","Brown",1885,55
2019,4,"Male","Brown",1852,55
2019,5,"Male","Brown",2068,55
2019,6,"Male","Brown",1963,55
2019,7,"Male","Brown",2082,55
2019,8,"Male","Brown",2005,55
2019,9,"Male","Brown",1916,55
2019,10,"Male","Brown",1852,55
2019,11,"Male","Brown",1777,55
2019,12,"Male","Brown",1938,55
2020,1,"Male","Brown",1910,55
2020,2,"Male","Brown",1838,55
2020,3,"Male","Brown",2116,55
2020,4,"Male","Brown",2470,55
2020,5,"Male","Brown",3193,55
2020,6,"Male","Brown",2622,55
2020,7,"Male","Brown",2542,55
2020,8,"Male","Brown",2471,55
2020,9,"Male","Brown",2220,55
2020,10,"Male","Brown",2257,55
2020,11,"Male","Brown",2194,55
2020,12,"Male","Brown",2342,55
2010,8,"Male","Brown",1538,60
2010,9,"Male","Brown",1464,60
2010,10,"Male","Brown",1418,60
2010,11,"Male","Brown",1367,60
2010,12,"Male","Brown",1486,60
2011,1,"Male","Brown",1506,60
2011,2,"Male","Brown",1278,60
2011,3,"Male","Brown",1483,60
2011,4,"Male","Brown",1407,60
2011,5,"Male","Brown",1549,60
2011,6,"Male","Brown",1455,60
2011,7,"Male","Brown",1586,60
2011,8,"Male","Brown",1551,60
2011,9,"Male","Brown",1495,60
2011,10,"Male","Brown",1583,60
2011,11,"Male","Brown",1363,60
2011,12,"Male","Brown",1503,60
2012,1,"Male","Brown",1552,60
2012,2,"Male","Brown",1380,60
2012,3,"Male","Brown",1491,60
2012,4,"Male","Brown",1486,60
2012,5,"Male","Brown",1623,60
2012,6,"Male","Brown",1607,60
2012,7,"Male","Brown",1626,60
2012,8,"Male","Brown",1630,60
2012,9,"Male","Brown",1576,60
2012,10,"Male","Brown",1630,60
2012,11,"Male","Brown",1443,60
2012,12,"Male","Brown",1550,60
2013,1,"Male","Brown",1560,60
2013,2,"Male","Brown",1532,60
2013,3,"Male","Brown",1642,60
2013,4,"Male","Brown",1628,60
2013,5,"Male","Brown",1663,60
2013,6,"Male","Brown",1609,60
2013,7,"Male","Brown",1743,60
2013,8,"Male","Brown",1643,60
2013,9,"Male","Brown",1599,60
2013,10,"Male","Brown",1579,60
2013,11,"Male","Brown",1555,60
2013,12,"Male","Brown",1633,60
2014,1,"Male","Brown",1698,60
2014,2,"Male","Brown",1503,60
2014,3,"Male","Brown",1682,60
2014,4,"Male","Brown",1594,60
2014,5,"Male","Brown",1740,60
2014,6,"Male","Brown",1767,60
2014,7,"Male","Brown",1724,60
2014,8,"Male","Brown",1782,60
2014,9,"Male","Brown",1793,60
2014,10,"Male","Brown",1754,60
2014,11,"Male","Brown",1656,60
2014,12,"Male","Brown",1738,60
2015,1,"Male","Brown",1776,60
2015,2,"Male","Brown",1598,60
2015,3,"Male","Brown",1750,60
2015,4,"Male","Brown",1875,60
2015,5,"Male","Brown",1943,60
2015,6,"Male","Brown",1877,60
2015,7,"Male","Brown",1841,60
2015,8,"Male","Brown",1844,60
2015,9,"Male","Brown",1769,60
2015,10,"Male","Brown",1829,60
2015,11,"Male","Brown",1741,60
2015,12,"Male","Brown",1781,60
2016,1,"Male","Brown",1898,60
2016,2,"Male","Brown",1910,60
2016,3,"Male","Brown",2062,60
2016,4,"Male","Brown",1990,60
2016,5,"Male","Brown",1979,60
2016,6,"Male","Brown",1997,60
2016,7,"Male","Brown",2017,60
2016,8,"Male","Brown",2004,60
2016,9,"Male","Brown",1913,60
2016,10,"Male","Brown",1910,60
2016,11,"Male","Brown",1885,60
2016,12,"Male","Brown",2002,60
2017,1,"Male","Brown",1998,60
2017,2,"Male","Brown",1783,60
2017,3,"Male","Brown",2013,60
2017,4,"Male","Brown",1955,60
2017,5,"Male","Brown",2109,60
2017,6,"Male","Brown",2056,60
2017,7,"Male","Brown",2151,60
2017,8,"Male","Brown",2148,60
2017,9,"Male","Brown",1932,60
2017,10,"Male","Brown",2099,60
2017,11,"Male","Brown",1887,60
2017,12,"Male","Brown",2022,60
2018,1,"Male","Brown",2039,60
2018,2,"Male","Brown",1822,60
2018,3,"Male","Brown",2098,60
2018,4,"Male","Brown",2123,60
2018,5,"Male","Brown",2161,60
2018,6,"Male","Brown",2157,60
2018,7,"Male","Brown",2238,60
2018,8,"Male","Brown",2173,60
2018,9,"Male","Brown",2048,60
2018,10,"Male","Brown",2027,60
2018,11,"Male","Brown",1933,60
2018,12,"Male","Brown",2109,60
2019,1,"Male","Brown",2109,60
2019,2,"Male","Brown",1866,60
2019,3,"Male","Brown",2096,60
2019,4,"Male","Brown",2199,60
2019,5,"Male","Brown",2339,60
2019,6,"Male","Brown",2205,60
2019,7,"Male","Brown",2358,60
2019,8,"Male","Brown",2186,60
2019,9,"Male","Brown",2051,60
2019,10,"Male","Brown",2170,60
2019,11,"Male","Brown",2030,60
2019,12,"Male","Brown",2201,60
2020,1,"Male","Brown",2146,60
2020,2,"Male","Brown",2028,60
2020,3,"Male","Brown",2325,60
2020,4,"Male","Brown",2777,60
2020,5,"Male","Brown",3675,60
2020,6,"Male","Brown",3091,60
2020,7,"Male","Brown",3054,60
2020,8,"Male","Brown",2875,60
2020,9,"Male","Brown",2538,60
2020,10,"Male","Brown",2532,60
2020,11,"Male","Brown",2455,60
2020,12,"Male","Brown",2805,60
2010,8,"Male","Brown",1547,65
2010,9,"Male","Brown",1436,65
2010,10,"Male","Brown",1455,65
2010,11,"Male","Brown",1352,65
2010,12,"Male","Brown",1406,65
2011,1,"Male","Brown",1427,65
2011,2,"Male","Brown",1346,65
2011,3,"Male","Brown",1500,65
2011,4,"Male","Brown",1409,65
2011,5,"Male","Brown",1618,65
2011,6,"Male","Brown",1525,65
2011,7,"Male","Brown",1530,65
2011,8,"Male","Brown",1554,65
2011,9,"Male","Brown",1494,65
2011,10,"Male","Brown",1495,65
2011,11,"Male","Brown",1505,65
2011,12,"Male","Brown",1526,65
2012,1,"Male","Brown",1460,65
2012,2,"Male","Brown",1439,65
2012,3,"Male","Brown",1510,65
2012,4,"Male","Brown",1488,65
2012,5,"Male","Brown",1656,65
2012,6,"Male","Brown",1548,65
2012,7,"Male","Brown",1743,65
2012,8,"Male","Brown",1681,65
2012,9,"Male","Brown",1620,65
2012,10,"Male","Brown",1643,65
2012,11,"Male","Brown",1491,65
2012,12,"Male","Brown",1626,65
2013,1,"Male","Brown",1623,65
2013,2,"Male","Brown",1446,65
2013,3,"Male","Brown",1671,65
2013,4,"Male","Brown",1619,65
2013,5,"Male","Brown",1756,65
2013,6,"Male","Brown",1711,65
2013,7,"Male","Brown",1729,65
2013,8,"Male","Brown",1771,65
2013,9,"Male","Brown",1691,65
2013,10,"Male","Brown",1588,65
2013,11,"Male","Brown",1517,65
2013,12,"Male","Brown",1707,65
2014,1,"Male","Brown",1643,65
2014,2,"Male","Brown",1582,65
2014,3,"Male","Brown",1727,65
2014,4,"Male","Brown",1696,65
2014,5,"Male","Brown",1736,65
2014,6,"Male","Brown",1642,65
2014,7,"Male","Brown",1855,65
2014,8,"Male","Brown",1887,65
2014,9,"Male","Brown",1719,65
2014,10,"Male","Brown",1755,65
2014,11,"Male","Brown",1724,65
2014,12,"Male","Brown",1821,65
2015,1,"Male","Brown",1826,65
2015,2,"Male","Brown",1554,65
2015,3,"Male","Brown",1849,65
2015,4,"Male","Brown",1917,65
2015,5,"Male","Brown",1962,65
2015,6,"Male","Brown",1906,65
2015,7,"Male","Brown",1973,65
2015,8,"Male","Brown",1905,65
2015,9,"Male","Brown",1851,65
2015,10,"Male","Brown",1913,65
2015,11,"Male","Brown",1840,65
2015,12,"Male","Brown",1925,65
2016,1,"Male","Brown",2047,65
2016,2,"Male","Brown",1949,65
2016,3,"Male","Brown",2155,65
2016,4,"Male","Brown",2147,65
2016,5,"Male","Brown",2160,65
2016,6,"Male","Brown",2188,65
2016,7,"Male","Brown",2198,65
2016,8,"Male","Brown",2057,65
2016,9,"Male","Brown",1896,65
2016,10,"Male","Brown",1987,65
2016,11,"Male","Brown",1910,65
2016,12,"Male","Brown",2067,65
2017,1,"Male","Brown",2090,65
2017,2,"Male","Brown",1773,65
2017,3,"Male","Brown",2121,65
2017,4,"Male","Brown",2098,65
2017,5,"Male","Brown",2170,65
2017,6,"Male","Brown",2158,65
2017,7,"Male","Brown",2372,65
2017,8,"Male","Brown",2215,65
2017,9,"Male","Brown",2099,65
2017,10,"Male","Brown",2124,65
2017,11,"Male","Brown",1991,65
2017,12,"Male","Brown",2096,65
2018,1,"Male","Brown",2095,65
2018,2,"Male","Brown",1867,65
2018,3,"Male","Brown",2177,65
2018,4,"Male","Brown",2226,65
2018,5,"Male","Brown",2311,65
2018,6,"Male","Brown",2224,65
2018,7,"Male","Brown",2309,65
2018,8,"Male","Brown",2193,65
2018,9,"Male","Brown",2190,65
2018,10,"Male","Brown",2080,65
2018,11,"Male","Brown",2024,65
2018,12,"Male","Brown",2215,65
2019,1,"Male","Brown",2304,65
2019,2,"Male","Brown",2071,65
2019,3,"Male","Brown",2231,65
2019,4,"Male","Brown",2234,65
2019,5,"Male","Brown",2449,65
2019,6,"Male","Brown",2338,65
2019,7,"Male","Brown",2451,65
2019,8,"Male","Brown",2466,65
2019,9,"Male","Brown",2259,65
2019,10,"Male","Brown",2224,65
2019,11,"Male","Brown",2179,65
2019,12,"Male","Brown",2330,65
2020,1,"Male","Brown",2286,65
2020,2,"Male","Brown",2192,65
2020,3,"Male","Brown",2543,65
2020,4,"Male","Brown",2944,65
2020,5,"Male","Brown",4147,65
2020,6,"Male","Brown",3352,65
2020,7,"Male","Brown",3360,65
2020,8,"Male","Brown",3114,65
2020,9,"Male","Brown",2703,65
2020,10,"Male","Brown",2756,65
2020,11,"Male","Brown",2637,65
2020,12,"Male","Brown",3017,65
2010,8,"Male","Brown",1722,70
2010,9,"Male","Brown",1566,70
2010,10,"Male","Brown",1611,70
2010,11,"Male","Brown",1451,70
2010,12,"Male","Brown",1605,70
2011,1,"Male","Brown",1620,70
2011,2,"Male","Brown",1514,70
2011,3,"Male","Brown",1625,70
2011,4,"Male","Brown",1595,70
2011,5,"Male","Brown",1669,70
2011,6,"Male","Brown",1663,70
2011,7,"Male","Brown",1777,70
2011,8,"Male","Brown",1576,70
2011,9,"Male","Brown",1575,70
2011,10,"Male","Brown",1599,70
2011,11,"Male","Brown",1409,70
2011,12,"Male","Brown",1612,70
2012,1,"Male","Brown",1609,70
2012,2,"Male","Brown",1558,70
2012,3,"Male","Brown",1658,70
2012,4,"Male","Brown",1545,70
2012,5,"Male","Brown",1649,70
2012,6,"Male","Brown",1602,70
2012,7,"Male","Brown",1832,70
2012,8,"Male","Brown",1738,70
2012,9,"Male","Brown",1676,70
2012,10,"Male","Brown",1737,70
2012,11,"Male","Brown",1635,70
2012,12,"Male","Brown",1688,70
2013,1,"Male","Brown",1752,70
2013,2,"Male","Brown",1558,70
2013,3,"Male","Brown",1764,70
2013,4,"Male","Brown",1741,70
2013,5,"Male","Brown",1830,70
2013,6,"Male","Brown",1785,70
2013,7,"Male","Brown",1936,70
2013,8,"Male","Brown",1914,70
2013,9,"Male","Brown",1661,70
2013,10,"Male","Brown",1800,70
2013,11,"Male","Brown",1674,70
2013,12,"Male","Brown",1710,70
2014,1,"Male","Brown",1767,70
2014,2,"Male","Brown",1541,70
2014,3,"Male","Brown",1728,70
2014,4,"Male","Brown",1722,70
2014,5,"Male","Brown",1889,70
2014,6,"Male","Brown",1879,70
2014,7,"Male","Brown",1849,70
2014,8,"Male","Brown",1968,70
2014,9,"Male","Brown",1764,70
2014,10,"Male","Brown",1907,70
2014,11,"Male","Brown",1751,70
2014,12,"Male","Brown",1791,70
2015,1,"Male","Brown",1869,70
2015,2,"Male","Brown",1634,70
2015,3,"Male","Brown",1770,70
2015,4,"Male","Brown",1925,70
2015,5,"Male","Brown",2060,70
2015,6,"Male","Brown",1970,70
2015,7,"Male","Brown",1957,70
2015,8,"Male","Brown",1827,70
2015,9,"Male","Brown",1786,70
2015,10,"Male","Brown",1895,70
2015,11,"Male","Brown",1716,70
2015,12,"Male","Brown",1934,70
2016,1,"Male","Brown",1996,70
2016,2,"Male","Brown",1945,70
2016,3,"Male","Brown",2094,70
2016,4,"Male","Brown",1975,70
2016,5,"Male","Brown",2027,70
2016,6,"Male","Brown",2092,70
2016,7,"Male","Brown",2156,70
2016,8,"Male","Brown",1987,70
2016,9,"Male","Brown",1840,70
2016,10,"Male","Brown",2016,70
2016,11,"Male","Brown",1915,70
2016,12,"Male","Brown",1985,70
2017,1,"Male","Brown",1998,70
2017,2,"Male","Brown",1862,70
2017,3,"Male","Brown",2120,70
2017,4,"Male","Brown",2069,70
2017,5,"Male","Brown",2253,70
2017,6,"Male","Brown",2099,70
2017,7,"Male","Brown",2370,70
2017,8,"Male","Brown",2195,70
2017,9,"Male","Brown",2005,70
2017,10,"Male","Brown",2119,70
2017,11,"Male","Brown",1880,70
2017,12,"Male","Brown",2041,70
2018,1,"Male","Brown",2053,70
2018,2,"Male","Brown",1832,70
2018,3,"Male","Brown",2168,70
2018,4,"Male","Brown",2124,70
2018,5,"Male","Brown",2225,70
2018,6,"Male","Brown",2207,70
2018,7,"Male","Brown",2363,70
2018,8,"Male","Brown",2232,70
2018,9,"Male","Brown",2098,70
2018,10,"Male","Brown",2121,70
2018,11,"Male","Brown",2039,70
2018,12,"Male","Brown",2103,70
2019,1,"Male","Brown",2160,70
2019,2,"Male","Brown",1924,70
2019,3,"Male","Brown",2223,70
2019,4,"Male","Brown",2271,70
2019,5,"Male","Brown",2440,70
2019,6,"Male","Brown",2370,70
2019,7,"Male","Brown",2313,70
2019,8,"Male","Brown",2360,70
2019,9,"Male","Brown",2108,70
2019,10,"Male","Brown",2234,70
2019,11,"Male","Brown",2066,70
2019,12,"Male","Brown",2267,70
2020,1,"Male","Brown",2303,70
2020,2,"Male","Brown",2143,70
2020,3,"Male","Brown",2463,70
2020,4,"Male","Brown",2954,70
2020,5,"Male","Brown",4312,70
2020,6,"Male","Brown",3374,70
2020,7,"Male","Brown",3262,70
2020,8,"Male","Brown",3048,70
2020,9,"Male","Brown",2739,70
2020,10,"Male","Brown",2697,70
2020,11,"Male","Brown",2612,70
2020,12,"Male","Brown",2942,70
2010,8,"Male","Brown",1521,75
2010,9,"Male","Brown",1402,75
2010,10,"Male","Brown",1468,75
2010,11,"Male","Brown",1315,75
2010,12,"Male","Brown",1392,75
2011,1,"Male","Brown",1582,75
2011,2,"Male","Brown",1353,75
2011,3,"Male","Brown",1412,75
2011,4,"Male","Brown",1416,75
2011,5,"Male","Brown",1567,75
2011,6,"Male","Brown",1557,75
2011,7,"Male","Brown",1613,75
2011,8,"Male","Brown",1498,75
2011,9,"Male","Brown",1466,75
2011,10,"Male","Brown",1529,75
2011,11,"Male","Brown",1480,75
2011,12,"Male","Brown",1496,75
2012,1,"Male","Brown",1483,75
2012,2,"Male","Brown",1397,75
2012,3,"Male","Brown",1494,75
2012,4,"Male","Brown",1481,75
2012,5,"Male","Brown",1572,75
2012,6,"Male","Brown",1660,75
2012,7,"Male","Brown",1741,75
2012,8,"Male","Brown",1723,75
2012,9,"Male","Brown",1572,75
2012,10,"Male","Brown",1598,75
2012,11,"Male","Brown",1542,75
2012,12,"Male","Brown",1642,75
2013,1,"Male","Brown",1504,75
2013,2,"Male","Brown",1469,75
2013,3,"Male","Brown",1640,75
2013,4,"Male","Brown",1659,75
2013,5,"Male","Brown",1777,75
2013,6,"Male","Brown",1677,75
2013,7,"Male","Brown",1710,75
2013,8,"Male","Brown",1770,75
2013,9,"Male","Brown",1652,75
2013,10,"Male","Brown",1622,75
2013,11,"Male","Brown",1585,75
2013,12,"Male","Brown",1645,75
2014,1,"Male","Brown",1638,75
2014,2,"Male","Brown",1552,75
2014,3,"Male","Brown",1656,75
2014,4,"Male","Brown",1639,75
2014,5,"Male","Brown",1788,75
2014,6,"Male","Brown",1721,75
2014,7,"Male","Brown",1812,75
2014,8,"Male","Brown",1858,75
2014,9,"Male","Brown",1827,75
2014,10,"Male","Brown",1817,75
2014,11,"Male","Brown",1621,75
2014,12,"Male","Brown",1757,75
2015,1,"Male","Brown",1764,75
2015,2,"Male","Brown",1603,75
2015,3,"Male","Brown",1868,75
2015,4,"Male","Brown",1894,75
2015,5,"Male","Brown",2038,75
2015,6,"Male","Brown",1955,75
2015,7,"Male","Brown",2092,75
2015,8,"Male","Brown",1934,75
2015,9,"Male","Brown",1853,75
2015,10,"Male","Brown",1932,75
2015,11,"Male","Brown",1875,75
2015,12,"Male","Brown",2010,75
2016,1,"Male","Brown",1950,75
2016,2,"Male","Brown",2032,75
2016,3,"Male","Brown",2110,75
2016,4,"Male","Brown",2078,75
2016,5,"Male","Brown",2096,75
2016,6,"Male","Brown",2082,75
2016,7,"Male","Brown",2190,75
2016,8,"Male","Brown",2057,75
2016,9,"Male","Brown",1782,75
2016,10,"Male","Brown",1912,75
2016,11,"Male","Brown",1816,75
2016,12,"Male","Brown",1928,75
2017,1,"Male","Brown",1918,75
2017,2,"Male","Brown",1795,75
2017,3,"Male","Brown",2137,75
2017,4,"Male","Brown",2040,75
2017,5,"Male","Brown",2106,75
2017,6,"Male","Brown",2125,75
2017,7,"Male","Brown",2401,75
2017,8,"Male","Brown",2111,75
2017,9,"Male","Brown",2040,75
2017,10,"Male","Brown",2091,75
2017,11,"Male","Brown",1999,75
2017,12,"Male","Brown",2011,75
2018,1,"Male","Brown",1990,75
2018,2,"Male","Brown",1837,75
2018,3,"Male","Brown",2092,75
2018,4,"Male","Brown",2076,75
2018,5,"Male","Brown",2249,75
2018,6,"Male","Brown",2225,75
2018,7,"Male","Brown",2251,75
2018,8,"Male","Brown",2218,75
2018,9,"Male","Brown",2066,75
2018,10,"Male","Brown",2229,75
2018,11,"Male","Brown",1933,75
2018,12,"Male","Brown",2176,75
2019,1,"Male","Brown",2156,75
2019,2,"Male","Brown",1953,75
2019,3,"Male","Brown",2086,75
2019,4,"Male","Brown",2178,75
2019,5,"Male","Brown",2443,75
2019,6,"Male","Brown",2383,75
2019,7,"Male","Brown",2474,75
2019,8,"Male","Brown",2356,75
2019,9,"Male","Brown",2227,75
2019,10,"Male","Brown",2153,75
2019,11,"Male","Brown",2105,75
2019,12,"Male","Brown",2141,75
2020,1,"Male","Brown",2134,75
2020,2,"Male","Brown",2055,75
2020,3,"Male","Brown",2389,75
2020,4,"Male","Brown",2696,75
2020,5,"Male","Brown",3836,75
2020,6,"Male","Brown",3321,75
2020,7,"Male","Brown",3083,75
2020,8,"Male","Brown",2957,75
2020,9,"Male","Brown",2470,75
2020,10,"Male","Brown",2512,75
2020,11,"Male","Brown",2382,75
2020,12,"Male","Brown",2658,75
2010,8,"Male","Brown",3117,80
2010,9,"Male","Brown",2968,80
2010,10,"Male","Brown",2858,80
2010,11,"Male","Brown",2613,80
2010,12,"Male","Brown",2741,80
2011,1,"Male","Brown",3142,80
2011,2,"Male","Brown",2856,80
2011,3,"Male","Brown",2984,80
2011,4,"Male","Brown",2930,80
2011,5,"Male","Brown",3108,80
2011,6,"Male","Brown",3154,80
2011,7,"Male","Brown",3354,80
2011,8,"Male","Brown",3145,80
2011,9,"Male","Brown",3036,80
2011,10,"Male","Brown",2918,80
2011,11,"Male","Brown",2757,80
2011,12,"Male","Brown",2816,80
2012,1,"Male","Brown",2892,80
2012,2,"Male","Brown",2822,80
2012,3,"Male","Brown",2969,80
2012,4,"Male","Brown",2948,80
2012,5,"Male","Brown",3218,80
2012,6,"Male","Brown",3197,80
2012,7,"Male","Brown",3687,80
2012,8,"Male","Brown",3391,80
2012,9,"Male","Brown",3428,80
2012,10,"Male","Brown",3398,80
2012,11,"Male","Brown",3086,80
2012,12,"Male","Brown",3174,80
2013,1,"Male","Brown",3243,80
2013,2,"Male","Brown",2990,80
2013,3,"Male","Brown",3333,80
2013,4,"Male","Brown",3315,80
2013,5,"Male","Brown",3620,80
2013,6,"Male","Brown",3536,80
2013,7,"Male","Brown",3758,80
2013,8,"Male","Brown",3594,80
2013,9,"Male","Brown",3393,80
2013,10,"Male","Brown",3301,80
2013,11,"Male","Brown",2986,80
2013,12,"Male","Brown",3141,80
2014,1,"Male","Brown",3315,80
2014,2,"Male","Brown",3053,80
2014,3,"Male","Brown",3267,80
2014,4,"Male","Brown",3367,80
2014,5,"Male","Brown",3688,80
2014,6,"Male","Brown",3643,80
2014,7,"Male","Brown",3727,80
2014,8,"Male","Brown",3886,80
2014,9,"Male","Brown",3548,80
2014,10,"Male","Brown",3649,80
2014,11,"Male","Brown",3387,80
2014,12,"Male","Brown",3396,80
2015,1,"Male","Brown",3631,80
2015,2,"Male","Brown",3175,80
2015,3,"Male","Brown",3600,80
2015,4,"Male","Brown",3878,80
2015,5,"Male","Brown",4269,80
2015,6,"Male","Brown",4066,80
2015,7,"Male","Brown",4088,80
2015,8,"Male","Brown",3938,80
2015,9,"Male","Brown",3780,80
2015,10,"Male","Brown",3859,80
2015,11,"Male","Brown",3771,80
2015,12,"Male","Brown",3763,80
2016,1,"Male","Brown",3899,80
2016,2,"Male","Brown",3895,80
2016,3,"Male","Brown",4289,80
2016,4,"Male","Brown",4154,80
2016,5,"Male","Brown",4278,80
2016,6,"Male","Brown",4342,80
2016,7,"Male","Brown",4476,80
2016,8,"Male","Brown",4257,80
2016,9,"Male","Brown",3929,80
2016,10,"Male","Brown",4009,80
2016,11,"Male","Brown",3682,80
2016,12,"Male","Brown",3834,80
2017,1,"Male","Brown",3844,80
2017,2,"Male","Brown",3726,80
2017,3,"Male","Brown",4399,80
2017,4,"Male","Brown",4431,80
2017,5,"Male","Brown",4528,80
2017,6,"Male","Brown",4580,80
2017,7,"Male","Brown",4986,80
2017,8,"Male","Brown",4527,80
2017,9,"Male","Brown",4280,80
2017,10,"Male","Brown",4170,80
2017,11,"Male","Brown",3832,80
2017,12,"Male","Brown",4014,80
2018,1,"Male","Brown",4049,80
2018,2,"Male","Brown",3570,80
2018,3,"Male","Brown",4216,80
2018,4,"Male","Brown",4245,80
2018,5,"Male","Brown",4516,80
2018,6,"Male","Brown",4536,80
2018,7,"Male","Brown",4735,80
2018,8,"Male","Brown",4563,80
2018,9,"Male","Brown",4142,80
2018,10,"Male","Brown",4101,80
2018,11,"Male","Brown",3958,80
2018,12,"Male","Brown",4318,80
2019,1,"Male","Brown",4341,80
2019,2,"Male","Brown",3902,80
2019,3,"Male","Brown",4434,80
2019,4,"Male","Brown",4542,80
2019,5,"Male","Brown",4767,80
2019,6,"Male","Brown",4801,80
2019,7,"Male","Brown",5262,80
2019,8,"Male","Brown",4888,80
2019,9,"Male","Brown",4641,80
2019,10,"Male","Brown",4455,80
2019,11,"Male","Brown",4272,80
2019,12,"Male","Brown",4385,80
2020,1,"Male","Brown",4507,80
2020,2,"Male","Brown",4222,80
2020,3,"Male","Brown",4941,80
2020,4,"Male","Brown",5448,80
2020,5,"Male","Brown",7853,80
2020,6,"Male","Brown",6697,80
2020,7,"Male","Brown",6437,80
2020,8,"Male","Brown",6251,80
2020,9,"Male","Brown",5394,80
2020,10,"Male","Brown",5246,80
2020,11,"Male","Brown",4828,80
2020,12,"Male","Brown",5556,80
2010,8,"Male","Indigenous",37,0
2010,9,"Male","Indigenous",39,0
2010,10,"Male","Indigenous",47,0
2010,11,"Male","Indigenous",40,0
2010,12,"Male","Indigenous",35,0
2011,1,"Male","Indigenous",42,0
2011,2,"Male","Indigenous",36,0
2011,3,"Male","Indigenous",41,0
2011,4,"Male","Indigenous",25,0
2011,5,"Male","Indigenous",29,0
2011,6,"Male","Indigenous",36,0
2011,7,"Male","Indigenous",32,0
2011,8,"Male","Indigenous",34,0
2011,9,"Male","Indigenous",37,0
2011,10,"Male","Indigenous",27,0
2011,11,"Male","Indigenous",26,0
2011,12,"Male","Indigenous",41,0
2012,1,"Male","Indigenous",42,0
2012,2,"Male","Indigenous",29,0
2012,3,"Male","Indigenous",35,0
2012,4,"Male","Indigenous",31,0
2012,5,"Male","Indigenous",51,0
2012,6,"Male","Indigenous",48,0
2012,7,"Male","Indigenous",31,0
2012,8,"Male","Indigenous",27,0
2012,9,"Male","Indigenous",48,0
2012,10,"Male","Indigenous",47,0
2012,11,"Male","Indigenous",43,0
2012,12,"Male","Indigenous",36,0
2013,1,"Male","Indigenous",40,0
2013,2,"Male","Indigenous",37,0
2013,3,"Male","Indigenous",48,0
2013,4,"Male","Indigenous",54,0
2013,5,"Male","Indigenous",52,0
2013,6,"Male","Indigenous",37,0
2013,7,"Male","Indigenous",38,0
2013,8,"Male","Indigenous",46,0
2013,9,"Male","Indigenous",36,0
2013,10,"Male","Indigenous",37,0
2013,11,"Male","Indigenous",30,0
2013,12,"Male","Indigenous",45,0
2014,1,"Male","Indigenous",48,0
2014,2,"Male","Indigenous",42,0
2014,3,"Male","Indigenous",60,0
2014,4,"Male","Indigenous",42,0
2014,5,"Male","Indigenous",46,0
2014,6,"Male","Indigenous",52,0
2014,7,"Male","Indigenous",40,0
2014,8,"Male","Indigenous",44,0
2014,9,"Male","Indigenous",42,0
2014,10,"Male","Indigenous",41,0
2014,11,"Male","Indigenous",37,0
2014,12,"Male","Indigenous",41,0
2015,1,"Male","Indigenous",31,0
2015,2,"Male","Indigenous",34,0
2015,3,"Male","Indigenous",40,0
2015,4,"Male","Indigenous",45,0
2015,5,"Male","Indigenous",54,0
2015,6,"Male","Indigenous",35,0
2015,7,"Male","Indigenous",37,0
2015,8,"Male","Indigenous",33,0
2015,9,"Male","Indigenous",34,0
2015,10,"Male","Indigenous",34,0
2015,11,"Male","Indigenous",40,0
2015,12,"Male","Indigenous",36,0
2016,1,"Male","Indigenous",53,0
2016,2,"Male","Indigenous",38,0
2016,3,"Male","Indigenous",49,0
2016,4,"Male","Indigenous",65,0
2016,5,"Male","Indigenous",43,0
2016,6,"Male","Indigenous",48,0
2016,7,"Male","Indigenous",38,0
2016,8,"Male","Indigenous",38,0
2016,9,"Male","Indigenous",37,0
2016,10,"Male","Indigenous",33,0
2016,11,"Male","Indigenous",35,0
2016,12,"Male","Indigenous",41,0
2017,1,"Male","Indigenous",43,0
2017,2,"Male","Indigenous",38,0
2017,3,"Male","Indigenous",54,0
2017,4,"Male","Indigenous",40,0
2017,5,"Male","Indigenous",35,0
2017,6,"Male","Indigenous",37,0
2017,7,"Male","Indigenous",48,0
2017,8,"Male","Indigenous",39,0
2017,9,"Male","Indigenous",32,0
2017,10,"Male","Indigenous",31,0
2017,11,"Male","Indigenous",40,0
2017,12,"Male","Indigenous",28,0
2018,1,"Male","Indigenous",47,0
2018,2,"Male","Indigenous",38,0
2018,3,"Male","Indigenous",39,0
2018,4,"Male","Indigenous",54,0
2018,5,"Male","Indigenous",43,0
2018,6,"Male","Indigenous",46,0
2018,7,"Male","Indigenous",44,0
2018,8,"Male","Indigenous",46,0
2018,9,"Male","Indigenous",35,0
2018,10,"Male","Indigenous",32,0
2018,11,"Male","Indigenous",38,0
2018,12,"Male","Indigenous",49,0
2019,1,"Male","Indigenous",42,0
2019,2,"Male","Indigenous",41,0
2019,3,"Male","Indigenous",46,0
2019,4,"Male","Indigenous",45,0
2019,5,"Male","Indigenous",45,0
2019,6,"Male","Indigenous",50,0
2019,7,"Male","Indigenous",39,0
2019,8,"Male","Indigenous",45,0
2019,9,"Male","Indigenous",37,0
2019,10,"Male","Indigenous",42,0
2019,11,"Male","Indigenous",43,0
2019,12,"Male","Indigenous",45,0
2020,1,"Male","Indigenous",39,0
2020,2,"Male","Indigenous",41,0
2020,3,"Male","Indigenous",48,0
2020,4,"Male","Indigenous",37,0
2020,5,"Male","Indigenous",39,0
2020,6,"Male","Indigenous",35,0
2020,7,"Male","Indigenous",33,0
2020,8,"Male","Indigenous",29,0
2020,9,"Male","Indigenous",24,0
2020,10,"Male","Indigenous",26,0
2020,11,"Male","Indigenous",24,0
2020,12,"Male","Indigenous",33,0
2010,8,"Male","Indigenous",5,5
2010,9,"Male","Indigenous",2,5
2010,10,"Male","Indigenous",1,5
2010,11,"Male","Indigenous",1,5
2010,12,"Male","Indigenous",3,5
2011,1,"Male","Indigenous",1,5
2011,2,"Male","Indigenous",3,5
2011,3,"Male","Indigenous",3,5
2011,4,"Male","Indigenous",4,5
2011,6,"Male","Indigenous",4,5
2011,7,"Male","Indigenous",2,5
2011,8,"Male","Indigenous",2,5
2011,9,"Male","Indigenous",1,5
2011,10,"Male","Indigenous",2,5
2011,11,"Male","Indigenous",1,5
2011,12,"Male","Indigenous",1,5
2012,1,"Male","Indigenous",3,5
2012,2,"Male","Indigenous",2,5
2012,3,"Male","Indigenous",3,5
2012,4,"Male","Indigenous",1,5
2012,5,"Male","Indigenous",2,5
2012,6,"Male","Indigenous",1,5
2012,7,"Male","Indigenous",1,5
2012,9,"Male","Indigenous",2,5
2012,11,"Male","Indigenous",1,5
2012,12,"Male","Indigenous",1,5
2013,1,"Male","Indigenous",2,5
2013,3,"Male","Indigenous",3,5
2013,4,"Male","Indigenous",3,5
2013,5,"Male","Indigenous",2,5
2013,7,"Male","Indigenous",2,5
2013,8,"Male","Indigenous",3,5
2013,9,"Male","Indigenous",4,5
2013,10,"Male","Indigenous",2,5
2013,11,"Male","Indigenous",1,5
2013,12,"Male","Indigenous",3,5
2014,2,"Male","Indigenous",4,5
2014,3,"Male","Indigenous",1,5
2014,4,"Male","Indigenous",3,5
2014,5,"Male","Indigenous",3,5
2014,6,"Male","Indigenous",4,5
2014,7,"Male","Indigenous",2,5
2014,8,"Male","Indigenous",6,5
2014,9,"Male","Indigenous",2,5
2014,10,"Male","Indigenous",2,5
2014,11,"Male","Indigenous",2,5
2014,12,"Male","Indigenous",2,5
2015,1,"Male","Indigenous",1,5
2015,2,"Male","Indigenous",4,5
2015,3,"Male","Indigenous",1,5
2015,4,"Male","Indigenous",2,5
2015,5,"Male","Indigenous",2,5
2015,6,"Male","Indigenous",4,5
2015,7,"Male","Indigenous",4,5
2015,8,"Male","Indigenous",3,5
2015,9,"Male","Indigenous",4,5
2015,10,"Male","Indigenous",3,5
2015,11,"Male","Indigenous",3,5
2015,12,"Male","Indigenous",2,5
2016,1,"Male","Indigenous",7,5
2016,2,"Male","Indigenous",4,5
2016,3,"Male","Indigenous",4,5
2016,5,"Male","Indigenous",5,5
2016,6,"Male","Indigenous",4,5
2016,7,"Male","Indigenous",3,5
2016,8,"Male","Indigenous",1,5
2016,9,"Male","Indigenous",4,5
2016,10,"Male","Indigenous",7,5
2016,11,"Male","Indigenous",1,5
2016,12,"Male","Indigenous",3,5
2017,1,"Male","Indigenous",3,5
2017,2,"Male","Indigenous",1,5
2017,3,"Male","Indigenous",1,5
2017,4,"Male","Indigenous",1,5
2017,5,"Male","Indigenous",2,5
2017,6,"Male","Indigenous",3,5
2017,7,"Male","Indigenous",1,5
2017,8,"Male","Indigenous",4,5
2017,9,"Male","Indigenous",3,5
2017,10,"Male","Indigenous",2,5
2017,11,"Male","Indigenous",2,5
2017,12,"Male","Indigenous",3,5
2018,1,"Male","Indigenous",2,5
2018,2,"Male","Indigenous",3,5
2018,3,"Male","Indigenous",3,5
2018,4,"Male","Indigenous",1,5
2018,5,"Male","Indigenous",4,5
2018,6,"Male","Indigenous",5,5
2018,8,"Male","Indigenous",3,5
2018,9,"Male","Indigenous",3,5
2018,10,"Male","Indigenous",2,5
2018,11,"Male","Indigenous",2,5
2018,12,"Male","Indigenous",4,5
2019,1,"Male","Indigenous",1,5
2019,2,"Male","Indigenous",5,5
2019,3,"Male","Indigenous",2,5
2019,4,"Male","Indigenous",3,5
2019,5,"Male","Indigenous",1,5
2019,6,"Male","Indigenous",3,5
2019,7,"Male","Indigenous",2,5
2019,8,"Male","Indigenous",3,5
2019,9,"Male","Indigenous",3,5
2019,10,"Male","Indigenous",2,5
2019,11,"Male","Indigenous",2,5
2019,12,"Male","Indigenous",2,5
2020,1,"Male","Indigenous",1,5
2020,2,"Male","Indigenous",1,5
2020,3,"Male","Indigenous",5,5
2020,4,"Male","Indigenous",4,5
2020,5,"Male","Indigenous",3,5
2020,7,"Male","Indigenous",3,5
2020,8,"Male","Indigenous",6,5
2020,9,"Male","Indigenous",2,5
2020,10,"Male","Indigenous",3,5
2020,11,"Male","Indigenous",8,5
2020,12,"Male","Indigenous",1,5
2010,8,"Male","Indigenous",2,10
2010,9,"Male","Indigenous",1,10
2010,11,"Male","Indigenous",1,10
2010,12,"Male","Indigenous",3,10
2011,1,"Male","Indigenous",4,10
2011,2,"Male","Indigenous",3,10
2011,3,"Male","Indigenous",3,10
2011,4,"Male","Indigenous",2,10
2011,6,"Male","Indigenous",4,10
2011,8,"Male","Indigenous",1,10
2011,9,"Male","Indigenous",3,10
2011,10,"Male","Indigenous",3,10
2011,11,"Male","Indigenous",1,10
2011,12,"Male","Indigenous",3,10
2012,1,"Male","Indigenous",8,10
2012,2,"Male","Indigenous",2,10
2012,3,"Male","Indigenous",1,10
2012,4,"Male","Indigenous",4,10
2012,5,"Male","Indigenous",3,10
2012,6,"Male","Indigenous",2,10
2012,7,"Male","Indigenous",2,10
2012,8,"Male","Indigenous",4,10
2012,9,"Male","Indigenous",5,10
2012,10,"Male","Indigenous",3,10
2012,11,"Male","Indigenous",1,10
2012,12,"Male","Indigenous",2,10
2013,1,"Male","Indigenous",5,10
2013,2,"Male","Indigenous",4,10
2013,3,"Male","Indigenous",3,10
2013,4,"Male","Indigenous",4,10
2013,6,"Male","Indigenous",2,10
2013,7,"Male","Indigenous",5,10
2013,8,"Male","Indigenous",2,10
2013,9,"Male","Indigenous",4,10
2013,10,"Male","Indigenous",2,10
2013,11,"Male","Indigenous",7,10
2013,12,"Male","Indigenous",5,10
2014,1,"Male","Indigenous",4,10
2014,3,"Male","Indigenous",4,10
2014,4,"Male","Indigenous",4,10
2014,5,"Male","Indigenous",2,10
2014,6,"Male","Indigenous",3,10
2014,7,"Male","Indigenous",2,10
2014,9,"Male","Indigenous",2,10
2014,10,"Male","Indigenous",3,10
2014,11,"Male","Indigenous",3,10
2014,12,"Male","Indigenous",4,10
2015,1,"Male","Indigenous",7,10
2015,2,"Male","Indigenous",5,10
2015,3,"Male","Indigenous",1,10
2015,4,"Male","Indigenous",8,10
2015,5,"Male","Indigenous",1,10
2015,6,"Male","Indigenous",1,10
2015,7,"Male","Indigenous",6,10
2015,8,"Male","Indigenous",1,10
2015,9,"Male","Indigenous",6,10
2015,10,"Male","Indigenous",4,10
2015,11,"Male","Indigenous",4,10
2015,12,"Male","Indigenous",4,10
2016,1,"Male","Indigenous",3,10
2016,2,"Male","Indigenous",4,10
2016,3,"Male","Indigenous",1,10
2016,4,"Male","Indigenous",1,10
2016,5,"Male","Indigenous",3,10
2016,6,"Male","Indigenous",2,10
2016,7,"Male","Indigenous",1,10
2016,8,"Male","Indigenous",1,10
2016,9,"Male","Indigenous",5,10
2016,10,"Male","Indigenous",3,10
2016,11,"Male","Indigenous",4,10
2016,12,"Male","Indigenous",3,10
2017,1,"Male","Indigenous",6,10
2017,2,"Male","Indigenous",4,10
2017,3,"Male","Indigenous",4,10
2017,4,"Male","Indigenous",5,10
2017,5,"Male","Indigenous",5,10
2017,6,"Male","Indigenous",6,10
2017,7,"Male","Indigenous",2,10
2017,8,"Male","Indigenous",3,10
2017,9,"Male","Indigenous",2,10
2017,10,"Male","Indigenous",2,10
2017,11,"Male","Indigenous",6,10
2017,12,"Male","Indigenous",3,10
2018,1,"Male","Indigenous",3,10
2018,2,"Male","Indigenous",2,10
2018,3,"Male","Indigenous",1,10
2018,4,"Male","Indigenous",3,10
2018,5,"Male","Indigenous",1,10
2018,6,"Male","Indigenous",5,10
2018,7,"Male","Indigenous",1,10
2018,8,"Male","Indigenous",6,10
2018,9,"Male","Indigenous",3,10
2018,10,"Male","Indigenous",5,10
2018,11,"Male","Indigenous",6,10
2018,12,"Male","Indigenous",3,10
2019,1,"Male","Indigenous",8,10
2019,2,"Male","Indigenous",2,10
2019,3,"Male","Indigenous",6,10
2019,4,"Male","Indigenous",4,10
2019,5,"Male","Indigenous",5,10
2019,7,"Male","Indigenous",5,10
2019,9,"Male","Indigenous",6,10
2019,10,"Male","Indigenous",2,10
2019,11,"Male","Indigenous",2,10
2019,12,"Male","Indigenous",3,10
2020,1,"Male","Indigenous",3,10
2020,2,"Male","Indigenous",2,10
2020,3,"Male","Indigenous",3,10
2020,5,"Male","Indigenous",3,10
2020,6,"Male","Indigenous",5,10
2020,7,"Male","Indigenous",3,10
2020,8,"Male","Indigenous",2,10
2020,9,"Male","Indigenous",5,10
2020,10,"Male","Indigenous",1,10
2020,11,"Male","Indigenous",3,10
2020,12,"Male","Indigenous",1,10
2010,8,"Male","Indigenous",6,15
2010,9,"Male","Indigenous",2,15
2010,10,"Male","Indigenous",4,15
2010,11,"Male","Indigenous",6,15
2010,12,"Male","Indigenous",6,15
2011,1,"Male","Indigenous",3,15
2011,2,"Male","Indigenous",5,15
2011,3,"Male","Indigenous",6,15
2011,4,"Male","Indigenous",2,15
2011,5,"Male","Indigenous",4,15
2011,6,"Male","Indigenous",4,15
2011,7,"Male","Indigenous",2,15
2011,8,"Male","Indigenous",9,15
2011,9,"Male","Indigenous",6,15
2011,10,"Male","Indigenous",2,15
2011,11,"Male","Indigenous",5,15
2011,12,"Male","Indigenous",3,15
2012,1,"Male","Indigenous",6,15
2012,2,"Male","Indigenous",5,15
2012,3,"Male","Indigenous",5,15
2012,4,"Male","Indigenous",8,15
2012,5,"Male","Indigenous",8,15
2012,6,"Male","Indigenous",2,15
2012,7,"Male","Indigenous",1,15
2012,8,"Male","Indigenous",8,15
2012,9,"Male","Indigenous",7,15
2012,10,"Male","Indigenous",3,15
2012,11,"Male","Indigenous",7,15
2012,12,"Male","Indigenous",7,15
2013,1,"Male","Indigenous",9,15
2013,2,"Male","Indigenous",10,15
2013,3,"Male","Indigenous",1,15
2013,4,"Male","Indigenous",8,15
2013,5,"Male","Indigenous",6,15
2013,6,"Male","Indigenous",8,15
2013,7,"Male","Indigenous",10,15
2013,8,"Male","Indigenous",7,15
2013,9,"Male","Indigenous",3,15
2013,10,"Male","Indigenous",11,15
2013,11,"Male","Indigenous",4,15
2013,12,"Male","Indigenous",11,15
2014,1,"Male","Indigenous",4,15
2014,2,"Male","Indigenous",5,15
2014,3,"Male","Indigenous",7,15
2014,4,"Male","Indigenous",8,15
2014,5,"Male","Indigenous",9,15
2014,6,"Male","Indigenous",7,15
2014,7,"Male","Indigenous",8,15
2014,8,"Male","Indigenous",7,15
2014,9,"Male","Indigenous",5,15
2014,10,"Male","Indigenous",10,15
2014,11,"Male","Indigenous",6,15
2014,12,"Male","Indigenous",5,15
2015,1,"Male","Indigenous",9,15
2015,2,"Male","Indigenous",7,15
2015,3,"Male","Indigenous",12,15
2015,4,"Male","Indigenous",5,15
2015,5,"Male","Indigenous",15,15
2015,6,"Male","Indigenous",11,15
2015,7,"Male","Indigenous",11,15
2015,8,"Male","Indigenous",9,15
2015,9,"Male","Indigenous",7,15
2015,10,"Male","Indigenous",6,15
2015,11,"Male","Indigenous",6,15
2015,12,"Male","Indigenous",9,15
2016,1,"Male","Indigenous",8,15
2016,2,"Male","Indigenous",12,15
2016,3,"Male","Indigenous",7,15
2016,4,"Male","Indigenous",13,15
2016,5,"Male","Indigenous",2,15
2016,6,"Male","Indigenous",4,15
2016,7,"Male","Indigenous",11,15
2016,8,"Male","Indigenous",9,15
2016,9,"Male","Indigenous",9,15
2016,10,"Male","Indigenous",8,15
2016,11,"Male","Indigenous",8,15
2016,12,"Male","Indigenous",12,15
2017,1,"Male","Indigenous",10,15
2017,2,"Male","Indigenous",11,15
2017,3,"Male","Indigenous",13,15
2017,4,"Male","Indigenous",6,15
2017,5,"Male","Indigenous",4,15
2017,6,"Male","Indigenous",5,15
2017,7,"Male","Indigenous",4,15
2017,8,"Male","Indigenous",7,15
2017,9,"Male","Indigenous",11,15
2017,10,"Male","Indigenous",12,15
2017,11,"Male","Indigenous",7,15
2017,12,"Male","Indigenous",8,15
2018,1,"Male","Indigenous",10,15
2018,2,"Male","Indigenous",9,15
2018,3,"Male","Indigenous",7,15
2018,4,"Male","Indigenous",6,15
2018,5,"Male","Indigenous",10,15
2018,6,"Male","Indigenous",5,15
2018,7,"Male","Indigenous",5,15
2018,8,"Male","Indigenous",7,15
2018,9,"Male","Indigenous",7,15
2018,10,"Male","Indigenous",11,15
2018,11,"Male","Indigenous",5,15
2018,12,"Male","Indigenous",13,15
2019,1,"Male","Indigenous",5,15
2019,2,"Male","Indigenous",8,15
2019,3,"Male","Indigenous",5,15
2019,4,"Male","Indigenous",8,15
2019,5,"Male","Indigenous",11,15
2019,6,"Male","Indigenous",6,15
2019,7,"Male","Indigenous",6,15
2019,8,"Male","Indigenous",11,15
2019,9,"Male","Indigenous",9,15
2019,10,"Male","Indigenous",8,15
2019,11,"Male","Indigenous",8,15
2019,12,"Male","Indigenous",10,15
2020,1,"Male","Indigenous",13,15
2020,2,"Male","Indigenous",6,15
2020,3,"Male","Indigenous",9,15
2020,4,"Male","Indigenous",9,15
2020,5,"Male","Indigenous",7,15
2020,6,"Male","Indigenous",6,15
2020,7,"Male","Indigenous",8,15
2020,8,"Male","Indigenous",13,15
2020,9,"Male","Indigenous",9,15
2020,10,"Male","Indigenous",5,15
2020,11,"Male","Indigenous",13,15
2020,12,"Male","Indigenous",9,15
2010,8,"Male","Indigenous",8,20
2010,9,"Male","Indigenous",7,20
2010,10,"Male","Indigenous",8,20
2010,11,"Male","Indigenous",6,20
2010,12,"Male","Indigenous",8,20
2011,1,"Male","Indigenous",6,20
2011,2,"Male","Indigenous",11,20
2011,3,"Male","Indigenous",6,20
2011,4,"Male","Indigenous",8,20
2011,5,"Male","Indigenous",7,20
2011,6,"Male","Indigenous",6,20
2011,7,"Male","Indigenous",5,20
2011,8,"Male","Indigenous",7,20
2011,9,"Male","Indigenous",6,20
2011,10,"Male","Indigenous",8,20
2011,11,"Male","Indigenous",2,20
2011,12,"Male","Indigenous",8,20
2012,1,"Male","Indigenous",7,20
2012,2,"Male","Indigenous",5,20
2012,3,"Male","Indigenous",7,20
2012,4,"Male","Indigenous",3,20
2012,5,"Male","Indigenous",6,20
2012,6,"Male","Indigenous",2,20
2012,7,"Male","Indigenous",4,20
2012,8,"Male","Indigenous",6,20
2012,9,"Male","Indigenous",4,20
2012,10,"Male","Indigenous",6,20
2012,11,"Male","Indigenous",4,20
2012,12,"Male","Indigenous",9,20
2013,1,"Male","Indigenous",11,20
2013,2,"Male","Indigenous",5,20
2013,3,"Male","Indigenous",3,20
2013,4,"Male","Indigenous",7,20
2013,5,"Male","Indigenous",4,20
2013,6,"Male","Indigenous",9,20
2013,7,"Male","Indigenous",11,20
2013,8,"Male","Indigenous",8,20
2013,9,"Male","Indigenous",5,20
2013,10,"Male","Indigenous",8,20
2013,11,"Male","Indigenous",9,20
2013,12,"Male","Indigenous",7,20
2014,1,"Male","Indigenous",5,20
2014,2,"Male","Indigenous",6,20
2014,3,"Male","Indigenous",12,20
2014,4,"Male","Indigenous",7,20
2014,5,"Male","Indigenous",10,20
2014,6,"Male","Indigenous",8,20
2014,7,"Male","Indigenous",9,20
2014,8,"Male","Indigenous",7,20
2014,9,"Male","Indigenous",8,20
2014,10,"Male","Indigenous",7,20
2014,11,"Male","Indigenous",9,20
2014,12,"Male","Indigenous",6,20
2015,1,"Male","Indigenous",7,20
2015,2,"Male","Indigenous",5,20
2015,3,"Male","Indigenous",11,20
2015,4,"Male","Indigenous",12,20
2015,5,"Male","Indigenous",9,20
2015,6,"Male","Indigenous",7,20
2015,7,"Male","Indigenous",8,20
2015,8,"Male","Indigenous",11,20
2015,9,"Male","Indigenous",8,20
2015,10,"Male","Indigenous",9,20
2015,11,"Male","Indigenous",4,20
2015,12,"Male","Indigenous",11,20
2016,1,"Male","Indigenous",5,20
2016,2,"Male","Indigenous",10,20
2016,3,"Male","Indigenous",7,20
2016,4,"Male","Indigenous",7,20
2016,5,"Male","Indigenous",5,20
2016,6,"Male","Indigenous",8,20
2016,7,"Male","Indigenous",7,20
2016,8,"Male","Indigenous",3,20
2016,9,"Male","Indigenous",4,20
2016,10,"Male","Indigenous",12,20
2016,11,"Male","Indigenous",9,20
2016,12,"Male","Indigenous",12,20
2017,1,"Male","Indigenous",11,20
2017,2,"Male","Indigenous",9,20
2017,3,"Male","Indigenous",18,20
2017,4,"Male","Indigenous",13,20
2017,5,"Male","Indigenous",6,20
2017,6,"Male","Indigenous",9,20
2017,7,"Male","Indigenous",11,20
2017,8,"Male","Indigenous",11,20
2017,9,"Male","Indigenous",12,20
2017,10,"Male","Indigenous",15,20
2017,11,"Male","Indigenous",5,20
2017,12,"Male","Indigenous",6,20
2018,1,"Male","Indigenous",9,20
2018,2,"Male","Indigenous",12,20
2018,3,"Male","Indigenous",12,20
2018,4,"Male","Indigenous",4,20
2018,5,"Male","Indigenous",5,20
2018,6,"Male","Indigenous",4,20
2018,7,"Male","Indigenous",11,20
2018,8,"Male","Indigenous",3,20
2018,9,"Male","Indigenous",12,20
2018,10,"Male","Indigenous",6,20
2018,11,"Male","Indigenous",7,20
2018,12,"Male","Indigenous",9,20
2019,1,"Male","Indigenous",7,20
2019,2,"Male","Indigenous",9,20
2019,3,"Male","Indigenous",14,20
2019,4,"Male","Indigenous",14,20
2019,5,"Male","Indigenous",14,20
2019,6,"Male","Indigenous",15,20
2019,7,"Male","Indigenous",7,20
2019,8,"Male","Indigenous",8,20
2019,9,"Male","Indigenous",8,20
2019,10,"Male","Indigenous",13,20
2019,11,"Male","Indigenous",7,20
2019,12,"Male","Indigenous",9,20
2020,1,"Male","Indigenous",9,20
2020,2,"Male","Indigenous",10,20
2020,3,"Male","Indigenous",6,20
2020,4,"Male","Indigenous",7,20
2020,5,"Male","Indigenous",7,20
2020,6,"Male","Indigenous",10,20
2020,7,"Male","Indigenous",8,20
2020,8,"Male","Indigenous",11,20
2020,9,"Male","Indigenous",13,20
2020,10,"Male","Indigenous",11,20
2020,11,"Male","Indigenous",8,20
2020,12,"Male","Indigenous",16,20
2010,8,"Male","Indigenous",7,25
2010,9,"Male","Indigenous",4,25
2010,10,"Male","Indigenous",5,25
2010,11,"Male","Indigenous",3,25
2010,12,"Male","Indigenous",6,25
2011,1,"Male","Indigenous",9,25
2011,2,"Male","Indigenous",3,25
2011,3,"Male","Indigenous",3,25
2011,4,"Male","Indigenous",7,25
2011,5,"Male","Indigenous",12,25
2011,6,"Male","Indigenous",11,25
2011,7,"Male","Indigenous",8,25
2011,8,"Male","Indigenous",12,25
2011,9,"Male","Indigenous",7,25
2011,10,"Male","Indigenous",5,25
2011,11,"Male","Indigenous",6,25
2011,12,"Male","Indigenous",12,25
2012,1,"Male","Indigenous",5,25
2012,2,"Male","Indigenous",8,25
2012,3,"Male","Indigenous",7,25
2012,4,"Male","Indigenous",7,25
2012,5,"Male","Indigenous",6,25
2012,6,"Male","Indigenous",10,25
2012,7,"Male","Indigenous",9,25
2012,8,"Male","Indigenous",6,25
2012,9,"Male","Indigenous",7,25
2012,10,"Male","Indigenous",3,25
2012,11,"Male","Indigenous",8,25
2012,12,"Male","Indigenous",5,25
2013,1,"Male","Indigenous",5,25
2013,2,"Male","Indigenous",4,25
2013,3,"Male","Indigenous",2,25
2013,4,"Male","Indigenous",5,25
2013,5,"Male","Indigenous",6,25
2013,6,"Male","Indigenous",6,25
2013,7,"Male","Indigenous",8,25
2013,8,"Male","Indigenous",9,25
2013,9,"Male","Indigenous",10,25
2013,10,"Male","Indigenous",7,25
2013,11,"Male","Indigenous",7,25
2013,12,"Male","Indigenous",5,25
2014,1,"Male","Indigenous",7,25
2014,2,"Male","Indigenous",9,25
2014,3,"Male","Indigenous",6,25
2014,4,"Male","Indigenous",7,25
2014,5,"Male","Indigenous",4,25
2014,6,"Male","Indigenous",8,25
2014,7,"Male","Indigenous",4,25
2014,8,"Male","Indigenous",5,25
2014,9,"Male","Indigenous",6,25
2014,10,"Male","Indigenous",4,25
2014,11,"Male","Indigenous",10,25
2014,12,"Male","Indigenous",9,25
2015,1,"Male","Indigenous",6,25
2015,2,"Male","Indigenous",1,25
2015,3,"Male","Indigenous",6,25
2015,4,"Male","Indigenous",3,25
2015,5,"Male","Indigenous",10,25
2015,6,"Male","Indigenous",7,25
2015,7,"Male","Indigenous",6,25
2015,8,"Male","Indigenous",6,25
2015,9,"Male","Indigenous",8,25
2015,10,"Male","Indigenous",6,25
2015,11,"Male","Indigenous",6,25
2015,12,"Male","Indigenous",8,25
2016,1,"Male","Indigenous",8,25
2016,2,"Male","Indigenous",8,25
2016,3,"Male","Indigenous",11,25
2016,4,"Male","Indigenous",8,25
2016,5,"Male","Indigenous",9,25
2016,6,"Male","Indigenous",4,25
2016,7,"Male","Indigenous",4,25
2016,8,"Male","Indigenous",6,25
2016,9,"Male","Indigenous",9,25
2016,10,"Male","Indigenous",4,25
2016,11,"Male","Indigenous",4,25
2016,12,"Male","Indigenous",8,25
2017,1,"Male","Indigenous",10,25
2017,2,"Male","Indigenous",3,25
2017,3,"Male","Indigenous",10,25
2017,4,"Male","Indigenous",7,25
2017,5,"Male","Indigenous",5,25
2017,6,"Male","Indigenous",6,25
2017,7,"Male","Indigenous",13,25
2017,8,"Male","Indigenous",8,25
2017,9,"Male","Indigenous",6,25
2017,10,"Male","Indigenous",4,25
2017,11,"Male","Indigenous",9,25
2017,12,"Male","Indigenous",12,25
2018,1,"Male","Indigenous",9,25
2018,2,"Male","Indigenous",7,25
2018,3,"Male","Indigenous",7,25
2018,4,"Male","Indigenous",3,25
2018,5,"Male","Indigenous",8,25
2018,6,"Male","Indigenous",9,25
2018,7,"Male","Indigenous",6,25
2018,8,"Male","Indigenous",7,25
2018,9,"Male","Indigenous",10,25
2018,10,"Male","Indigenous",6,25
2018,11,"Male","Indigenous",10,25
2018,12,"Male","Indigenous",6,25
2019,1,"Male","Indigenous",10,25
2019,2,"Male","Indigenous",5,25
2019,3,"Male","Indigenous",10,25
2019,4,"Male","Indigenous",10,25
2019,5,"Male","Indigenous",6,25
2019,6,"Male","Indigenous",5,25
2019,7,"Male","Indigenous",12,25
2019,8,"Male","Indigenous",8,25
2019,9,"Male","Indigenous",5,25
2019,10,"Male","Indigenous",5,25
2019,11,"Male","Indigenous",9,25
2019,12,"Male","Indigenous",12,25
2020,1,"Male","Indigenous",8,25
2020,2,"Male","Indigenous",5,25
2020,3,"Male","Indigenous",7,25
2020,4,"Male","Indigenous",8,25
2020,5,"Male","Indigenous",7,25
2020,6,"Male","Indigenous",2,25
2020,7,"Male","Indigenous",6,25
2020,8,"Male","Indigenous",9,25
2020,9,"Male","Indigenous",7,25
2020,10,"Male","Indigenous",8,25
2020,11,"Male","Indigenous",6,25
2020,12,"Male","Indigenous",9,25
2010,8,"Male","Indigenous",1,30
2010,9,"Male","Indigenous",5,30
2010,10,"Male","Indigenous",7,30
2010,11,"Male","Indigenous",11,30
2010,12,"Male","Indigenous",7,30
2011,1,"Male","Indigenous",5,30
2011,2,"Male","Indigenous",6,30
2011,3,"Male","Indigenous",5,30
2011,4,"Male","Indigenous",5,30
2011,5,"Male","Indigenous",5,30
2011,6,"Male","Indigenous",7,30
2011,7,"Male","Indigenous",5,30
2011,8,"Male","Indigenous",2,30
2011,9,"Male","Indigenous",11,30
2011,10,"Male","Indigenous",6,30
2011,11,"Male","Indigenous",5,30
2011,12,"Male","Indigenous",6,30
2012,1,"Male","Indigenous",8,30
2012,2,"Male","Indigenous",7,30
2012,3,"Male","Indigenous",2,30
2012,4,"Male","Indigenous",7,30
2012,5,"Male","Indigenous",9,30
2012,6,"Male","Indigenous",5,30
2012,7,"Male","Indigenous",3,30
2012,8,"Male","Indigenous",10,30
2012,9,"Male","Indigenous",2,30
2012,10,"Male","Indigenous",7,30
2012,11,"Male","Indigenous",5,30
2012,12,"Male","Indigenous",5,30
2013,1,"Male","Indigenous",4,30
2013,2,"Male","Indigenous",5,30
2013,3,"Male","Indigenous",4,30
2013,4,"Male","Indigenous",9,30
2013,5,"Male","Indigenous",6,30
2013,6,"Male","Indigenous",9,30
2013,7,"Male","Indigenous",10,30
2013,8,"Male","Indigenous",8,30
2013,9,"Male","Indigenous",2,30
2013,10,"Male","Indigenous",6,30
2013,11,"Male","Indigenous",7,30
2013,12,"Male","Indigenous",6,30
2014,1,"Male","Indigenous",2,30
2014,2,"Male","Indigenous",1,30
2014,3,"Male","Indigenous",5,30
2014,4,"Male","Indigenous",4,30
2014,5,"Male","Indigenous",2,30
2014,6,"Male","Indigenous",6,30
2014,7,"Male","Indigenous",5,30
2014,8,"Male","Indigenous",3,30
2014,9,"Male","Indigenous",5,30
2014,10,"Male","Indigenous",9,30
2014,11,"Male","Indigenous",5,30
2014,12,"Male","Indigenous",6,30
2015,1,"Male","Indigenous",7,30
2015,2,"Male","Indigenous",4,30
2015,3,"Male","Indigenous",10,30
2015,4,"Male","Indigenous",7,30
2015,5,"Male","Indigenous",3,30
2015,6,"Male","Indigenous",5,30
2015,7,"Male","Indigenous",9,30
2015,8,"Male","Indigenous",6,30
2015,9,"Male","Indigenous",4,30
2015,10,"Male","Indigenous",10,30
2015,11,"Male","Indigenous",5,30
2015,12,"Male","Indigenous",4,30
2016,1,"Male","Indigenous",5,30
2016,2,"Male","Indigenous",8,30
2016,3,"Male","Indigenous",8,30
2016,4,"Male","Indigenous",9,30
2016,5,"Male","Indigenous",9,30
2016,6,"Male","Indigenous",4,30
2016,7,"Male","Indigenous",7,30
2016,8,"Male","Indigenous",4,30
2016,9,"Male","Indigenous",7,30
2016,10,"Male","Indigenous",5,30
2016,11,"Male","Indigenous",7,30
2016,12,"Male","Indigenous",4,30
2017,1,"Male","Indigenous",5,30
2017,2,"Male","Indigenous",7,30
2017,3,"Male","Indigenous",9,30
2017,4,"Male","Indigenous",12,30
2017,5,"Male","Indigenous",12,30
2017,6,"Male","Indigenous",6,30
2017,7,"Male","Indigenous",5,30
2017,8,"Male","Indigenous",7,30
2017,9,"Male","Indigenous",6,30
2017,10,"Male","Indigenous",6,30
2017,11,"Male","Indigenous",4,30
2017,12,"Male","Indigenous",5,30
2018,1,"Male","Indigenous",13,30
2018,2,"Male","Indigenous",7,30
2018,3,"Male","Indigenous",11,30
2018,4,"Male","Indigenous",8,30
2018,5,"Male","Indigenous",8,30
2018,6,"Male","Indigenous",7,30
2018,7,"Male","Indigenous",8,30
2018,8,"Male","Indigenous",9,30
2018,9,"Male","Indigenous",8,30
2018,10,"Male","Indigenous",2,30
2018,11,"Male","Indigenous",7,30
2018,12,"Male","Indigenous",11,30
2019,1,"Male","Indigenous",4,30
2019,2,"Male","Indigenous",8,30
2019,3,"Male","Indigenous",9,30
2019,4,"Male","Indigenous",10,30
2019,5,"Male","Indigenous",6,30
2019,6,"Male","Indigenous",5,30
2019,7,"Male","Indigenous",3,30
2019,8,"Male","Indigenous",10,30
2019,9,"Male","Indigenous",5,30
2019,10,"Male","Indigenous",7,30
2019,11,"Male","Indigenous",13,30
2019,12,"Male","Indigenous",7,30
2020,1,"Male","Indigenous",2,30
2020,2,"Male","Indigenous",6,30
2020,3,"Male","Indigenous",13,30
2020,4,"Male","Indigenous",6,30
2020,5,"Male","Indigenous",9,30
2020,6,"Male","Indigenous",11,30
2020,7,"Male","Indigenous",4,30
2020,8,"Male","Indigenous",5,30
2020,9,"Male","Indigenous",10,30
2020,10,"Male","Indigenous",6,30
2020,11,"Male","Indigenous",9,30
2020,12,"Male","Indigenous",16,30
2010,8,"Male","Indigenous",4,35
2010,9,"Male","Indigenous",7,35
2010,10,"Male","Indigenous",7,35
2010,11,"Male","Indigenous",5,35
2010,12,"Male","Indigenous",4,35
2011,1,"Male","Indigenous",5,35
2011,2,"Male","Indigenous",5,35
2011,3,"Male","Indigenous",3,35
2011,4,"Male","Indigenous",5,35
2011,5,"Male","Indigenous",3,35
2011,6,"Male","Indigenous",3,35
2011,7,"Male","Indigenous",4,35
2011,8,"Male","Indigenous",2,35
2011,9,"Male","Indigenous",4,35
2011,10,"Male","Indigenous",8,35
2011,11,"Male","Indigenous",4,35
2011,12,"Male","Indigenous",6,35
2012,1,"Male","Indigenous",8,35
2012,2,"Male","Indigenous",4,35
2012,3,"Male","Indigenous",7,35
2012,4,"Male","Indigenous",3,35
2012,5,"Male","Indigenous",5,35
2012,6,"Male","Indigenous",7,35
2012,7,"Male","Indigenous",5,35
2012,8,"Male","Indigenous",5,35
2012,9,"Male","Indigenous",10,35
2012,10,"Male","Indigenous",12,35
2012,11,"Male","Indigenous",7,35
2012,12,"Male","Indigenous",2,35
2013,1,"Male","Indigenous",3,35
2013,2,"Male","Indigenous",4,35
2013,3,"Male","Indigenous",7,35
2013,4,"Male","Indigenous",10,35
2013,5,"Male","Indigenous",8,35
2013,6,"Male","Indigenous",8,35
2013,7,"Male","Indigenous",4,35
2013,8,"Male","Indigenous",5,35
2013,9,"Male","Indigenous",5,35
2013,10,"Male","Indigenous",13,35
2013,11,"Male","Indigenous",4,35
2013,12,"Male","Indigenous",8,35
2014,1,"Male","Indigenous",4,35
2014,2,"Male","Indigenous",7,35
2014,3,"Male","Indigenous",5,35
2014,4,"Male","Indigenous",6,35
2014,5,"Male","Indigenous",5,35
2014,6,"Male","Indigenous",9,35
2014,7,"Male","Indigenous",3,35
2014,8,"Male","Indigenous",10,35
2014,9,"Male","Indigenous",5,35
2014,10,"Male","Indigenous",4,35
2014,11,"Male","Indigenous",4,35
2014,12,"Male","Indigenous",9,35
2015,1,"Male","Indigenous",4,35
2015,2,"Male","Indigenous",5,35
2015,3,"Male","Indigenous",12,35
2015,4,"Male","Indigenous",3,35
2015,5,"Male","Indigenous",9,35
2015,6,"Male","Indigenous",5,35
2015,7,"Male","Indigenous",5,35
2015,8,"Male","Indigenous",6,35
2015,9,"Male","Indigenous",9,35
2015,10,"Male","Indigenous",12,35
2015,11,"Male","Indigenous",6,35
2015,12,"Male","Indigenous",11,35
2016,1,"Male","Indigenous",7,35
2016,2,"Male","Indigenous",5,35
2016,3,"Male","Indigenous",6,35
2016,4,"Male","Indigenous",9,35
2016,5,"Male","Indigenous",3,35
2016,6,"Male","Indigenous",10,35
2016,7,"Male","Indigenous",12,35
2016,8,"Male","Indigenous",9,35
2016,9,"Male","Indigenous",6,35
2016,10,"Male","Indigenous",6,35
2016,11,"Male","Indigenous",5,35
2016,12,"Male","Indigenous",6,35
2017,1,"Male","Indigenous",8,35
2017,2,"Male","Indigenous",5,35
2017,3,"Male","Indigenous",6,35
2017,4,"Male","Indigenous",8,35
2017,5,"Male","Indigenous",9,35
2017,6,"Male","Indigenous",6,35
2017,7,"Male","Indigenous",6,35
2017,8,"Male","Indigenous",8,35
2017,9,"Male","Indigenous",8,35
2017,10,"Male","Indigenous",6,35
2017,11,"Male","Indigenous",6,35
2017,12,"Male","Indigenous",6,35
2018,1,"Male","Indigenous",11,35
2018,2,"Male","Indigenous",11,35
2018,3,"Male","Indigenous",9,35
2018,4,"Male","Indigenous",4,35
2018,5,"Male","Indigenous",9,35
2018,6,"Male","Indigenous",4,35
2018,7,"Male","Indigenous",5,35
2018,8,"Male","Indigenous",11,35
2018,9,"Male","Indigenous",5,35
2018,10,"Male","Indigenous",8,35
2018,11,"Male","Indigenous",6,35
2018,12,"Male","Indigenous",4,35
2019,1,"Male","Indigenous",7,35
2019,2,"Male","Indigenous",5,35
2019,3,"Male","Indigenous",4,35
2019,4,"Male","Indigenous",4,35
2019,5,"Male","Indigenous",5,35
2019,6,"Male","Indigenous",10,35
2019,7,"Male","Indigenous",13,35
2019,8,"Male","Indigenous",14,35
2019,9,"Male","Indigenous",6,35
2019,10,"Male","Indigenous",9,35
2019,11,"Male","Indigenous",6,35
2019,12,"Male","Indigenous",4,35
2020,1,"Male","Indigenous",7,35
2020,2,"Male","Indigenous",6,35
2020,3,"Male","Indigenous",6,35
2020,4,"Male","Indigenous",8,35
2020,5,"Male","Indigenous",11,35
2020,6,"Male","Indigenous",13,35
2020,7,"Male","Indigenous",2,35
2020,8,"Male","Indigenous",6,35
2020,9,"Male","Indigenous",8,35
2020,10,"Male","Indigenous",9,35
2020,11,"Male","Indigenous",11,35
2020,12,"Male","Indigenous",3,35
2010,8,"Male","Indigenous",2,40
2010,9,"Male","Indigenous",6,40
2010,10,"Male","Indigenous",6,40
2010,11,"Male","Indigenous",6,40
2010,12,"Male","Indigenous",5,40
2011,1,"Male","Indigenous",7,40
2011,2,"Male","Indigenous",8,40
2011,3,"Male","Indigenous",2,40
2011,4,"Male","Indigenous",7,40
2011,5,"Male","Indigenous",9,40
2011,6,"Male","Indigenous",7,40
2011,7,"Male","Indigenous",12,40
2011,8,"Male","Indigenous",10,40
2011,9,"Male","Indigenous",5,40
2011,10,"Male","Indigenous",8,40
2011,11,"Male","Indigenous",7,40
2011,12,"Male","Indigenous",5,40
2012,1,"Male","Indigenous",5,40
2012,2,"Male","Indigenous",8,40
2012,3,"Male","Indigenous",4,40
2012,4,"Male","Indigenous",4,40
2012,5,"Male","Indigenous",8,40
2012,6,"Male","Indigenous",4,40
2012,7,"Male","Indigenous",5,40
2012,8,"Male","Indigenous",4,40
2012,9,"Male","Indigenous",10,40
2012,10,"Male","Indigenous",8,40
2012,11,"Male","Indigenous",7,40
2012,12,"Male","Indigenous",5,40
2013,1,"Male","Indigenous",10,40
2013,2,"Male","Indigenous",6,40
2013,3,"Male","Indigenous",5,40
2013,4,"Male","Indigenous",6,40
2013,5,"Male","Indigenous",9,40
2013,6,"Male","Indigenous",7,40
2013,7,"Male","Indigenous",3,40
2013,8,"Male","Indigenous",5,40
2013,9,"Male","Indigenous",8,40
2013,10,"Male","Indigenous",6,40
2013,11,"Male","Indigenous",6,40
2013,12,"Male","Indigenous",8,40
2014,1,"Male","Indigenous",3,40
2014,2,"Male","Indigenous",13,40
2014,3,"Male","Indigenous",12,40
2014,4,"Male","Indigenous",5,40
2014,5,"Male","Indigenous",7,40
2014,6,"Male","Indigenous",6,40
2014,7,"Male","Indigenous",8,40
2014,8,"Male","Indigenous",5,40
2014,9,"Male","Indigenous",6,40
2014,10,"Male","Indigenous",2,40
2014,11,"Male","Indigenous",4,40
2014,12,"Male","Indigenous",10,40
2015,1,"Male","Indigenous",3,40
2015,2,"Male","Indigenous",4,40
2015,3,"Male","Indigenous",4,40
2015,4,"Male","Indigenous",4,40
2015,5,"Male","Indigenous",7,40
2015,6,"Male","Indigenous",8,40
2015,8,"Male","Indigenous",4,40
2015,9,"Male","Indigenous",6,40
2015,10,"Male","Indigenous",4,40
2015,11,"Male","Indigenous",4,40
2015,12,"Male","Indigenous",7,40
2016,1,"Male","Indigenous",9,40
2016,2,"Male","Indigenous",8,40
2016,3,"Male","Indigenous",7,40
2016,4,"Male","Indigenous",5,40
2016,5,"Male","Indigenous",12,40
2016,6,"Male","Indigenous",8,40
2016,7,"Male","Indigenous",4,40
2016,8,"Male","Indigenous",6,40
2016,9,"Male","Indigenous",5,40
2016,10,"Male","Indigenous",8,40
2016,11,"Male","Indigenous",7,40
2016,12,"Male","Indigenous",7,40
2017,1,"Male","Indigenous",8,40
2017,2,"Male","Indigenous",10,40
2017,3,"Male","Indigenous",10,40
2017,4,"Male","Indigenous",4,40
2017,5,"Male","Indigenous",8,40
2017,6,"Male","Indigenous",5,40
2017,7,"Male","Indigenous",9,40
2017,8,"Male","Indigenous",4,40
2017,9,"Male","Indigenous",8,40
2017,10,"Male","Indigenous",2,40
2017,11,"Male","Indigenous",4,40
2017,12,"Male","Indigenous",7,40
2018,1,"Male","Indigenous",9,40
2018,2,"Male","Indigenous",7,40
2018,3,"Male","Indigenous",6,40
2018,4,"Male","Indigenous",5,40
2018,5,"Male","Indigenous",10,40
2018,6,"Male","Indigenous",3,40
2018,7,"Male","Indigenous",6,40
2018,8,"Male","Indigenous",4,40
2018,9,"Male","Indigenous",9,40
2018,10,"Male","Indigenous",8,40
2018,11,"Male","Indigenous",7,40
2018,12,"Male","Indigenous",5,40
2019,1,"Male","Indigenous",6,40
2019,2,"Male","Indigenous",3,40
2019,3,"Male","Indigenous",11,40
2019,4,"Male","Indigenous",4,40
2019,5,"Male","Indigenous",6,40
2019,6,"Male","Indigenous",9,40
2019,7,"Male","Indigenous",6,40
2019,8,"Male","Indigenous",8,40
2019,9,"Male","Indigenous",4,40
2019,10,"Male","Indigenous",9,40
2019,11,"Male","Indigenous",5,40
2019,12,"Male","Indigenous",13,40
2020,1,"Male","Indigenous",5,40
2020,2,"Male","Indigenous",4,40
2020,3,"Male","Indigenous",7,40
2020,4,"Male","Indigenous",12,40
2020,5,"Male","Indigenous",13,40
2020,6,"Male","Indigenous",16,40
2020,7,"Male","Indigenous",15,40
2020,8,"Male","Indigenous",17,40
2020,9,"Male","Indigenous",3,40
2020,10,"Male","Indigenous",9,40
2020,11,"Male","Indigenous",9,40
2020,12,"Male","Indigenous",13,40
2010,8,"Male","Indigenous",4,45
2010,9,"Male","Indigenous",5,45
2010,10,"Male","Indigenous",6,45
2010,11,"Male","Indigenous",4,45
2010,12,"Male","Indigenous",9,45
2011,1,"Male","Indigenous",4,45
2011,2,"Male","Indigenous",3,45
2011,3,"Male","Indigenous",5,45
2011,4,"Male","Indigenous",5,45
2011,5,"Male","Indigenous",10,45
2011,6,"Male","Indigenous",5,45
2011,7,"Male","Indigenous",7,45
2011,8,"Male","Indigenous",5,45
2011,9,"Male","Indigenous",8,45
2011,10,"Male","Indigenous",5,45
2011,11,"Male","Indigenous",7,45
2011,12,"Male","Indigenous",5,45
2012,1,"Male","Indigenous",4,45
2012,2,"Male","Indigenous",6,45
2012,3,"Male","Indigenous",13,45
2012,4,"Male","Indigenous",8,45
2012,5,"Male","Indigenous",1,45
2012,6,"Male","Indigenous",9,45
2012,7,"Male","Indigenous",7,45
2012,8,"Male","Indigenous",7,45
2012,9,"Male","Indigenous",8,45
2012,10,"Male","Indigenous",11,45
2012,11,"Male","Indigenous",6,45
2012,12,"Male","Indigenous",8,45
2013,1,"Male","Indigenous",4,45
2013,2,"Male","Indigenous",4,45
2013,3,"Male","Indigenous",8,45
2013,4,"Male","Indigenous",6,45
2013,5,"Male","Indigenous",10,45
2013,6,"Male","Indigenous",8,45
2013,7,"Male","Indigenous",10,45
2013,8,"Male","Indigenous",6,45
2013,9,"Male","Indigenous",7,45
2013,10,"Male","Indigenous",6,45
2013,11,"Male","Indigenous",6,45
2013,12,"Male","Indigenous",5,45
2014,1,"Male","Indigenous",5,45
2014,2,"Male","Indigenous",3,45
2014,3,"Male","Indigenous",5,45
2014,4,"Male","Indigenous",9,45
2014,5,"Male","Indigenous",2,45
2014,6,"Male","Indigenous",5,45
2014,7,"Male","Indigenous",8,45
2014,8,"Male","Indigenous",6,45
2014,9,"Male","Indigenous",5,45
2014,10,"Male","Indigenous",5,45
2014,11,"Male","Indigenous",3,45
2014,12,"Male","Indigenous",6,45
2015,1,"Male","Indigenous",9,45
2015,2,"Male","Indigenous",2,45
2015,3,"Male","Indigenous",5,45
2015,4,"Male","Indigenous",5,45
2015,5,"Male","Indigenous",7,45
2015,6,"Male","Indigenous",7,45
2015,7,"Male","Indigenous",9,45
2015,8,"Male","Indigenous",4,45
2015,9,"Male","Indigenous",6,45
2015,10,"Male","Indigenous",5,45
2015,11,"Male","Indigenous",3,45
2015,12,"Male","Indigenous",5,45
2016,1,"Male","Indigenous",5,45
2016,2,"Male","Indigenous",5,45
2016,3,"Male","Indigenous",1,45
2016,4,"Male","Indigenous",4,45
2016,5,"Male","Indigenous",5,45
2016,6,"Male","Indigenous",4,45
2016,7,"Male","Indigenous",4,45
2016,8,"Male","Indigenous",5,45
2016,9,"Male","Indigenous",5,45
2016,10,"Male","Indigenous",5,45
2016,11,"Male","Indigenous",2,45
2016,12,"Male","Indigenous",10,45
2017,1,"Male","Indigenous",8,45
2017,2,"Male","Indigenous",8,45
2017,3,"Male","Indigenous",4,45
2017,4,"Male","Indigenous",12,45
2017,5,"Male","Indigenous",6,45
2017,6,"Male","Indigenous",7,45
2017,7,"Male","Indigenous",7,45
2017,8,"Male","Indigenous",7,45
2017,9,"Male","Indigenous",8,45
2017,10,"Male","Indigenous",2,45
2017,11,"Male","Indigenous",5,45
2017,12,"Male","Indigenous",10,45
2018,1,"Male","Indigenous",9,45
2018,2,"Male","Indigenous",6,45
2018,3,"Male","Indigenous",4,45
2018,4,"Male","Indigenous",5,45
2018,5,"Male","Indigenous",9,45
2018,6,"Male","Indigenous",10,45
2018,7,"Male","Indigenous",7,45
2018,8,"Male","Indigenous",12,45
2018,9,"Male","Indigenous",13,45
2018,10,"Male","Indigenous",7,45
2018,11,"Male","Indigenous",8,45
2018,12,"Male","Indigenous",10,45
2019,1,"Male","Indigenous",5,45
2019,2,"Male","Indigenous",4,45
2019,3,"Male","Indigenous",11,45
2019,4,"Male","Indigenous",7,45
2019,5,"Male","Indigenous",8,45
2019,6,"Male","Indigenous",9,45
2019,7,"Male","Indigenous",7,45
2019,8,"Male","Indigenous",10,45
2019,9,"Male","Indigenous",8,45
2019,10,"Male","Indigenous",5,45
2019,11,"Male","Indigenous",7,45
2019,12,"Male","Indigenous",11,45
2020,1,"Male","Indigenous",7,45
2020,2,"Male","Indigenous",10,45
2020,3,"Male","Indigenous",7,45
2020,4,"Male","Indigenous",20,45
2020,5,"Male","Indigenous",16,45
2020,6,"Male","Indigenous",11,45
2020,7,"Male","Indigenous",11,45
2020,8,"Male","Indigenous",11,45
2020,9,"Male","Indigenous",11,45
2020,10,"Male","Indigenous",16,45
2020,11,"Male","Indigenous",9,45
2020,12,"Male","Indigenous",15,45
2010,8,"Male","Indigenous",7,50
2010,9,"Male","Indigenous",6,50
2010,10,"Male","Indigenous",7,50
2010,11,"Male","Indigenous",6,50
2010,12,"Male","Indigenous",7,50
2011,1,"Male","Indigenous",3,50
2011,2,"Male","Indigenous",4,50
2011,3,"Male","Indigenous",7,50
2011,4,"Male","Indigenous",4,50
2011,5,"Male","Indigenous",5,50
2011,6,"Male","Indigenous",5,50
2011,7,"Male","Indigenous",7,50
2011,8,"Male","Indigenous",8,50
2011,9,"Male","Indigenous",2,50
2011,10,"Male","Indigenous",4,50
2011,11,"Male","Indigenous",8,50
2011,12,"Male","Indigenous",6,50
2012,1,"Male","Indigenous",5,50
2012,2,"Male","Indigenous",6,50
2012,3,"Male","Indigenous",6,50
2012,4,"Male","Indigenous",6,50
2012,5,"Male","Indigenous",3,50
2012,6,"Male","Indigenous",8,50
2012,7,"Male","Indigenous",7,50
2012,8,"Male","Indigenous",8,50
2012,9,"Male","Indigenous",7,50
2012,10,"Male","Indigenous",11,50
2012,11,"Male","Indigenous",12,50
2012,12,"Male","Indigenous",6,50
2013,1,"Male","Indigenous",6,50
2013,2,"Male","Indigenous",7,50
2013,3,"Male","Indigenous",12,50
2013,4,"Male","Indigenous",8,50
2013,5,"Male","Indigenous",7,50
2013,6,"Male","Indigenous",6,50
2013,7,"Male","Indigenous",8,50
2013,8,"Male","Indigenous",6,50
2013,9,"Male","Indigenous",6,50
2013,10,"Male","Indigenous",5,50
2013,11,"Male","Indigenous",2,50
2013,12,"Male","Indigenous",11,50
2014,1,"Male","Indigenous",14,50
2014,2,"Male","Indigenous",5,50
2014,3,"Male","Indigenous",15,50
2014,4,"Male","Indigenous",8,50
2014,5,"Male","Indigenous",10,50
2014,6,"Male","Indigenous",6,50
2014,7,"Male","Indigenous",7,50
2014,8,"Male","Indigenous",5,50
2014,9,"Male","Indigenous",4,50
2014,10,"Male","Indigenous",5,50
2014,11,"Male","Indigenous",4,50
2014,12,"Male","Indigenous",7,50
2015,1,"Male","Indigenous",9,50
2015,2,"Male","Indigenous",4,50
2015,3,"Male","Indigenous",4,50
2015,4,"Male","Indigenous",4,50
2015,5,"Male","Indigenous",11,50
2015,6,"Male","Indigenous",6,50
2015,7,"Male","Indigenous",6,50
2015,8,"Male","Indigenous",9,50
2015,9,"Male","Indigenous",11,50
2015,10,"Male","Indigenous",8,50
2015,11,"Male","Indigenous",7,50
2015,12,"Male","Indigenous",9,50
2016,1,"Male","Indigenous",7,50
2016,2,"Male","Indigenous",7,50
2016,3,"Male","Indigenous",7,50
2016,4,"Male","Indigenous",6,50
2016,5,"Male","Indigenous",9,50
2016,6,"Male","Indigenous",6,50
2016,7,"Male","Indigenous",5,50
2016,8,"Male","Indigenous",5,50
2016,9,"Male","Indigenous",4,50
2016,10,"Male","Indigenous",7,50
2016,11,"Male","Indigenous",2,50
2016,12,"Male","Indigenous",3,50
2017,1,"Male","Indigenous",8,50
2017,2,"Male","Indigenous",3,50
2017,3,"Male","Indigenous",8,50
2017,4,"Male","Indigenous",2,50
2017,5,"Male","Indigenous",10,50
2017,6,"Male","Indigenous",7,50
2017,7,"Male","Indigenous",6,50
2017,8,"Male","Indigenous",4,50
2017,9,"Male","Indigenous",4,50
2017,10,"Male","Indigenous",8,50
2017,11,"Male","Indigenous",6,50
2017,12,"Male","Indigenous",7,50
2018,1,"Male","Indigenous",13,50
2018,2,"Male","Indigenous",8,50
2018,3,"Male","Indigenous",11,50
2018,4,"Male","Indigenous",10,50
2018,5,"Male","Indigenous",11,50
2018,6,"Male","Indigenous",19,50
2018,7,"Male","Indigenous",12,50
2018,8,"Male","Indigenous",11,50
2018,9,"Male","Indigenous",10,50
2018,10,"Male","Indigenous",11,50
2018,11,"Male","Indigenous",6,50
2018,12,"Male","Indigenous",9,50
2019,1,"Male","Indigenous",6,50
2019,2,"Male","Indigenous",12,50
2019,3,"Male","Indigenous",6,50
2019,4,"Male","Indigenous",4,50
2019,5,"Male","Indigenous",7,50
2019,6,"Male","Indigenous",6,50
2019,7,"Male","Indigenous",6,50
2019,8,"Male","Indigenous",8,50
2019,9,"Male","Indigenous",5,50
2019,10,"Male","Indigenous",7,50
2019,11,"Male","Indigenous",11,50
2019,12,"Male","Indigenous",9,50
2020,1,"Male","Indigenous",9,50
2020,2,"Male","Indigenous",9,50
2020,3,"Male","Indigenous",10,50
2020,4,"Male","Indigenous",10,50
2020,5,"Male","Indigenous",14,50
2020,6,"Male","Indigenous",14,50
2020,7,"Male","Indigenous",16,50
2020,8,"Male","Indigenous",18,50
2020,9,"Male","Indigenous",11,50
2020,10,"Male","Indigenous",12,50
2020,11,"Male","Indigenous",12,50
2020,12,"Male","Indigenous",13,50
2010,8,"Male","Indigenous",2,55
2010,9,"Male","Indigenous",8,55
2010,10,"Male","Indigenous",5,55
2010,11,"Male","Indigenous",2,55
2010,12,"Male","Indigenous",3,55
2011,1,"Male","Indigenous",4,55
2011,2,"Male","Indigenous",2,55
2011,3,"Male","Indigenous",2,55
2011,4,"Male","Indigenous",3,55
2011,5,"Male","Indigenous",6,55
2011,6,"Male","Indigenous",3,55
2011,7,"Male","Indigenous",3,55
2011,8,"Male","Indigenous",10,55
2011,9,"Male","Indigenous",3,55
2011,10,"Male","Indigenous",6,55
2011,11,"Male","Indigenous",5,55
2011,12,"Male","Indigenous",7,55
2012,1,"Male","Indigenous",7,55
2012,2,"Male","Indigenous",5,55
2012,3,"Male","Indigenous",5,55
2012,5,"Male","Indigenous",6,55
2012,6,"Male","Indigenous",5,55
2012,7,"Male","Indigenous",5,55
2012,8,"Male","Indigenous",10,55
2012,9,"Male","Indigenous",8,55
2012,10,"Male","Indigenous",6,55
2012,11,"Male","Indigenous",5,55
2012,12,"Male","Indigenous",12,55
2013,1,"Male","Indigenous",5,55
2013,2,"Male","Indigenous",6,55
2013,3,"Male","Indigenous",5,55
2013,4,"Male","Indigenous",6,55
2013,5,"Male","Indigenous",11,55
2013,6,"Male","Indigenous",2,55
2013,7,"Male","Indigenous",8,55
2013,8,"Male","Indigenous",1,55
2013,9,"Male","Indigenous",5,55
2013,10,"Male","Indigenous",5,55
2013,11,"Male","Indigenous",3,55
2013,12,"Male","Indigenous",6,55
2014,1,"Male","Indigenous",10,55
2014,2,"Male","Indigenous",7,55
2014,4,"Male","Indigenous",4,55
2014,5,"Male","Indigenous",11,55
2014,6,"Male","Indigenous",8,55
2014,7,"Male","Indigenous",2,55
2014,8,"Male","Indigenous",9,55
2014,9,"Male","Indigenous",5,55
2014,10,"Male","Indigenous",11,55
2014,11,"Male","Indigenous",5,55
2014,12,"Male","Indigenous",10,55
2015,1,"Male","Indigenous",10,55
2015,2,"Male","Indigenous",5,55
2015,3,"Male","Indigenous",11,55
2015,4,"Male","Indigenous",6,55
2015,5,"Male","Indigenous",6,55
2015,6,"Male","Indigenous",8,55
2015,7,"Male","Indigenous",7,55
2015,8,"Male","Indigenous",11,55
2015,9,"Male","Indigenous",11,55
2015,10,"Male","Indigenous",3,55
2015,11,"Male","Indigenous",5,55
2015,12,"Male","Indigenous",6,55
2016,1,"Male","Indigenous",11,55
2016,2,"Male","Indigenous",11,55
2016,3,"Male","Indigenous",5,55
2016,4,"Male","Indigenous",6,55
2016,5,"Male","Indigenous",8,55
2016,6,"Male","Indigenous",10,55
2016,7,"Male","Indigenous",5,55
2016,8,"Male","Indigenous",8,55
2016,9,"Male","Indigenous",6,55
2016,10,"Male","Indigenous",7,55
2016,11,"Male","Indigenous",11,55
2016,12,"Male","Indigenous",5,55
2017,1,"Male","Indigenous",5,55
2017,2,"Male","Indigenous",4,55
2017,3,"Male","Indigenous",5,55
2017,4,"Male","Indigenous",5,55
2017,5,"Male","Indigenous",11,55
2017,6,"Male","Indigenous",11,55
2017,7,"Male","Indigenous",10,55
2017,8,"Male","Indigenous",11,55
2017,9,"Male","Indigenous",10,55
2017,10,"Male","Indigenous",12,55
2017,11,"Male","Indigenous",5,55
2017,12,"Male","Indigenous",8,55
2018,1,"Male","Indigenous",6,55
2018,2,"Male","Indigenous",4,55
2018,3,"Male","Indigenous",6,55
2018,4,"Male","Indigenous",11,55
2018,5,"Male","Indigenous",7,55
2018,6,"Male","Indigenous",8,55
2018,7,"Male","Indigenous",9,55
2018,8,"Male","Indigenous",8,55
2018,9,"Male","Indigenous",10,55
2018,10,"Male","Indigenous",11,55
2018,11,"Male","Indigenous",11,55
2018,12,"Male","Indigenous",13,55
2019,1,"Male","Indigenous",11,55
2019,2,"Male","Indigenous",8,55
2019,3,"Male","Indigenous",9,55
2019,4,"Male","Indigenous",10,55
2019,5,"Male","Indigenous",10,55
2019,6,"Male","Indigenous",3,55
2019,7,"Male","Indigenous",13,55
2019,8,"Male","Indigenous",5,55
2019,9,"Male","Indigenous",9,55
2019,10,"Male","Indigenous",6,55
2019,11,"Male","Indigenous",7,55
2019,12,"Male","Indigenous",8,55
2020,1,"Male","Indigenous",8,55
2020,2,"Male","Indigenous",5,55
2020,3,"Male","Indigenous",5,55
2020,4,"Male","Indigenous",7,55
2020,5,"Male","Indigenous",18,55
2020,6,"Male","Indigenous",25,55
2020,7,"Male","Indigenous",16,55
2020,8,"Male","Indigenous",17,55
2020,9,"Male","Indigenous",15,55
2020,10,"Male","Indigenous",13,55
2020,11,"Male","Indigenous",14,55
2020,12,"Male","Indigenous",7,55
2010,8,"Male","Indigenous",7,60
2010,9,"Male","Indigenous",6,60
2010,10,"Male","Indigenous",6,60
2010,11,"Male","Indigenous",6,60
2010,12,"Male","Indigenous",7,60
2011,1,"Male","Indigenous",5,60
2011,2,"Male","Indigenous",7,60
2011,3,"Male","Indigenous",5,60
2011,4,"Male","Indigenous",2,60
2011,5,"Male","Indigenous",12,60
2011,6,"Male","Indigenous",9,60
2011,7,"Male","Indigenous",5,60
2011,8,"Male","Indigenous",5,60
2011,9,"Male","Indigenous",5,60
2011,10,"Male","Indigenous",6,60
2011,11,"Male","Indigenous",8,60
2011,12,"Male","Indigenous",7,60
2012,1,"Male","Indigenous",7,60
2012,2,"Male","Indigenous",5,60
2012,3,"Male","Indigenous",5,60
2012,4,"Male","Indigenous",8,60
2012,5,"Male","Indigenous",8,60
2012,6,"Male","Indigenous",19,60
2012,7,"Male","Indigenous",10,60
2012,8,"Male","Indigenous",6,60
2012,9,"Male","Indigenous",9,60
2012,10,"Male","Indigenous",10,60
2012,11,"Male","Indigenous",6,60
2012,12,"Male","Indigenous",6,60
2013,1,"Male","Indigenous",4,60
2013,2,"Male","Indigenous",6,60
2013,3,"Male","Indigenous",7,60
2013,4,"Male","Indigenous",10,60
2013,5,"Male","Indigenous",7,60
2013,6,"Male","Indigenous",9,60
2013,7,"Male","Indigenous",8,60
2013,8,"Male","Indigenous",5,60
2013,9,"Male","Indigenous",7,60
2013,10,"Male","Indigenous",8,60
2013,11,"Male","Indigenous",5,60
2013,12,"Male","Indigenous",8,60
2014,1,"Male","Indigenous",4,60
2014,2,"Male","Indigenous",6,60
2014,3,"Male","Indigenous",10,60
2014,4,"Male","Indigenous",10,60
2014,5,"Male","Indigenous",12,60
2014,6,"Male","Indigenous",9,60
2014,7,"Male","Indigenous",10,60
2014,8,"Male","Indigenous",12,60
2014,9,"Male","Indigenous",10,60
2014,10,"Male","Indigenous",6,60
2014,11,"Male","Indigenous",8,60
2014,12,"Male","Indigenous",9,60
2015,1,"Male","Indigenous",4,60
2015,2,"Male","Indigenous",7,60
2015,3,"Male","Indigenous",10,60
2015,4,"Male","Indigenous",7,60
2015,5,"Male","Indigenous",6,60
2015,6,"Male","Indigenous",7,60
2015,7,"Male","Indigenous",2,60
2015,8,"Male","Indigenous",7,60
2015,9,"Male","Indigenous",14,60
2015,10,"Male","Indigenous",6,60
2015,11,"Male","Indigenous",6,60
2015,12,"Male","Indigenous",11,60
2016,1,"Male","Indigenous",10,60
2016,2,"Male","Indigenous",7,60
2016,3,"Male","Indigenous",9,60
2016,4,"Male","Indigenous",6,60
2016,5,"Male","Indigenous",7,60
2016,6,"Male","Indigenous",9,60
2016,7,"Male","Indigenous",8,60
2016,8,"Male","Indigenous",8,60
2016,9,"Male","Indigenous",11,60
2016,10,"Male","Indigenous",6,60
2016,11,"Male","Indigenous",10,60
2016,12,"Male","Indigenous",9,60
2017,1,"Male","Indigenous",12,60
2017,2,"Male","Indigenous",10,60
2017,3,"Male","Indigenous",11,60
2017,4,"Male","Indigenous",7,60
2017,5,"Male","Indigenous",8,60
2017,6,"Male","Indigenous",7,60
2017,7,"Male","Indigenous",6,60
2017,8,"Male","Indigenous",9,60
2017,9,"Male","Indigenous",8,60
2017,10,"Male","Indigenous",8,60
2017,11,"Male","Indigenous",8,60
2017,12,"Male","Indigenous",4,60
2018,1,"Male","Indigenous",10,60
2018,2,"Male","Indigenous",13,60
2018,3,"Male","Indigenous",8,60
2018,4,"Male","Indigenous",10,60
2018,5,"Male","Indigenous",12,60
2018,6,"Male","Indigenous",6,60
2018,7,"Male","Indigenous",9,60
2018,8,"Male","Indigenous",9,60
2018,9,"Male","Indigenous",6,60
2018,10,"Male","Indigenous",18,60
2018,11,"Male","Indigenous",14,60
2018,12,"Male","Indigenous",17,60
2019,1,"Male","Indigenous",5,60
2019,2,"Male","Indigenous",11,60
2019,3,"Male","Indigenous",9,60
2019,4,"Male","Indigenous",13,60
2019,5,"Male","Indigenous",13,60
2019,6,"Male","Indigenous",6,60
2019,7,"Male","Indigenous",12,60
2019,8,"Male","Indigenous",6,60
2019,9,"Male","Indigenous",12,60
2019,10,"Male","Indigenous",14,60
2019,11,"Male","Indigenous",7,60
2019,12,"Male","Indigenous",12,60
2020,1,"Male","Indigenous",11,60
2020,2,"Male","Indigenous",16,60
2020,3,"Male","Indigenous",14,60
2020,4,"Male","Indigenous",16,60
2020,5,"Male","Indigenous",19,60
2020,6,"Male","Indigenous",26,60
2020,7,"Male","Indigenous",17,60
2020,8,"Male","Indigenous",22,60
2020,9,"Male","Indigenous",12,60
2020,10,"Male","Indigenous",12,60
2020,11,"Male","Indigenous",13,60
2020,12,"Male","Indigenous",15,60
2010,8,"Male","Indigenous",3,65
2010,9,"Male","Indigenous",8,65
2010,10,"Male","Indigenous",14,65
2010,11,"Male","Indigenous",6,65
2010,12,"Male","Indigenous",6,65
2011,1,"Male","Indigenous",3,65
2011,2,"Male","Indigenous",10,65
2011,3,"Male","Indigenous",8,65
2011,4,"Male","Indigenous",3,65
2011,5,"Male","Indigenous",3,65
2011,6,"Male","Indigenous",6,65
2011,7,"Male","Indigenous",10,65
2011,8,"Male","Indigenous",15,65
2011,9,"Male","Indigenous",5,65
2011,10,"Male","Indigenous",7,65
2011,11,"Male","Indigenous",6,65
2011,12,"Male","Indigenous",5,65
2012,1,"Male","Indigenous",6,65
2012,2,"Male","Indigenous",4,65
2012,3,"Male","Indigenous",7,65
2012,4,"Male","Indigenous",7,65
2012,5,"Male","Indigenous",6,65
2012,6,"Male","Indigenous",10,65
2012,7,"Male","Indigenous",7,65
2012,8,"Male","Indigenous",15,65
2012,9,"Male","Indigenous",8,65
2012,10,"Male","Indigenous",7,65
2012,11,"Male","Indigenous",7,65
2012,12,"Male","Indigenous",2,65
2013,1,"Male","Indigenous",9,65
2013,2,"Male","Indigenous",3,65
2013,3,"Male","Indigenous",11,65
2013,4,"Male","Indigenous",8,65
2013,5,"Male","Indigenous",6,65
2013,6,"Male","Indigenous",4,65
2013,7,"Male","Indigenous",8,65
2013,8,"Male","Indigenous",7,65
2013,9,"Male","Indigenous",10,65
2013,10,"Male","Indigenous",8,65
2013,11,"Male","Indigenous",8,65
2013,12,"Male","Indigenous",6,65
2014,1,"Male","Indigenous",7,65
2014,2,"Male","Indigenous",5,65
2014,3,"Male","Indigenous",7,65
2014,4,"Male","Indigenous",11,65
2014,5,"Male","Indigenous",7,65
2014,6,"Male","Indigenous",11,65
2014,7,"Male","Indigenous",4,65
2014,8,"Male","Indigenous",9,65
2014,9,"Male","Indigenous",4,65
2014,10,"Male","Indigenous",10,65
2014,11,"Male","Indigenous",10,65
2014,12,"Male","Indigenous",9,65
2015,1,"Male","Indigenous",11,65
2015,2,"Male","Indigenous",8,65
2015,3,"Male","Indigenous",9,65
2015,4,"Male","Indigenous",10,65
2015,5,"Male","Indigenous",8,65
2015,6,"Male","Indigenous",2,65
2015,7,"Male","Indigenous",9,65
2015,8,"Male","Indigenous",10,65
2015,9,"Male","Indigenous",9,65
2015,10,"Male","Indigenous",10,65
2015,11,"Male","Indigenous",9,65
2015,12,"Male","Indigenous",8,65
2016,1,"Male","Indigenous",12,65
2016,2,"Male","Indigenous",14,65
2016,3,"Male","Indigenous",11,65
2016,4,"Male","Indigenous",3,65
2016,5,"Male","Indigenous",17,65
2016,6,"Male","Indigenous",8,65
2016,7,"Male","Indigenous",9,65
2016,8,"Male","Indigenous",9,65
2016,9,"Male","Indigenous",12,65
2016,10,"Male","Indigenous",5,65
2016,11,"Male","Indigenous",10,65
2016,12,"Male","Indigenous",5,65
2017,1,"Male","Indigenous",10,65
2017,2,"Male","Indigenous",9,65
2017,3,"Male","Indigenous",15,65
2017,4,"Male","Indigenous",6,65
2017,5,"Male","Indigenous",11,65
2017,6,"Male","Indigenous",5,65
2017,7,"Male","Indigenous",9,65
2017,8,"Male","Indigenous",4,65
2017,9,"Male","Indigenous",11,65
2017,10,"Male","Indigenous",14,65
2017,11,"Male","Indigenous",7,65
2017,12,"Male","Indigenous",11,65
2018,1,"Male","Indigenous",13,65
2018,2,"Male","Indigenous",9,65
2018,3,"Male","Indigenous",11,65
2018,4,"Male","Indigenous",7,65
2018,5,"Male","Indigenous",13,65
2018,6,"Male","Indigenous",22,65
2018,7,"Male","Indigenous",10,65
2018,8,"Male","Indigenous",12,65
2018,9,"Male","Indigenous",14,65
2018,10,"Male","Indigenous",17,65
2018,11,"Male","Indigenous",9,65
2018,12,"Male","Indigenous",16,65
2019,1,"Male","Indigenous",7,65
2019,2,"Male","Indigenous",6,65
2019,3,"Male","Indigenous",14,65
2019,4,"Male","Indigenous",13,65
2019,5,"Male","Indigenous",13,65
2019,6,"Male","Indigenous",11,65
2019,7,"Male","Indigenous",9,65
2019,8,"Male","Indigenous",9,65
2019,9,"Male","Indigenous",13,65
2019,10,"Male","Indigenous",8,65
2019,11,"Male","Indigenous",10,65
2019,12,"Male","Indigenous",9,65
2020,1,"Male","Indigenous",9,65
2020,2,"Male","Indigenous",12,65
2020,3,"Male","Indigenous",11,65
2020,4,"Male","Indigenous",24,65
2020,5,"Male","Indigenous",23,65
2020,6,"Male","Indigenous",33,65
2020,7,"Male","Indigenous",17,65
2020,8,"Male","Indigenous",15,65
2020,9,"Male","Indigenous",14,65
2020,10,"Male","Indigenous",15,65
2020,11,"Male","Indigenous",20,65
2020,12,"Male","Indigenous",20,65
2010,8,"Male","Indigenous",10,70
2010,9,"Male","Indigenous",7,70
2010,10,"Male","Indigenous",7,70
2010,11,"Male","Indigenous",12,70
2010,12,"Male","Indigenous",11,70
2011,1,"Male","Indigenous",11,70
2011,2,"Male","Indigenous",12,70
2011,3,"Male","Indigenous",4,70
2011,4,"Male","Indigenous",11,70
2011,5,"Male","Indigenous",5,70
2011,6,"Male","Indigenous",8,70
2011,7,"Male","Indigenous",7,70
2011,8,"Male","Indigenous",13,70
2011,9,"Male","Indigenous",10,70
2011,10,"Male","Indigenous",3,70
2011,11,"Male","Indigenous",8,70
2011,12,"Male","Indigenous",14,70
2012,1,"Male","Indigenous",7,70
2012,2,"Male","Indigenous",11,70
2012,3,"Male","Indigenous",11,70
2012,4,"Male","Indigenous",7,70
2012,5,"Male","Indigenous",7,70
2012,6,"Male","Indigenous",7,70
2012,7,"Male","Indigenous",11,70
2012,8,"Male","Indigenous",14,70
2012,9,"Male","Indigenous",17,70
2012,10,"Male","Indigenous",9,70
2012,11,"Male","Indigenous",8,70
2012,12,"Male","Indigenous",7,70
2013,1,"Male","Indigenous",13,70
2013,2,"Male","Indigenous",8,70
2013,3,"Male","Indigenous",6,70
2013,4,"Male","Indigenous",5,70
2013,5,"Male","Indigenous",12,70
2013,6,"Male","Indigenous",9,70
2013,7,"Male","Indigenous",6,70
2013,8,"Male","Indigenous",6,70
2013,9,"Male","Indigenous",8,70
2013,10,"Male","Indigenous",6,70
2013,11,"Male","Indigenous",12,70
2013,12,"Male","Indigenous",7,70
2014,1,"Male","Indigenous",9,70
2014,2,"Male","Indigenous",9,70
2014,3,"Male","Indigenous",3,70
2014,4,"Male","Indigenous",15,70
2014,5,"Male","Indigenous",14,70
2014,6,"Male","Indigenous",14,70
2014,7,"Male","Indigenous",13,70
2014,8,"Male","Indigenous",7,70
2014,9,"Male","Indigenous",13,70
2014,10,"Male","Indigenous",11,70
2014,11,"Male","Indigenous",5,70
2014,12,"Male","Indigenous",13,70
2015,1,"Male","Indigenous",7,70
2015,2,"Male","Indigenous",5,70
2015,3,"Male","Indigenous",10,70
2015,4,"Male","Indigenous",9,70
2015,5,"Male","Indigenous",6,70
2015,6,"Male","Indigenous",15,70
2015,7,"Male","Indigenous",13,70
2015,8,"Male","Indigenous",6,70
2015,9,"Male","Indigenous",10,70
2015,10,"Male","Indigenous",8,70
2015,11,"Male","Indigenous",2,70
2015,12,"Male","Indigenous",10,70
2016,1,"Male","Indigenous",6,70
2016,2,"Male","Indigenous",8,70
2016,3,"Male","Indigenous",8,70
2016,4,"Male","Indigenous",8,70
2016,5,"Male","Indigenous",12,70
2016,6,"Male","Indigenous",11,70
2016,7,"Male","Indigenous",6,70
2016,8,"Male","Indigenous",14,70
2016,9,"Male","Indigenous",10,70
2016,10,"Male","Indigenous",15,70
2016,11,"Male","Indigenous",6,70
2016,12,"Male","Indigenous",9,70
2017,1,"Male","Indigenous",6,70
2017,2,"Male","Indigenous",10,70
2017,3,"Male","Indigenous",9,70
2017,4,"Male","Indigenous",9,70
2017,5,"Male","Indigenous",11,70
2017,6,"Male","Indigenous",13,70
2017,7,"Male","Indigenous",7,70
2017,8,"Male","Indigenous",10,70
2017,9,"Male","Indigenous",9,70
2017,10,"Male","Indigenous",15,70
2017,11,"Male","Indigenous",11,70
2017,12,"Male","Indigenous",14,70
2018,1,"Male","Indigenous",9,70
2018,2,"Male","Indigenous",9,70
2018,3,"Male","Indigenous",14,70
2018,4,"Male","Indigenous",13,70
2018,5,"Male","Indigenous",10,70
2018,6,"Male","Indigenous",10,70
2018,7,"Male","Indigenous",16,70
2018,8,"Male","Indigenous",12,70
2018,9,"Male","Indigenous",6,70
2018,10,"Male","Indigenous",16,70
2018,11,"Male","Indigenous",9,70
2018,12,"Male","Indigenous",12,70
2019,1,"Male","Indigenous",15,70
2019,2,"Male","Indigenous",11,70
2019,3,"Male","Indigenous",13,70
2019,4,"Male","Indigenous",14,70
2019,5,"Male","Indigenous",13,70
2019,6,"Male","Indigenous",14,70
2019,7,"Male","Indigenous",11,70
2019,8,"Male","Indigenous",17,70
2019,9,"Male","Indigenous",7,70
2019,10,"Male","Indigenous",13,70
2019,11,"Male","Indigenous",14,70
2019,12,"Male","Indigenous",16,70
2020,1,"Male","Indigenous",8,70
2020,2,"Male","Indigenous",10,70
2020,3,"Male","Indigenous",16,70
2020,4,"Male","Indigenous",17,70
2020,5,"Male","Indigenous",20,70
2020,6,"Male","Indigenous",31,70
2020,7,"Male","Indigenous",40,70
2020,8,"Male","Indigenous",12,70
2020,9,"Male","Indigenous",11,70
2020,10,"Male","Indigenous",17,70
2020,11,"Male","Indigenous",17,70
2020,12,"Male","Indigenous",20,70
2010,8,"Male","Indigenous",12,75
2010,9,"Male","Indigenous",9,75
2010,10,"Male","Indigenous",7,75
2010,11,"Male","Indigenous",8,75
2010,12,"Male","Indigenous",9,75
2011,1,"Male","Indigenous",4,75
2011,2,"Male","Indigenous",6,75
2011,3,"Male","Indigenous",6,75
2011,4,"Male","Indigenous",13,75
2011,5,"Male","Indigenous",9,75
2011,6,"Male","Indigenous",7,75
2011,7,"Male","Indigenous",10,75
2011,8,"Male","Indigenous",15,75
2011,9,"Male","Indigenous",11,75
2011,10,"Male","Indigenous",9,75
2011,11,"Male","Indigenous",8,75
2011,12,"Male","Indigenous",11,75
2012,1,"Male","Indigenous",8,75
2012,2,"Male","Indigenous",7,75
2012,3,"Male","Indigenous",8,75
2012,4,"Male","Indigenous",7,75
2012,5,"Male","Indigenous",10,75
2012,6,"Male","Indigenous",10,75
2012,7,"Male","Indigenous",13,75
2012,8,"Male","Indigenous",9,75
2012,9,"Male","Indigenous",7,75
2012,10,"Male","Indigenous",9,75
2012,11,"Male","Indigenous",10,75
2012,12,"Male","Indigenous",7,75
2013,1,"Male","Indigenous",13,75
2013,2,"Male","Indigenous",10,75
2013,3,"Male","Indigenous",16,75
2013,4,"Male","Indigenous",7,75
2013,5,"Male","Indigenous",13,75
2013,6,"Male","Indigenous",2,75
2013,7,"Male","Indigenous",8,75
2013,8,"Male","Indigenous",11,75
2013,9,"Male","Indigenous",12,75
2013,10,"Male","Indigenous",9,75
2013,11,"Male","Indigenous",9,75
2013,12,"Male","Indigenous",7,75
2014,1,"Male","Indigenous",9,75
2014,2,"Male","Indigenous",8,75
2014,3,"Male","Indigenous",19,75
2014,4,"Male","Indigenous",12,75
2014,5,"Male","Indigenous",18,75
2014,6,"Male","Indigenous",5,75
2014,7,"Male","Indigenous",11,75
2014,8,"Male","Indigenous",16,75
2014,9,"Male","Indigenous",6,75
2014,10,"Male","Indigenous",6,75
2014,11,"Male","Indigenous",10,75
2014,12,"Male","Indigenous",6,75
2015,1,"Male","Indigenous",14,75
2015,2,"Male","Indigenous",12,75
2015,3,"Male","Indigenous",14,75
2015,4,"Male","Indigenous",11,75
2015,5,"Male","Indigenous",16,75
2015,6,"Male","Indigenous",13,75
2015,7,"Male","Indigenous",12,75
2015,8,"Male","Indigenous",14,75
2015,9,"Male","Indigenous",6,75
2015,10,"Male","Indigenous",6,75
2015,11,"Male","Indigenous",7,75
2015,12,"Male","Indigenous",14,75
2016,1,"Male","Indigenous",17,75
2016,2,"Male","Indigenous",8,75
2016,3,"Male","Indigenous",12,75
2016,4,"Male","Indigenous",10,75
2016,5,"Male","Indigenous",15,75
2016,6,"Male","Indigenous",15,75
2016,7,"Male","Indigenous",8,75
2016,8,"Male","Indigenous",8,75
2016,9,"Male","Indigenous",11,75
2016,10,"Male","Indigenous",8,75
2016,11,"Male","Indigenous",10,75
2016,12,"Male","Indigenous",10,75
2017,1,"Male","Indigenous",9,75
2017,2,"Male","Indigenous",9,75
2017,3,"Male","Indigenous",10,75
2017,4,"Male","Indigenous",13,75
2017,5,"Male","Indigenous",16,75
2017,6,"Male","Indigenous",9,75
2017,7,"Male","Indigenous",10,75
2017,8,"Male","Indigenous",13,75
2017,9,"Male","Indigenous",9,75
2017,10,"Male","Indigenous",9,75
2017,11,"Male","Indigenous",13,75
2017,12,"Male","Indigenous",14,75
2018,1,"Male","Indigenous",10,75
2018,2,"Male","Indigenous",7,75
2018,3,"Male","Indigenous",14,75
2018,4,"Male","Indigenous",13,75
2018,5,"Male","Indigenous",14,75
2018,6,"Male","Indigenous",9,75
2018,7,"Male","Indigenous",15,75
2018,8,"Male","Indigenous",9,75
2018,9,"Male","Indigenous",10,75
2018,10,"Male","Indigenous",18,75
2018,11,"Male","Indigenous",17,75
2018,12,"Male","Indigenous",15,75
2019,1,"Male","Indigenous",14,75
2019,2,"Male","Indigenous",8,75
2019,3,"Male","Indigenous",14,75
2019,4,"Male","Indigenous",11,75
2019,5,"Male","Indigenous",10,75
2019,6,"Male","Indigenous",10,75
2019,7,"Male","Indigenous",11,75
2019,8,"Male","Indigenous",14,75
2019,9,"Male","Indigenous",14,75
2019,10,"Male","Indigenous",14,75
2019,11,"Male","Indigenous",6,75
2019,12,"Male","Indigenous",12,75
2020,1,"Male","Indigenous",14,75
2020,2,"Male","Indigenous",9,75
2020,3,"Male","Indigenous",14,75
2020,4,"Male","Indigenous",11,75
2020,5,"Male","Indigenous",36,75
2020,6,"Male","Indigenous",19,75
2020,7,"Male","Indigenous",27,75
2020,8,"Male","Indigenous",14,75
2020,9,"Male","Indigenous",19,75
2020,10,"Male","Indigenous",13,75
2020,11,"Male","Indigenous",23,75
2020,12,"Male","Indigenous",15,75
2010,8,"Male","Indigenous",29,80
2010,9,"Male","Indigenous",21,80
2010,10,"Male","Indigenous",23,80
2010,11,"Male","Indigenous",21,80
2010,12,"Male","Indigenous",20,80
2011,1,"Male","Indigenous",26,80
2011,2,"Male","Indigenous",25,80
2011,3,"Male","Indigenous",19,80
2011,4,"Male","Indigenous",22,80
2011,5,"Male","Indigenous",23,80
2011,6,"Male","Indigenous",25,80
2011,7,"Male","Indigenous",28,80
2011,8,"Male","Indigenous",24,80
2011,9,"Male","Indigenous",14,80
2011,10,"Male","Indigenous",27,80
2011,11,"Male","Indigenous",20,80
2011,12,"Male","Indigenous",22,80
2012,1,"Male","Indigenous",24,80
2012,2,"Male","Indigenous",23,80
2012,3,"Male","Indigenous",28,80
2012,4,"Male","Indigenous",19,80
2012,5,"Male","Indigenous",27,80
2012,6,"Male","Indigenous",26,80
2012,7,"Male","Indigenous",22,80
2012,8,"Male","Indigenous",29,80
2012,9,"Male","Indigenous",29,80
2012,10,"Male","Indigenous",30,80
2012,11,"Male","Indigenous",29,80
2012,12,"Male","Indigenous",26,80
2013,1,"Male","Indigenous",24,80
2013,2,"Male","Indigenous",24,80
2013,3,"Male","Indigenous",23,80
2013,4,"Male","Indigenous",26,80
2013,5,"Male","Indigenous",25,80
2013,6,"Male","Indigenous",33,80
2013,7,"Male","Indigenous",35,80
2013,8,"Male","Indigenous",25,80
2013,9,"Male","Indigenous",20,80
2013,10,"Male","Indigenous",20,80
2013,11,"Male","Indigenous",18,80
2013,12,"Male","Indigenous",20,80
2014,1,"Male","Indigenous",20,80
2014,2,"Male","Indigenous",26,80
2014,3,"Male","Indigenous",29,80
2014,4,"Male","Indigenous",23,80
2014,5,"Male","Indigenous",27,80
2014,6,"Male","Indigenous",29,80
2014,7,"Male","Indigenous",23,80
2014,8,"Male","Indigenous",43,80
2014,9,"Male","Indigenous",29,80
2014,10,"Male","Indigenous",34,80
2014,11,"Male","Indigenous",28,80
2014,12,"Male","Indigenous",19,80
2015,1,"Male","Indigenous",25,80
2015,2,"Male","Indigenous",18,80
2015,3,"Male","Indigenous",25,80
2015,4,"Male","Indigenous",20,80
2015,5,"Male","Indigenous",35,80
2015,6,"Male","Indigenous",27,80
2015,7,"Male","Indigenous",33,80
2015,8,"Male","Indigenous",20,80
2015,9,"Male","Indigenous",24,80
2015,10,"Male","Indigenous",33,80
2015,11,"Male","Indigenous",31,80
2015,12,"Male","Indigenous",30,80
2016,1,"Male","Indigenous",23,80
2016,2,"Male","Indigenous",21,80
2016,3,"Male","Indigenous",26,80
2016,4,"Male","Indigenous",29,80
2016,5,"Male","Indigenous",37,80
2016,6,"Male","Indigenous",35,80
2016,7,"Male","Indigenous",42,80
2016,8,"Male","Indigenous",28,80
2016,9,"Male","Indigenous",30,80
2016,10,"Male","Indigenous",26,80
2016,11,"Male","Indigenous",23,80
2016,12,"Male","Indigenous",28,80
2017,1,"Male","Indigenous",25,80
2017,2,"Male","Indigenous",30,80
2017,3,"Male","Indigenous",42,80
2017,4,"Male","Indigenous",29,80
2017,5,"Male","Indigenous",45,80
2017,6,"Male","Indigenous",36,80
2017,7,"Male","Indigenous",32,80
2017,8,"Male","Indigenous",31,80
2017,9,"Male","Indigenous",23,80
2017,10,"Male","Indigenous",37,80
2017,11,"Male","Indigenous",31,80
2017,12,"Male","Indigenous",36,80
2018,1,"Male","Indigenous",26,80
2018,2,"Male","Indigenous",26,80
2018,3,"Male","Indigenous",32,80
2018,4,"Male","Indigenous",33,80
2018,5,"Male","Indigenous",43,80
2018,6,"Male","Indigenous",30,80
2018,7,"Male","Indigenous",46,80
2018,8,"Male","Indigenous",36,80
2018,9,"Male","Indigenous",33,80
2018,10,"Male","Indigenous",27,80
2018,11,"Male","Indigenous",24,80
2018,12,"Male","Indigenous",30,80
2019,1,"Male","Indigenous",29,80
2019,2,"Male","Indigenous",16,80
2019,3,"Male","Indigenous",32,80
2019,4,"Male","Indigenous",40,80
2019,5,"Male","Indigenous",44,80
2019,6,"Male","Indigenous",44,80
2019,7,"Male","Indigenous",40,80
2019,8,"Male","Indigenous",32,80
2019,9,"Male","Indigenous",38,80
2019,10,"Male","Indigenous",37,80
2019,11,"Male","Indigenous",29,80
2019,12,"Male","Indigenous",40,80
2020,1,"Male","Indigenous",46,80
2020,2,"Male","Indigenous",36,80
2020,3,"Male","Indigenous",40,80
2020,4,"Male","Indigenous",56,80
2020,5,"Male","Indigenous",82,80
2020,6,"Male","Indigenous",104,80
2020,7,"Male","Indigenous",86,80
2020,8,"Male","Indigenous",57,80
2020,9,"Male","Indigenous",53,80
2020,10,"Male","Indigenous",49,80
2020,11,"Male","Indigenous",40,80
2020,12,"Male","Indigenous",48,80
2010,8,"Male","White",880,0
2010,9,"Male","White",820,0
2010,10,"Male","White",813,0
2010,11,"Male","White",803,0
2010,12,"Male","White",883,0
2011,1,"Male","White",962,0
2011,2,"Male","White",829,0
2011,3,"Male","White",975,0
2011,4,"Male","White",970,0
2011,5,"Male","White",975,0
2011,6,"Male","White",950,0
2011,7,"Male","White",867,0
2011,8,"Male","White",821,0
2011,9,"Male","White",786,0
2011,10,"Male","White",771,0
2011,11,"Male","White",789,0
2011,12,"Male","White",873,0
2012,1,"Male","White",821,0
2012,2,"Male","White",789,0
2012,3,"Male","White",908,0
2012,4,"Male","White",909,0
2012,5,"Male","White",934,0
2012,6,"Male","White",831,0
2012,7,"Male","White",895,0
2012,8,"Male","White",840,0
2012,9,"Male","White",841,0
2012,10,"Male","White",792,0
2012,11,"Male","White",801,0
2012,12,"Male","White",851,0
2013,1,"Male","White",797,0
2013,2,"Male","White",720,0
2013,3,"Male","White",895,0
2013,4,"Male","White",858,0
2013,5,"Male","White",947,0
2013,6,"Male","White",889,0
2013,7,"Male","White",788,0
2013,8,"Male","White",814,0
2013,9,"Male","White",793,0
2013,10,"Male","White",815,0
2013,11,"Male","White",763,0
2013,12,"Male","White",779,0
2014,1,"Male","White",855,0
2014,2,"Male","White",771,0
2014,3,"Male","White",874,0
2014,4,"Male","White",840,0
2014,5,"Male","White",909,0
2014,6,"Male","White",934,0
2014,7,"Male","White",873,0
2014,8,"Male","White",822,0
2014,9,"Male","White",802,0
2014,10,"Male","White",855,0
2014,11,"Male","White",690,0
2014,12,"Male","White",811,0
2015,1,"Male","White",748,0
2015,2,"Male","White",702,0
2015,3,"Male","White",847,0
2015,4,"Male","White",820,0
2015,5,"Male","White",894,0
2015,6,"Male","White",829,0
2015,7,"Male","White",835,0
2015,8,"Male","White",741,0
2015,9,"Male","White",765,0
2015,10,"Male","White",747,0
2015,11,"Male","White",699,0
2015,12,"Male","White",867,0
2016,1,"Male","White",826,0
2016,2,"Male","White",769,0
2016,3,"Male","White",823,0
2016,4,"Male","White",840,0
2016,5,"Male","White",884,0
2016,6,"Male","White",883,0
2016,7,"Male","White",805,0
2016,8,"Male","White",698,0
2016,9,"Male","White",657,0
2016,10,"Male","White",671,0
2016,11,"Male","White",732,0
2016,12,"Male","White",785,0
2017,1,"Male","White",713,0
2017,2,"Male","White",674,0
2017,3,"Male","White",774,0
2017,4,"Male","White",798,0
2017,5,"Male","White",813,0
2017,6,"Male","White",794,0
2017,7,"Male","White",825,0
2017,8,"Male","White",721,0
2017,9,"Male","White",737,0
2017,10,"Male","White",745,0
2017,11,"Male","White",740,0
2017,12,"Male","White",765,0
2018,1,"Male","White",727,0
2018,2,"Male","White",665,0
2018,3,"Male","White",798,0
2018,4,"Male","White",761,0
2018,5,"Male","White",793,0
2018,6,"Male","White",739,0
2018,7,"Male","White",772,0
2018,8,"Male","White",715,0
2018,9,"Male","White",709,0
2018,10,"Male","White",709,0
2018,11,"Male","White",679,0
2018,12,"Male","White",714,0
2019,1,"Male","White",735,0
2019,2,"Male","White",695,0
2019,3,"Male","White",826,0
2019,4,"Male","White",803,0
2019,5,"Male","White",810,0
2019,6,"Male","White",794,0
2019,7,"Male","White",748,0
2019,8,"Male","White",660,0
2019,9,"Male","White",654,0
2019,10,"Male","White",674,0
2019,11,"Male","White",706,0
2019,12,"Male","White",724,0
2020,1,"Male","White",709,0
2020,2,"Male","White",627,0
2020,3,"Male","White",677,0
2020,4,"Male","White",602,0
2020,5,"Male","White",627,0
2020,6,"Male","White",527,0
2020,7,"Male","White",606,0
2020,8,"Male","White",570,0
2020,9,"Male","White",535,0
2020,10,"Male","White",595,0
2020,11,"Male","White",556,0
2020,12,"Male","White",631,0
2010,8,"Male","White",64,5
2010,9,"Male","White",74,5
2010,10,"Male","White",91,5
2010,11,"Male","White",75,5
2010,12,"Male","White",87,5
2011,1,"Male","White",111,5
2011,2,"Male","White",79,5
2011,3,"Male","White",64,5
2011,4,"Male","White",75,5
2011,5,"Male","White",78,5
2011,6,"Male","White",65,5
2011,7,"Male","White",78,5
2011,8,"Male","White",84,5
2011,9,"Male","White",69,5
2011,10,"Male","White",62,5
2011,11,"Male","White",60,5
2011,12,"Male","White",83,5
2012,1,"Male","White",82,5
2012,2,"Male","White",61,5
2012,3,"Male","White",76,5
2012,4,"Male","White",76,5
2012,5,"Male","White",73,5
2012,6,"Male","White",87,5
2012,7,"Male","White",81,5
2012,8,"Male","White",54,5
2012,9,"Male","White",81,5
2012,10,"Male","White",76,5
2012,11,"Male","White",75,5
2012,12,"Male","White",71,5
2013,1,"Male","White",65,5
2013,2,"Male","White",54,5
2013,3,"Male","White",74,5
2013,4,"Male","White",77,5
2013,5,"Male","White",61,5
2013,6,"Male","White",60,5
2013,7,"Male","White",88,5
2013,8,"Male","White",70,5
2013,9,"Male","White",71,5
2013,10,"Male","White",82,5
2013,11,"Male","White",80,5
2013,12,"Male","White",74,5
2014,1,"Male","White",87,5
2014,2,"Male","White",71,5
2014,3,"Male","White",61,5
2014,4,"Male","White",72,5
2014,5,"Male","White",61,5
2014,6,"Male","White",90,5
2014,7,"Male","White",70,5
2014,8,"Male","White",66,5
2014,9,"Male","White",52,5
2014,10,"Male","White",63,5
2014,11,"Male","White",66,5
2014,12,"Male","White",75,5
2015,1,"Male","White",58,5
2015,2,"Male","White",49,5
2015,3,"Male","White",58,5
2015,4,"Male","White",77,5
2015,5,"Male","White",54,5
2015,6,"Male","White",62,5
2015,7,"Male","White",69,5
2015,8,"Male","White",48,5
2015,9,"Male","White",55,5
2015,10,"Male","White",61,5
2015,11,"Male","White",60,5
2015,12,"Male","White",63,5
2016,1,"Male","White",60,5
2016,2,"Male","White",63,5
2016,3,"Male","White",59,5
2016,4,"Male","White",58,5
2016,5,"Male","White",53,5
2016,6,"Male","White",59,5
2016,7,"Male","White",60,5
2016,8,"Male","White",63,5
2016,9,"Male","White",54,5
2016,10,"Male","White",54,5
2016,11,"Male","White",56,5
2016,12,"Male","White",61,5
2017,1,"Male","White",63,5
2017,2,"Male","White",66,5
2017,3,"Male","White",70,5
2017,4,"Male","White",61,5
2017,5,"Male","White",60,5
2017,6,"Male","White",50,5
2017,7,"Male","White",64,5
2017,8,"Male","White",49,5
2017,9,"Male","White",79,5
2017,10,"Male","White",67,5
2017,11,"Male","White",43,5
2017,12,"Male","White",56,5
2018,1,"Male","White",47,5
2018,2,"Male","White",49,5
2018,3,"Male","White",35,5
2018,4,"Male","White",63,5
2018,5,"Male","White",61,5
2018,6,"Male","White",62,5
2018,7,"Male","White",54,5
2018,8,"Male","White",52,5
2018,9,"Male","White",53,5
2018,10,"Male","White",60,5
2018,11,"Male","White",54,5
2018,12,"Male","White",51,5
2019,1,"Male","White",55,5
2019,2,"Male","White",42,5
2019,3,"Male","White",64,5
2019,4,"Male","White",64,5
2019,5,"Male","White",56,5
2019,6,"Male","White",59,5
2019,7,"Male","White",54,5
2019,8,"Male","White",55,5
2019,9,"Male","White",50,5
2019,10,"Male","White",56,5
2019,11,"Male","White",60,5
2019,12,"Male","White",59,5
2020,1,"Male","White",61,5
2020,2,"Male","White",42,5
2020,3,"Male","White",41,5
2020,4,"Male","White",46,5
2020,5,"Male","White",55,5
2020,6,"Male","White",55,5
2020,7,"Male","White",50,5
2020,8,"Male","White",48,5
2020,9,"Male","White",33,5
2020,10,"Male","White",42,5
2020,11,"Male","White",38,5
2020,12,"Male","White",39,5
2010,8,"Male","White",95,10
2010,9,"Male","White",108,10
2010,10,"Male","White",106,10
2010,11,"Male","White",109,10
2010,12,"Male","White",123,10
2011,1,"Male","White",134,10
2011,2,"Male","White",110,10
2011,3,"Male","White",106,10
2011,4,"Male","White",98,10
2011,5,"Male","White",96,10
2011,6,"Male","White",96,10
2011,7,"Male","White",99,10
2011,8,"Male","White",91,10
2011,9,"Male","White",100,10
2011,10,"Male","White",111,10
2011,11,"Male","White",123,10
2011,12,"Male","White",98,10
2012,1,"Male","White",111,10
2012,2,"Male","White",124,10
2012,3,"Male","White",110,10
2012,4,"Male","White",95,10
2012,5,"Male","White",95,10
2012,6,"Male","White",93,10
2012,7,"Male","White",123,10
2012,8,"Male","White",87,10
2012,9,"Male","White",82,10
2012,10,"Male","White",105,10
2012,11,"Male","White",114,10
2012,12,"Male","White",123,10
2013,1,"Male","White",105,10
2013,2,"Male","White",90,10
2013,3,"Male","White",106,10
2013,4,"Male","White",84,10
2013,5,"Male","White",90,10
2013,6,"Male","White",86,10
2013,7,"Male","White",107,10
2013,8,"Male","White",95,10
2013,9,"Male","White",98,10
2013,10,"Male","White",107,10
2013,11,"Male","White",98,10
2013,12,"Male","White",97,10
2014,1,"Male","White",104,10
2014,2,"Male","White",99,10
2014,3,"Male","White",90,10
2014,4,"Male","White",101,10
2014,5,"Male","White",110,10
2014,6,"Male","White",95,10
2014,7,"Male","White",97,10
2014,8,"Male","White",82,10
2014,9,"Male","White",93,10
2014,10,"Male","White",99,10
2014,11,"Male","White",83,10
2014,12,"Male","White",99,10
2015,1,"Male","White",102,10
2015,2,"Male","White",68,10
2015,3,"Male","White",94,10
2015,4,"Male","White",82,10
2015,5,"Male","White",80,10
2015,6,"Male","White",97,10
2015,7,"Male","White",80,10
2015,8,"Male","White",87,10
2015,9,"Male","White",78,10
2015,10,"Male","White",79,10
2015,11,"Male","White",75,10
2015,12,"Male","White",90,10
2016,1,"Male","White",91,10
2016,2,"Male","White",81,10
2016,3,"Male","White",96,10
2016,4,"Male","White",80,10
2016,5,"Male","White",103,10
2016,6,"Male","White",86,10
2016,7,"Male","White",76,10
2016,8,"Male","White",84,10
2016,9,"Male","White",75,10
2016,10,"Male","White",80,10
2016,11,"Male","White",73,10
2016,12,"Male","White",90,10
2017,1,"Male","White",84,10
2017,2,"Male","White",80,10
2017,3,"Male","White",64,10
2017,4,"Male","White",82,10
2017,5,"Male","White",82,10
2017,6,"Male","White",80,10
2017,7,"Male","White",62,10
2017,8,"Male","White",69,10
2017,9,"Male","White",76,10
2017,10,"Male","White",64,10
2017,11,"Male","White",71,10
2017,12,"Male","White",72,10
2018,1,"Male","White",70,10
2018,2,"Male","White",62,10
2018,3,"Male","White",71,10
2018,4,"Male","White",82,10
2018,5,"Male","White",70,10
2018,6,"Male","White",79,10
2018,7,"Male","White",79,10
2018,8,"Male","White",62,10
2018,9,"Male","White",58,10
2018,10,"Male","White",70,10
2018,11,"Male","White",60,10
2018,12,"Male","White",87,10
2019,1,"Male","White",59,10
2019,2,"Male","White",61,10
2019,3,"Male","White",68,10
2019,4,"Male","White",74,10
2019,5,"Male","White",84,10
2019,6,"Male","White",61,10
2019,7,"Male","White",69,10
2019,8,"Male","White",73,10
2019,9,"Male","White",82,10
2019,10,"Male","White",76,10
2019,11,"Male","White",78,10
2019,12,"Male","White",74,10
2020,1,"Male","White",68,10
2020,2,"Male","White",77,10
2020,3,"Male","White",63,10
2020,4,"Male","White",56,10
2020,5,"Male","White",59,10
2020,6,"Male","White",67,10
2020,7,"Male","White",70,10
2020,8,"Male","White",57,10
2020,9,"Male","White",59,10
2020,10,"Male","White",59,10
2020,11,"Male","White",64,10
2020,12,"Male","White",61,10
2010,8,"Male","White",350,15
2010,9,"Male","White",356,15
2010,10,"Male","White",395,15
2010,11,"Male","White",363,15
2010,12,"Male","White",423,15
2011,1,"Male","White",447,15
2011,2,"Male","White",398,15
2011,3,"Male","White",381,15
2011,4,"Male","White",415,15
2011,5,"Male","White",391,15
2011,6,"Male","White",378,15
2011,7,"Male","White",391,15
2011,8,"Male","White",415,15
2011,9,"Male","White",388,15
2011,10,"Male","White",415,15
2011,11,"Male","White",375,15
2011,12,"Male","White",419,15
2012,1,"Male","White",353,15
2012,2,"Male","White",398,15
2012,3,"Male","White",409,15
2012,4,"Male","White",405,15
2012,5,"Male","White",371,15
2012,6,"Male","White",361,15
2012,7,"Male","White",403,15
2012,8,"Male","White",423,15
2012,9,"Male","White",451,15
2012,10,"Male","White",462,15
2012,11,"Male","White",409,15
2012,12,"Male","White",476,15
2013,1,"Male","White",424,15
2013,2,"Male","White",365,15
2013,3,"Male","White",422,15
2013,4,"Male","White",355,15
2013,5,"Male","White",406,15
2013,6,"Male","White",412,15
2013,7,"Male","White",378,15
2013,8,"Male","White",402,15
2013,9,"Male","White",425,15
2013,10,"Male","White",373,15
2013,11,"Male","White",399,15
2013,12,"Male","White",458,15
2014,1,"Male","White",419,15
2014,2,"Male","White",376,15
2014,3,"Male","White",406,15
2014,4,"Male","White",449,15
2014,5,"Male","White",391,15
2014,6,"Male","White",393,15
2014,7,"Male","White",374,15
2014,8,"Male","White",432,15
2014,9,"Male","White",360,15
2014,10,"Male","White",403,15
2014,11,"Male","White",400,15
2014,12,"Male","White",421,15
2015,1,"Male","White",428,15
2015,2,"Male","White",371,15
2015,3,"Male","White",406,15
2015,4,"Male","White",398,15
2015,5,"Male","White",364,15
2015,6,"Male","White",355,15
2015,7,"Male","White",372,15
2015,8,"Male","White",412,15
2015,9,"Male","White",365,15
2015,10,"Male","White",383,15
2015,11,"Male","White",376,15
2015,12,"Male","White",383,15
2016,1,"Male","White",411,15
2016,2,"Male","White",394,15
2016,3,"Male","White",377,15
2016,4,"Male","White",387,15
2016,5,"Male","White",345,15
2016,6,"Male","White",347,15
2016,7,"Male","White",374,15
2016,8,"Male","White",374,15
2016,9,"Male","White",350,15
2016,10,"Male","White",412,15
2016,11,"Male","White",379,15
2016,12,"Male","White",372,15
2017,1,"Male","White",398,15
2017,2,"Male","White",360,15
2017,3,"Male","White",379,15
2017,4,"Male","White",369,15
2017,5,"Male","White",365,15
2017,6,"Male","White",344,15
2017,7,"Male","White",382,15
2017,8,"Male","White",335,15
2017,9,"Male","White",324,15
2017,10,"Male","White",349,15
2017,11,"Male","White",310,15
2017,12,"Male","White",354,15
2018,1,"Male","White",376,15
2018,2,"Male","White",340,15
2018,3,"Male","White",358,15
2018,4,"Male","White",311,15
2018,5,"Male","White",308,15
2018,6,"Male","White",293,15
2018,7,"Male","White",280,15
2018,8,"Male","White",276,15
2018,9,"Male","White",303,15
2018,10,"Male","White",294,15
2018,11,"Male","White",305,15
2018,12,"Male","White",332,15
2019,1,"Male","White",296,15
2019,2,"Male","White",253,15
2019,3,"Male","White",277,15
2019,4,"Male","White",299,15
2019,5,"Male","White",290,15
2019,6,"Male","White",313,15
2019,7,"Male","White",263,15
2019,8,"Male","White",258,15
2019,9,"Male","White",309,15
2019,10,"Male","White",269,15
2019,11,"Male","White",283,15
2019,12,"Male","White",299,15
2020,1,"Male","White",274,15
2020,2,"Male","White",287,15
2020,3,"Male","White",295,15
2020,4,"Male","White",250,15
2020,5,"Male","White",254,15
2020,6,"Male","White",250,15
2020,7,"Male","White",250,15
2020,8,"Male","White",258,15
2020,9,"Male","White",235,15
2020,10,"Male","White",289,15
2020,11,"Male","White",235,15
2020,12,"Male","White",236,15
2010,8,"Male","White",555,20
2010,9,"Male","White",595,20
2010,10,"Male","White",629,20
2010,11,"Male","White",651,20
2010,12,"Male","White",666,20
2011,1,"Male","White",650,20
2011,2,"Male","White",592,20
2011,3,"Male","White",585,20
2011,4,"Male","White",599,20
2011,5,"Male","White",617,20
2011,6,"Male","White",556,20
2011,7,"Male","White",583,20
2011,8,"Male","White",572,20
2011,9,"Male","White",525,20
2011,10,"Male","White",635,20
2011,11,"Male","White",602,20
2011,12,"Male","White",618,20
2012,1,"Male","White",571,20
2012,2,"Male","White",572,20
2012,3,"Male","White",621,20
2012,4,"Male","White",588,20
2012,5,"Male","White",581,20
2012,6,"Male","White",543,20
2012,7,"Male","White",565,20
2012,8,"Male","White",569,20
2012,9,"Male","White",591,20
2012,10,"Male","White",619,20
2012,11,"Male","White",573,20
2012,12,"Male","White",666,20
2013,1,"Male","White",547,20
2013,2,"Male","White",500,20
2013,3,"Male","White",574,20
2013,4,"Male","White",540,20
2013,5,"Male","White",538,20
2013,6,"Male","White",554,20
2013,7,"Male","White",564,20
2013,8,"Male","White",550,20
2013,9,"Male","White",564,20
2013,10,"Male","White",557,20
2013,11,"Male","White",575,20
2013,12,"Male","White",608,20
2014,1,"Male","White",617,20
2014,2,"Male","White",566,20
2014,3,"Male","White",610,20
2014,4,"Male","White",529,20
2014,5,"Male","White",541,20
2014,6,"Male","White",545,20
2014,7,"Male","White",492,20
2014,8,"Male","White",551,20
2014,9,"Male","White",563,20
2014,10,"Male","White",546,20
2014,11,"Male","White",583,20
2014,12,"Male","White",547,20
2015,1,"Male","White",594,20
2015,2,"Male","White",496,20
2015,3,"Male","White",564,20
2015,4,"Male","White",524,20
2015,5,"Male","White",578,20
2015,6,"Male","White",486,20
2015,7,"Male","White",449,20
2015,8,"Male","White",550,20
2015,9,"Male","White",530,20
2015,10,"Male","White",523,20
2015,11,"Male","White",558,20
2015,12,"Male","White",570,20
2016,1,"Male","White",557,20
2016,2,"Male","White",528,20
2016,3,"Male","White",546,20
2016,4,"Male","White",598,20
2016,5,"Male","White",499,20
2016,6,"Male","White",512,20
2016,7,"Male","White",559,20
2016,8,"Male","White",538,20
2016,9,"Male","White",487,20
2016,10,"Male","White",515,20
2016,11,"Male","White",492,20
2016,12,"Male","White",581,20
2017,1,"Male","White",570,20
2017,2,"Male","White",518,20
2017,3,"Male","White",505,20
2017,4,"Male","White",561,20
2017,5,"Male","White",488,20
2017,6,"Male","White",506,20
2017,7,"Male","White",521,20
2017,8,"Male","White",528,20
2017,9,"Male","White",529,20
2017,10,"Male","White",538,20
2017,11,"Male","White",524,20
2017,12,"Male","White",522,20
2018,1,"Male","White",532,20
2018,2,"Male","White",466,20
2018,3,"Male","White",521,20
2018,4,"Male","White",536,20
2018,5,"Male","White",495,20
2018,6,"Male","White",462,20
2018,7,"Male","White",492,20
2018,8,"Male","White",436,20
2018,9,"Male","White",493,20
2018,10,"Male","White",476,20
2018,11,"Male","White",481,20
2018,12,"Male","White",507,20
2019,1,"Male","White",474,20
2019,2,"Male","White",433,20
2019,3,"Male","White",477,20
2019,4,"Male","White",452,20
2019,5,"Male","White",481,20
2019,6,"Male","White",475,20
2019,7,"Male","White",493,20
2019,8,"Male","White",444,20
2019,9,"Male","White",454,20
2019,10,"Male","White",480,20
2019,11,"Male","White",458,20
2019,12,"Male","White",503,20
2020,1,"Male","White",472,20
2020,2,"Male","White",452,20
2020,3,"Male","White",519,20
2020,4,"Male","White",461,20
2020,5,"Male","White",493,20
2020,6,"Male","White",444,20
2020,7,"Male","White",497,20
2020,8,"Male","White",452,20
2020,9,"Male","White",496,20
2020,10,"Male","White",472,20
2020,11,"Male","White",471,20
2020,12,"Male","White",505,20
2010,8,"Male","White",596,25
2010,9,"Male","White",577,25
2010,10,"Male","White",613,25
2010,11,"Male","White",634,25
2010,12,"Male","White",666,25
2011,1,"Male","White",707,25
2011,2,"Male","White",568,25
2011,3,"Male","White",625,25
2011,4,"Male","White",633,25
2011,5,"Male","White",685,25
2011,6,"Male","White",549,25
2011,7,"Male","White",610,25
2011,8,"Male","White",612,25
2011,9,"Male","White",624,25
2011,10,"Male","White",646,25
2011,11,"Male","White",609,25
2011,12,"Male","White",614,25
2012,1,"Male","White",539,25
2012,2,"Male","White",590,25
2012,3,"Male","White",596,25
2012,4,"Male","White",564,25
2012,5,"Male","White",558,25
2012,6,"Male","White",597,25
2012,7,"Male","White",596,25
2012,8,"Male","White",616,25
2012,9,"Male","White",599,25
2012,10,"Male","White",625,25
2012,11,"Male","White",584,25
2012,12,"Male","White",671,25
2013,1,"Male","White",575,25
2013,2,"Male","White",542,25
2013,3,"Male","White",567,25
2013,4,"Male","White",540,25
2013,5,"Male","White",581,25
2013,6,"Male","White",555,25
2013,7,"Male","White",571,25
2013,8,"Male","White",579,25
2013,9,"Male","White",577,25
2013,10,"Male","White",557,25
2013,11,"Male","White",553,25
2013,12,"Male","White",662,25
2014,1,"Male","White",588,25
2014,2,"Male","White",555,25
2014,3,"Male","White",637,25
2014,4,"Male","White",550,25
2014,5,"Male","White",561,25
2014,6,"Male","White",573,25
2014,7,"Male","White",554,25
2014,8,"Male","White",543,25
2014,9,"Male","White",541,25
2014,10,"Male","White",584,25
2014,11,"Male","White",557,25
2014,12,"Male","White",538,25
2015,1,"Male","White",592,25
2015,2,"Male","White",511,25
2015,3,"Male","White",529,25
2015,4,"Male","White",522,25
2015,5,"Male","White",506,25
2015,6,"Male","White",493,25
2015,7,"Male","White",512,25
2015,8,"Male","White",526,25
2015,9,"Male","White",527,25
2015,10,"Male","White",543,25
2015,11,"Male","White",510,25
2015,12,"Male","White",556,25
2016,1,"Male","White",520,25
2016,2,"Male","White",523,25
2016,3,"Male","White",549,25
2016,4,"Male","White",527,25
2016,5,"Male","White",556,25
2016,6,"Male","White",509,25
2016,7,"Male","White",513,25
2016,8,"Male","White",521,25
2016,9,"Male","White",492,25
2016,10,"Male","White",575,25
2016,11,"Male","White",502,25
2016,12,"Male","White",556,25
2017,1,"Male","White",504,25
2017,2,"Male","White",481,25
2017,3,"Male","White",480,25
2017,4,"Male","White",500,25
2017,5,"Male","White",521,25
2017,6,"Male","White",482,25
2017,7,"Male","White",539,25
2017,8,"Male","White",516,25
2017,9,"Male","White",494,25
2017,10,"Male","White",527,25
2017,11,"Male","White",461,25
2017,12,"Male","White",501,25
2018,1,"Male","White",496,25
2018,2,"Male","White",427,25
2018,3,"Male","White",518,25
2018,4,"Male","White",482,25
2018,5,"Male","White",473,25
2018,6,"Male","White",465,25
2018,7,"Male","White",461,25
2018,8,"Male","White",483,25
2018,9,"Male","White",487,25
2018,10,"Male","White",426,25
2018,11,"Male","White",428,25
2018,12,"Male","White",513,25
2019,1,"Male","White",492,25
2019,2,"Male","White",390,25
2019,3,"Male","White",442,25
2019,4,"Male","White",417,25
2019,5,"Male","White",436,25
2019,6,"Male","White",461,25
2019,7,"Male","White",452,25
2019,8,"Male","White",453,25
2019,9,"Male","White",447,25
2019,10,"Male","White",502,25
2019,11,"Male","White",453,25
2019,12,"Male","White",480,25
2020,1,"Male","White",446,25
2020,2,"Male","White",454,25
2020,3,"Male","White",437,25
2020,4,"Male","White",460,25
2020,5,"Male","White",482,25
2020,6,"Male","White",469,25
2020,7,"Male","White",475,25
2020,8,"Male","White",480,25
2020,9,"Male","White",473,25
2020,10,"Male","White",486,25
2020,11,"Male","White",484,25
2020,12,"Male","White",462,25
2010,8,"Male","White",636,30
2010,9,"Male","White",622,30
2010,10,"Male","White",666,30
2010,11,"Male","White",591,30
2010,12,"Male","White",678,30
2011,1,"Male","White",748,30
2011,2,"Male","White",554,30
2011,3,"Male","White",635,30
2011,4,"Male","White",671,30
2011,5,"Male","White",688,30
2011,6,"Male","White",634,30
2011,7,"Male","White",715,30
2011,8,"Male","White",659,30
2011,9,"Male","White",662,30
2011,10,"Male","White",646,30
2011,11,"Male","White",607,30
2011,12,"Male","White",641,30
2012,1,"Male","White",703,30
2012,2,"Male","White",627,30
2012,3,"Male","White",612,30
2012,4,"Male","White",610,30
2012,5,"Male","White",675,30
2012,6,"Male","White",663,30
2012,7,"Male","White",652,30
2012,8,"Male","White",639,30
2012,9,"Male","White",608,30
2012,10,"Male","White",733,30
2012,11,"Male","White",646,30
2012,12,"Male","White",730,30
2013,1,"Male","White",600,30
2013,2,"Male","White",592,30
2013,3,"Male","White",642,30
2013,4,"Male","White",659,30
2013,5,"Male","White",660,30
2013,6,"Male","White",617,30
2013,7,"Male","White",629,30
2013,8,"Male","White",631,30
2013,9,"Male","White",597,30
2013,10,"Male","White",608,30
2013,11,"Male","White",684,30
2013,12,"Male","White",679,30
2014,1,"Male","White",629,30
2014,2,"Male","White",635,30
2014,3,"Male","White",635,30
2014,4,"Male","White",628,30
2014,5,"Male","White",621,30
2014,6,"Male","White",618,30
2014,7,"Male","White",583,30
2014,8,"Male","White",630,30
2014,9,"Male","White",574,30
2014,10,"Male","White",638,30
2014,11,"Male","White",600,30
2014,12,"Male","White",679,30
2015,1,"Male","White",647,30
2015,2,"Male","White",533,30
2015,3,"Male","White",554,30
2015,4,"Male","White",563,30
2015,5,"Male","White",584,30
2015,6,"Male","White",585,30
2015,7,"Male","White",584,30
2015,8,"Male","White",572,30
2015,9,"Male","White",525,30
2015,10,"Male","White",579,30
2015,11,"Male","White",591,30
2015,12,"Male","White",635,30
2016,1,"Male","White",597,30
2016,2,"Male","White",555,30
2016,3,"Male","White",611,30
2016,4,"Male","White",618,30
2016,5,"Male","White",573,30
2016,6,"Male","White",542,30
2016,7,"Male","White",613,30
2016,8,"Male","White",549,30
2016,9,"Male","White",562,30
2016,10,"Male","White",587,30
2016,11,"Male","White",544,30
2016,12,"Male","White",546,30
2017,1,"Male","White",601,30
2017,2,"Male","White",559,30
2017,3,"Male","White",581,30
2017,4,"Male","White",563,30
2017,5,"Male","White",582,30
2017,6,"Male","White",546,30
2017,7,"Male","White",556,30
2017,8,"Male","White",519,30
2017,9,"Male","White",557,30
2017,10,"Male","White",558,30
2017,11,"Male","White",546,30
2017,12,"Male","White",584,30
2018,1,"Male","White",530,30
2018,2,"Male","White",497,30
2018,3,"Male","White",568,30
2018,4,"Male","White",481,30
2018,5,"Male","White",522,30
2018,6,"Male","White",524,30
2018,7,"Male","White",585,30
2018,8,"Male","White",482,30
2018,9,"Male","White",507,30
2018,10,"Male","White",514,30
2018,11,"Male","White",507,30
2018,12,"Male","White",521,30
2019,1,"Male","White",504,30
2019,2,"Male","White",424,30
2019,3,"Male","White",478,30
2019,4,"Male","White",484,30
2019,5,"Male","White",511,30
2019,6,"Male","White",517,30
2019,7,"Male","White",544,30
2019,8,"Male","White",486,30
2019,9,"Male","White",492,30
2019,10,"Male","White",483,30
2019,11,"Male","White",499,30
2019,12,"Male","White",557,30
2020,1,"Male","White",526,30
2020,2,"Male","White",457,30
2020,3,"Male","White",501,30
2020,4,"Male","White",517,30
2020,5,"Male","White",599,30
2020,6,"Male","White",556,30
2020,7,"Male","White",564,30
2020,8,"Male","White",578,30
2020,9,"Male","White",555,30
2020,10,"Male","White",577,30
2020,11,"Male","White",539,30
2020,12,"Male","White",602,30
2010,8,"Male","White",747,35
2010,9,"Male","White",685,35
2010,10,"Male","White",694,35
2010,11,"Male","White",697,35
2010,12,"Male","White",728,35
2011,1,"Male","White",755,35
2011,2,"Male","White",678,35
2011,3,"Male","White",723,35
2011,4,"Male","White",716,35
2011,5,"Male","White",722,35
2011,6,"Male","White",662,35
2011,7,"Male","White",767,35
2011,8,"Male","White",697,35
2011,9,"Male","White",652,35
2011,10,"Male","White",679,35
2011,11,"Male","White",651,35
2011,12,"Male","White",699,35
2012,1,"Male","White",715,35
2012,2,"Male","White",670,35
2012,3,"Male","White",715,35
2012,4,"Male","White",629,35
2012,5,"Male","White",681,35
2012,6,"Male","White",699,35
2012,7,"Male","White",707,35
2012,8,"Male","White",685,35
2012,9,"Male","White",732,35
2012,10,"Male","White",731,35
2012,11,"Male","White",678,35
2012,12,"Male","White",793,35
2013,1,"Male","White",638,35
2013,2,"Male","White",637,35
2013,3,"Male","White",679,35
2013,4,"Male","White",672,35
2013,5,"Male","White",732,35
2013,6,"Male","White",705,35
2013,7,"Male","White",737,35
2013,8,"Male","White",710,35
2013,9,"Male","White",666,35
2013,10,"Male","White",690,35
2013,11,"Male","White",659,35
2013,12,"Male","White",722,35
2014,1,"Male","White",648,35
2014,2,"Male","White",658,35
2014,3,"Male","White",657,35
2014,4,"Male","White",660,35
2014,5,"Male","White",698,35
2014,6,"Male","White",736,35
2014,7,"Male","White",643,35
2014,8,"Male","White",703,35
2014,9,"Male","White",680,35
2014,10,"Male","White",696,35
2014,11,"Male","White",614,35
2014,12,"Male","White",674,35
2015,1,"Male","White",663,35
2015,2,"Male","White",586,35
2015,3,"Male","White",648,35
2015,4,"Male","White",629,35
2015,5,"Male","White",686,35
2015,6,"Male","White",610,35
2015,7,"Male","White",623,35
2015,8,"Male","White",656,35
2015,9,"Male","White",653,35
2015,10,"Male","White",612,35
2015,11,"Male","White",666,35
2015,12,"Male","White",674,35
2016,1,"Male","White",631,35
2016,2,"Male","White",627,35
2016,3,"Male","White",688,35
2016,4,"Male","White",703,35
2016,5,"Male","White",628,35
2016,6,"Male","White",653,35
2016,7,"Male","White",690,35
2016,8,"Male","White",627,35
2016,9,"Male","White",629,35
2016,10,"Male","White",710,35
2016,11,"Male","White",642,35
2016,12,"Male","White",705,35
2017,1,"Male","White",652,35
2017,2,"Male","White",628,35
2017,3,"Male","White",643,35
2017,4,"Male","White",621,35
2017,5,"Male","White",670,35
2017,6,"Male","White",697,35
2017,7,"Male","White",694,35
2017,8,"Male","White",679,35
2017,9,"Male","White",636,35
2017,10,"Male","White",642,35
2017,11,"Male","White",618,35
2017,12,"Male","White",658,35
2018,1,"Male","White",651,35
2018,2,"Male","White",630,35
2018,3,"Male","White",648,35
2018,4,"Male","White",661,35
2018,5,"Male","White",627,35
2018,6,"Male","White",693,35
2018,7,"Male","White",626,35
2018,8,"Male","White",675,35
2018,9,"Male","White",657,35
2018,10,"Male","White",612,35
2018,11,"Male","White",627,35
2018,12,"Male","White",647,35
2019,1,"Male","White",693,35
2019,2,"Male","White",542,35
2019,3,"Male","White",600,35
2019,4,"Male","White",611,35
2019,5,"Male","White",624,35
2019,6,"Male","White",644,35
2019,7,"Male","White",644,35
2019,8,"Male","White",601,35
2019,9,"Male","White",656,35
2019,10,"Male","White",603,35
2019,11,"Male","White",577,35
2019,12,"Male","White",598,35
2020,1,"Male","White",609,35
2020,2,"Male","White",590,35
2020,3,"Male","White",651,35
2020,4,"Male","White",684,35
2020,5,"Male","White",788,35
2020,6,"Male","White",675,35
2020,7,"Male","White",773,35
2020,8,"Male","White",714,35
2020,9,"Male","White",701,35
2020,10,"Male","White",708,35
2020,11,"Male","White",714,35
2020,12,"Male","White",762,35
2010,8,"Male","White",961,40
2010,9,"Male","White",890,40
2010,10,"Male","White",930,40
2010,11,"Male","White",894,40
2010,12,"Male","White",982,40
2011,1,"Male","White",1028,40
2011,2,"Male","White",853,40
2011,3,"Male","White",961,40
2011,4,"Male","White",859,40
2011,5,"Male","White",972,40
2011,6,"Male","White",898,40
2011,7,"Male","White",941,40
2011,8,"Male","White",924,40
2011,9,"Male","White",841,40
2011,10,"Male","White",936,40
2011,11,"Male","White",863,40
2011,12,"Male","White",843,40
2012,1,"Male","White",870,40
2012,2,"Male","White",812,40
2012,3,"Male","White",878,40
2012,4,"Male","White",837,40
2012,5,"Male","White",883,40
2012,6,"Male","White",904,40
2012,7,"Male","White",921,40
2012,8,"Male","White",877,40
2012,9,"Male","White",878,40
2012,10,"Male","White",928,40
2012,11,"Male","White",828,40
2012,12,"Male","White",921,40
2013,1,"Male","White",887,40
2013,2,"Male","White",796,40
2013,3,"Male","White",896,40
2013,4,"Male","White",822,40
2013,5,"Male","White",857,40
2013,6,"Male","White",879,40
2013,7,"Male","White",880,40
2013,8,"Male","White",874,40
2013,9,"Male","White",812,40
2013,10,"Male","White",799,40
2013,11,"Male","White",793,40
2013,12,"Male","White",881,40
2014,1,"Male","White",802,40
2014,2,"Male","White",809,40
2014,3,"Male","White",840,40
2014,4,"Male","White",802,40
2014,5,"Male","White",825,40
2014,6,"Male","White",853,40
2014,7,"Male","White",822,40
2014,8,"Male","White",859,40
2014,9,"Male","White",817,40
2014,10,"Male","White",875,40
2014,11,"Male","White",770,40
2014,12,"Male","White",825,40
2015,1,"Male","White",854,40
2015,2,"Male","White",756,40
2015,3,"Male","White",806,40
2015,4,"Male","White",818,40
2015,5,"Male","White",845,40
2015,6,"Male","White",806,40
2015,7,"Male","White",793,40
2015,8,"Male","White",902,40
2015,9,"Male","White",731,40
2015,10,"Male","White",805,40
2015,11,"Male","White",753,40
2015,12,"Male","White",846,40
2016,1,"Male","White",802,40
2016,2,"Male","White",797,40
2016,3,"Male","White",796,40
2016,4,"Male","White",836,40
2016,5,"Male","White",822,40
2016,6,"Male","White",823,40
2016,7,"Male","White",790,40
2016,8,"Male","White",779,40
2016,9,"Male","White",729,40
2016,10,"Male","White",762,40
2016,11,"Male","White",712,40
2016,12,"Male","White",771,40
2017,1,"Male","White",795,40
2017,2,"Male","White",722,40
2017,3,"Male","White",776,40
2017,4,"Male","White",699,40
2017,5,"Male","White",775,40
2017,6,"Male","White",751,40
2017,7,"Male","White",822,40
2017,8,"Male","White",737,40
2017,9,"Male","White",832,40
2017,10,"Male","White",753,40
2017,11,"Male","White",722,40
2017,12,"Male","White",797,40
2018,1,"Male","White",765,40
2018,2,"Male","White",696,40
2018,3,"Male","White",771,40
2018,4,"Male","White",729,40
2018,5,"Male","White",739,40
2018,6,"Male","White",752,40
2018,7,"Male","White",823,40
2018,8,"Male","White",760,40
2018,9,"Male","White",729,40
2018,10,"Male","White",753,40
2018,11,"Male","White",751,40
2018,12,"Male","White",761,40
2019,1,"Male","White",772,40
2019,2,"Male","White",667,40
2019,3,"Male","White",730,40
2019,4,"Male","White",718,40
2019,5,"Male","White",749,40
2019,6,"Male","White",813,40
2019,7,"Male","White",808,40
2019,8,"Male","White",755,40
2019,9,"Male","White",707,40
2019,10,"Male","White",749,40
2019,11,"Male","White",732,40
2019,12,"Male","White",789,40
2020,1,"Male","White",739,40
2020,2,"Male","White",743,40
2020,3,"Male","White",777,40
2020,4,"Male","White",793,40
2020,5,"Male","White",924,40
2020,6,"Male","White",944,40
2020,7,"Male","White",973,40
2020,8,"Male","White",971,40
2020,9,"Male","White",841,40
2020,10,"Male","White",863,40
2020,11,"Male","White",899,40
2020,12,"Male","White",968,40
2010,8,"Male","White",1398,45
2010,9,"Male","White",1208,45
2010,10,"Male","White",1257,45
2010,11,"Male","White",1196,45
2010,12,"Male","White",1333,45
2011,1,"Male","White",1313,45
2011,2,"Male","White",1198,45
2011,3,"Male","White",1339,45
2011,4,"Male","White",1224,45
2011,5,"Male","White",1274,45
2011,6,"Male","White",1269,45
2011,7,"Male","White",1382,45
2011,8,"Male","White",1298,45
2011,9,"Male","White",1206,45
2011,10,"Male","White",1351,45
2011,11,"Male","White",1158,45
2011,12,"Male","White",1192,45
2012,1,"Male","White",1252,45
2012,2,"Male","White",1173,45
2012,3,"Male","White",1203,45
2012,4,"Male","White",1135,45
2012,5,"Male","White",1302,45
2012,6,"Male","White",1298,45
2012,7,"Male","White",1299,45
2012,8,"Male","White",1171,45
2012,9,"Male","White",1177,45
2012,10,"Male","White",1234,45
2012,11,"Male","White",1077,45
2012,12,"Male","White",1272,45
2013,1,"Male","White",1187,45
2013,2,"Male","White",1065,45
2013,3,"Male","White",1216,45
2013,4,"Male","White",1156,45
2013,5,"Male","White",1322,45
2013,6,"Male","White",1252,45
2013,7,"Male","White",1365,45
2013,8,"Male","White",1179,45
2013,9,"Male","White",1214,45
2013,10,"Male","White",1220,45
2013,11,"Male","White",1136,45
2013,12,"Male","White",1198,45
2014,1,"Male","White",1161,45
2014,2,"Male","White",1106,45
2014,3,"Male","White",1153,45
2014,4,"Male","White",1093,45
2014,5,"Male","White",1239,45
2014,6,"Male","White",1119,45
2014,7,"Male","White",1193,45
2014,8,"Male","White",1182,45
2014,9,"Male","White",1098,45
2014,10,"Male","White",1146,45
2014,11,"Male","White",1059,45
2014,12,"Male","White",1156,45
2015,1,"Male","White",1142,45
2015,2,"Male","White",1057,45
2015,3,"Male","White",1144,45
2015,4,"Male","White",1110,45
2015,5,"Male","White",1230,45
2015,6,"Male","White",1117,45
2015,7,"Male","White",1116,45
2015,8,"Male","White",1118,45
2015,9,"Male","White",1021,45
2015,10,"Male","White",1094,45
2015,11,"Male","White",1042,45
2015,12,"Male","White",1111,45
2016,1,"Male","White",1083,45
2016,2,"Male","White",1087,45
2016,3,"Male","White",1139,45
2016,4,"Male","White",1184,45
2016,5,"Male","White",1133,45
2016,6,"Male","White",1178,45
2016,7,"Male","White",1130,45
2016,8,"Male","White",1127,45
2016,9,"Male","White",1041,45
2016,10,"Male","White",1037,45
2016,11,"Male","White",952,45
2016,12,"Male","White",1047,45
2017,1,"Male","White",1003,45
2017,2,"Male","White",953,45
2017,3,"Male","White",1011,45
2017,4,"Male","White",1051,45
2017,5,"Male","White",1154,45
2017,6,"Male","White",1043,45
2017,7,"Male","White",1097,45
2017,8,"Male","White",1100,45
2017,9,"Male","White",981,45
2017,10,"Male","White",1013,45
2017,11,"Male","White",913,45
2017,12,"Male","White",1132,45
2018,1,"Male","White",1042,45
2018,2,"Male","White",931,45
2018,3,"Male","White",1012,45
2018,4,"Male","White",995,45
2018,5,"Male","White",1054,45
2018,6,"Male","White",1060,45
2018,7,"Male","White",1049,45
2018,8,"Male","White",1075,45
2018,9,"Male","White",995,45
2018,10,"Male","White",980,45
2018,11,"Male","White",928,45
2018,12,"Male","White",1044,45
2019,1,"Male","White",1009,45
2019,2,"Male","White",881,45
2019,3,"Male","White",967,45
2019,4,"Male","White",929,45
2019,5,"Male","White",975,45
2019,6,"Male","White",1042,45
2019,7,"Male","White",1068,45
2019,8,"Male","White",986,45
2019,9,"Male","White",968,45
2019,10,"Male","White",964,45
2019,11,"Male","White",879,45
2019,12,"Male","White",999,45
2020,1,"Male","White",1014,45
2020,2,"Male","White",954,45
2020,3,"Male","White",987,45
2020,4,"Male","White",1071,45
2020,5,"Male","White",1255,45
2020,6,"Male","White",1194,45
2020,7,"Male","White",1319,45
2020,8,"Male","White",1291,45
2020,9,"Male","White",1153,45
2020,10,"Male","White",1155,45
2020,11,"Male","White",1102,45
2020,12,"Male","White",1298,45
2010,8,"Male","White",1801,50
2010,9,"Male","White",1663,50
2010,10,"Male","White",1618,50
2010,11,"Male","White",1642,50
2010,12,"Male","White",1705,50
2011,1,"Male","White",1741,50
2011,2,"Male","White",1503,50
2011,3,"Male","White",1676,50
2011,4,"Male","White",1612,50
2011,5,"Male","White",1713,50
2011,6,"Male","White",1767,50
2011,7,"Male","White",1771,50
2011,8,"Male","White",1702,50
2011,9,"Male","White",1665,50
2011,10,"Male","White",1629,50
2011,11,"Male","White",1562,50
2011,12,"Male","White",1660,50
2012,1,"Male","White",1589,50
2012,2,"Male","White",1601,50
2012,3,"Male","White",1588,50
2012,4,"Male","White",1456,50
2012,5,"Male","White",1715,50
2012,6,"Male","White",1704,50
2012,7,"Male","White",1760,50
2012,8,"Male","White",1695,50
2012,9,"Male","White",1612,50
2012,10,"Male","White",1611,50
2012,11,"Male","White",1447,50
2012,12,"Male","White",1684,50
2013,1,"Male","White",1650,50
2013,2,"Male","White",1521,50
2013,3,"Male","White",1547,50
2013,4,"Male","White",1599,50
2013,5,"Male","White",1666,50
2013,6,"Male","White",1650,50
2013,7,"Male","White",1885,50
2013,8,"Male","White",1713,50
2013,9,"Male","White",1531,50
2013,10,"Male","White",1625,50
2013,11,"Male","White",1534,50
2013,12,"Male","White",1665,50
2014,1,"Male","White",1580,50
2014,2,"Male","White",1538,50
2014,3,"Male","White",1638,50
2014,4,"Male","White",1568,50
2014,5,"Male","White",1700,50
2014,6,"Male","White",1656,50
2014,7,"Male","White",1660,50
2014,8,"Male","White",1685,50
2014,9,"Male","White",1536,50
2014,10,"Male","White",1606,50
2014,11,"Male","White",1527,50
2014,12,"Male","White",1507,50
2015,1,"Male","White",1667,50
2015,2,"Male","White",1475,50
2015,3,"Male","White",1621,50
2015,4,"Male","White",1604,50
2015,5,"Male","White",1674,50
2015,6,"Male","White",1586,50
2015,7,"Male","White",1642,50
2015,8,"Male","White",1585,50
2015,9,"Male","White",1540,50
2015,10,"Male","White",1603,50
2015,11,"Male","White",1595,50
2015,12,"Male","White",1564,50
2016,1,"Male","White",1597,50
2016,2,"Male","White",1457,50
2016,3,"Male","White",1659,50
2016,4,"Male","White",1693,50
2016,5,"Male","White",1700,50
2016,6,"Male","White",1744,50
2016,7,"Male","White",1700,50
2016,8,"Male","White",1666,50
2016,9,"Male","White",1533,50
2016,10,"Male","White",1634,50
2016,11,"Male","White",1467,50
2016,12,"Male","White",1537,50
2017,1,"Male","White",1526,50
2017,2,"Male","White",1380,50
2017,3,"Male","White",1558,50
2017,4,"Male","White",1477,50
2017,5,"Male","White",1592,50
2017,6,"Male","White",1518,50
2017,7,"Male","White",1672,50
2017,8,"Male","White",1547,50
2017,9,"Male","White",1470,50
2017,10,"Male","White",1451,50
2017,11,"Male","White",1478,50
2017,12,"Male","White",1548,50
2018,1,"Male","White",1518,50
2018,2,"Male","White",1366,50
2018,3,"Male","White",1549,50
2018,4,"Male","White",1488,50
2018,5,"Male","White",1581,50
2018,6,"Male","White",1624,50
2018,7,"Male","White",1683,50
2018,8,"Male","White",1588,50
2018,9,"Male","White",1457,50
2018,10,"Male","White",1466,50
2018,11,"Male","White",1337,50
2018,12,"Male","White",1511,50
2019,1,"Male","White",1469,50
2019,2,"Male","White",1329,50
2019,3,"Male","White",1489,50
2019,4,"Male","White",1449,50
2019,5,"Male","White",1583,50
2019,6,"Male","White",1563,50
2019,7,"Male","White",1579,50
2019,8,"Male","White",1517,50
2019,9,"Male","White",1463,50
2019,10,"Male","White",1461,50
2019,11,"Male","White",1310,50
2019,12,"Male","White",1516,50
2020,1,"Male","White",1461,50
2020,2,"Male","White",1299,50
2020,3,"Male","White",1514,50
2020,4,"Male","White",1555,50
2020,5,"Male","White",1828,50
2020,6,"Male","White",1794,50
2020,7,"Male","White",1912,50
2020,8,"Male","White",1889,50
2020,9,"Male","White",1647,50
2020,10,"Male","White",1609,50
2020,11,"Male","White",1524,50
2020,12,"Male","White",1875,50
2010,8,"Male","White",2137,55
2010,9,"Male","White",1990,55
2010,10,"Male","White",2064,55
2010,11,"Male","White",1944,55
2010,12,"Male","White",2034,55
2011,1,"Male","White",2094,55
2011,2,"Male","White",1847,55
2011,3,"Male","White",1976,55
2011,4,"Male","White",1963,55
2011,5,"Male","White",2058,55
2011,6,"Male","White",2133,55
2011,7,"Male","White",2285,55
2011,8,"Male","White",2069,55
2011,9,"Male","White",1904,55
2011,10,"Male","White",2143,55
2011,11,"Male","White",1977,55
2011,12,"Male","White",2086,55
2012,1,"Male","White",1988,55
2012,2,"Male","White",1934,55
2012,3,"Male","White",1984,55
2012,4,"Male","White",1916,55
2012,5,"Male","White",2162,55
2012,6,"Male","White",2024,55
2012,7,"Male","White",2253,55
2012,8,"Male","White",2118,55
2012,9,"Male","White",1980,55
2012,10,"Male","White",2067,55
2012,11,"Male","White",1916,55
2012,12,"Male","White",2104,55
2013,1,"Male","White",2067,55
2013,2,"Male","White",1829,55
2013,3,"Male","White",2091,55
2013,4,"Male","White",2159,55
2013,5,"Male","White",2129,55
2013,6,"Male","White",2159,55
2013,7,"Male","White",2358,55
2013,8,"Male","White",2187,55
2013,9,"Male","White",2032,55
2013,10,"Male","White",2023,55
2013,11,"Male","White",1959,55
2013,12,"Male","White",1982,55
2014,1,"Male","White",2105,55
2014,2,"Male","White",1881,55
2014,3,"Male","White",1983,55
2014,4,"Male","White",1974,55
2014,5,"Male","White",2173,55
2014,6,"Male","White",2165,55
2014,7,"Male","White",2151,55
2014,8,"Male","White",2195,55
2014,9,"Male","White",2075,55
2014,10,"Male","White",2114,55
2014,11,"Male","White",1958,55
2014,12,"Male","White",2003,55
2015,1,"Male","White",2157,55
2015,2,"Male","White",1772,55
2015,3,"Male","White",1980,55
2015,4,"Male","White",2043,55
2015,5,"Male","White",2221,55
2015,6,"Male","White",2146,55
2015,7,"Male","White",2201,55
2015,8,"Male","White",2107,55
2015,9,"Male","White",2017,55
2015,10,"Male","White",1988,55
2015,11,"Male","White",1854,55
2015,12,"Male","White",2160,55
2016,1,"Male","White",2049,55
2016,2,"Male","White",2013,55
2016,3,"Male","White",2174,55
2016,4,"Male","White",2262,55
2016,5,"Male","White",2351,55
2016,6,"Male","White",2299,55
2016,7,"Male","White",2294,55
2016,8,"Male","White",2127,55
2016,9,"Male","White",2020,55
2016,10,"Male","White",2064,55
2016,11,"Male","White",1912,55
2016,12,"Male","White",2038,55
2017,1,"Male","White",2050,55
2017,2,"Male","White",1839,55
2017,3,"Male","White",1968,55
2017,4,"Male","White",2018,55
2017,5,"Male","White",2169,55
2017,6,"Male","White",2081,55
2017,7,"Male","White",2274,55
2017,8,"Male","White",2116,55
2017,9,"Male","White",2059,55
2017,10,"Male","White",2023,55
2017,11,"Male","White",1855,55
2017,12,"Male","White",1998,55
2018,1,"Male","White",2001,55
2018,2,"Male","White",1871,55
2018,3,"Male","White",1940,55
2018,4,"Male","White",1981,55
2018,5,"Male","White",2147,55
2018,6,"Male","White",2238,55
2018,7,"Male","White",2245,55
2018,8,"Male","White",2215,55
2018,9,"Male","White",2065,55
2018,10,"Male","White",2014,55
2018,11,"Male","White",1915,55
2018,12,"Male","White",2110,55
2019,1,"Male","White",2045,55
2019,2,"Male","White",1914,55
2019,3,"Male","White",2033,55
2019,4,"Male","White",2008,55
2019,5,"Male","White",2134,55
2019,6,"Male","White",2173,55
2019,7,"Male","White",2318,55
2019,8,"Male","White",2142,55
2019,9,"Male","White",2022,55
2019,10,"Male","White",1982,55
2019,11,"Male","White",1947,55
2019,12,"Male","White",2027,55
2020,1,"Male","White",2042,55
2020,2,"Male","White",1916,55
2020,3,"Male","White",2135,55
2020,4,"Male","White",2182,55
2020,5,"Male","White",2652,55
2020,6,"Male","White",2445,55
2020,7,"Male","White",2866,55
2020,8,"Male","White",2732,55
2020,9,"Male","White",2447,55
2020,10,"Male","White",2315,55
2020,11,"Male","White",2312,55
2020,12,"Male","White",2637,55
2010,8,"Male","White",2514,60
2010,9,"Male","White",2220,60
2010,10,"Male","White",2355,60
2010,11,"Male","White",2158,60
2010,12,"Male","White",2306,60
2011,1,"Male","White",2413,60
2011,2,"Male","White",2155,60
2011,3,"Male","White",2256,60
2011,4,"Male","White",2315,60
2011,5,"Male","White",2465,60
2011,6,"Male","White",2459,60
2011,7,"Male","White",2596,60
2011,8,"Male","White",2431,60
2011,9,"Male","White",2384,60
2011,10,"Male","White",2301,60
2011,11,"Male","White",2172,60
2011,12,"Male","White",2309,60
2012,1,"Male","White",2186,60
2012,2,"Male","White",2146,60
2012,3,"Male","White",2231,60
2012,4,"Male","White",2227,60
2012,5,"Male","White",2441,60
2012,6,"Male","White",2410,60
2012,7,"Male","White",2691,60
2012,8,"Male","White",2444,60
2012,9,"Male","White",2362,60
2012,10,"Male","White",2404,60
2012,11,"Male","White",2227,60
2012,12,"Male","White",2402,60
2013,1,"Male","White",2245,60
2013,2,"Male","White",2160,60
2013,3,"Male","White",2310,60
2013,4,"Male","White",2375,60
2013,5,"Male","White",2494,60
2013,6,"Male","White",2507,60
2013,7,"Male","White",2688,60
2013,8,"Male","White",2544,60
2013,9,"Male","White",2457,60
2013,10,"Male","White",2340,60
2013,11,"Male","White",2289,60
2013,12,"Male","White",2353,60
2014,1,"Male","White",2416,60
2014,2,"Male","White",2275,60
2014,3,"Male","White",2350,60
2014,4,"Male","White",2316,60
2014,5,"Male","White",2518,60
2014,6,"Male","White",2542,60
2014,7,"Male","White",2591,60
2014,8,"Male","White",2696,60
2014,9,"Male","White",2476,60
2014,10,"Male","White",2451,60
2014,11,"Male","White",2325,60
2014,12,"Male","White",2398,60
2015,1,"Male","White",2517,60
2015,2,"Male","White",2234,60
2015,3,"Male","White",2349,60
2015,4,"Male","White",2462,60
2015,5,"Male","White",2688,60
2015,6,"Male","White",2528,60
2015,7,"Male","White",2739,60
2015,8,"Male","White",2559,60
2015,9,"Male","White",2466,60
2015,10,"Male","White",2524,60
2015,11,"Male","White",2326,60
2015,12,"Male","White",2587,60
2016,1,"Male","White",2550,60
2016,2,"Male","White",2433,60
2016,3,"Male","White",2715,60
2016,4,"Male","White",2730,60
2016,5,"Male","White",2810,60
2016,6,"Male","White",2884,60
2016,7,"Male","White",2819,60
2016,8,"Male","White",2643,60
2016,9,"Male","White",2589,60
2016,10,"Male","White",2623,60
2016,11,"Male","White",2353,60
2016,12,"Male","White",2451,60
2017,1,"Male","White",2541,60
2017,2,"Male","White",2400,60
2017,3,"Male","White",2530,60
2017,4,"Male","White",2567,60
2017,5,"Male","White",2718,60
2017,6,"Male","White",2858,60
2017,7,"Male","White",2903,60
2017,8,"Male","White",2754,60
2017,9,"Male","White",2515,60
2017,10,"Male","White",2671,60
2017,11,"Male","White",2522,60
2017,12,"Male","White",2525,60
2018,1,"Male","White",2556,60
2018,2,"Male","White",2324,60
2018,3,"Male","White",2741,60
2018,4,"Male","White",2548,60
2018,5,"Male","White",2834,60
2018,6,"Male","White",2894,60
2018,7,"Male","White",3010,60
2018,8,"Male","White",2896,60
2018,9,"Male","White",2548,60
2018,10,"Male","White",2618,60
2018,11,"Male","White",2448,60
2018,12,"Male","White",2696,60
2019,1,"Male","White",2733,60
2019,2,"Male","White",2281,60
2019,3,"Male","White",2572,60
2019,4,"Male","White",2585,60
2019,5,"Male","White",2788,60
2019,6,"Male","White",2905,60
2019,7,"Male","White",2975,60
2019,8,"Male","White",2913,60
2019,9,"Male","White",2671,60
2019,10,"Male","White",2701,60
2019,11,"Male","White",2595,60
2019,12,"Male","White",2595,60
2020,1,"Male","White",2609,60
2020,2,"Male","White",2457,60
2020,3,"Male","White",2774,60
2020,4,"Male","White",2792,60
2020,5,"Male","White",3370,60
2020,6,"Male","White",3264,60
2020,7,"Male","White",3554,60
2020,8,"Male","White",3554,60
2020,9,"Male","White",3172,60
2020,10,"Male","White",3182,60
2020,11,"Male","White",3019,60
2020,12,"Male","White",3526,60
2010,8,"Male","White",2685,65
2010,9,"Male","White",2575,65
2010,10,"Male","White",2494,65
2010,11,"Male","White",2365,65
2010,12,"Male","White",2567,65
2011,1,"Male","White",2622,65
2011,2,"Male","White",2220,65
2011,3,"Male","White",2473,65
2011,4,"Male","White",2394,65
2011,5,"Male","White",2657,65
2011,6,"Male","White",2706,65
2011,7,"Male","White",2828,65
2011,8,"Male","White",2727,65
2011,9,"Male","White",2499,65
2011,10,"Male","White",2515,65
2011,11,"Male","White",2485,65
2011,12,"Male","White",2454,65
2012,1,"Male","White",2540,65
2012,2,"Male","White",2414,65
2012,3,"Male","White",2411,65
2012,4,"Male","White",2451,65
2012,5,"Male","White",2773,65
2012,6,"Male","White",2796,65
2012,7,"Male","White",2921,65
2012,8,"Male","White",2749,65
2012,9,"Male","White",2585,65
2012,10,"Male","White",2543,65
2012,11,"Male","White",2448,65
2012,12,"Male","White",2625,65
2013,1,"Male","White",2391,65
2013,2,"Male","White",2285,65
2013,3,"Male","White",2633,65
2013,4,"Male","White",2549,65
2013,5,"Male","White",2721,65
2013,6,"Male","White",2818,65
2013,7,"Male","White",2981,65
2013,8,"Male","White",2911,65
2013,9,"Male","White",2610,65
2013,10,"Male","White",2663,65
2013,11,"Male","White",2504,65
2013,12,"Male","White",2649,65
2014,1,"Male","White",2635,65
2014,2,"Male","White",2440,65
2014,3,"Male","White",2517,65
2014,4,"Male","White",2599,65
2014,5,"Male","White",2883,65
2014,6,"Male","White",2843,65
2014,7,"Male","White",2928,65
2014,8,"Male","White",2801,65
2014,9,"Male","White",2785,65
2014,10,"Male","White",2821,65
2014,11,"Male","White",2561,65
2014,12,"Male","White",2684,65
2015,1,"Male","White",2815,65
2015,2,"Male","White",2425,65
2015,3,"Male","White",2698,65
2015,4,"Male","White",2773,65
2015,5,"Male","White",3027,65
2015,6,"Male","White",2903,65
2015,7,"Male","White",3199,65
2015,8,"Male","White",2989,65
2015,9,"Male","White",2815,65
2015,10,"Male","White",2740,65
2015,11,"Male","White",2680,65
2015,12,"Male","White",2909,65
2016,1,"Male","White",2763,65
2016,2,"Male","White",2775,65
2016,3,"Male","White",2991,65
2016,4,"Male","White",2959,65
2016,5,"Male","White",3253,65
2016,6,"Male","White",3249,65
2016,7,"Male","White",3212,65
2016,8,"Male","White",3060,65
2016,9,"Male","White",2933,65
2016,10,"Male","White",2905,65
2016,11,"Male","White",2746,65
2016,12,"Male","White",2877,65
2017,1,"Male","White",2859,65
2017,2,"Male","White",2670,65
2017,3,"Male","White",2803,65
2017,4,"Male","White",2874,65
2017,5,"Male","White",3143,65
2017,6,"Male","White",3185,65
2017,7,"Male","White",3457,65
2017,8,"Male","White",3069,65
2017,9,"Male","White",2835,65
2017,10,"Male","White",2985,65
2017,11,"Male","White",2856,65
2017,12,"Male","White",3070,65
2018,1,"Male","White",2898,65
2018,2,"Male","White",2696,65
2018,3,"Male","White",2981,65
2018,4,"Male","White",2945,65
2018,5,"Male","White",3122,65
2018,6,"Male","White",3315,65
2018,7,"Male","White",3380,65
2018,8,"Male","White",3272,65
2018,9,"Male","White",2964,65
2018,10,"Male","White",2970,65
2018,11,"Male","White",2958,65
2018,12,"Male","White",3052,65
2019,1,"Male","White",2942,65
2019,2,"Male","White",2598,65
2019,3,"Male","White",2973,65
2019,4,"Male","White",3061,65
2019,5,"Male","White",3345,65
2019,6,"Male","White",3389,65
2019,7,"Male","White",3620,65
2019,8,"Male","White",3428,65
2019,9,"Male","White",3198,65
2019,10,"Male","White",3033,65
2019,11,"Male","White",2917,65
2019,12,"Male","White",3113,65
2020,1,"Male","White",3128,65
2020,2,"Male","White",3007,65
2020,3,"Male","White",3252,65
2020,4,"Male","White",3381,65
2020,5,"Male","White",4151,65
2020,6,"Male","White",3961,65
2020,7,"Male","White",4338,65
2020,8,"Male","White",4271,65
2020,9,"Male","White",3791,65
2020,10,"Male","White",3617,65
2020,11,"Male","White",3599,65
2020,12,"Male","White",4427,65
2010,8,"Male","White",3311,70
2010,9,"Male","White",2851,70
2010,10,"Male","White",2943,70
2010,11,"Male","White",2825,70
2010,12,"Male","White",2907,70
2011,1,"Male","White",2970,70
2011,2,"Male","White",2569,70
2011,3,"Male","White",2888,70
2011,4,"Male","White",2856,70
2011,5,"Male","White",3073,70
2011,6,"Male","White",3260,70
2011,7,"Male","White",3363,70
2011,8,"Male","White",3164,70
2011,9,"Male","White",2900,70
2011,10,"Male","White",2865,70
2011,11,"Male","White",2686,70
2011,12,"Male","White",2705,70
2012,1,"Male","White",2686,70
2012,2,"Male","White",2588,70
2012,3,"Male","White",2814,70
2012,4,"Male","White",2719,70
2012,5,"Male","White",2973,70
2012,6,"Male","White",3098,70
2012,7,"Male","White",3245,70
2012,8,"Male","White",2975,70
2012,9,"Male","White",2968,70
2012,10,"Male","White",2931,70
2012,11,"Male","White",2761,70
2012,12,"Male","White",2883,70
2013,1,"Male","White",2797,70
2013,2,"Male","White",2561,70
2013,3,"Male","White",2921,70
2013,4,"Male","White",2893,70
2013,5,"Male","White",3075,70
2013,6,"Male","White",3012,70
2013,7,"Male","White",3398,70
2013,8,"Male","White",3260,70
2013,9,"Male","White",3076,70
2013,10,"Male","White",2840,70
2013,11,"Male","White",2729,70
2013,12,"Male","White",2780,70
2014,1,"Male","White",2846,70
2014,2,"Male","White",2665,70
2014,3,"Male","White",2805,70
2014,4,"Male","White",2749,70
2014,5,"Male","White",3099,70
2014,6,"Male","White",3082,70
2014,7,"Male","White",3181,70
2014,8,"Male","White",3147,70
2014,9,"Male","White",2992,70
2014,10,"Male","White",3071,70
2014,11,"Male","White",2766,70
2014,12,"Male","White",2823,70
2015,1,"Male","White",2869,70
2015,2,"Male","White",2548,70
2015,3,"Male","White",2859,70
2015,4,"Male","White",2936,70
2015,5,"Male","White",3310,70
2015,6,"Male","White",3209,70
2015,7,"Male","White",3302,70
2015,8,"Male","White",3215,70
2015,9,"Male","White",2929,70
2015,10,"Male","White",2970,70
2015,11,"Male","White",2849,70
2015,12,"Male","White",2926,70
2016,1,"Male","White",3059,70
2016,2,"Male","White",2816,70
2016,3,"Male","White",3192,70
2016,4,"Male","White",3087,70
2016,5,"Male","White",3430,70
2016,6,"Male","White",3631,70
2016,7,"Male","White",3469,70
2016,8,"Male","White",3367,70
2016,9,"Male","White",3003,70
2016,10,"Male","White",3119,70
2016,11,"Male","White",2861,70
2016,12,"Male","White",2939,70
2017,1,"Male","White",2967,70
2017,2,"Male","White",2681,70
2017,3,"Male","White",3079,70
2017,4,"Male","White",2928,70
2017,5,"Male","White",3351,70
2017,6,"Male","White",3404,70
2017,7,"Male","White",3553,70
2017,8,"Male","White",3404,70
2017,9,"Male","White",3174,70
2017,10,"Male","White",3232,70
2017,11,"Male","White",3091,70
2017,12,"Male","White",2997,70
2018,1,"Male","White",3077,70
2018,2,"Male","White",2828,70
2018,3,"Male","White",3130,70
2018,4,"Male","White",3166,70
2018,5,"Male","White",3516,70
2018,6,"Male","White",3603,70
2018,7,"Male","White",3643,70
2018,8,"Male","White",3656,70
2018,9,"Male","White",3285,70
2018,10,"Male","White",3226,70
2018,11,"Male","White",3048,70
2018,12,"Male","White",3232,70
2019,1,"Male","White",3328,70
2019,2,"Male","White",2846,70
2019,3,"Male","White",3114,70
2019,4,"Male","White",3286,70
2019,5,"Male","White",3528,70
2019,6,"Male","White",3715,70
2019,7,"Male","White",3877,70
2019,8,"Male","White",3804,70
2019,9,"Male","White",3433,70
2019,10,"Male","White",3443,70
2019,11,"Male","White",3199,70
2019,12,"Male","White",3277,70
2020,1,"Male","White",3288,70
2020,2,"Male","White",3083,70
2020,3,"Male","White",3449,70
2020,4,"Male","White",3621,70
2020,5,"Male","White",4416,70
2020,6,"Male","White",4336,70
2020,7,"Male","White",4680,70
2020,8,"Male","White",4625,70
2020,9,"Male","White",4078,70
2020,10,"Male","White",3999,70
2020,11,"Male","White",3991,70
2020,12,"Male","White",4760,70
2010,8,"Male","White",3454,75
2010,9,"Male","White",3147,75
2010,10,"Male","White",3112,75
2010,11,"Male","White",2794,75
2010,12,"Male","White",3046,75
2011,1,"Male","White",3062,75
2011,2,"Male","White",2751,75
2011,3,"Male","White",2864,75
2011,4,"Male","White",2823,75
2011,5,"Male","White",3144,75
2011,6,"Male","White",3473,75
2011,7,"Male","White",3668,75
2011,8,"Male","White",3293,75
2011,9,"Male","White",3033,75
2011,10,"Male","White",2959,75
2011,11,"Male","White",2864,75
2011,12,"Male","White",2961,75
2012,1,"Male","White",2969,75
2012,2,"Male","White",2785,75
2012,3,"Male","White",2904,75
2012,4,"Male","White",2892,75
2012,5,"Male","White",3267,75
2012,6,"Male","White",3264,75
2012,7,"Male","White",3569,75
2012,8,"Male","White",3194,75
2012,9,"Male","White",3073,75
2012,10,"Male","White",3100,75
2012,11,"Male","White",2800,75
2012,12,"Male","White",2998,75
2013,1,"Male","White",2923,75
2013,2,"Male","White",2724,75
2013,3,"Male","White",3047,75
2013,4,"Male","White",3058,75
2013,5,"Male","White",3338,75
2013,6,"Male","White",3279,75
2013,7,"Male","White",3689,75
2013,8,"Male","White",3649,75
2013,9,"Male","White",3237,75
2013,10,"Male","White",3224,75
2013,11,"Male","White",2861,75
2013,12,"Male","White",2996,75
2014,1,"Male","White",3124,75
2014,2,"Male","White",2970,75
2014,3,"Male","White",3019,75
2014,4,"Male","White",2969,75
2014,5,"Male","White",3312,75
2014,6,"Male","White",3402,75
2014,7,"Male","White",3535,75
2014,8,"Male","White",3544,75
2014,9,"Male","White",3254,75
2014,10,"Male","White",3311,75
2014,11,"Male","White",3007,75
2014,12,"Male","White",3032,75
2015,1,"Male","White",3192,75
2015,2,"Male","White",2705,75
2015,3,"Male","White",3128,75
2015,4,"Male","White",3217,75
2015,5,"Male","White",3681,75
2015,6,"Male","White",3581,75
2015,7,"Male","White",3669,75
2015,8,"Male","White",3484,75
2015,9,"Male","White",3345,75
2015,10,"Male","White",3243,75
2015,11,"Male","White",3048,75
2015,12,"Male","White",3280,75
2016,1,"Male","White",3198,75
2016,2,"Male","White",3071,75
2016,3,"Male","White",3352,75
2016,4,"Male","White",3415,75
2016,5,"Male","White",3801,75
2016,6,"Male","White",3893,75
2016,7,"Male","White",3831,75
2016,8,"Male","White",3526,75
2016,9,"Male","White",3265,75
2016,10,"Male","White",3301,75
2016,11,"Male","White",3004,75
2016,12,"Male","White",3151,75
2017,1,"Male","White",3045,75
2017,2,"Male","White",2827,75
2017,3,"Male","White",3196,75
2017,4,"Male","White",3203,75
2017,5,"Male","White",3560,75
2017,6,"Male","White",3755,75
2017,7,"Male","White",3924,75
2017,8,"Male","White",3582,75
2017,9,"Male","White",3357,75
2017,10,"Male","White",3404,75
2017,11,"Male","White",3086,75
2017,12,"Male","White",3157,75
2018,1,"Male","White",3205,75
2018,2,"Male","White",2774,75
2018,3,"Male","White",3219,75
2018,4,"Male","White",3369,75
2018,5,"Male","White",3523,75
2018,6,"Male","White",3836,75
2018,7,"Male","White",3799,75
2018,8,"Male","White",3745,75
2018,9,"Male","White",3416,75
2018,10,"Male","White",3326,75
2018,11,"Male","White",3197,75
2018,12,"Male","White",3328,75
2019,1,"Male","White",3361,75
2019,2,"Male","White",2904,75
2019,3,"Male","White",3284,75
2019,4,"Male","White",3327,75
2019,5,"Male","White",3783,75
2019,6,"Male","White",3784,75
2019,7,"Male","White",4122,75
2019,8,"Male","White",3736,75
2019,9,"Male","White",3554,75
2019,10,"Male","White",3483,75
2019,11,"Male","White",3161,75
2019,12,"Male","White",3345,75
2020,1,"Male","White",3249,75
2020,2,"Male","White",3109,75
2020,3,"Male","White",3510,75
2020,4,"Male","White",3695,75
2020,5,"Male","White",4481,75
2020,6,"Male","White",4226,75
2020,7,"Male","White",4711,75
2020,8,"Male","White",4599,75
2020,9,"Male","White",3972,75
2020,10,"Male","White",4019,75
2020,11,"Male","White",3870,75
2020,12,"Male","White",4509,75
2010,8,"Male","White",7059,80
2010,9,"Male","White",6639,80
2010,10,"Male","White",6351,80
2010,11,"Male","White",5826,80
2010,12,"Male","White",6064,80
2011,1,"Male","White",6580,80
2011,2,"Male","White",5775,80
2011,3,"Male","White",6315,80
2011,4,"Male","White",5942,80
2011,5,"Male","White",6723,80
2011,6,"Male","White",7565,80
2011,7,"Male","White",7864,80
2011,8,"Male","White",7140,80
2011,9,"Male","White",6591,80
2011,10,"Male","White",6408,80
2011,11,"Male","White",5906,80
2011,12,"Male","White",6132,80
2012,1,"Male","White",5933,80
2012,2,"Male","White",5628,80
2012,3,"Male","White",5969,80
2012,4,"Male","White",6052,80
2012,5,"Male","White",7026,80
2012,6,"Male","White",7166,80
2012,7,"Male","White",7993,80
2012,8,"Male","White",7150,80
2012,9,"Male","White",6617,80
2012,10,"Male","White",6673,80
2012,11,"Male","White",6054,80
2012,12,"Male","White",6451,80
2013,1,"Male","White",6135,80
2013,2,"Male","White",5860,80
2013,3,"Male","White",6586,80
2013,4,"Male","White",6615,80
2013,5,"Male","White",7331,80
2013,6,"Male","White",7419,80
2013,7,"Male","White",8080,80
2013,8,"Male","White",8028,80
2013,9,"Male","White",7190,80
2013,10,"Male","White",6988,80
2013,11,"Male","White",6271,80
2013,12,"Male","White",6302,80
2014,1,"Male","White",6753,80
2014,2,"Male","White",6692,80
2014,3,"Male","White",6390,80
2014,4,"Male","White",6320,80
2014,5,"Male","White",7296,80
2014,6,"Male","White",7627,80
2014,7,"Male","White",7781,80
2014,8,"Male","White",7967,80
2014,9,"Male","White",7107,80
2014,10,"Male","White",7324,80
2014,11,"Male","White",6353,80
2014,12,"Male","White",6601,80
2015,1,"Male","White",7157,80
2015,2,"Male","White",6089,80
2015,3,"Male","White",6867,80
2015,4,"Male","White",7255,80
2015,5,"Male","White",8416,80
2015,6,"Male","White",8234,80
2015,7,"Male","White",8545,80
2015,8,"Male","White",7907,80
2015,9,"Male","White",7613,80
2015,10,"Male","White",7316,80
2015,11,"Male","White",6905,80
2015,12,"Male","White",7100,80
2016,1,"Male","White",7174,80
2016,2,"Male","White",6820,80
2016,3,"Male","White",7578,80
2016,4,"Male","White",7629,80
2016,5,"Male","White",8326,80
2016,6,"Male","White",9167,80
2016,7,"Male","White",9250,80
2016,8,"Male","White",8514,80
2016,9,"Male","White",7478,80
2016,10,"Male","White",7707,80
2016,11,"Male","White",6953,80
2016,12,"Male","White",7052,80
2017,1,"Male","White",7198,80
2017,2,"Male","White",6605,80
2017,3,"Male","White",7347,80
2017,4,"Male","White",7621,80
2017,5,"Male","White",8457,80
2017,6,"Male","White",8634,80
2017,7,"Male","White",9771,80
2017,8,"Male","White",8899,80
2017,9,"Male","White",7783,80
2017,10,"Male","White",7887,80
2017,11,"Male","White",7251,80
2017,12,"Male","White",7358,80
2018,1,"Male","White",7299,80
2018,2,"Male","White",6577,80
2018,3,"Male","White",7722,80
2018,4,"Male","White",7552,80
2018,5,"Male","White",8349,80
2018,6,"Male","White",8961,80
2018,7,"Male","White",9401,80
2018,8,"Male","White",8974,80
2018,9,"Male","White",8340,80
2018,10,"Male","White",7810,80
2018,11,"Male","White",7469,80
2018,12,"Male","White",7989,80
2019,1,"Male","White",7930,80
2019,2,"Male","White",6965,80
2019,3,"Male","White",7971,80
2019,4,"Male","White",7984,80
2019,5,"Male","White",8870,80
2019,6,"Male","White",9325,80
2019,7,"Male","White",10192,80
2019,8,"Male","White",9510,80
2019,9,"Male","White",8608,80
2019,10,"Male","White",8354,80
2019,11,"Male","White",7791,80
2019,12,"Male","White",8104,80
2020,1,"Male","White",7908,80
2020,2,"Male","White",7430,80
2020,3,"Male","White",8561,80
2020,4,"Male","White",8424,80
2020,5,"Male","White",10594,80
2020,6,"Male","White",10233,80
2020,7,"Male","White",11014,80
2020,8,"Male","White",10938,80
2020,9,"Male","White",9659,80
2020,10,"Male","White",9563,80
2020,11,"Male","White",9165,80
2020,12,"Male","White",10576,80
