"Year","Month","sex","race","age_x","obitos"
2010,7,"Female","Asian",0,1
2010,7,"Female","Asian",70,3
2010,7,"Female","Asian",75,1
2010,7,"Female","Asian",80,1
2010,7,"Male","Asian",45,1
2010,7,"Male","Asian",65,2
2010,7,"Male","Asian",75,1
2010,7,"Male","Asian",80,3
2010,7,"Female","Black",0,4
2010,7,"Female","Black",15,2
2010,7,"Female","Black",20,3
2010,7,"Female","Black",25,2
2010,7,"Female","Black",30,2
2010,7,"Female","Black",35,3
2010,7,"Female","Black",40,6
2010,7,"Female","Black",45,4
2010,7,"Female","Black",50,3
2010,7,"Female","Black",55,5
2010,7,"Female","Black",60,5
2010,7,"Female","Black",65,7
2010,7,"Female","Black",70,10
2010,7,"Female","Black",75,4
2010,7,"Female","Black",80,26
2010,7,"Male","Black",0,6
2010,7,"Male","Black",5,1
2010,7,"Male","Black",15,1
2010,7,"Male","Black",20,7
2010,7,"Male","Black",25,3
2010,7,"Male","Black",30,6
2010,7,"Male","Black",35,5
2010,7,"Male","Black",40,8
2010,7,"Male","Black",45,4
2010,7,"Male","Black",50,13
2010,7,"Male","Black",55,5
2010,7,"Male","Black",60,7
2010,7,"Male","Black",65,7
2010,7,"Male","Black",70,11
2010,7,"Male","Black",75,16
2010,7,"Male","Black",80,37
2010,7,"Female","Brown",0,51
2010,7,"Female","Brown",5,4
2010,7,"Female","Brown",10,5
2010,7,"Female","Brown",15,9
2010,7,"Female","Brown",20,5
2010,7,"Female","Brown",25,12
2010,7,"Female","Brown",30,16
2010,7,"Female","Brown",35,19
2010,7,"Female","Brown",40,18
2010,7,"Female","Brown",45,25
2010,7,"Female","Brown",50,30
2010,7,"Female","Brown",55,29
2010,7,"Female","Brown",60,36
2010,7,"Female","Brown",65,36
2010,7,"Female","Brown",70,64
2010,7,"Female","Brown",75,52
2010,7,"Female","Brown",80,128
2010,7,"Male","Brown",0,70
2010,7,"Male","Brown",5,4
2010,7,"Male","Brown",10,8
2010,7,"Male","Brown",15,19
2010,7,"Male","Brown",20,49
2010,7,"Male","Brown",25,55
2010,7,"Male","Brown",30,48
2010,7,"Male","Brown",35,32
2010,7,"Male","Brown",40,34
2010,7,"Male","Brown",45,34
2010,7,"Male","Brown",50,47
2010,7,"Male","Brown",55,62
2010,7,"Male","Brown",60,73
2010,7,"Male","Brown",65,81
2010,7,"Male","Brown",70,75
2010,7,"Male","Brown",75,69
2010,7,"Male","Brown",80,121
2010,7,"Female","Indigenous",0,3
2010,7,"Female","Indigenous",75,1
2010,7,"Male","Indigenous",0,4
2010,7,"Male","Indigenous",10,1
2010,7,"Male","Indigenous",15,2
2010,7,"Male","Indigenous",55,1
2010,7,"Male","Indigenous",70,1
2010,7,"Male","Indigenous",80,3
2010,7,"Female","White",0,10
2010,7,"Female","White",5,3
2010,7,"Female","White",10,1
2010,7,"Female","White",15,4
2010,7,"Female","White",20,1
2010,7,"Female","White",25,3
2010,7,"Female","White",30,10
2010,7,"Female","White",35,1
2010,7,"Female","White",40,3
2010,7,"Female","White",45,6
2010,7,"Female","White",50,8
2010,7,"Female","White",55,7
2010,7,"Female","White",60,8
2010,7,"Female","White",65,8
2010,7,"Female","White",70,17
2010,7,"Female","White",75,27
2010,7,"Female","White",80,79
2010,7,"Male","White",0,16
2010,7,"Male","White",15,6
2010,7,"Male","White",20,4
2010,7,"Male","White",25,10
2010,7,"Male","White",30,5
2010,7,"Male","White",35,7
2010,7,"Male","White",40,6
2010,7,"Male","White",45,6
2010,7,"Male","White",50,10
2010,7,"Male","White",55,14
2010,7,"Male","White",60,11
2010,7,"Male","White",65,13
2010,7,"Male","White",70,26
2010,7,"Male","White",75,26
2010,7,"Male","White",80,59
2010,8,"Female","Asian",25,1
2010,8,"Female","Asian",55,1
2010,8,"Female","Asian",75,3
2010,8,"Female","Asian",80,4
2010,8,"Male","Asian",55,1
2010,8,"Male","Asian",80,1
2010,8,"Female","Black",0,1
2010,8,"Female","Black",10,1
2010,8,"Female","Black",15,1
2010,8,"Female","Black",20,2
2010,8,"Female","Black",25,2
2010,8,"Female","Black",35,3
2010,8,"Female","Black",40,2
2010,8,"Female","Black",45,9
2010,8,"Female","Black",50,9
2010,8,"Female","Black",55,4
2010,8,"Female","Black",60,7
2010,8,"Female","Black",65,9
2010,8,"Female","Black",70,10
2010,8,"Female","Black",75,8
2010,8,"Female","Black",80,20
2010,8,"Male","Black",0,3
2010,8,"Male","Black",15,6
2010,8,"Male","Black",20,10
2010,8,"Male","Black",25,9
2010,8,"Male","Black",30,3
2010,8,"Male","Black",35,8
2010,8,"Male","Black",40,9
2010,8,"Male","Black",45,4
2010,8,"Male","Black",50,9
2010,8,"Male","Black",55,11
2010,8,"Male","Black",60,10
2010,8,"Male","Black",65,17
2010,8,"Male","Black",70,16
2010,8,"Male","Black",75,12
2010,8,"Male","Black",80,34
2010,8,"Female","Brown",0,44
2010,8,"Female","Brown",5,5
2010,8,"Female","Brown",10,7
2010,8,"Female","Brown",15,9
2010,8,"Female","Brown",20,7
2010,8,"Female","Brown",25,20
2010,8,"Female","Brown",30,14
2010,8,"Female","Brown",35,15
2010,8,"Female","Brown",40,20
2010,8,"Female","Brown",45,22
2010,8,"Female","Brown",50,31
2010,8,"Female","Brown",55,30
2010,8,"Female","Brown",60,37
2010,8,"Female","Brown",65,42
2010,8,"Female","Brown",70,54
2010,8,"Female","Brown",75,55
2010,8,"Female","Brown",80,124
2010,8,"Male","Brown",0,67
2010,8,"Male","Brown",5,10
2010,8,"Male","Brown",10,6
2010,8,"Male","Brown",15,34
2010,8,"Male","Brown",20,44
2010,8,"Male","Brown",25,50
2010,8,"Male","Brown",30,37
2010,8,"Male","Brown",35,47
2010,8,"Male","Brown",40,34
2010,8,"Male","Brown",45,49
2010,8,"Male","Brown",50,52
2010,8,"Male","Brown",55,60
2010,8,"Male","Brown",60,49
2010,8,"Male","Brown",65,80
2010,8,"Male","Brown",70,79
2010,8,"Male","Brown",75,64
2010,8,"Male","Brown",80,143
2010,8,"Female","Indigenous",0,1
2010,8,"Female","Indigenous",20,1
2010,8,"Female","Indigenous",60,1
2010,8,"Female","Indigenous",80,1
2010,8,"Male","Indigenous",0,6
2010,8,"Male","Indigenous",20,1
2010,8,"Male","Indigenous",55,1
2010,8,"Male","Indigenous",80,1
2010,8,"Female","White",0,18
2010,8,"Female","White",5,1
2010,8,"Female","White",10,1
2010,8,"Female","White",15,2
2010,8,"Female","White",20,2
2010,8,"Female","White",25,4
2010,8,"Female","White",30,3
2010,8,"Female","White",35,4
2010,8,"Female","White",40,10
2010,8,"Female","White",45,9
2010,8,"Female","White",50,8
2010,8,"Female","White",55,10
2010,8,"Female","White",60,15
2010,8,"Female","White",65,19
2010,8,"Female","White",70,19
2010,8,"Female","White",75,22
2010,8,"Female","White",80,64
2010,8,"Male","White",0,4
2010,8,"Male","White",5,1
2010,8,"Male","White",10,3
2010,8,"Male","White",15,4
2010,8,"Male","White",20,8
2010,8,"Male","White",25,5
2010,8,"Male","White",30,7
2010,8,"Male","White",35,3
2010,8,"Male","White",40,6
2010,8,"Male","White",45,6
2010,8,"Male","White",50,12
2010,8,"Male","White",55,14
2010,8,"Male","White",60,12
2010,8,"Male","White",65,16
2010,8,"Male","White",70,32
2010,8,"Male","White",75,31
2010,8,"Male","White",80,59
2010,9,"Female","Asian",0,1
2010,9,"Female","Asian",40,1
2010,9,"Female","Asian",60,1
2010,9,"Female","Asian",65,1
2010,9,"Female","Asian",80,1
2010,9,"Male","Asian",30,1
2010,9,"Male","Asian",50,1
2010,9,"Male","Asian",55,1
2010,9,"Male","Asian",60,1
2010,9,"Male","Asian",70,3
2010,9,"Male","Asian",75,2
2010,9,"Female","Black",0,2
2010,9,"Female","Black",10,1
2010,9,"Female","Black",20,2
2010,9,"Female","Black",30,2
2010,9,"Female","Black",35,1
2010,9,"Female","Black",40,3
2010,9,"Female","Black",45,2
2010,9,"Female","Black",50,3
2010,9,"Female","Black",55,2
2010,9,"Female","Black",60,4
2010,9,"Female","Black",65,10
2010,9,"Female","Black",70,12
2010,9,"Female","Black",75,4
2010,9,"Female","Black",80,26
2010,9,"Male","Black",0,5
2010,9,"Male","Black",10,1
2010,9,"Male","Black",15,2
2010,9,"Male","Black",20,5
2010,9,"Male","Black",25,7
2010,9,"Male","Black",30,9
2010,9,"Male","Black",35,5
2010,9,"Male","Black",40,7
2010,9,"Male","Black",45,7
2010,9,"Male","Black",50,6
2010,9,"Male","Black",55,13
2010,9,"Male","Black",60,8
2010,9,"Male","Black",65,11
2010,9,"Male","Black",70,9
2010,9,"Male","Black",75,22
2010,9,"Male","Black",80,14
2010,9,"Female","Brown",0,60
2010,9,"Female","Brown",5,5
2010,9,"Female","Brown",10,9
2010,9,"Female","Brown",15,11
2010,9,"Female","Brown",20,15
2010,9,"Female","Brown",25,14
2010,9,"Female","Brown",30,15
2010,9,"Female","Brown",35,12
2010,9,"Female","Brown",40,30
2010,9,"Female","Brown",45,30
2010,9,"Female","Brown",50,36
2010,9,"Female","Brown",55,33
2010,9,"Female","Brown",60,28
2010,9,"Female","Brown",65,47
2010,9,"Female","Brown",70,55
2010,9,"Female","Brown",75,50
2010,9,"Female","Brown",80,159
2010,9,"Male","Brown",0,83
2010,9,"Male","Brown",5,6
2010,9,"Male","Brown",10,8
2010,9,"Male","Brown",15,17
2010,9,"Male","Brown",20,53
2010,9,"Male","Brown",25,53
2010,9,"Male","Brown",30,42
2010,9,"Male","Brown",35,44
2010,9,"Male","Brown",40,43
2010,9,"Male","Brown",45,47
2010,9,"Male","Brown",50,53
2010,9,"Male","Brown",55,54
2010,9,"Male","Brown",60,60
2010,9,"Male","Brown",65,60
2010,9,"Male","Brown",70,90
2010,9,"Male","Brown",75,78
2010,9,"Male","Brown",80,156
2010,9,"Female","Indigenous",80,2
2010,9,"Male","Indigenous",35,1
2010,9,"Male","Indigenous",60,1
2010,9,"Male","Indigenous",70,1
2010,9,"Male","Indigenous",80,2
2010,9,"Female","White",0,14
2010,9,"Female","White",5,3
2010,9,"Female","White",10,1
2010,9,"Female","White",15,5
2010,9,"Female","White",20,7
2010,9,"Female","White",25,3
2010,9,"Female","White",30,7
2010,9,"Female","White",35,2
2010,9,"Female","White",40,5
2010,9,"Female","White",45,3
2010,9,"Female","White",50,5
2010,9,"Female","White",55,6
2010,9,"Female","White",60,14
2010,9,"Female","White",65,17
2010,9,"Female","White",70,28
2010,9,"Female","White",75,15
2010,9,"Female","White",80,59
2010,9,"Male","White",0,15
2010,9,"Male","White",5,1
2010,9,"Male","White",10,2
2010,9,"Male","White",15,2
2010,9,"Male","White",20,7
2010,9,"Male","White",25,13
2010,9,"Male","White",30,8
2010,9,"Male","White",35,3
2010,9,"Male","White",40,8
2010,9,"Male","White",45,9
2010,9,"Male","White",50,6
2010,9,"Male","White",55,10
2010,9,"Male","White",60,7
2010,9,"Male","White",65,21
2010,9,"Male","White",70,31
2010,9,"Male","White",75,24
2010,9,"Male","White",80,63
2010,10,"Female","Asian",80,1
2010,10,"Male","Asian",20,1
2010,10,"Male","Asian",30,1
2010,10,"Male","Asian",35,1
2010,10,"Male","Asian",40,1
2010,10,"Male","Asian",55,1
2010,10,"Male","Asian",60,1
2010,10,"Male","Asian",75,1
2010,10,"Male","Asian",80,2
2010,10,"Female","Black",15,1
2010,10,"Female","Black",20,2
2010,10,"Female","Black",25,1
2010,10,"Female","Black",30,2
2010,10,"Female","Black",35,2
2010,10,"Female","Black",40,4
2010,10,"Female","Black",45,3
2010,10,"Female","Black",50,3
2010,10,"Female","Black",55,2
2010,10,"Female","Black",60,9
2010,10,"Female","Black",65,9
2010,10,"Female","Black",70,7
2010,10,"Female","Black",75,14
2010,10,"Female","Black",80,15
2010,10,"Male","Black",0,3
2010,10,"Male","Black",5,1
2010,10,"Male","Black",10,3
2010,10,"Male","Black",15,5
2010,10,"Male","Black",20,8
2010,10,"Male","Black",25,6
2010,10,"Male","Black",30,10
2010,10,"Male","Black",35,6
2010,10,"Male","Black",40,3
2010,10,"Male","Black",45,9
2010,10,"Male","Black",50,6
2010,10,"Male","Black",55,7
2010,10,"Male","Black",60,8
2010,10,"Male","Black",65,11
2010,10,"Male","Black",70,14
2010,10,"Male","Black",75,11
2010,10,"Male","Black",80,24
2010,10,"Female","Brown",0,39
2010,10,"Female","Brown",5,9
2010,10,"Female","Brown",10,2
2010,10,"Female","Brown",15,5
2010,10,"Female","Brown",20,12
2010,10,"Female","Brown",25,15
2010,10,"Female","Brown",30,8
2010,10,"Female","Brown",35,15
2010,10,"Female","Brown",40,21
2010,10,"Female","Brown",45,23
2010,10,"Female","Brown",50,27
2010,10,"Female","Brown",55,31
2010,10,"Female","Brown",60,43
2010,10,"Female","Brown",65,47
2010,10,"Female","Brown",70,54
2010,10,"Female","Brown",75,44
2010,10,"Female","Brown",80,124
2010,10,"Male","Brown",0,66
2010,10,"Male","Brown",5,6
2010,10,"Male","Brown",10,8
2010,10,"Male","Brown",15,20
2010,10,"Male","Brown",20,48
2010,10,"Male","Brown",25,69
2010,10,"Male","Brown",30,41
2010,10,"Male","Brown",35,41
2010,10,"Male","Brown",40,43
2010,10,"Male","Brown",45,53
2010,10,"Male","Brown",50,47
2010,10,"Male","Brown",55,41
2010,10,"Male","Brown",60,62
2010,10,"Male","Brown",65,71
2010,10,"Male","Brown",70,68
2010,10,"Male","Brown",75,75
2010,10,"Male","Brown",80,131
2010,10,"Female","Indigenous",0,1
2010,10,"Female","Indigenous",45,1
2010,10,"Female","Indigenous",50,1
2010,10,"Female","Indigenous",55,1
2010,10,"Female","Indigenous",70,1
2010,10,"Female","Indigenous",75,1
2010,10,"Male","Indigenous",0,2
2010,10,"Male","Indigenous",20,1
2010,10,"Male","Indigenous",35,1
2010,10,"Male","Indigenous",70,1
2010,10,"Male","Indigenous",75,1
2010,10,"Male","Indigenous",80,2
2010,10,"Female","White",0,11
2010,10,"Female","White",5,1
2010,10,"Female","White",10,4
2010,10,"Female","White",15,1
2010,10,"Female","White",20,2
2010,10,"Female","White",25,3
2010,10,"Female","White",30,2
2010,10,"Female","White",35,4
2010,10,"Female","White",40,1
2010,10,"Female","White",45,10
2010,10,"Female","White",50,5
2010,10,"Female","White",55,15
2010,10,"Female","White",60,12
2010,10,"Female","White",65,17
2010,10,"Female","White",70,13
2010,10,"Female","White",75,20
2010,10,"Female","White",80,66
2010,10,"Male","White",0,19
2010,10,"Male","White",10,4
2010,10,"Male","White",15,5
2010,10,"Male","White",20,6
2010,10,"Male","White",25,4
2010,10,"Male","White",30,4
2010,10,"Male","White",35,7
2010,10,"Male","White",40,10
2010,10,"Male","White",45,5
2010,10,"Male","White",50,11
2010,10,"Male","White",55,13
2010,10,"Male","White",60,15
2010,10,"Male","White",65,19
2010,10,"Male","White",70,22
2010,10,"Male","White",75,20
2010,10,"Male","White",80,61
2010,11,"Female","Asian",25,1
2010,11,"Female","Asian",60,1
2010,11,"Female","Asian",80,2
2010,11,"Male","Asian",50,1
2010,11,"Male","Asian",60,1
2010,11,"Male","Asian",65,1
2010,11,"Female","Black",0,3
2010,11,"Female","Black",15,3
2010,11,"Female","Black",20,1
2010,11,"Female","Black",25,2
2010,11,"Female","Black",30,2
2010,11,"Female","Black",35,2
2010,11,"Female","Black",40,3
2010,11,"Female","Black",45,3
2010,11,"Female","Black",50,4
2010,11,"Female","Black",55,8
2010,11,"Female","Black",60,8
2010,11,"Female","Black",65,9
2010,11,"Female","Black",70,12
2010,11,"Female","Black",75,14
2010,11,"Female","Black",80,24
2010,11,"Male","Black",0,4
2010,11,"Male","Black",5,1
2010,11,"Male","Black",15,3
2010,11,"Male","Black",20,14
2010,11,"Male","Black",25,11
2010,11,"Male","Black",30,8
2010,11,"Male","Black",35,5
2010,11,"Male","Black",40,7
2010,11,"Male","Black",45,8
2010,11,"Male","Black",50,8
2010,11,"Male","Black",55,13
2010,11,"Male","Black",60,12
2010,11,"Male","Black",65,17
2010,11,"Male","Black",70,16
2010,11,"Male","Black",75,16
2010,11,"Male","Black",80,25
2010,11,"Female","Brown",0,46
2010,11,"Female","Brown",5,3
2010,11,"Female","Brown",10,5
2010,11,"Female","Brown",15,5
2010,11,"Female","Brown",20,14
2010,11,"Female","Brown",25,15
2010,11,"Female","Brown",30,14
2010,11,"Female","Brown",35,15
2010,11,"Female","Brown",40,20
2010,11,"Female","Brown",45,24
2010,11,"Female","Brown",50,24
2010,11,"Female","Brown",55,44
2010,11,"Female","Brown",60,42
2010,11,"Female","Brown",65,46
2010,11,"Female","Brown",70,55
2010,11,"Female","Brown",75,42
2010,11,"Female","Brown",80,127
2010,11,"Male","Brown",0,59
2010,11,"Male","Brown",5,6
2010,11,"Male","Brown",10,6
2010,11,"Male","Brown",15,26
2010,11,"Male","Brown",20,61
2010,11,"Male","Brown",25,63
2010,11,"Male","Brown",30,36
2010,11,"Male","Brown",35,33
2010,11,"Male","Brown",40,45
2010,11,"Male","Brown",45,33
2010,11,"Male","Brown",50,35
2010,11,"Male","Brown",55,64
2010,11,"Male","Brown",60,40
2010,11,"Male","Brown",65,58
2010,11,"Male","Brown",70,69
2010,11,"Male","Brown",75,74
2010,11,"Male","Brown",80,130
2010,11,"Female","Indigenous",10,1
2010,11,"Female","Indigenous",30,1
2010,11,"Female","Indigenous",75,1
2010,11,"Male","Indigenous",0,2
2010,11,"Male","Indigenous",25,1
2010,11,"Male","Indigenous",60,2
2010,11,"Male","Indigenous",65,1
2010,11,"Male","Indigenous",70,1
2010,11,"Male","Indigenous",75,2
2010,11,"Male","Indigenous",80,1
2010,11,"Female","White",0,13
2010,11,"Female","White",10,1
2010,11,"Female","White",15,5
2010,11,"Female","White",20,3
2010,11,"Female","White",25,2
2010,11,"Female","White",35,4
2010,11,"Female","White",40,5
2010,11,"Female","White",45,6
2010,11,"Female","White",50,8
2010,11,"Female","White",55,10
2010,11,"Female","White",60,15
2010,11,"Female","White",65,17
2010,11,"Female","White",70,15
2010,11,"Female","White",75,18
2010,11,"Female","White",80,66
2010,11,"Male","White",0,17
2010,11,"Male","White",5,4
2010,11,"Male","White",10,1
2010,11,"Male","White",15,5
2010,11,"Male","White",20,6
2010,11,"Male","White",25,7
2010,11,"Male","White",30,6
2010,11,"Male","White",35,3
2010,11,"Male","White",40,9
2010,11,"Male","White",45,7
2010,11,"Male","White",50,11
2010,11,"Male","White",55,12
2010,11,"Male","White",60,14
2010,11,"Male","White",65,14
2010,11,"Male","White",70,26
2010,11,"Male","White",75,21
2010,11,"Male","White",80,61
2010,12,"Female","Asian",60,1
2010,12,"Female","Asian",70,1
2010,12,"Female","Asian",80,1
2010,12,"Male","Asian",20,1
2010,12,"Male","Asian",40,1
2010,12,"Male","Asian",50,1
2010,12,"Male","Asian",65,2
2010,12,"Male","Asian",75,1
2010,12,"Male","Asian",80,4
2010,12,"Female","Black",0,2
2010,12,"Female","Black",15,2
2010,12,"Female","Black",20,2
2010,12,"Female","Black",25,1
2010,12,"Female","Black",30,2
2010,12,"Female","Black",35,2
2010,12,"Female","Black",40,4
2010,12,"Female","Black",45,3
2010,12,"Female","Black",50,6
2010,12,"Female","Black",55,2
2010,12,"Female","Black",60,6
2010,12,"Female","Black",65,14
2010,12,"Female","Black",70,5
2010,12,"Female","Black",75,10
2010,12,"Female","Black",80,26
2010,12,"Male","Black",0,5
2010,12,"Male","Black",5,1
2010,12,"Male","Black",15,1
2010,12,"Male","Black",20,9
2010,12,"Male","Black",25,11
2010,12,"Male","Black",30,8
2010,12,"Male","Black",35,7
2010,12,"Male","Black",40,13
2010,12,"Male","Black",45,10
2010,12,"Male","Black",50,9
2010,12,"Male","Black",55,9
2010,12,"Male","Black",60,5
2010,12,"Male","Black",65,11
2010,12,"Male","Black",70,17
2010,12,"Male","Black",75,18
2010,12,"Male","Black",80,29
2010,12,"Female","Brown",0,41
2010,12,"Female","Brown",5,2
2010,12,"Female","Brown",10,5
2010,12,"Female","Brown",15,12
2010,12,"Female","Brown",20,5
2010,12,"Female","Brown",25,18
2010,12,"Female","Brown",30,16
2010,12,"Female","Brown",35,10
2010,12,"Female","Brown",40,27
2010,12,"Female","Brown",45,22
2010,12,"Female","Brown",50,24
2010,12,"Female","Brown",55,53
2010,12,"Female","Brown",60,37
2010,12,"Female","Brown",65,42
2010,12,"Female","Brown",70,71
2010,12,"Female","Brown",75,40
2010,12,"Female","Brown",80,103
2010,12,"Male","Brown",0,52
2010,12,"Male","Brown",5,7
2010,12,"Male","Brown",10,16
2010,12,"Male","Brown",15,30
2010,12,"Male","Brown",20,51
2010,12,"Male","Brown",25,53
2010,12,"Male","Brown",30,39
2010,12,"Male","Brown",35,37
2010,12,"Male","Brown",40,51
2010,12,"Male","Brown",45,51
2010,12,"Male","Brown",50,36
2010,12,"Male","Brown",55,52
2010,12,"Male","Brown",60,78
2010,12,"Male","Brown",65,71
2010,12,"Male","Brown",70,84
2010,12,"Male","Brown",75,77
2010,12,"Male","Brown",80,139
2010,12,"Female","Indigenous",0,1
2010,12,"Female","Indigenous",20,1
2010,12,"Female","Indigenous",65,2
2010,12,"Female","Indigenous",75,1
2010,12,"Male","Indigenous",0,2
2010,12,"Male","Indigenous",75,1
2010,12,"Female","White",0,12
2010,12,"Female","White",5,4
2010,12,"Female","White",10,1
2010,12,"Female","White",15,2
2010,12,"Female","White",20,2
2010,12,"Female","White",25,7
2010,12,"Female","White",30,3
2010,12,"Female","White",35,4
2010,12,"Female","White",40,5
2010,12,"Female","White",45,12
2010,12,"Female","White",50,11
2010,12,"Female","White",55,6
2010,12,"Female","White",60,8
2010,12,"Female","White",65,10
2010,12,"Female","White",70,17
2010,12,"Female","White",75,23
2010,12,"Female","White",80,71
2010,12,"Male","White",0,13
2010,12,"Male","White",5,3
2010,12,"Male","White",15,5
2010,12,"Male","White",20,11
2010,12,"Male","White",25,12
2010,12,"Male","White",30,13
2010,12,"Male","White",35,9
2010,12,"Male","White",40,6
2010,12,"Male","White",45,6
2010,12,"Male","White",50,10
2010,12,"Male","White",55,15
2010,12,"Male","White",60,23
2010,12,"Male","White",65,18
2010,12,"Male","White",70,24
2010,12,"Male","White",75,26
2010,12,"Male","White",80,59
2011,1,"Female","Asian",40,1
2011,1,"Female","Asian",60,2
2011,1,"Female","Asian",70,1
2011,1,"Female","Asian",75,2
2011,1,"Male","Asian",0,1
2011,1,"Male","Asian",25,1
2011,1,"Male","Asian",65,1
2011,1,"Male","Asian",70,1
2011,1,"Male","Asian",80,1
2011,1,"Female","Black",0,4
2011,1,"Female","Black",10,1
2011,1,"Female","Black",15,1
2011,1,"Female","Black",20,2
2011,1,"Female","Black",25,3
2011,1,"Female","Black",30,1
2011,1,"Female","Black",35,2
2011,1,"Female","Black",40,7
2011,1,"Female","Black",45,9
2011,1,"Female","Black",50,10
2011,1,"Female","Black",55,4
2011,1,"Female","Black",60,10
2011,1,"Female","Black",65,10
2011,1,"Female","Black",70,17
2011,1,"Female","Black",75,7
2011,1,"Female","Black",80,27
2011,1,"Male","Black",0,1
2011,1,"Male","Black",10,3
2011,1,"Male","Black",15,4
2011,1,"Male","Black",20,9
2011,1,"Male","Black",25,11
2011,1,"Male","Black",30,6
2011,1,"Male","Black",35,6
2011,1,"Male","Black",40,5
2011,1,"Male","Black",45,6
2011,1,"Male","Black",50,7
2011,1,"Male","Black",55,14
2011,1,"Male","Black",60,10
2011,1,"Male","Black",65,15
2011,1,"Male","Black",70,22
2011,1,"Male","Black",75,23
2011,1,"Male","Black",80,29
2011,1,"Female","Brown",0,51
2011,1,"Female","Brown",5,5
2011,1,"Female","Brown",10,4
2011,1,"Female","Brown",15,7
2011,1,"Female","Brown",20,10
2011,1,"Female","Brown",25,17
2011,1,"Female","Brown",30,9
2011,1,"Female","Brown",35,14
2011,1,"Female","Brown",40,18
2011,1,"Female","Brown",45,33
2011,1,"Female","Brown",50,32
2011,1,"Female","Brown",55,17
2011,1,"Female","Brown",60,47
2011,1,"Female","Brown",65,49
2011,1,"Female","Brown",70,77
2011,1,"Female","Brown",75,62
2011,1,"Female","Brown",80,177
2011,1,"Male","Brown",0,62
2011,1,"Male","Brown",5,2
2011,1,"Male","Brown",10,7
2011,1,"Male","Brown",15,29
2011,1,"Male","Brown",20,52
2011,1,"Male","Brown",25,52
2011,1,"Male","Brown",30,52
2011,1,"Male","Brown",35,46
2011,1,"Male","Brown",40,41
2011,1,"Male","Brown",45,43
2011,1,"Male","Brown",50,41
2011,1,"Male","Brown",55,51
2011,1,"Male","Brown",60,51
2011,1,"Male","Brown",65,80
2011,1,"Male","Brown",70,80
2011,1,"Male","Brown",75,75
2011,1,"Male","Brown",80,164
2011,1,"Female","Indigenous",55,1
2011,1,"Female","Indigenous",80,1
2011,1,"Male","Indigenous",0,2
2011,1,"Male","Indigenous",75,1
2011,1,"Male","Indigenous",80,1
2011,1,"Female","White",0,21
2011,1,"Female","White",5,4
2011,1,"Female","White",10,1
2011,1,"Female","White",15,3
2011,1,"Female","White",20,4
2011,1,"Female","White",25,2
2011,1,"Female","White",30,7
2011,1,"Female","White",35,6
2011,1,"Female","White",40,9
2011,1,"Female","White",45,6
2011,1,"Female","White",50,10
2011,1,"Female","White",55,11
2011,1,"Female","White",60,15
2011,1,"Female","White",65,25
2011,1,"Female","White",70,29
2011,1,"Female","White",75,33
2011,1,"Female","White",80,88
2011,1,"Male","White",0,11
2011,1,"Male","White",5,3
2011,1,"Male","White",10,3
2011,1,"Male","White",15,9
2011,1,"Male","White",20,6
2011,1,"Male","White",25,11
2011,1,"Male","White",30,13
2011,1,"Male","White",35,10
2011,1,"Male","White",40,12
2011,1,"Male","White",45,6
2011,1,"Male","White",50,11
2011,1,"Male","White",55,18
2011,1,"Male","White",60,20
2011,1,"Male","White",65,15
2011,1,"Male","White",70,32
2011,1,"Male","White",75,30
2011,1,"Male","White",80,79
2011,2,"Female","Asian",0,1
2011,2,"Female","Asian",25,1
2011,2,"Female","Asian",45,1
2011,2,"Female","Asian",50,1
2011,2,"Female","Asian",60,1
2011,2,"Female","Asian",70,1
2011,2,"Female","Asian",75,1
2011,2,"Female","Asian",80,3
2011,2,"Male","Asian",0,1
2011,2,"Male","Asian",45,1
2011,2,"Male","Asian",70,2
2011,2,"Male","Asian",75,1
2011,2,"Male","Asian",80,2
2011,2,"Female","Black",0,1
2011,2,"Female","Black",15,1
2011,2,"Female","Black",25,1
2011,2,"Female","Black",30,1
2011,2,"Female","Black",35,2
2011,2,"Female","Black",40,4
2011,2,"Female","Black",45,5
2011,2,"Female","Black",50,5
2011,2,"Female","Black",55,8
2011,2,"Female","Black",60,14
2011,2,"Female","Black",65,12
2011,2,"Female","Black",70,14
2011,2,"Female","Black",75,13
2011,2,"Female","Black",80,34
2011,2,"Male","Black",0,6
2011,2,"Male","Black",10,1
2011,2,"Male","Black",15,2
2011,2,"Male","Black",20,4
2011,2,"Male","Black",25,8
2011,2,"Male","Black",30,7
2011,2,"Male","Black",35,4
2011,2,"Male","Black",40,16
2011,2,"Male","Black",45,11
2011,2,"Male","Black",50,13
2011,2,"Male","Black",55,14
2011,2,"Male","Black",60,12
2011,2,"Male","Black",65,15
2011,2,"Male","Black",70,23
2011,2,"Male","Black",75,35
2011,2,"Male","Black",80,34
2011,2,"Female","Brown",0,45
2011,2,"Female","Brown",5,5
2011,2,"Female","Brown",10,2
2011,2,"Female","Brown",15,6
2011,2,"Female","Brown",20,10
2011,2,"Female","Brown",25,8
2011,2,"Female","Brown",30,13
2011,2,"Female","Brown",35,11
2011,2,"Female","Brown",40,16
2011,2,"Female","Brown",45,16
2011,2,"Female","Brown",50,17
2011,2,"Female","Brown",55,40
2011,2,"Female","Brown",60,40
2011,2,"Female","Brown",65,46
2011,2,"Female","Brown",70,56
2011,2,"Female","Brown",75,57
2011,2,"Female","Brown",80,183
2011,2,"Male","Brown",0,67
2011,2,"Male","Brown",5,8
2011,2,"Male","Brown",10,11
2011,2,"Male","Brown",15,28
2011,2,"Male","Brown",20,45
2011,2,"Male","Brown",25,41
2011,2,"Male","Brown",30,34
2011,2,"Male","Brown",35,42
2011,2,"Male","Brown",40,33
2011,2,"Male","Brown",45,48
2011,2,"Male","Brown",50,53
2011,2,"Male","Brown",55,49
2011,2,"Male","Brown",60,53
2011,2,"Male","Brown",65,68
2011,2,"Male","Brown",70,88
2011,2,"Male","Brown",75,100
2011,2,"Male","Brown",80,173
2011,2,"Female","Indigenous",10,1
2011,2,"Female","Indigenous",25,1
2011,2,"Female","Indigenous",80,1
2011,2,"Male","Indigenous",0,4
2011,2,"Male","Indigenous",35,1
2011,2,"Male","Indigenous",50,1
2011,2,"Male","Indigenous",60,1
2011,2,"Male","Indigenous",70,2
2011,2,"Male","Indigenous",75,1
2011,2,"Male","Indigenous",80,1
2011,2,"Female","White",0,19
2011,2,"Female","White",10,3
2011,2,"Female","White",15,1
2011,2,"Female","White",20,3
2011,2,"Female","White",25,5
2011,2,"Female","White",35,4
2011,2,"Female","White",40,5
2011,2,"Female","White",45,7
2011,2,"Female","White",50,5
2011,2,"Female","White",55,9
2011,2,"Female","White",60,18
2011,2,"Female","White",65,13
2011,2,"Female","White",70,25
2011,2,"Female","White",75,36
2011,2,"Female","White",80,94
2011,2,"Male","White",0,21
2011,2,"Male","White",5,1
2011,2,"Male","White",10,2
2011,2,"Male","White",15,6
2011,2,"Male","White",20,1
2011,2,"Male","White",25,10
2011,2,"Male","White",30,6
2011,2,"Male","White",35,8
2011,2,"Male","White",40,3
2011,2,"Male","White",45,10
2011,2,"Male","White",50,10
2011,2,"Male","White",55,10
2011,2,"Male","White",60,10
2011,2,"Male","White",65,23
2011,2,"Male","White",70,25
2011,2,"Male","White",75,29
2011,2,"Male","White",80,84
2011,3,"Female","Asian",60,1
2011,3,"Female","Asian",70,1
2011,3,"Female","Asian",80,1
2011,3,"Male","Asian",40,1
2011,3,"Male","Asian",55,1
2011,3,"Male","Asian",70,1
2011,3,"Male","Asian",75,4
2011,3,"Male","Asian",80,1
2011,3,"Female","Black",0,3
2011,3,"Female","Black",20,2
2011,3,"Female","Black",25,4
2011,3,"Female","Black",30,3
2011,3,"Female","Black",35,4
2011,3,"Female","Black",40,2
2011,3,"Female","Black",45,8
2011,3,"Female","Black",50,7
2011,3,"Female","Black",55,15
2011,3,"Female","Black",60,14
2011,3,"Female","Black",65,11
2011,3,"Female","Black",70,16
2011,3,"Female","Black",75,9
2011,3,"Female","Black",80,35
2011,3,"Male","Black",0,2
2011,3,"Male","Black",10,1
2011,3,"Male","Black",15,7
2011,3,"Male","Black",20,17
2011,3,"Male","Black",25,10
2011,3,"Male","Black",30,9
2011,3,"Male","Black",35,7
2011,3,"Male","Black",40,8
2011,3,"Male","Black",45,10
2011,3,"Male","Black",50,21
2011,3,"Male","Black",55,16
2011,3,"Male","Black",60,17
2011,3,"Male","Black",65,15
2011,3,"Male","Black",70,25
2011,3,"Male","Black",75,15
2011,3,"Male","Black",80,40
2011,3,"Female","Brown",0,72
2011,3,"Female","Brown",5,3
2011,3,"Female","Brown",10,5
2011,3,"Female","Brown",15,16
2011,3,"Female","Brown",20,19
2011,3,"Female","Brown",25,10
2011,3,"Female","Brown",30,12
2011,3,"Female","Brown",35,12
2011,3,"Female","Brown",40,26
2011,3,"Female","Brown",45,21
2011,3,"Female","Brown",50,24
2011,3,"Female","Brown",55,42
2011,3,"Female","Brown",60,41
2011,3,"Female","Brown",65,54
2011,3,"Female","Brown",70,67
2011,3,"Female","Brown",75,56
2011,3,"Female","Brown",80,175
2011,3,"Male","Brown",0,82
2011,3,"Male","Brown",5,7
2011,3,"Male","Brown",10,7
2011,3,"Male","Brown",15,21
2011,3,"Male","Brown",20,33
2011,3,"Male","Brown",25,60
2011,3,"Male","Brown",30,49
2011,3,"Male","Brown",35,48
2011,3,"Male","Brown",40,45
2011,3,"Male","Brown",45,50
2011,3,"Male","Brown",50,54
2011,3,"Male","Brown",55,68
2011,3,"Male","Brown",60,56
2011,3,"Male","Brown",65,74
2011,3,"Male","Brown",70,89
2011,3,"Male","Brown",75,74
2011,3,"Male","Brown",80,181
2011,3,"Female","Indigenous",0,1
2011,3,"Female","Indigenous",5,1
2011,3,"Female","Indigenous",15,1
2011,3,"Female","Indigenous",20,1
2011,3,"Female","Indigenous",30,1
2011,3,"Male","Indigenous",0,5
2011,3,"Male","Indigenous",20,1
2011,3,"Male","Indigenous",45,1
2011,3,"Male","Indigenous",50,1
2011,3,"Male","Indigenous",65,1
2011,3,"Male","Indigenous",70,1
2011,3,"Male","Indigenous",75,2
2011,3,"Male","Indigenous",80,2
2011,3,"Female","White",0,19
2011,3,"Female","White",5,2
2011,3,"Female","White",20,7
2011,3,"Female","White",25,2
2011,3,"Female","White",30,6
2011,3,"Female","White",35,6
2011,3,"Female","White",40,6
2011,3,"Female","White",45,5
2011,3,"Female","White",50,8
2011,3,"Female","White",55,8
2011,3,"Female","White",60,9
2011,3,"Female","White",65,19
2011,3,"Female","White",70,27
2011,3,"Female","White",75,28
2011,3,"Female","White",80,85
2011,3,"Male","White",0,30
2011,3,"Male","White",5,3
2011,3,"Male","White",10,4
2011,3,"Male","White",15,4
2011,3,"Male","White",20,9
2011,3,"Male","White",25,9
2011,3,"Male","White",30,11
2011,3,"Male","White",35,14
2011,3,"Male","White",40,7
2011,3,"Male","White",45,10
2011,3,"Male","White",50,9
2011,3,"Male","White",55,12
2011,3,"Male","White",60,16
2011,3,"Male","White",65,26
2011,3,"Male","White",70,33
2011,3,"Male","White",75,29
2011,3,"Male","White",80,66
2011,4,"Female","Asian",45,1
2011,4,"Female","Asian",80,1
2011,4,"Male","Asian",60,1
2011,4,"Male","Asian",65,2
2011,4,"Female","Black",0,1
2011,4,"Female","Black",15,1
2011,4,"Female","Black",20,2
2011,4,"Female","Black",25,3
2011,4,"Female","Black",35,2
2011,4,"Female","Black",40,6
2011,4,"Female","Black",45,4
2011,4,"Female","Black",50,7
2011,4,"Female","Black",55,7
2011,4,"Female","Black",60,5
2011,4,"Female","Black",65,8
2011,4,"Female","Black",70,13
2011,4,"Female","Black",75,4
2011,4,"Female","Black",80,30
2011,4,"Male","Black",0,7
2011,4,"Male","Black",10,3
2011,4,"Male","Black",15,8
2011,4,"Male","Black",20,2
2011,4,"Male","Black",25,4
2011,4,"Male","Black",30,7
2011,4,"Male","Black",35,8
2011,4,"Male","Black",40,6
2011,4,"Male","Black",45,9
2011,4,"Male","Black",50,12
2011,4,"Male","Black",55,10
2011,4,"Male","Black",60,14
2011,4,"Male","Black",65,15
2011,4,"Male","Black",70,20
2011,4,"Male","Black",75,16
2011,4,"Male","Black",80,30
2011,4,"Female","Brown",0,61
2011,4,"Female","Brown",5,6
2011,4,"Female","Brown",10,5
2011,4,"Female","Brown",15,17
2011,4,"Female","Brown",20,5
2011,4,"Female","Brown",25,14
2011,4,"Female","Brown",30,11
2011,4,"Female","Brown",35,9
2011,4,"Female","Brown",40,19
2011,4,"Female","Brown",45,25
2011,4,"Female","Brown",50,38
2011,4,"Female","Brown",55,49
2011,4,"Female","Brown",60,43
2011,4,"Female","Brown",65,37
2011,4,"Female","Brown",70,43
2011,4,"Female","Brown",75,57
2011,4,"Female","Brown",80,129
2011,4,"Male","Brown",0,63
2011,4,"Male","Brown",5,6
2011,4,"Male","Brown",10,10
2011,4,"Male","Brown",15,20
2011,4,"Male","Brown",20,44
2011,4,"Male","Brown",25,50
2011,4,"Male","Brown",30,32
2011,4,"Male","Brown",35,35
2011,4,"Male","Brown",40,30
2011,4,"Male","Brown",45,42
2011,4,"Male","Brown",50,53
2011,4,"Male","Brown",55,56
2011,4,"Male","Brown",60,67
2011,4,"Male","Brown",65,80
2011,4,"Male","Brown",70,92
2011,4,"Male","Brown",75,77
2011,4,"Male","Brown",80,148
2011,4,"Female","Indigenous",0,1
2011,4,"Female","Indigenous",45,1
2011,4,"Female","Indigenous",60,1
2011,4,"Female","Indigenous",65,1
2011,4,"Female","Indigenous",75,2
2011,4,"Female","Indigenous",80,1
2011,4,"Male","Indigenous",0,3
2011,4,"Male","Indigenous",5,1
2011,4,"Male","Indigenous",10,1
2011,4,"Male","Indigenous",25,1
2011,4,"Male","Indigenous",70,1
2011,4,"Male","Indigenous",75,1
2011,4,"Female","White",0,19
2011,4,"Female","White",5,1
2011,4,"Female","White",10,4
2011,4,"Female","White",15,5
2011,4,"Female","White",20,6
2011,4,"Female","White",25,5
2011,4,"Female","White",30,6
2011,4,"Female","White",35,11
2011,4,"Female","White",40,5
2011,4,"Female","White",45,6
2011,4,"Female","White",50,12
2011,4,"Female","White",55,17
2011,4,"Female","White",60,16
2011,4,"Female","White",65,15
2011,4,"Female","White",70,21
2011,4,"Female","White",75,28
2011,4,"Female","White",80,80
2011,4,"Male","White",0,24
2011,4,"Male","White",5,2
2011,4,"Male","White",10,2
2011,4,"Male","White",15,2
2011,4,"Male","White",20,14
2011,4,"Male","White",25,9
2011,4,"Male","White",30,12
2011,4,"Male","White",35,10
2011,4,"Male","White",40,5
2011,4,"Male","White",45,10
2011,4,"Male","White",50,8
2011,4,"Male","White",55,10
2011,4,"Male","White",60,23
2011,4,"Male","White",65,16
2011,4,"Male","White",70,25
2011,4,"Male","White",75,32
2011,4,"Male","White",80,88
2011,5,"Female","Asian",20,1
2011,5,"Female","Asian",75,1
2011,5,"Female","Asian",80,1
2011,5,"Male","Asian",40,1
2011,5,"Male","Asian",80,1
2011,5,"Female","Black",0,3
2011,5,"Female","Black",15,2
2011,5,"Female","Black",20,2
2011,5,"Female","Black",25,4
2011,5,"Female","Black",30,2
2011,5,"Female","Black",35,6
2011,5,"Female","Black",40,6
2011,5,"Female","Black",45,5
2011,5,"Female","Black",50,9
2011,5,"Female","Black",55,7
2011,5,"Female","Black",60,4
2011,5,"Female","Black",65,6
2011,5,"Female","Black",70,9
2011,5,"Female","Black",75,11
2011,5,"Female","Black",80,20
2011,5,"Male","Black",0,3
2011,5,"Male","Black",5,2
2011,5,"Male","Black",15,4
2011,5,"Male","Black",20,10
2011,5,"Male","Black",25,14
2011,5,"Male","Black",30,4
2011,5,"Male","Black",35,5
2011,5,"Male","Black",40,4
2011,5,"Male","Black",45,6
2011,5,"Male","Black",50,10
2011,5,"Male","Black",55,4
2011,5,"Male","Black",60,14
2011,5,"Male","Black",65,15
2011,5,"Male","Black",70,19
2011,5,"Male","Black",75,17
2011,5,"Male","Black",80,36
2011,5,"Female","Brown",0,65
2011,5,"Female","Brown",5,7
2011,5,"Female","Brown",10,4
2011,5,"Female","Brown",15,12
2011,5,"Female","Brown",20,13
2011,5,"Female","Brown",25,13
2011,5,"Female","Brown",30,14
2011,5,"Female","Brown",35,23
2011,5,"Female","Brown",40,18
2011,5,"Female","Brown",45,31
2011,5,"Female","Brown",50,32
2011,5,"Female","Brown",55,46
2011,5,"Female","Brown",60,56
2011,5,"Female","Brown",65,44
2011,5,"Female","Brown",70,61
2011,5,"Female","Brown",75,62
2011,5,"Female","Brown",80,165
2011,5,"Male","Brown",0,63
2011,5,"Male","Brown",5,5
2011,5,"Male","Brown",10,5
2011,5,"Male","Brown",15,29
2011,5,"Male","Brown",20,51
2011,5,"Male","Brown",25,59
2011,5,"Male","Brown",30,42
2011,5,"Male","Brown",35,41
2011,5,"Male","Brown",40,41
2011,5,"Male","Brown",45,51
2011,5,"Male","Brown",50,45
2011,5,"Male","Brown",55,71
2011,5,"Male","Brown",60,57
2011,5,"Male","Brown",65,94
2011,5,"Male","Brown",70,105
2011,5,"Male","Brown",75,69
2011,5,"Male","Brown",80,162
2011,5,"Female","Indigenous",0,8
2011,5,"Female","Indigenous",15,1
2011,5,"Female","Indigenous",45,1
2011,5,"Male","Indigenous",0,4
2011,5,"Male","Indigenous",45,1
2011,5,"Male","Indigenous",80,2
2011,5,"Female","White",0,18
2011,5,"Female","White",5,2
2011,5,"Female","White",10,1
2011,5,"Female","White",15,5
2011,5,"Female","White",20,1
2011,5,"Female","White",25,2
2011,5,"Female","White",30,5
2011,5,"Female","White",35,7
2011,5,"Female","White",40,8
2011,5,"Female","White",45,7
2011,5,"Female","White",50,12
2011,5,"Female","White",55,7
2011,5,"Female","White",60,12
2011,5,"Female","White",65,18
2011,5,"Female","White",70,20
2011,5,"Female","White",75,26
2011,5,"Female","White",80,95
2011,5,"Male","White",0,13
2011,5,"Male","White",5,3
2011,5,"Male","White",10,3
2011,5,"Male","White",15,1
2011,5,"Male","White",20,12
2011,5,"Male","White",25,10
2011,5,"Male","White",30,10
2011,5,"Male","White",35,14
2011,5,"Male","White",40,6
2011,5,"Male","White",45,12
2011,5,"Male","White",50,14
2011,5,"Male","White",55,8
2011,5,"Male","White",60,22
2011,5,"Male","White",65,19
2011,5,"Male","White",70,33
2011,5,"Male","White",75,29
2011,5,"Male","White",80,78
2011,6,"Male","Asian",45,1
2011,6,"Male","Asian",55,1
2011,6,"Male","Asian",70,1
2011,6,"Male","Asian",80,1
2011,6,"Female","Black",0,3
2011,6,"Female","Black",20,3
2011,6,"Female","Black",25,4
2011,6,"Female","Black",30,3
2011,6,"Female","Black",35,3
2011,6,"Female","Black",40,2
2011,6,"Female","Black",45,5
2011,6,"Female","Black",50,7
2011,6,"Female","Black",55,3
2011,6,"Female","Black",60,10
2011,6,"Female","Black",65,7
2011,6,"Female","Black",70,9
2011,6,"Female","Black",75,10
2011,6,"Female","Black",80,21
2011,6,"Male","Black",0,5
2011,6,"Male","Black",15,6
2011,6,"Male","Black",20,10
2011,6,"Male","Black",25,14
2011,6,"Male","Black",30,7
2011,6,"Male","Black",35,7
2011,6,"Male","Black",40,13
2011,6,"Male","Black",45,10
2011,6,"Male","Black",50,9
2011,6,"Male","Black",55,17
2011,6,"Male","Black",60,9
2011,6,"Male","Black",65,19
2011,6,"Male","Black",70,19
2011,6,"Male","Black",75,18
2011,6,"Male","Black",80,32
2011,6,"Female","Brown",0,40
2011,6,"Female","Brown",5,4
2011,6,"Female","Brown",10,3
2011,6,"Female","Brown",15,4
2011,6,"Female","Brown",20,8
2011,6,"Female","Brown",25,21
2011,6,"Female","Brown",30,15
2011,6,"Female","Brown",35,13
2011,6,"Female","Brown",40,17
2011,6,"Female","Brown",45,23
2011,6,"Female","Brown",50,24
2011,6,"Female","Brown",55,18
2011,6,"Female","Brown",60,38
2011,6,"Female","Brown",65,49
2011,6,"Female","Brown",70,54
2011,6,"Female","Brown",75,45
2011,6,"Female","Brown",80,132
2011,6,"Male","Brown",0,65
2011,6,"Male","Brown",5,6
2011,6,"Male","Brown",10,9
2011,6,"Male","Brown",15,33
2011,6,"Male","Brown",20,46
2011,6,"Male","Brown",25,54
2011,6,"Male","Brown",30,43
2011,6,"Male","Brown",35,58
2011,6,"Male","Brown",40,45
2011,6,"Male","Brown",45,51
2011,6,"Male","Brown",50,52
2011,6,"Male","Brown",55,55
2011,6,"Male","Brown",60,66
2011,6,"Male","Brown",65,60
2011,6,"Male","Brown",70,82
2011,6,"Male","Brown",75,88
2011,6,"Male","Brown",80,173
2011,6,"Female","Indigenous",0,5
2011,6,"Female","Indigenous",20,1
2011,6,"Female","Indigenous",80,1
2011,6,"Male","Indigenous",0,3
2011,6,"Male","Indigenous",20,1
2011,6,"Male","Indigenous",45,1
2011,6,"Male","Indigenous",65,1
2011,6,"Female","White",0,13
2011,6,"Female","White",10,1
2011,6,"Female","White",15,2
2011,6,"Female","White",20,1
2011,6,"Female","White",25,4
2011,6,"Female","White",30,2
2011,6,"Female","White",35,7
2011,6,"Female","White",40,2
2011,6,"Female","White",45,9
2011,6,"Female","White",50,6
2011,6,"Female","White",55,16
2011,6,"Female","White",60,11
2011,6,"Female","White",65,16
2011,6,"Female","White",70,23
2011,6,"Female","White",75,29
2011,6,"Female","White",80,66
2011,6,"Male","White",0,22
2011,6,"Male","White",5,2
2011,6,"Male","White",10,3
2011,6,"Male","White",15,7
2011,6,"Male","White",20,13
2011,6,"Male","White",25,8
2011,6,"Male","White",30,11
2011,6,"Male","White",35,7
2011,6,"Male","White",40,12
2011,6,"Male","White",45,14
2011,6,"Male","White",50,15
2011,6,"Male","White",55,8
2011,6,"Male","White",60,16
2011,6,"Male","White",65,18
2011,6,"Male","White",70,23
2011,6,"Male","White",75,22
2011,6,"Male","White",80,66
2011,7,"Female","Asian",55,1
2011,7,"Female","Asian",75,2
2011,7,"Female","Asian",80,1
2011,7,"Male","Asian",70,1
2011,7,"Male","Asian",75,1
2011,7,"Male","Asian",80,3
2011,7,"Female","Black",5,1
2011,7,"Female","Black",25,4
2011,7,"Female","Black",30,1
2011,7,"Female","Black",35,3
2011,7,"Female","Black",40,2
2011,7,"Female","Black",45,3
2011,7,"Female","Black",50,4
2011,7,"Female","Black",55,10
2011,7,"Female","Black",60,5
2011,7,"Female","Black",65,4
2011,7,"Female","Black",70,9
2011,7,"Female","Black",75,9
2011,7,"Female","Black",80,19
2011,7,"Male","Black",0,1
2011,7,"Male","Black",5,1
2011,7,"Male","Black",10,2
2011,7,"Male","Black",15,7
2011,7,"Male","Black",20,10
2011,7,"Male","Black",25,14
2011,7,"Male","Black",30,10
2011,7,"Male","Black",35,5
2011,7,"Male","Black",40,5
2011,7,"Male","Black",45,11
2011,7,"Male","Black",50,8
2011,7,"Male","Black",55,10
2011,7,"Male","Black",60,9
2011,7,"Male","Black",65,12
2011,7,"Male","Black",70,15
2011,7,"Male","Black",75,15
2011,7,"Male","Black",80,27
2011,7,"Female","Brown",0,48
2011,7,"Female","Brown",5,8
2011,7,"Female","Brown",10,4
2011,7,"Female","Brown",15,11
2011,7,"Female","Brown",20,9
2011,7,"Female","Brown",25,17
2011,7,"Female","Brown",30,19
2011,7,"Female","Brown",35,11
2011,7,"Female","Brown",40,23
2011,7,"Female","Brown",45,28
2011,7,"Female","Brown",50,36
2011,7,"Female","Brown",55,46
2011,7,"Female","Brown",60,40
2011,7,"Female","Brown",65,55
2011,7,"Female","Brown",70,61
2011,7,"Female","Brown",75,64
2011,7,"Female","Brown",80,127
2011,7,"Male","Brown",0,67
2011,7,"Male","Brown",5,3
2011,7,"Male","Brown",10,9
2011,7,"Male","Brown",15,35
2011,7,"Male","Brown",20,63
2011,7,"Male","Brown",25,45
2011,7,"Male","Brown",30,54
2011,7,"Male","Brown",35,40
2011,7,"Male","Brown",40,50
2011,7,"Male","Brown",45,41
2011,7,"Male","Brown",50,52
2011,7,"Male","Brown",55,65
2011,7,"Male","Brown",60,63
2011,7,"Male","Brown",65,59
2011,7,"Male","Brown",70,83
2011,7,"Male","Brown",75,81
2011,7,"Male","Brown",80,175
2011,7,"Female","Indigenous",0,3
2011,7,"Female","Indigenous",30,1
2011,7,"Female","Indigenous",65,1
2011,7,"Female","Indigenous",70,1
2011,7,"Female","Indigenous",80,2
2011,7,"Male","Indigenous",0,2
2011,7,"Male","Indigenous",25,1
2011,7,"Male","Indigenous",45,1
2011,7,"Male","Indigenous",60,1
2011,7,"Male","Indigenous",80,1
2011,7,"Female","White",0,17
2011,7,"Female","White",5,1
2011,7,"Female","White",10,1
2011,7,"Female","White",15,5
2011,7,"Female","White",20,4
2011,7,"Female","White",25,3
2011,7,"Female","White",30,6
2011,7,"Female","White",35,2
2011,7,"Female","White",40,6
2011,7,"Female","White",45,6
2011,7,"Female","White",50,7
2011,7,"Female","White",55,7
2011,7,"Female","White",60,17
2011,7,"Female","White",65,16
2011,7,"Female","White",70,20
2011,7,"Female","White",75,21
2011,7,"Female","White",80,74
2011,7,"Male","White",0,19
2011,7,"Male","White",5,3
2011,7,"Male","White",10,3
2011,7,"Male","White",15,2
2011,7,"Male","White",20,10
2011,7,"Male","White",25,10
2011,7,"Male","White",30,18
2011,7,"Male","White",35,10
2011,7,"Male","White",40,6
2011,7,"Male","White",45,10
2011,7,"Male","White",50,12
2011,7,"Male","White",55,12
2011,7,"Male","White",60,19
2011,7,"Male","White",65,22
2011,7,"Male","White",70,25
2011,7,"Male","White",75,32
2011,7,"Male","White",80,85
2011,8,"Female","Asian",75,1
2011,8,"Male","Asian",65,1
2011,8,"Male","Asian",70,1
2011,8,"Male","Asian",75,1
2011,8,"Female","Black",0,2
2011,8,"Female","Black",5,2
2011,8,"Female","Black",15,1
2011,8,"Female","Black",20,1
2011,8,"Female","Black",25,1
2011,8,"Female","Black",30,2
2011,8,"Female","Black",35,5
2011,8,"Female","Black",45,5
2011,8,"Female","Black",50,9
2011,8,"Female","Black",55,7
2011,8,"Female","Black",60,6
2011,8,"Female","Black",65,4
2011,8,"Female","Black",70,6
2011,8,"Female","Black",75,13
2011,8,"Female","Black",80,29
2011,8,"Male","Black",0,2
2011,8,"Male","Black",5,2
2011,8,"Male","Black",10,1
2011,8,"Male","Black",15,5
2011,8,"Male","Black",20,7
2011,8,"Male","Black",25,7
2011,8,"Male","Black",30,7
2011,8,"Male","Black",35,13
2011,8,"Male","Black",40,8
2011,8,"Male","Black",45,12
2011,8,"Male","Black",50,16
2011,8,"Male","Black",55,11
2011,8,"Male","Black",60,10
2011,8,"Male","Black",65,11
2011,8,"Male","Black",70,22
2011,8,"Male","Black",75,17
2011,8,"Male","Black",80,29
2011,8,"Female","Brown",0,84
2011,8,"Female","Brown",5,4
2011,8,"Female","Brown",10,6
2011,8,"Female","Brown",15,16
2011,8,"Female","Brown",20,13
2011,8,"Female","Brown",25,13
2011,8,"Female","Brown",30,16
2011,8,"Female","Brown",35,17
2011,8,"Female","Brown",40,18
2011,8,"Female","Brown",45,18
2011,8,"Female","Brown",50,41
2011,8,"Female","Brown",55,32
2011,8,"Female","Brown",60,44
2011,8,"Female","Brown",65,48
2011,8,"Female","Brown",70,48
2011,8,"Female","Brown",75,52
2011,8,"Female","Brown",80,125
2011,8,"Male","Brown",0,71
2011,8,"Male","Brown",5,6
2011,8,"Male","Brown",10,7
2011,8,"Male","Brown",15,24
2011,8,"Male","Brown",20,44
2011,8,"Male","Brown",25,38
2011,8,"Male","Brown",30,44
2011,8,"Male","Brown",35,40
2011,8,"Male","Brown",40,45
2011,8,"Male","Brown",45,50
2011,8,"Male","Brown",50,49
2011,8,"Male","Brown",55,50
2011,8,"Male","Brown",60,51
2011,8,"Male","Brown",65,64
2011,8,"Male","Brown",70,81
2011,8,"Male","Brown",75,74
2011,8,"Male","Brown",80,144
2011,8,"Female","Indigenous",0,1
2011,8,"Female","Indigenous",50,1
2011,8,"Female","Indigenous",65,1
2011,8,"Female","Indigenous",80,1
2011,8,"Male","Indigenous",0,4
2011,8,"Male","Indigenous",15,2
2011,8,"Male","Indigenous",20,2
2011,8,"Male","Indigenous",25,1
2011,8,"Male","Indigenous",45,1
2011,8,"Male","Indigenous",55,1
2011,8,"Male","Indigenous",65,2
2011,8,"Male","Indigenous",70,1
2011,8,"Male","Indigenous",75,1
2011,8,"Male","Indigenous",80,3
2011,8,"Female","White",0,16
2011,8,"Female","White",10,1
2011,8,"Female","White",15,4
2011,8,"Female","White",20,3
2011,8,"Female","White",25,2
2011,8,"Female","White",30,2
2011,8,"Female","White",35,3
2011,8,"Female","White",40,7
2011,8,"Female","White",45,10
2011,8,"Female","White",50,17
2011,8,"Female","White",55,11
2011,8,"Female","White",60,13
2011,8,"Female","White",65,17
2011,8,"Female","White",70,21
2011,8,"Female","White",75,22
2011,8,"Female","White",80,79
2011,8,"Male","White",0,14
2011,8,"Male","White",5,2
2011,8,"Male","White",10,3
2011,8,"Male","White",15,9
2011,8,"Male","White",20,9
2011,8,"Male","White",25,5
2011,8,"Male","White",30,4
2011,8,"Male","White",35,8
2011,8,"Male","White",40,7
2011,8,"Male","White",45,8
2011,8,"Male","White",50,12
2011,8,"Male","White",55,16
2011,8,"Male","White",60,14
2011,8,"Male","White",65,25
2011,8,"Male","White",70,25
2011,8,"Male","White",75,24
2011,8,"Male","White",80,55
2011,9,"Female","Asian",0,1
2011,9,"Female","Asian",60,1
2011,9,"Female","Asian",65,1
2011,9,"Male","Asian",65,1
2011,9,"Male","Asian",80,3
2011,9,"Female","Black",0,2
2011,9,"Female","Black",20,2
2011,9,"Female","Black",25,2
2011,9,"Female","Black",30,4
2011,9,"Female","Black",35,4
2011,9,"Female","Black",40,5
2011,9,"Female","Black",45,5
2011,9,"Female","Black",50,5
2011,9,"Female","Black",55,7
2011,9,"Female","Black",60,9
2011,9,"Female","Black",65,8
2011,9,"Female","Black",70,13
2011,9,"Female","Black",75,8
2011,9,"Female","Black",80,16
2011,9,"Male","Black",0,3
2011,9,"Male","Black",5,1
2011,9,"Male","Black",15,9
2011,9,"Male","Black",20,6
2011,9,"Male","Black",25,15
2011,9,"Male","Black",30,4
2011,9,"Male","Black",35,13
2011,9,"Male","Black",40,6
2011,9,"Male","Black",45,9
2011,9,"Male","Black",50,12
2011,9,"Male","Black",55,15
2011,9,"Male","Black",60,12
2011,9,"Male","Black",65,16
2011,9,"Male","Black",70,15
2011,9,"Male","Black",75,18
2011,9,"Male","Black",80,32
2011,9,"Female","Brown",0,57
2011,9,"Female","Brown",5,3
2011,9,"Female","Brown",10,2
2011,9,"Female","Brown",15,8
2011,9,"Female","Brown",20,9
2011,9,"Female","Brown",25,15
2011,9,"Female","Brown",30,18
2011,9,"Female","Brown",35,18
2011,9,"Female","Brown",40,22
2011,9,"Female","Brown",45,23
2011,9,"Female","Brown",50,26
2011,9,"Female","Brown",55,45
2011,9,"Female","Brown",60,42
2011,9,"Female","Brown",65,52
2011,9,"Female","Brown",70,59
2011,9,"Female","Brown",75,55
2011,9,"Female","Brown",80,127
2011,9,"Male","Brown",0,61
2011,9,"Male","Brown",5,3
2011,9,"Male","Brown",10,4
2011,9,"Male","Brown",15,34
2011,9,"Male","Brown",20,49
2011,9,"Male","Brown",25,45
2011,9,"Male","Brown",30,44
2011,9,"Male","Brown",35,49
2011,9,"Male","Brown",40,43
2011,9,"Male","Brown",45,42
2011,9,"Male","Brown",50,39
2011,9,"Male","Brown",55,56
2011,9,"Male","Brown",60,66
2011,9,"Male","Brown",65,76
2011,9,"Male","Brown",70,86
2011,9,"Male","Brown",75,71
2011,9,"Male","Brown",80,144
2011,9,"Female","Indigenous",0,4
2011,9,"Female","Indigenous",40,1
2011,9,"Male","Indigenous",0,1
2011,9,"Male","Indigenous",30,2
2011,9,"Male","Indigenous",80,1
2011,9,"Female","White",0,14
2011,9,"Female","White",5,1
2011,9,"Female","White",10,3
2011,9,"Female","White",15,1
2011,9,"Female","White",20,4
2011,9,"Female","White",25,5
2011,9,"Female","White",30,7
2011,9,"Female","White",35,8
2011,9,"Female","White",40,3
2011,9,"Female","White",45,10
2011,9,"Female","White",50,7
2011,9,"Female","White",55,6
2011,9,"Female","White",60,11
2011,9,"Female","White",65,20
2011,9,"Female","White",70,26
2011,9,"Female","White",75,21
2011,9,"Female","White",80,72
2011,9,"Male","White",0,22
2011,9,"Male","White",5,2
2011,9,"Male","White",10,1
2011,9,"Male","White",15,6
2011,9,"Male","White",20,6
2011,9,"Male","White",25,8
2011,9,"Male","White",30,11
2011,9,"Male","White",35,4
2011,9,"Male","White",40,9
2011,9,"Male","White",45,7
2011,9,"Male","White",50,13
2011,9,"Male","White",55,11
2011,9,"Male","White",60,13
2011,9,"Male","White",65,21
2011,9,"Male","White",70,24
2011,9,"Male","White",75,24
2011,9,"Male","White",80,74
2011,10,"Female","Asian",70,1
2011,10,"Female","Asian",80,2
2011,10,"Male","Asian",60,1
2011,10,"Male","Asian",70,1
2011,10,"Female","Black",0,3
2011,10,"Female","Black",15,1
2011,10,"Female","Black",20,3
2011,10,"Female","Black",30,2
2011,10,"Female","Black",35,1
2011,10,"Female","Black",40,3
2011,10,"Female","Black",45,7
2011,10,"Female","Black",50,10
2011,10,"Female","Black",55,6
2011,10,"Female","Black",60,8
2011,10,"Female","Black",65,7
2011,10,"Female","Black",70,11
2011,10,"Female","Black",75,10
2011,10,"Female","Black",80,29
2011,10,"Male","Black",0,9
2011,10,"Male","Black",15,2
2011,10,"Male","Black",20,7
2011,10,"Male","Black",25,8
2011,10,"Male","Black",30,5
2011,10,"Male","Black",35,8
2011,10,"Male","Black",40,5
2011,10,"Male","Black",45,12
2011,10,"Male","Black",50,12
2011,10,"Male","Black",55,13
2011,10,"Male","Black",60,17
2011,10,"Male","Black",65,14
2011,10,"Male","Black",70,16
2011,10,"Male","Black",75,18
2011,10,"Male","Black",80,23
2011,10,"Female","Brown",0,52
2011,10,"Female","Brown",5,1
2011,10,"Female","Brown",10,5
2011,10,"Female","Brown",15,10
2011,10,"Female","Brown",20,8
2011,10,"Female","Brown",25,21
2011,10,"Female","Brown",30,22
2011,10,"Female","Brown",35,16
2011,10,"Female","Brown",40,23
2011,10,"Female","Brown",45,33
2011,10,"Female","Brown",50,40
2011,10,"Female","Brown",55,42
2011,10,"Female","Brown",60,39
2011,10,"Female","Brown",65,50
2011,10,"Female","Brown",70,63
2011,10,"Female","Brown",75,55
2011,10,"Female","Brown",80,135
2011,10,"Male","Brown",0,76
2011,10,"Male","Brown",5,9
2011,10,"Male","Brown",10,16
2011,10,"Male","Brown",15,27
2011,10,"Male","Brown",20,55
2011,10,"Male","Brown",25,50
2011,10,"Male","Brown",30,48
2011,10,"Male","Brown",35,36
2011,10,"Male","Brown",40,39
2011,10,"Male","Brown",45,43
2011,10,"Male","Brown",50,45
2011,10,"Male","Brown",55,56
2011,10,"Male","Brown",60,51
2011,10,"Male","Brown",65,73
2011,10,"Male","Brown",70,66
2011,10,"Male","Brown",75,86
2011,10,"Male","Brown",80,146
2011,10,"Female","Indigenous",15,1
2011,10,"Female","Indigenous",80,4
2011,10,"Male","Indigenous",0,1
2011,10,"Male","Indigenous",50,1
2011,10,"Male","Indigenous",80,1
2011,10,"Female","White",0,8
2011,10,"Female","White",5,1
2011,10,"Female","White",10,3
2011,10,"Female","White",15,3
2011,10,"Female","White",20,1
2011,10,"Female","White",25,9
2011,10,"Female","White",30,2
2011,10,"Female","White",35,4
2011,10,"Female","White",40,2
2011,10,"Female","White",45,1
2011,10,"Female","White",50,8
2011,10,"Female","White",55,11
2011,10,"Female","White",60,18
2011,10,"Female","White",65,12
2011,10,"Female","White",70,22
2011,10,"Female","White",75,20
2011,10,"Female","White",80,75
2011,10,"Male","White",0,11
2011,10,"Male","White",5,1
2011,10,"Male","White",10,2
2011,10,"Male","White",15,1
2011,10,"Male","White",20,7
2011,10,"Male","White",25,11
2011,10,"Male","White",30,12
2011,10,"Male","White",35,7
2011,10,"Male","White",40,6
2011,10,"Male","White",45,9
2011,10,"Male","White",50,13
2011,10,"Male","White",55,19
2011,10,"Male","White",60,17
2011,10,"Male","White",65,17
2011,10,"Male","White",70,23
2011,10,"Male","White",75,30
2011,10,"Male","White",80,67
2011,11,"Female","Asian",10,1
2011,11,"Female","Asian",45,1
2011,11,"Female","Asian",55,1
2011,11,"Female","Asian",60,2
2011,11,"Female","Asian",75,1
2011,11,"Female","Asian",80,1
2011,11,"Male","Asian",60,1
2011,11,"Male","Asian",65,1
2011,11,"Male","Asian",70,2
2011,11,"Male","Asian",75,1
2011,11,"Male","Asian",80,2
2011,11,"Female","Black",0,1
2011,11,"Female","Black",5,1
2011,11,"Female","Black",20,3
2011,11,"Female","Black",25,1
2011,11,"Female","Black",30,1
2011,11,"Female","Black",35,1
2011,11,"Female","Black",40,2
2011,11,"Female","Black",45,3
2011,11,"Female","Black",50,7
2011,11,"Female","Black",55,7
2011,11,"Female","Black",60,15
2011,11,"Female","Black",65,9
2011,11,"Female","Black",70,12
2011,11,"Female","Black",75,8
2011,11,"Female","Black",80,28
2011,11,"Male","Black",0,2
2011,11,"Male","Black",10,1
2011,11,"Male","Black",15,3
2011,11,"Male","Black",20,5
2011,11,"Male","Black",25,8
2011,11,"Male","Black",30,10
2011,11,"Male","Black",35,6
2011,11,"Male","Black",40,7
2011,11,"Male","Black",45,7
2011,11,"Male","Black",50,7
2011,11,"Male","Black",55,6
2011,11,"Male","Black",60,14
2011,11,"Male","Black",65,18
2011,11,"Male","Black",70,19
2011,11,"Male","Black",75,14
2011,11,"Male","Black",80,29
2011,11,"Female","Brown",0,45
2011,11,"Female","Brown",5,2
2011,11,"Female","Brown",10,3
2011,11,"Female","Brown",15,6
2011,11,"Female","Brown",20,8
2011,11,"Female","Brown",25,17
2011,11,"Female","Brown",30,16
2011,11,"Female","Brown",35,14
2011,11,"Female","Brown",40,11
2011,11,"Female","Brown",45,20
2011,11,"Female","Brown",50,22
2011,11,"Female","Brown",55,36
2011,11,"Female","Brown",60,53
2011,11,"Female","Brown",65,43
2011,11,"Female","Brown",70,51
2011,11,"Female","Brown",75,42
2011,11,"Female","Brown",80,114
2011,11,"Male","Brown",0,68
2011,11,"Male","Brown",5,4
2011,11,"Male","Brown",10,4
2011,11,"Male","Brown",15,29
2011,11,"Male","Brown",20,52
2011,11,"Male","Brown",25,56
2011,11,"Male","Brown",30,43
2011,11,"Male","Brown",35,37
2011,11,"Male","Brown",40,42
2011,11,"Male","Brown",45,38
2011,11,"Male","Brown",50,43
2011,11,"Male","Brown",55,41
2011,11,"Male","Brown",60,54
2011,11,"Male","Brown",65,64
2011,11,"Male","Brown",70,64
2011,11,"Male","Brown",75,69
2011,11,"Male","Brown",80,122
2011,11,"Female","Indigenous",0,1
2011,11,"Female","Indigenous",15,1
2011,11,"Female","Indigenous",70,1
2011,11,"Male","Indigenous",0,2
2011,11,"Male","Indigenous",35,1
2011,11,"Male","Indigenous",40,1
2011,11,"Male","Indigenous",50,1
2011,11,"Male","Indigenous",70,1
2011,11,"Male","Indigenous",75,1
2011,11,"Male","Indigenous",80,1
2011,11,"Female","White",0,15
2011,11,"Female","White",5,2
2011,11,"Female","White",10,1
2011,11,"Female","White",15,3
2011,11,"Female","White",20,2
2011,11,"Female","White",25,2
2011,11,"Female","White",30,3
2011,11,"Female","White",35,3
2011,11,"Female","White",40,2
2011,11,"Female","White",45,10
2011,11,"Female","White",50,4
2011,11,"Female","White",55,9
2011,11,"Female","White",60,16
2011,11,"Female","White",65,14
2011,11,"Female","White",70,29
2011,11,"Female","White",75,28
2011,11,"Female","White",80,89
2011,11,"Male","White",0,12
2011,11,"Male","White",5,2
2011,11,"Male","White",10,3
2011,11,"Male","White",15,4
2011,11,"Male","White",20,10
2011,11,"Male","White",25,13
2011,11,"Male","White",30,6
2011,11,"Male","White",35,6
2011,11,"Male","White",40,7
2011,11,"Male","White",45,12
2011,11,"Male","White",50,13
2011,11,"Male","White",55,14
2011,11,"Male","White",60,15
2011,11,"Male","White",65,17
2011,11,"Male","White",70,18
2011,11,"Male","White",75,23
2011,11,"Male","White",80,64
2011,12,"Female","Asian",0,2
2011,12,"Female","Asian",50,2
2011,12,"Female","Asian",65,1
2011,12,"Female","Asian",75,2
2011,12,"Female","Asian",80,1
2011,12,"Male","Asian",0,1
2011,12,"Male","Asian",35,1
2011,12,"Male","Asian",50,1
2011,12,"Male","Asian",70,1
2011,12,"Female","Black",0,1
2011,12,"Female","Black",5,2
2011,12,"Female","Black",25,1
2011,12,"Female","Black",30,1
2011,12,"Female","Black",35,2
2011,12,"Female","Black",40,8
2011,12,"Female","Black",45,6
2011,12,"Female","Black",50,7
2011,12,"Female","Black",55,7
2011,12,"Female","Black",60,8
2011,12,"Female","Black",65,10
2011,12,"Female","Black",70,6
2011,12,"Female","Black",75,9
2011,12,"Female","Black",80,25
2011,12,"Male","Black",0,4
2011,12,"Male","Black",10,1
2011,12,"Male","Black",15,5
2011,12,"Male","Black",20,9
2011,12,"Male","Black",25,11
2011,12,"Male","Black",30,6
2011,12,"Male","Black",35,3
2011,12,"Male","Black",40,9
2011,12,"Male","Black",45,10
2011,12,"Male","Black",50,5
2011,12,"Male","Black",55,8
2011,12,"Male","Black",60,16
2011,12,"Male","Black",65,17
2011,12,"Male","Black",70,14
2011,12,"Male","Black",75,24
2011,12,"Male","Black",80,33
2011,12,"Female","Brown",0,44
2011,12,"Female","Brown",5,3
2011,12,"Female","Brown",10,6
2011,12,"Female","Brown",15,10
2011,12,"Female","Brown",20,9
2011,12,"Female","Brown",25,14
2011,12,"Female","Brown",30,18
2011,12,"Female","Brown",35,12
2011,12,"Female","Brown",40,25
2011,12,"Female","Brown",45,23
2011,12,"Female","Brown",50,23
2011,12,"Female","Brown",55,31
2011,12,"Female","Brown",60,44
2011,12,"Female","Brown",65,41
2011,12,"Female","Brown",70,44
2011,12,"Female","Brown",75,46
2011,12,"Female","Brown",80,113
2011,12,"Male","Brown",0,53
2011,12,"Male","Brown",5,4
2011,12,"Male","Brown",10,11
2011,12,"Male","Brown",15,32
2011,12,"Male","Brown",20,49
2011,12,"Male","Brown",25,57
2011,12,"Male","Brown",30,45
2011,12,"Male","Brown",35,39
2011,12,"Male","Brown",40,51
2011,12,"Male","Brown",45,45
2011,12,"Male","Brown",50,48
2011,12,"Male","Brown",55,53
2011,12,"Male","Brown",60,68
2011,12,"Male","Brown",65,71
2011,12,"Male","Brown",70,78
2011,12,"Male","Brown",75,77
2011,12,"Male","Brown",80,134
2011,12,"Female","Indigenous",0,1
2011,12,"Female","Indigenous",70,1
2011,12,"Female","Indigenous",80,2
2011,12,"Male","Indigenous",0,2
2011,12,"Male","Indigenous",15,1
2011,12,"Male","Indigenous",50,1
2011,12,"Male","Indigenous",55,1
2011,12,"Male","Indigenous",75,1
2011,12,"Male","Indigenous",80,1
2011,12,"Female","White",0,9
2011,12,"Female","White",10,2
2011,12,"Female","White",15,1
2011,12,"Female","White",20,2
2011,12,"Female","White",25,4
2011,12,"Female","White",30,3
2011,12,"Female","White",35,5
2011,12,"Female","White",40,6
2011,12,"Female","White",45,10
2011,12,"Female","White",50,7
2011,12,"Female","White",55,7
2011,12,"Female","White",60,8
2011,12,"Female","White",65,21
2011,12,"Female","White",70,25
2011,12,"Female","White",75,20
2011,12,"Female","White",80,85
2011,12,"Male","White",0,14
2011,12,"Male","White",10,1
2011,12,"Male","White",15,4
2011,12,"Male","White",20,6
2011,12,"Male","White",25,5
2011,12,"Male","White",30,9
2011,12,"Male","White",35,13
2011,12,"Male","White",40,8
2011,12,"Male","White",45,9
2011,12,"Male","White",50,15
2011,12,"Male","White",55,11
2011,12,"Male","White",60,14
2011,12,"Male","White",65,22
2011,12,"Male","White",70,17
2011,12,"Male","White",75,32
2011,12,"Male","White",80,71
2012,1,"Female","Asian",0,1
2012,1,"Female","Asian",80,3
2012,1,"Male","Asian",0,2
2012,1,"Male","Asian",55,1
2012,1,"Male","Asian",75,1
2012,1,"Male","Asian",80,1
2012,1,"Female","Black",0,1
2012,1,"Female","Black",10,2
2012,1,"Female","Black",20,1
2012,1,"Female","Black",25,2
2012,1,"Female","Black",30,1
2012,1,"Female","Black",35,1
2012,1,"Female","Black",40,5
2012,1,"Female","Black",45,10
2012,1,"Female","Black",50,11
2012,1,"Female","Black",55,7
2012,1,"Female","Black",60,9
2012,1,"Female","Black",65,7
2012,1,"Female","Black",70,11
2012,1,"Female","Black",75,14
2012,1,"Female","Black",80,22
2012,1,"Male","Black",0,2
2012,1,"Male","Black",15,5
2012,1,"Male","Black",20,3
2012,1,"Male","Black",25,13
2012,1,"Male","Black",30,12
2012,1,"Male","Black",35,6
2012,1,"Male","Black",40,12
2012,1,"Male","Black",45,7
2012,1,"Male","Black",50,11
2012,1,"Male","Black",55,12
2012,1,"Male","Black",60,22
2012,1,"Male","Black",65,21
2012,1,"Male","Black",70,12
2012,1,"Male","Black",75,18
2012,1,"Male","Black",80,31
2012,1,"Female","Brown",0,49
2012,1,"Female","Brown",5,5
2012,1,"Female","Brown",10,6
2012,1,"Female","Brown",15,15
2012,1,"Female","Brown",20,12
2012,1,"Female","Brown",25,17
2012,1,"Female","Brown",30,11
2012,1,"Female","Brown",35,14
2012,1,"Female","Brown",40,23
2012,1,"Female","Brown",45,30
2012,1,"Female","Brown",50,35
2012,1,"Female","Brown",55,38
2012,1,"Female","Brown",60,42
2012,1,"Female","Brown",65,50
2012,1,"Female","Brown",70,59
2012,1,"Female","Brown",75,62
2012,1,"Female","Brown",80,137
2012,1,"Male","Brown",0,65
2012,1,"Male","Brown",5,8
2012,1,"Male","Brown",10,11
2012,1,"Male","Brown",15,21
2012,1,"Male","Brown",20,52
2012,1,"Male","Brown",25,62
2012,1,"Male","Brown",30,54
2012,1,"Male","Brown",35,47
2012,1,"Male","Brown",40,45
2012,1,"Male","Brown",45,40
2012,1,"Male","Brown",50,53
2012,1,"Male","Brown",55,51
2012,1,"Male","Brown",60,62
2012,1,"Male","Brown",65,70
2012,1,"Male","Brown",70,70
2012,1,"Male","Brown",75,80
2012,1,"Male","Brown",80,164
2012,1,"Female","Indigenous",0,5
2012,1,"Female","Indigenous",5,1
2012,1,"Female","Indigenous",15,1
2012,1,"Female","Indigenous",30,1
2012,1,"Female","Indigenous",45,1
2012,1,"Female","Indigenous",80,2
2012,1,"Male","Indigenous",0,1
2012,1,"Male","Indigenous",50,1
2012,1,"Male","Indigenous",75,1
2012,1,"Male","Indigenous",80,2
2012,1,"Female","White",0,17
2012,1,"Female","White",5,1
2012,1,"Female","White",10,1
2012,1,"Female","White",15,2
2012,1,"Female","White",20,5
2012,1,"Female","White",25,1
2012,1,"Female","White",30,3
2012,1,"Female","White",35,6
2012,1,"Female","White",40,7
2012,1,"Female","White",45,6
2012,1,"Female","White",50,8
2012,1,"Female","White",55,11
2012,1,"Female","White",60,13
2012,1,"Female","White",65,7
2012,1,"Female","White",70,26
2012,1,"Female","White",75,25
2012,1,"Female","White",80,80
2012,1,"Male","White",0,8
2012,1,"Male","White",5,2
2012,1,"Male","White",15,5
2012,1,"Male","White",20,6
2012,1,"Male","White",25,12
2012,1,"Male","White",30,8
2012,1,"Male","White",35,11
2012,1,"Male","White",40,6
2012,1,"Male","White",45,10
2012,1,"Male","White",50,11
2012,1,"Male","White",55,11
2012,1,"Male","White",60,16
2012,1,"Male","White",65,30
2012,1,"Male","White",70,28
2012,1,"Male","White",75,37
2012,1,"Male","White",80,55
2012,2,"Female","Asian",30,1
2012,2,"Female","Asian",40,1
2012,2,"Female","Asian",70,1
2012,2,"Female","Asian",75,1
2012,2,"Female","Asian",80,1
2012,2,"Male","Asian",0,1
2012,2,"Male","Asian",20,1
2012,2,"Male","Asian",50,1
2012,2,"Male","Asian",65,1
2012,2,"Male","Asian",75,1
2012,2,"Female","Black",0,2
2012,2,"Female","Black",10,1
2012,2,"Female","Black",20,2
2012,2,"Female","Black",25,2
2012,2,"Female","Black",30,3
2012,2,"Female","Black",35,1
2012,2,"Female","Black",40,4
2012,2,"Female","Black",45,8
2012,2,"Female","Black",50,4
2012,2,"Female","Black",55,9
2012,2,"Female","Black",60,6
2012,2,"Female","Black",65,9
2012,2,"Female","Black",70,10
2012,2,"Female","Black",75,13
2012,2,"Female","Black",80,28
2012,2,"Male","Black",0,3
2012,2,"Male","Black",5,1
2012,2,"Male","Black",10,2
2012,2,"Male","Black",15,2
2012,2,"Male","Black",20,8
2012,2,"Male","Black",25,6
2012,2,"Male","Black",30,14
2012,2,"Male","Black",35,4
2012,2,"Male","Black",40,5
2012,2,"Male","Black",45,10
2012,2,"Male","Black",50,10
2012,2,"Male","Black",55,12
2012,2,"Male","Black",60,8
2012,2,"Male","Black",65,13
2012,2,"Male","Black",70,12
2012,2,"Male","Black",75,19
2012,2,"Male","Black",80,28
2012,2,"Female","Brown",0,42
2012,2,"Female","Brown",5,4
2012,2,"Female","Brown",10,7
2012,2,"Female","Brown",15,7
2012,2,"Female","Brown",20,8
2012,2,"Female","Brown",25,11
2012,2,"Female","Brown",30,20
2012,2,"Female","Brown",35,18
2012,2,"Female","Brown",40,13
2012,2,"Female","Brown",45,21
2012,2,"Female","Brown",50,30
2012,2,"Female","Brown",55,33
2012,2,"Female","Brown",60,53
2012,2,"Female","Brown",65,53
2012,2,"Female","Brown",70,45
2012,2,"Female","Brown",75,49
2012,2,"Female","Brown",80,146
2012,2,"Male","Brown",0,59
2012,2,"Male","Brown",5,12
2012,2,"Male","Brown",10,11
2012,2,"Male","Brown",15,31
2012,2,"Male","Brown",20,53
2012,2,"Male","Brown",25,58
2012,2,"Male","Brown",30,46
2012,2,"Male","Brown",35,42
2012,2,"Male","Brown",40,33
2012,2,"Male","Brown",45,52
2012,2,"Male","Brown",50,42
2012,2,"Male","Brown",55,63
2012,2,"Male","Brown",60,49
2012,2,"Male","Brown",65,58
2012,2,"Male","Brown",70,71
2012,2,"Male","Brown",75,81
2012,2,"Male","Brown",80,152
2012,2,"Female","Indigenous",0,2
2012,2,"Female","Indigenous",80,1
2012,2,"Male","Indigenous",0,1
2012,2,"Male","Indigenous",25,2
2012,2,"Male","Indigenous",40,1
2012,2,"Male","Indigenous",55,1
2012,2,"Male","Indigenous",65,1
2012,2,"Male","Indigenous",70,1
2012,2,"Male","Indigenous",80,2
2012,2,"Female","White",0,14
2012,2,"Female","White",5,2
2012,2,"Female","White",15,2
2012,2,"Female","White",25,6
2012,2,"Female","White",30,5
2012,2,"Female","White",35,4
2012,2,"Female","White",40,5
2012,2,"Female","White",45,9
2012,2,"Female","White",50,12
2012,2,"Female","White",55,10
2012,2,"Female","White",60,15
2012,2,"Female","White",65,15
2012,2,"Female","White",70,35
2012,2,"Female","White",75,25
2012,2,"Female","White",80,64
2012,2,"Male","White",0,15
2012,2,"Male","White",5,3
2012,2,"Male","White",10,3
2012,2,"Male","White",15,9
2012,2,"Male","White",20,6
2012,2,"Male","White",25,13
2012,2,"Male","White",30,7
2012,2,"Male","White",35,5
2012,2,"Male","White",40,5
2012,2,"Male","White",45,6
2012,2,"Male","White",50,7
2012,2,"Male","White",55,13
2012,2,"Male","White",60,12
2012,2,"Male","White",65,27
2012,2,"Male","White",70,22
2012,2,"Male","White",75,21
2012,2,"Male","White",80,56
2012,3,"Female","Asian",80,1
2012,3,"Male","Asian",0,1
2012,3,"Male","Asian",20,1
2012,3,"Male","Asian",60,1
2012,3,"Female","Black",0,2
2012,3,"Female","Black",10,1
2012,3,"Female","Black",15,1
2012,3,"Female","Black",20,1
2012,3,"Female","Black",25,5
2012,3,"Female","Black",30,3
2012,3,"Female","Black",35,2
2012,3,"Female","Black",40,3
2012,3,"Female","Black",45,6
2012,3,"Female","Black",50,7
2012,3,"Female","Black",55,11
2012,3,"Female","Black",60,10
2012,3,"Female","Black",65,13
2012,3,"Female","Black",70,12
2012,3,"Female","Black",75,10
2012,3,"Female","Black",80,14
2012,3,"Male","Black",0,3
2012,3,"Male","Black",5,3
2012,3,"Male","Black",15,4
2012,3,"Male","Black",20,15
2012,3,"Male","Black",25,7
2012,3,"Male","Black",30,9
2012,3,"Male","Black",35,7
2012,3,"Male","Black",40,7
2012,3,"Male","Black",45,4
2012,3,"Male","Black",50,9
2012,3,"Male","Black",55,8
2012,3,"Male","Black",60,10
2012,3,"Male","Black",65,13
2012,3,"Male","Black",70,19
2012,3,"Male","Black",75,14
2012,3,"Male","Black",80,21
2012,3,"Female","Brown",0,59
2012,3,"Female","Brown",5,4
2012,3,"Female","Brown",10,6
2012,3,"Female","Brown",15,7
2012,3,"Female","Brown",20,9
2012,3,"Female","Brown",25,23
2012,3,"Female","Brown",30,17
2012,3,"Female","Brown",35,21
2012,3,"Female","Brown",40,17
2012,3,"Female","Brown",45,30
2012,3,"Female","Brown",50,35
2012,3,"Female","Brown",55,43
2012,3,"Female","Brown",60,52
2012,3,"Female","Brown",65,57
2012,3,"Female","Brown",70,66
2012,3,"Female","Brown",75,64
2012,3,"Female","Brown",80,138
2012,3,"Male","Brown",0,64
2012,3,"Male","Brown",5,5
2012,3,"Male","Brown",10,8
2012,3,"Male","Brown",15,28
2012,3,"Male","Brown",20,42
2012,3,"Male","Brown",25,39
2012,3,"Male","Brown",30,48
2012,3,"Male","Brown",35,37
2012,3,"Male","Brown",40,43
2012,3,"Male","Brown",45,38
2012,3,"Male","Brown",50,50
2012,3,"Male","Brown",55,73
2012,3,"Male","Brown",60,67
2012,3,"Male","Brown",65,56
2012,3,"Male","Brown",70,89
2012,3,"Male","Brown",75,77
2012,3,"Male","Brown",80,160
2012,3,"Female","Indigenous",0,2
2012,3,"Female","Indigenous",5,2
2012,3,"Female","Indigenous",15,1
2012,3,"Female","Indigenous",25,1
2012,3,"Female","Indigenous",40,1
2012,3,"Male","Indigenous",25,1
2012,3,"Male","Indigenous",35,1
2012,3,"Male","Indigenous",50,1
2012,3,"Male","Indigenous",80,1
2012,3,"Female","White",0,9
2012,3,"Female","White",10,1
2012,3,"Female","White",15,1
2012,3,"Female","White",20,5
2012,3,"Female","White",25,2
2012,3,"Female","White",30,2
2012,3,"Female","White",35,3
2012,3,"Female","White",40,3
2012,3,"Female","White",45,8
2012,3,"Female","White",50,10
2012,3,"Female","White",55,17
2012,3,"Female","White",60,15
2012,3,"Female","White",65,23
2012,3,"Female","White",70,27
2012,3,"Female","White",75,26
2012,3,"Female","White",80,85
2012,3,"Male","White",0,16
2012,3,"Male","White",5,3
2012,3,"Male","White",10,2
2012,3,"Male","White",15,4
2012,3,"Male","White",20,11
2012,3,"Male","White",25,13
2012,3,"Male","White",30,8
2012,3,"Male","White",35,7
2012,3,"Male","White",40,14
2012,3,"Male","White",45,7
2012,3,"Male","White",50,14
2012,3,"Male","White",55,15
2012,3,"Male","White",60,14
2012,3,"Male","White",65,18
2012,3,"Male","White",70,34
2012,3,"Male","White",75,22
2012,3,"Male","White",80,70
2012,4,"Female","Asian",0,1
2012,4,"Female","Asian",80,3
2012,4,"Male","Asian",35,1
2012,4,"Male","Asian",40,1
2012,4,"Male","Asian",80,1
2012,4,"Female","Black",5,1
2012,4,"Female","Black",10,2
2012,4,"Female","Black",20,1
2012,4,"Female","Black",25,4
2012,4,"Female","Black",30,1
2012,4,"Female","Black",35,3
2012,4,"Female","Black",40,4
2012,4,"Female","Black",45,5
2012,4,"Female","Black",50,9
2012,4,"Female","Black",55,12
2012,4,"Female","Black",60,9
2012,4,"Female","Black",65,4
2012,4,"Female","Black",70,15
2012,4,"Female","Black",75,6
2012,4,"Female","Black",80,19
2012,4,"Male","Black",0,2
2012,4,"Male","Black",5,1
2012,4,"Male","Black",10,1
2012,4,"Male","Black",15,3
2012,4,"Male","Black",20,10
2012,4,"Male","Black",25,14
2012,4,"Male","Black",30,9
2012,4,"Male","Black",35,6
2012,4,"Male","Black",40,6
2012,4,"Male","Black",45,4
2012,4,"Male","Black",50,12
2012,4,"Male","Black",55,8
2012,4,"Male","Black",60,8
2012,4,"Male","Black",65,19
2012,4,"Male","Black",70,10
2012,4,"Male","Black",75,12
2012,4,"Male","Black",80,24
2012,4,"Female","Brown",0,46
2012,4,"Female","Brown",5,2
2012,4,"Female","Brown",10,6
2012,4,"Female","Brown",15,14
2012,4,"Female","Brown",20,13
2012,4,"Female","Brown",25,13
2012,4,"Female","Brown",30,25
2012,4,"Female","Brown",35,15
2012,4,"Female","Brown",40,28
2012,4,"Female","Brown",45,21
2012,4,"Female","Brown",50,32
2012,4,"Female","Brown",55,41
2012,4,"Female","Brown",60,48
2012,4,"Female","Brown",65,56
2012,4,"Female","Brown",70,59
2012,4,"Female","Brown",75,60
2012,4,"Female","Brown",80,156
2012,4,"Male","Brown",0,62
2012,4,"Male","Brown",5,7
2012,4,"Male","Brown",10,6
2012,4,"Male","Brown",15,34
2012,4,"Male","Brown",20,47
2012,4,"Male","Brown",25,54
2012,4,"Male","Brown",30,50
2012,4,"Male","Brown",35,38
2012,4,"Male","Brown",40,45
2012,4,"Male","Brown",45,45
2012,4,"Male","Brown",50,51
2012,4,"Male","Brown",55,50
2012,4,"Male","Brown",60,64
2012,4,"Male","Brown",65,60
2012,4,"Male","Brown",70,67
2012,4,"Male","Brown",75,75
2012,4,"Male","Brown",80,188
2012,4,"Female","Indigenous",0,3
2012,4,"Female","Indigenous",80,1
2012,4,"Male","Indigenous",0,1
2012,4,"Male","Indigenous",5,1
2012,4,"Male","Indigenous",30,1
2012,4,"Male","Indigenous",75,1
2012,4,"Female","White",0,12
2012,4,"Female","White",5,2
2012,4,"Female","White",10,2
2012,4,"Female","White",15,3
2012,4,"Female","White",20,4
2012,4,"Female","White",25,3
2012,4,"Female","White",30,3
2012,4,"Female","White",35,2
2012,4,"Female","White",40,3
2012,4,"Female","White",45,10
2012,4,"Female","White",50,5
2012,4,"Female","White",55,16
2012,4,"Female","White",60,10
2012,4,"Female","White",65,18
2012,4,"Female","White",70,22
2012,4,"Female","White",75,32
2012,4,"Female","White",80,74
2012,4,"Male","White",0,16
2012,4,"Male","White",5,2
2012,4,"Male","White",15,5
2012,4,"Male","White",20,8
2012,4,"Male","White",25,8
2012,4,"Male","White",30,10
2012,4,"Male","White",35,13
2012,4,"Male","White",40,7
2012,4,"Male","White",45,10
2012,4,"Male","White",50,12
2012,4,"Male","White",55,18
2012,4,"Male","White",60,20
2012,4,"Male","White",65,23
2012,4,"Male","White",70,27
2012,4,"Male","White",75,21
2012,4,"Male","White",80,71
2012,5,"Female","Asian",25,1
2012,5,"Female","Asian",75,1
2012,5,"Male","Asian",60,1
2012,5,"Male","Asian",70,1
2012,5,"Male","Asian",80,1
2012,5,"Female","Black",0,1
2012,5,"Female","Black",15,2
2012,5,"Female","Black",20,2
2012,5,"Female","Black",30,1
2012,5,"Female","Black",35,1
2012,5,"Female","Black",40,1
2012,5,"Female","Black",45,3
2012,5,"Female","Black",50,6
2012,5,"Female","Black",55,9
2012,5,"Female","Black",60,9
2012,5,"Female","Black",65,7
2012,5,"Female","Black",70,15
2012,5,"Female","Black",75,13
2012,5,"Female","Black",80,32
2012,5,"Male","Black",0,1
2012,5,"Male","Black",15,3
2012,5,"Male","Black",20,10
2012,5,"Male","Black",25,13
2012,5,"Male","Black",30,6
2012,5,"Male","Black",35,6
2012,5,"Male","Black",40,7
2012,5,"Male","Black",45,8
2012,5,"Male","Black",50,9
2012,5,"Male","Black",55,11
2012,5,"Male","Black",60,17
2012,5,"Male","Black",65,12
2012,5,"Male","Black",70,12
2012,5,"Male","Black",75,20
2012,5,"Male","Black",80,28
2012,5,"Female","Brown",0,39
2012,5,"Female","Brown",5,9
2012,5,"Female","Brown",10,10
2012,5,"Female","Brown",15,10
2012,5,"Female","Brown",20,9
2012,5,"Female","Brown",25,16
2012,5,"Female","Brown",30,19
2012,5,"Female","Brown",35,24
2012,5,"Female","Brown",40,23
2012,5,"Female","Brown",45,23
2012,5,"Female","Brown",50,24
2012,5,"Female","Brown",55,38
2012,5,"Female","Brown",60,51
2012,5,"Female","Brown",65,56
2012,5,"Female","Brown",70,57
2012,5,"Female","Brown",75,58
2012,5,"Female","Brown",80,162
2012,5,"Male","Brown",0,69
2012,5,"Male","Brown",5,10
2012,5,"Male","Brown",10,4
2012,5,"Male","Brown",15,42
2012,5,"Male","Brown",20,38
2012,5,"Male","Brown",25,50
2012,5,"Male","Brown",30,39
2012,5,"Male","Brown",35,45
2012,5,"Male","Brown",40,49
2012,5,"Male","Brown",45,41
2012,5,"Male","Brown",50,59
2012,5,"Male","Brown",55,81
2012,5,"Male","Brown",60,71
2012,5,"Male","Brown",65,72
2012,5,"Male","Brown",70,81
2012,5,"Male","Brown",75,77
2012,5,"Male","Brown",80,160
2012,5,"Female","Indigenous",0,3
2012,5,"Female","Indigenous",10,1
2012,5,"Female","Indigenous",40,1
2012,5,"Female","Indigenous",65,1
2012,5,"Female","Indigenous",70,1
2012,5,"Female","Indigenous",75,1
2012,5,"Female","Indigenous",80,1
2012,5,"Male","Indigenous",0,3
2012,5,"Male","Indigenous",15,1
2012,5,"Male","Indigenous",75,1
2012,5,"Male","Indigenous",80,3
2012,5,"Female","White",0,18
2012,5,"Female","White",5,1
2012,5,"Female","White",15,1
2012,5,"Female","White",20,4
2012,5,"Female","White",25,6
2012,5,"Female","White",30,2
2012,5,"Female","White",35,4
2012,5,"Female","White",40,5
2012,5,"Female","White",45,1
2012,5,"Female","White",50,4
2012,5,"Female","White",55,14
2012,5,"Female","White",60,13
2012,5,"Female","White",65,26
2012,5,"Female","White",70,31
2012,5,"Female","White",75,25
2012,5,"Female","White",80,76
2012,5,"Male","White",0,15
2012,5,"Male","White",5,1
2012,5,"Male","White",10,3
2012,5,"Male","White",15,3
2012,5,"Male","White",20,5
2012,5,"Male","White",25,9
2012,5,"Male","White",30,10
2012,5,"Male","White",35,8
2012,5,"Male","White",40,6
2012,5,"Male","White",45,7
2012,5,"Male","White",50,12
2012,5,"Male","White",55,13
2012,5,"Male","White",60,13
2012,5,"Male","White",65,16
2012,5,"Male","White",70,23
2012,5,"Male","White",75,30
2012,5,"Male","White",80,77
2012,6,"Female","Asian",55,1
2012,6,"Female","Asian",75,1
2012,6,"Female","Asian",80,1
2012,6,"Male","Asian",25,1
2012,6,"Male","Asian",65,2
2012,6,"Male","Asian",70,1
2012,6,"Male","Asian",80,1
2012,6,"Female","Black",10,2
2012,6,"Female","Black",15,2
2012,6,"Female","Black",20,1
2012,6,"Female","Black",30,4
2012,6,"Female","Black",35,1
2012,6,"Female","Black",40,4
2012,6,"Female","Black",45,1
2012,6,"Female","Black",50,8
2012,6,"Female","Black",55,8
2012,6,"Female","Black",60,9
2012,6,"Female","Black",65,8
2012,6,"Female","Black",70,3
2012,6,"Female","Black",75,5
2012,6,"Female","Black",80,29
2012,6,"Male","Black",0,3
2012,6,"Male","Black",10,1
2012,6,"Male","Black",15,2
2012,6,"Male","Black",20,4
2012,6,"Male","Black",25,8
2012,6,"Male","Black",30,8
2012,6,"Male","Black",35,11
2012,6,"Male","Black",40,1
2012,6,"Male","Black",45,6
2012,6,"Male","Black",50,13
2012,6,"Male","Black",55,13
2012,6,"Male","Black",60,13
2012,6,"Male","Black",65,14
2012,6,"Male","Black",70,11
2012,6,"Male","Black",75,14
2012,6,"Male","Black",80,29
2012,6,"Female","Brown",0,59
2012,6,"Female","Brown",10,3
2012,6,"Female","Brown",15,11
2012,6,"Female","Brown",20,9
2012,6,"Female","Brown",25,14
2012,6,"Female","Brown",30,15
2012,6,"Female","Brown",35,18
2012,6,"Female","Brown",40,20
2012,6,"Female","Brown",45,23
2012,6,"Female","Brown",50,26
2012,6,"Female","Brown",55,29
2012,6,"Female","Brown",60,37
2012,6,"Female","Brown",65,45
2012,6,"Female","Brown",70,70
2012,6,"Female","Brown",75,74
2012,6,"Female","Brown",80,140
2012,6,"Male","Brown",0,70
2012,6,"Male","Brown",5,7
2012,6,"Male","Brown",10,9
2012,6,"Male","Brown",15,32
2012,6,"Male","Brown",20,34
2012,6,"Male","Brown",25,46
2012,6,"Male","Brown",30,46
2012,6,"Male","Brown",35,44
2012,6,"Male","Brown",40,48
2012,6,"Male","Brown",45,48
2012,6,"Male","Brown",50,45
2012,6,"Male","Brown",55,59
2012,6,"Male","Brown",60,67
2012,6,"Male","Brown",65,63
2012,6,"Male","Brown",70,102
2012,6,"Male","Brown",75,86
2012,6,"Male","Brown",80,160
2012,6,"Female","Indigenous",0,4
2012,6,"Female","Indigenous",20,1
2012,6,"Female","Indigenous",70,1
2012,6,"Female","Indigenous",80,2
2012,6,"Male","Indigenous",0,1
2012,6,"Male","Indigenous",75,1
2012,6,"Female","White",0,18
2012,6,"Female","White",5,1
2012,6,"Female","White",10,1
2012,6,"Female","White",15,5
2012,6,"Female","White",20,2
2012,6,"Female","White",25,3
2012,6,"Female","White",30,8
2012,6,"Female","White",35,7
2012,6,"Female","White",40,7
2012,6,"Female","White",45,8
2012,6,"Female","White",50,9
2012,6,"Female","White",55,5
2012,6,"Female","White",60,12
2012,6,"Female","White",65,18
2012,6,"Female","White",70,17
2012,6,"Female","White",75,22
2012,6,"Female","White",80,75
2012,6,"Male","White",0,14
2012,6,"Male","White",5,1
2012,6,"Male","White",15,3
2012,6,"Male","White",20,3
2012,6,"Male","White",25,7
2012,6,"Male","White",30,9
2012,6,"Male","White",35,9
2012,6,"Male","White",40,3
2012,6,"Male","White",45,9
2012,6,"Male","White",50,5
2012,6,"Male","White",55,14
2012,6,"Male","White",60,18
2012,6,"Male","White",65,16
2012,6,"Male","White",70,25
2012,6,"Male","White",75,20
2012,6,"Male","White",80,58
2012,7,"Female","Asian",0,1
2012,7,"Female","Asian",20,1
2012,7,"Female","Asian",75,1
2012,7,"Female","Asian",80,1
2012,7,"Male","Asian",25,1
2012,7,"Male","Asian",45,1
2012,7,"Male","Asian",70,1
2012,7,"Male","Asian",75,1
2012,7,"Female","Black",0,1
2012,7,"Female","Black",15,2
2012,7,"Female","Black",20,2
2012,7,"Female","Black",25,1
2012,7,"Female","Black",35,1
2012,7,"Female","Black",40,5
2012,7,"Female","Black",45,8
2012,7,"Female","Black",50,6
2012,7,"Female","Black",55,5
2012,7,"Female","Black",60,6
2012,7,"Female","Black",65,5
2012,7,"Female","Black",70,14
2012,7,"Female","Black",75,12
2012,7,"Female","Black",80,28
2012,7,"Male","Black",0,4
2012,7,"Male","Black",10,2
2012,7,"Male","Black",15,5
2012,7,"Male","Black",20,7
2012,7,"Male","Black",25,6
2012,7,"Male","Black",30,8
2012,7,"Male","Black",35,8
2012,7,"Male","Black",40,5
2012,7,"Male","Black",45,8
2012,7,"Male","Black",50,10
2012,7,"Male","Black",55,10
2012,7,"Male","Black",60,17
2012,7,"Male","Black",65,11
2012,7,"Male","Black",70,10
2012,7,"Male","Black",75,15
2012,7,"Male","Black",80,33
2012,7,"Female","Brown",0,49
2012,7,"Female","Brown",5,3
2012,7,"Female","Brown",10,8
2012,7,"Female","Brown",15,12
2012,7,"Female","Brown",20,15
2012,7,"Female","Brown",25,17
2012,7,"Female","Brown",30,14
2012,7,"Female","Brown",35,19
2012,7,"Female","Brown",40,21
2012,7,"Female","Brown",45,19
2012,7,"Female","Brown",50,39
2012,7,"Female","Brown",55,43
2012,7,"Female","Brown",60,46
2012,7,"Female","Brown",65,62
2012,7,"Female","Brown",70,59
2012,7,"Female","Brown",75,58
2012,7,"Female","Brown",80,136
2012,7,"Male","Brown",0,74
2012,7,"Male","Brown",5,10
2012,7,"Male","Brown",10,7
2012,7,"Male","Brown",15,31
2012,7,"Male","Brown",20,58
2012,7,"Male","Brown",25,51
2012,7,"Male","Brown",30,42
2012,7,"Male","Brown",35,38
2012,7,"Male","Brown",40,42
2012,7,"Male","Brown",45,51
2012,7,"Male","Brown",50,40
2012,7,"Male","Brown",55,43
2012,7,"Male","Brown",60,70
2012,7,"Male","Brown",65,85
2012,7,"Male","Brown",70,95
2012,7,"Male","Brown",75,95
2012,7,"Male","Brown",80,171
2012,7,"Female","Indigenous",0,1
2012,7,"Female","Indigenous",5,1
2012,7,"Female","Indigenous",80,1
2012,7,"Male","Indigenous",50,1
2012,7,"Male","Indigenous",75,1
2012,7,"Female","White",0,10
2012,7,"Female","White",10,2
2012,7,"Female","White",15,2
2012,7,"Female","White",20,3
2012,7,"Female","White",25,4
2012,7,"Female","White",30,9
2012,7,"Female","White",35,4
2012,7,"Female","White",40,7
2012,7,"Female","White",45,3
2012,7,"Female","White",50,8
2012,7,"Female","White",55,8
2012,7,"Female","White",60,17
2012,7,"Female","White",65,14
2012,7,"Female","White",70,16
2012,7,"Female","White",75,21
2012,7,"Female","White",80,90
2012,7,"Male","White",0,13
2012,7,"Male","White",5,3
2012,7,"Male","White",10,2
2012,7,"Male","White",15,6
2012,7,"Male","White",20,10
2012,7,"Male","White",25,10
2012,7,"Male","White",30,7
2012,7,"Male","White",35,15
2012,7,"Male","White",40,7
2012,7,"Male","White",45,11
2012,7,"Male","White",50,12
2012,7,"Male","White",55,14
2012,7,"Male","White",60,15
2012,7,"Male","White",65,16
2012,7,"Male","White",70,24
2012,7,"Male","White",75,34
2012,7,"Male","White",80,62
2012,8,"Female","Asian",0,1
2012,8,"Male","Asian",15,1
2012,8,"Male","Asian",75,1
2012,8,"Female","Black",0,3
2012,8,"Female","Black",15,2
2012,8,"Female","Black",20,4
2012,8,"Female","Black",30,7
2012,8,"Female","Black",35,2
2012,8,"Female","Black",40,6
2012,8,"Female","Black",45,3
2012,8,"Female","Black",50,9
2012,8,"Female","Black",55,7
2012,8,"Female","Black",60,8
2012,8,"Female","Black",65,7
2012,8,"Female","Black",70,15
2012,8,"Female","Black",75,9
2012,8,"Female","Black",80,26
2012,8,"Male","Black",0,4
2012,8,"Male","Black",10,1
2012,8,"Male","Black",15,6
2012,8,"Male","Black",20,9
2012,8,"Male","Black",25,14
2012,8,"Male","Black",30,5
2012,8,"Male","Black",35,11
2012,8,"Male","Black",40,4
2012,8,"Male","Black",45,6
2012,8,"Male","Black",50,9
2012,8,"Male","Black",55,13
2012,8,"Male","Black",60,11
2012,8,"Male","Black",65,18
2012,8,"Male","Black",70,24
2012,8,"Male","Black",75,20
2012,8,"Male","Black",80,25
2012,8,"Female","Brown",0,36
2012,8,"Female","Brown",5,5
2012,8,"Female","Brown",10,5
2012,8,"Female","Brown",15,10
2012,8,"Female","Brown",20,9
2012,8,"Female","Brown",25,9
2012,8,"Female","Brown",30,19
2012,8,"Female","Brown",35,16
2012,8,"Female","Brown",40,19
2012,8,"Female","Brown",45,16
2012,8,"Female","Brown",50,37
2012,8,"Female","Brown",55,26
2012,8,"Female","Brown",60,46
2012,8,"Female","Brown",65,47
2012,8,"Female","Brown",70,59
2012,8,"Female","Brown",75,64
2012,8,"Female","Brown",80,145
2012,8,"Male","Brown",0,63
2012,8,"Male","Brown",5,3
2012,8,"Male","Brown",10,9
2012,8,"Male","Brown",15,36
2012,8,"Male","Brown",20,51
2012,8,"Male","Brown",25,54
2012,8,"Male","Brown",30,44
2012,8,"Male","Brown",35,47
2012,8,"Male","Brown",40,39
2012,8,"Male","Brown",45,52
2012,8,"Male","Brown",50,49
2012,8,"Male","Brown",55,46
2012,8,"Male","Brown",60,70
2012,8,"Male","Brown",65,78
2012,8,"Male","Brown",70,103
2012,8,"Male","Brown",75,77
2012,8,"Male","Brown",80,168
2012,8,"Female","Indigenous",0,3
2012,8,"Female","Indigenous",15,1
2012,8,"Female","Indigenous",45,1
2012,8,"Female","Indigenous",80,1
2012,8,"Male","Indigenous",40,1
2012,8,"Male","Indigenous",45,1
2012,8,"Male","Indigenous",70,1
2012,8,"Male","Indigenous",80,2
2012,8,"Female","White",0,12
2012,8,"Female","White",10,3
2012,8,"Female","White",15,2
2012,8,"Female","White",20,3
2012,8,"Female","White",25,2
2012,8,"Female","White",30,7
2012,8,"Female","White",35,4
2012,8,"Female","White",40,4
2012,8,"Female","White",45,7
2012,8,"Female","White",50,6
2012,8,"Female","White",55,7
2012,8,"Female","White",60,19
2012,8,"Female","White",65,19
2012,8,"Female","White",70,17
2012,8,"Female","White",75,38
2012,8,"Female","White",80,84
2012,8,"Male","White",0,12
2012,8,"Male","White",5,1
2012,8,"Male","White",10,2
2012,8,"Male","White",15,5
2012,8,"Male","White",20,9
2012,8,"Male","White",25,6
2012,8,"Male","White",30,13
2012,8,"Male","White",35,7
2012,8,"Male","White",40,8
2012,8,"Male","White",45,7
2012,8,"Male","White",50,14
2012,8,"Male","White",55,21
2012,8,"Male","White",60,17
2012,8,"Male","White",65,18
2012,8,"Male","White",70,28
2012,8,"Male","White",75,28
2012,8,"Male","White",80,59
2012,9,"Female","Asian",55,1
2012,9,"Female","Asian",80,3
2012,9,"Male","Asian",30,1
2012,9,"Female","Black",0,2
2012,9,"Female","Black",15,3
2012,9,"Female","Black",20,1
2012,9,"Female","Black",25,1
2012,9,"Female","Black",30,2
2012,9,"Female","Black",35,2
2012,9,"Female","Black",40,2
2012,9,"Female","Black",45,7
2012,9,"Female","Black",50,7
2012,9,"Female","Black",55,11
2012,9,"Female","Black",60,8
2012,9,"Female","Black",65,9
2012,9,"Female","Black",70,8
2012,9,"Female","Black",75,16
2012,9,"Female","Black",80,34
2012,9,"Male","Black",10,1
2012,9,"Male","Black",15,4
2012,9,"Male","Black",20,4
2012,9,"Male","Black",25,7
2012,9,"Male","Black",30,11
2012,9,"Male","Black",35,5
2012,9,"Male","Black",40,12
2012,9,"Male","Black",45,9
2012,9,"Male","Black",50,5
2012,9,"Male","Black",55,15
2012,9,"Male","Black",60,16
2012,9,"Male","Black",65,9
2012,9,"Male","Black",70,14
2012,9,"Male","Black",75,14
2012,9,"Male","Black",80,25
2012,9,"Female","Brown",0,42
2012,9,"Female","Brown",5,3
2012,9,"Female","Brown",10,1
2012,9,"Female","Brown",15,10
2012,9,"Female","Brown",20,13
2012,9,"Female","Brown",25,14
2012,9,"Female","Brown",30,23
2012,9,"Female","Brown",35,14
2012,9,"Female","Brown",40,17
2012,9,"Female","Brown",45,25
2012,9,"Female","Brown",50,31
2012,9,"Female","Brown",55,44
2012,9,"Female","Brown",60,41
2012,9,"Female","Brown",65,46
2012,9,"Female","Brown",70,50
2012,9,"Female","Brown",75,78
2012,9,"Female","Brown",80,136
2012,9,"Male","Brown",0,60
2012,9,"Male","Brown",5,11
2012,9,"Male","Brown",10,7
2012,9,"Male","Brown",15,39
2012,9,"Male","Brown",20,81
2012,9,"Male","Brown",25,52
2012,9,"Male","Brown",30,55
2012,9,"Male","Brown",35,39
2012,9,"Male","Brown",40,35
2012,9,"Male","Brown",45,56
2012,9,"Male","Brown",50,51
2012,9,"Male","Brown",55,44
2012,9,"Male","Brown",60,60
2012,9,"Male","Brown",65,61
2012,9,"Male","Brown",70,85
2012,9,"Male","Brown",75,68
2012,9,"Male","Brown",80,155
2012,9,"Female","Indigenous",0,3
2012,9,"Female","Indigenous",5,1
2012,9,"Female","Indigenous",75,1
2012,9,"Female","Indigenous",80,1
2012,9,"Male","Indigenous",0,5
2012,9,"Male","Indigenous",15,1
2012,9,"Male","Indigenous",20,2
2012,9,"Male","Indigenous",25,2
2012,9,"Male","Indigenous",35,1
2012,9,"Male","Indigenous",40,1
2012,9,"Male","Indigenous",60,1
2012,9,"Male","Indigenous",70,2
2012,9,"Male","Indigenous",80,1
2012,9,"Female","White",0,10
2012,9,"Female","White",5,2
2012,9,"Female","White",10,2
2012,9,"Female","White",15,3
2012,9,"Female","White",20,3
2012,9,"Female","White",25,2
2012,9,"Female","White",30,8
2012,9,"Female","White",35,6
2012,9,"Female","White",40,4
2012,9,"Female","White",45,8
2012,9,"Female","White",50,7
2012,9,"Female","White",55,10
2012,9,"Female","White",60,13
2012,9,"Female","White",65,21
2012,9,"Female","White",70,25
2012,9,"Female","White",75,26
2012,9,"Female","White",80,87
2012,9,"Male","White",0,22
2012,9,"Male","White",5,3
2012,9,"Male","White",10,1
2012,9,"Male","White",15,6
2012,9,"Male","White",20,5
2012,9,"Male","White",25,15
2012,9,"Male","White",30,7
2012,9,"Male","White",35,15
2012,9,"Male","White",40,4
2012,9,"Male","White",45,16
2012,9,"Male","White",50,14
2012,9,"Male","White",55,12
2012,9,"Male","White",60,27
2012,9,"Male","White",65,17
2012,9,"Male","White",70,24
2012,9,"Male","White",75,32
2012,9,"Male","White",80,65
2012,10,"Female","Asian",75,1
2012,10,"Female","Asian",80,1
2012,10,"Male","Asian",30,2
2012,10,"Male","Asian",65,1
2012,10,"Male","Asian",80,3
2012,10,"Female","Black",10,2
2012,10,"Female","Black",15,3
2012,10,"Female","Black",20,1
2012,10,"Female","Black",25,2
2012,10,"Female","Black",30,1
2012,10,"Female","Black",35,1
2012,10,"Female","Black",40,1
2012,10,"Female","Black",45,6
2012,10,"Female","Black",50,5
2012,10,"Female","Black",55,8
2012,10,"Female","Black",60,9
2012,10,"Female","Black",65,7
2012,10,"Female","Black",70,9
2012,10,"Female","Black",75,12
2012,10,"Female","Black",80,37
2012,10,"Male","Black",0,1
2012,10,"Male","Black",10,1
2012,10,"Male","Black",15,6
2012,10,"Male","Black",20,9
2012,10,"Male","Black",25,9
2012,10,"Male","Black",30,14
2012,10,"Male","Black",35,9
2012,10,"Male","Black",40,7
2012,10,"Male","Black",45,6
2012,10,"Male","Black",50,11
2012,10,"Male","Black",55,11
2012,10,"Male","Black",60,17
2012,10,"Male","Black",65,14
2012,10,"Male","Black",70,15
2012,10,"Male","Black",75,15
2012,10,"Male","Black",80,23
2012,10,"Female","Brown",0,50
2012,10,"Female","Brown",5,2
2012,10,"Female","Brown",10,6
2012,10,"Female","Brown",15,8
2012,10,"Female","Brown",20,18
2012,10,"Female","Brown",25,15
2012,10,"Female","Brown",30,17
2012,10,"Female","Brown",35,14
2012,10,"Female","Brown",40,20
2012,10,"Female","Brown",45,16
2012,10,"Female","Brown",50,31
2012,10,"Female","Brown",55,37
2012,10,"Female","Brown",60,47
2012,10,"Female","Brown",65,54
2012,10,"Female","Brown",70,58
2012,10,"Female","Brown",75,59
2012,10,"Female","Brown",80,145
2012,10,"Male","Brown",0,66
2012,10,"Male","Brown",5,9
2012,10,"Male","Brown",10,12
2012,10,"Male","Brown",15,25
2012,10,"Male","Brown",20,61
2012,10,"Male","Brown",25,58
2012,10,"Male","Brown",30,69
2012,10,"Male","Brown",35,62
2012,10,"Male","Brown",40,37
2012,10,"Male","Brown",45,41
2012,10,"Male","Brown",50,60
2012,10,"Male","Brown",55,54
2012,10,"Male","Brown",60,71
2012,10,"Male","Brown",65,66
2012,10,"Male","Brown",70,83
2012,10,"Male","Brown",75,83
2012,10,"Male","Brown",80,164
2012,10,"Female","Indigenous",0,2
2012,10,"Female","Indigenous",15,1
2012,10,"Female","Indigenous",20,1
2012,10,"Female","Indigenous",70,2
2012,10,"Female","Indigenous",75,1
2012,10,"Female","Indigenous",80,2
2012,10,"Male","Indigenous",0,2
2012,10,"Male","Indigenous",15,1
2012,10,"Male","Indigenous",45,1
2012,10,"Male","Indigenous",55,1
2012,10,"Male","Indigenous",75,1
2012,10,"Male","Indigenous",80,4
2012,10,"Female","White",0,10
2012,10,"Female","White",15,3
2012,10,"Female","White",20,1
2012,10,"Female","White",25,1
2012,10,"Female","White",30,4
2012,10,"Female","White",35,3
2012,10,"Female","White",40,5
2012,10,"Female","White",45,8
2012,10,"Female","White",50,5
2012,10,"Female","White",55,14
2012,10,"Female","White",60,14
2012,10,"Female","White",65,20
2012,10,"Female","White",70,21
2012,10,"Female","White",75,27
2012,10,"Female","White",80,95
2012,10,"Male","White",0,8
2012,10,"Male","White",5,1
2012,10,"Male","White",10,2
2012,10,"Male","White",15,4
2012,10,"Male","White",20,14
2012,10,"Male","White",25,5
2012,10,"Male","White",30,10
2012,10,"Male","White",35,12
2012,10,"Male","White",40,10
2012,10,"Male","White",45,8
2012,10,"Male","White",50,15
2012,10,"Male","White",55,16
2012,10,"Male","White",60,13
2012,10,"Male","White",65,9
2012,10,"Male","White",70,22
2012,10,"Male","White",75,25
2012,10,"Male","White",80,58
2012,11,"Female","Asian",0,1
2012,11,"Female","Asian",80,1
2012,11,"Male","Asian",75,1
2012,11,"Male","Asian",80,1
2012,11,"Female","Black",0,1
2012,11,"Female","Black",20,3
2012,11,"Female","Black",25,2
2012,11,"Female","Black",30,2
2012,11,"Female","Black",35,1
2012,11,"Female","Black",40,6
2012,11,"Female","Black",45,4
2012,11,"Female","Black",50,2
2012,11,"Female","Black",55,6
2012,11,"Female","Black",60,8
2012,11,"Female","Black",65,4
2012,11,"Female","Black",70,8
2012,11,"Female","Black",75,12
2012,11,"Female","Black",80,21
2012,11,"Male","Black",0,2
2012,11,"Male","Black",10,1
2012,11,"Male","Black",15,5
2012,11,"Male","Black",20,12
2012,11,"Male","Black",25,17
2012,11,"Male","Black",30,6
2012,11,"Male","Black",35,4
2012,11,"Male","Black",40,7
2012,11,"Male","Black",45,9
2012,11,"Male","Black",50,7
2012,11,"Male","Black",55,10
2012,11,"Male","Black",60,12
2012,11,"Male","Black",65,11
2012,11,"Male","Black",70,16
2012,11,"Male","Black",75,11
2012,11,"Male","Black",80,25
2012,11,"Female","Brown",0,42
2012,11,"Female","Brown",5,2
2012,11,"Female","Brown",10,4
2012,11,"Female","Brown",15,3
2012,11,"Female","Brown",20,5
2012,11,"Female","Brown",25,10
2012,11,"Female","Brown",30,20
2012,11,"Female","Brown",35,19
2012,11,"Female","Brown",40,17
2012,11,"Female","Brown",45,29
2012,11,"Female","Brown",50,30
2012,11,"Female","Brown",55,42
2012,11,"Female","Brown",60,43
2012,11,"Female","Brown",65,35
2012,11,"Female","Brown",70,55
2012,11,"Female","Brown",75,35
2012,11,"Female","Brown",80,120
2012,11,"Male","Brown",0,56
2012,11,"Male","Brown",5,7
2012,11,"Male","Brown",10,9
2012,11,"Male","Brown",15,33
2012,11,"Male","Brown",20,49
2012,11,"Male","Brown",25,53
2012,11,"Male","Brown",30,43
2012,11,"Male","Brown",35,46
2012,11,"Male","Brown",40,31
2012,11,"Male","Brown",45,42
2012,11,"Male","Brown",50,48
2012,11,"Male","Brown",55,55
2012,11,"Male","Brown",60,58
2012,11,"Male","Brown",65,52
2012,11,"Male","Brown",70,81
2012,11,"Male","Brown",75,84
2012,11,"Male","Brown",80,153
2012,11,"Female","Indigenous",5,1
2012,11,"Female","Indigenous",25,1
2012,11,"Female","Indigenous",30,1
2012,11,"Female","Indigenous",70,1
2012,11,"Female","Indigenous",80,1
2012,11,"Male","Indigenous",0,1
2012,11,"Male","Indigenous",25,1
2012,11,"Male","Indigenous",35,1
2012,11,"Male","Indigenous",55,1
2012,11,"Male","Indigenous",80,1
2012,11,"Female","White",0,8
2012,11,"Female","White",5,1
2012,11,"Female","White",10,5
2012,11,"Female","White",15,4
2012,11,"Female","White",20,1
2012,11,"Female","White",25,4
2012,11,"Female","White",30,4
2012,11,"Female","White",35,5
2012,11,"Female","White",40,4
2012,11,"Female","White",45,6
2012,11,"Female","White",50,5
2012,11,"Female","White",55,12
2012,11,"Female","White",60,15
2012,11,"Female","White",65,22
2012,11,"Female","White",70,29
2012,11,"Female","White",75,27
2012,11,"Female","White",80,76
2012,11,"Male","White",0,17
2012,11,"Male","White",5,1
2012,11,"Male","White",10,2
2012,11,"Male","White",15,7
2012,11,"Male","White",20,6
2012,11,"Male","White",25,5
2012,11,"Male","White",30,9
2012,11,"Male","White",35,7
2012,11,"Male","White",40,11
2012,11,"Male","White",45,10
2012,11,"Male","White",50,7
2012,11,"Male","White",55,19
2012,11,"Male","White",60,22
2012,11,"Male","White",65,21
2012,11,"Male","White",70,25
2012,11,"Male","White",75,17
2012,11,"Male","White",80,64
2012,12,"Female","Asian",30,1
2012,12,"Female","Asian",40,1
2012,12,"Female","Asian",45,1
2012,12,"Female","Asian",65,1
2012,12,"Female","Asian",75,1
2012,12,"Female","Asian",80,1
2012,12,"Male","Asian",45,1
2012,12,"Male","Asian",70,1
2012,12,"Male","Asian",80,2
2012,12,"Female","Black",0,1
2012,12,"Female","Black",5,1
2012,12,"Female","Black",15,2
2012,12,"Female","Black",25,3
2012,12,"Female","Black",30,2
2012,12,"Female","Black",35,2
2012,12,"Female","Black",45,4
2012,12,"Female","Black",50,6
2012,12,"Female","Black",55,4
2012,12,"Female","Black",60,9
2012,12,"Female","Black",65,7
2012,12,"Female","Black",70,12
2012,12,"Female","Black",75,9
2012,12,"Female","Black",80,28
2012,12,"Male","Black",0,1
2012,12,"Male","Black",10,2
2012,12,"Male","Black",15,5
2012,12,"Male","Black",20,6
2012,12,"Male","Black",25,8
2012,12,"Male","Black",30,8
2012,12,"Male","Black",35,16
2012,12,"Male","Black",40,11
2012,12,"Male","Black",45,1
2012,12,"Male","Black",50,7
2012,12,"Male","Black",55,11
2012,12,"Male","Black",60,12
2012,12,"Male","Black",65,15
2012,12,"Male","Black",70,12
2012,12,"Male","Black",75,18
2012,12,"Male","Black",80,28
2012,12,"Female","Brown",0,56
2012,12,"Female","Brown",5,4
2012,12,"Female","Brown",10,3
2012,12,"Female","Brown",15,9
2012,12,"Female","Brown",20,6
2012,12,"Female","Brown",25,15
2012,12,"Female","Brown",30,13
2012,12,"Female","Brown",35,17
2012,12,"Female","Brown",40,15
2012,12,"Female","Brown",45,24
2012,12,"Female","Brown",50,29
2012,12,"Female","Brown",55,31
2012,12,"Female","Brown",60,48
2012,12,"Female","Brown",65,49
2012,12,"Female","Brown",70,47
2012,12,"Female","Brown",75,51
2012,12,"Female","Brown",80,135
2012,12,"Male","Brown",0,58
2012,12,"Male","Brown",5,13
2012,12,"Male","Brown",10,10
2012,12,"Male","Brown",15,43
2012,12,"Male","Brown",20,81
2012,12,"Male","Brown",25,58
2012,12,"Male","Brown",30,70
2012,12,"Male","Brown",35,46
2012,12,"Male","Brown",40,36
2012,12,"Male","Brown",45,48
2012,12,"Male","Brown",50,48
2012,12,"Male","Brown",55,58
2012,12,"Male","Brown",60,74
2012,12,"Male","Brown",65,77
2012,12,"Male","Brown",70,73
2012,12,"Male","Brown",75,67
2012,12,"Male","Brown",80,140
2012,12,"Female","Indigenous",0,4
2012,12,"Female","Indigenous",10,1
2012,12,"Female","Indigenous",55,1
2012,12,"Female","Indigenous",75,1
2012,12,"Male","Indigenous",0,1
2012,12,"Male","Indigenous",15,1
2012,12,"Male","Indigenous",20,1
2012,12,"Male","Indigenous",55,1
2012,12,"Male","Indigenous",80,2
2012,12,"Female","White",0,14
2012,12,"Female","White",5,1
2012,12,"Female","White",10,2
2012,12,"Female","White",15,4
2012,12,"Female","White",20,2
2012,12,"Female","White",25,5
2012,12,"Female","White",30,5
2012,12,"Female","White",35,7
2012,12,"Female","White",40,5
2012,12,"Female","White",45,4
2012,12,"Female","White",50,15
2012,12,"Female","White",55,12
2012,12,"Female","White",60,12
2012,12,"Female","White",65,12
2012,12,"Female","White",70,27
2012,12,"Female","White",75,17
2012,12,"Female","White",80,68
2012,12,"Male","White",0,16
2012,12,"Male","White",5,1
2012,12,"Male","White",10,1
2012,12,"Male","White",15,5
2012,12,"Male","White",20,12
2012,12,"Male","White",25,3
2012,12,"Male","White",30,13
2012,12,"Male","White",35,7
2012,12,"Male","White",40,13
2012,12,"Male","White",45,7
2012,12,"Male","White",50,17
2012,12,"Male","White",55,11
2012,12,"Male","White",60,18
2012,12,"Male","White",65,17
2012,12,"Male","White",70,21
2012,12,"Male","White",75,26
2012,12,"Male","White",80,63
2013,1,"Female","Asian",50,1
2013,1,"Female","Asian",65,1
2013,1,"Female","Asian",70,1
2013,1,"Female","Asian",80,3
2013,1,"Male","Asian",65,2
2013,1,"Male","Asian",70,3
2013,1,"Male","Asian",80,3
2013,1,"Female","Black",0,1
2013,1,"Female","Black",5,1
2013,1,"Female","Black",10,1
2013,1,"Female","Black",15,3
2013,1,"Female","Black",20,3
2013,1,"Female","Black",25,4
2013,1,"Female","Black",30,3
2013,1,"Female","Black",35,2
2013,1,"Female","Black",40,3
2013,1,"Female","Black",45,4
2013,1,"Female","Black",50,7
2013,1,"Female","Black",55,14
2013,1,"Female","Black",60,9
2013,1,"Female","Black",65,10
2013,1,"Female","Black",70,12
2013,1,"Female","Black",75,7
2013,1,"Female","Black",80,29
2013,1,"Male","Black",0,3
2013,1,"Male","Black",10,2
2013,1,"Male","Black",15,7
2013,1,"Male","Black",20,5
2013,1,"Male","Black",25,8
2013,1,"Male","Black",30,8
2013,1,"Male","Black",35,9
2013,1,"Male","Black",40,9
2013,1,"Male","Black",45,14
2013,1,"Male","Black",50,9
2013,1,"Male","Black",55,16
2013,1,"Male","Black",60,13
2013,1,"Male","Black",65,15
2013,1,"Male","Black",70,15
2013,1,"Male","Black",75,21
2013,1,"Male","Black",80,38
2013,1,"Female","Brown",0,49
2013,1,"Female","Brown",5,2
2013,1,"Female","Brown",10,7
2013,1,"Female","Brown",15,12
2013,1,"Female","Brown",20,7
2013,1,"Female","Brown",25,5
2013,1,"Female","Brown",30,15
2013,1,"Female","Brown",35,16
2013,1,"Female","Brown",40,22
2013,1,"Female","Brown",45,29
2013,1,"Female","Brown",50,25
2013,1,"Female","Brown",55,46
2013,1,"Female","Brown",60,55
2013,1,"Female","Brown",65,52
2013,1,"Female","Brown",70,57
2013,1,"Female","Brown",75,57
2013,1,"Female","Brown",80,151
2013,1,"Male","Brown",0,84
2013,1,"Male","Brown",5,8
2013,1,"Male","Brown",10,11
2013,1,"Male","Brown",15,35
2013,1,"Male","Brown",20,48
2013,1,"Male","Brown",25,51
2013,1,"Male","Brown",30,49
2013,1,"Male","Brown",35,53
2013,1,"Male","Brown",40,40
2013,1,"Male","Brown",45,52
2013,1,"Male","Brown",50,59
2013,1,"Male","Brown",55,65
2013,1,"Male","Brown",60,63
2013,1,"Male","Brown",65,73
2013,1,"Male","Brown",70,94
2013,1,"Male","Brown",75,58
2013,1,"Male","Brown",80,175
2013,1,"Female","Indigenous",0,3
2013,1,"Female","Indigenous",35,1
2013,1,"Female","Indigenous",55,1
2013,1,"Female","Indigenous",60,1
2013,1,"Female","Indigenous",70,1
2013,1,"Female","Indigenous",80,2
2013,1,"Male","Indigenous",0,2
2013,1,"Male","Indigenous",40,1
2013,1,"Male","Indigenous",65,1
2013,1,"Female","White",0,15
2013,1,"Female","White",5,2
2013,1,"Female","White",10,2
2013,1,"Female","White",15,2
2013,1,"Female","White",20,3
2013,1,"Female","White",25,7
2013,1,"Female","White",30,6
2013,1,"Female","White",35,3
2013,1,"Female","White",40,5
2013,1,"Female","White",45,7
2013,1,"Female","White",50,7
2013,1,"Female","White",55,14
2013,1,"Female","White",60,10
2013,1,"Female","White",65,11
2013,1,"Female","White",70,19
2013,1,"Female","White",75,23
2013,1,"Female","White",80,87
2013,1,"Male","White",0,17
2013,1,"Male","White",5,5
2013,1,"Male","White",15,3
2013,1,"Male","White",20,7
2013,1,"Male","White",25,5
2013,1,"Male","White",30,6
2013,1,"Male","White",35,7
2013,1,"Male","White",40,15
2013,1,"Male","White",45,8
2013,1,"Male","White",50,12
2013,1,"Male","White",55,14
2013,1,"Male","White",60,27
2013,1,"Male","White",65,22
2013,1,"Male","White",70,24
2013,1,"Male","White",75,32
2013,1,"Male","White",80,60
2013,2,"Female","Asian",50,1
2013,2,"Female","Asian",60,1
2013,2,"Female","Asian",75,2
2013,2,"Female","Asian",80,2
2013,2,"Male","Asian",5,1
2013,2,"Male","Asian",20,1
2013,2,"Male","Asian",65,1
2013,2,"Female","Black",0,2
2013,2,"Female","Black",15,2
2013,2,"Female","Black",20,3
2013,2,"Female","Black",25,3
2013,2,"Female","Black",30,3
2013,2,"Female","Black",35,3
2013,2,"Female","Black",40,3
2013,2,"Female","Black",45,5
2013,2,"Female","Black",50,4
2013,2,"Female","Black",55,8
2013,2,"Female","Black",60,12
2013,2,"Female","Black",65,17
2013,2,"Female","Black",70,10
2013,2,"Female","Black",75,9
2013,2,"Female","Black",80,26
2013,2,"Male","Black",0,3
2013,2,"Male","Black",10,4
2013,2,"Male","Black",15,1
2013,2,"Male","Black",20,4
2013,2,"Male","Black",25,10
2013,2,"Male","Black",30,14
2013,2,"Male","Black",35,12
2013,2,"Male","Black",40,11
2013,2,"Male","Black",45,11
2013,2,"Male","Black",50,7
2013,2,"Male","Black",55,8
2013,2,"Male","Black",60,20
2013,2,"Male","Black",65,22
2013,2,"Male","Black",70,16
2013,2,"Male","Black",75,25
2013,2,"Male","Black",80,38
2013,2,"Female","Brown",0,49
2013,2,"Female","Brown",5,6
2013,2,"Female","Brown",10,5
2013,2,"Female","Brown",15,14
2013,2,"Female","Brown",20,5
2013,2,"Female","Brown",25,4
2013,2,"Female","Brown",30,13
2013,2,"Female","Brown",35,16
2013,2,"Female","Brown",40,18
2013,2,"Female","Brown",45,29
2013,2,"Female","Brown",50,23
2013,2,"Female","Brown",55,35
2013,2,"Female","Brown",60,48
2013,2,"Female","Brown",65,51
2013,2,"Female","Brown",70,54
2013,2,"Female","Brown",75,56
2013,2,"Female","Brown",80,148
2013,2,"Male","Brown",0,60
2013,2,"Male","Brown",5,5
2013,2,"Male","Brown",10,8
2013,2,"Male","Brown",15,33
2013,2,"Male","Brown",20,45
2013,2,"Male","Brown",25,58
2013,2,"Male","Brown",30,38
2013,2,"Male","Brown",35,41
2013,2,"Male","Brown",40,42
2013,2,"Male","Brown",45,37
2013,2,"Male","Brown",50,49
2013,2,"Male","Brown",55,54
2013,2,"Male","Brown",60,62
2013,2,"Male","Brown",65,60
2013,2,"Male","Brown",70,68
2013,2,"Male","Brown",75,57
2013,2,"Male","Brown",80,171
2013,2,"Female","Indigenous",0,3
2013,2,"Female","Indigenous",5,1
2013,2,"Male","Indigenous",0,1
2013,2,"Male","Indigenous",25,1
2013,2,"Male","Indigenous",30,1
2013,2,"Male","Indigenous",55,1
2013,2,"Male","Indigenous",80,2
2013,2,"Female","White",0,12
2013,2,"Female","White",15,3
2013,2,"Female","White",20,2
2013,2,"Female","White",25,5
2013,2,"Female","White",30,4
2013,2,"Female","White",35,7
2013,2,"Female","White",40,6
2013,2,"Female","White",45,8
2013,2,"Female","White",50,3
2013,2,"Female","White",55,4
2013,2,"Female","White",60,14
2013,2,"Female","White",65,18
2013,2,"Female","White",70,18
2013,2,"Female","White",75,20
2013,2,"Female","White",80,82
2013,2,"Male","White",0,14
2013,2,"Male","White",5,2
2013,2,"Male","White",10,3
2013,2,"Male","White",15,3
2013,2,"Male","White",20,8
2013,2,"Male","White",25,8
2013,2,"Male","White",30,4
2013,2,"Male","White",35,10
2013,2,"Male","White",40,7
2013,2,"Male","White",45,8
2013,2,"Male","White",50,11
2013,2,"Male","White",55,11
2013,2,"Male","White",60,22
2013,2,"Male","White",65,19
2013,2,"Male","White",70,23
2013,2,"Male","White",75,31
2013,2,"Male","White",80,75
2013,3,"Female","Asian",0,1
2013,3,"Female","Asian",20,1
2013,3,"Female","Asian",50,1
2013,3,"Female","Asian",65,2
2013,3,"Female","Asian",70,2
2013,3,"Female","Asian",75,2
2013,3,"Female","Asian",80,1
2013,3,"Male","Asian",40,1
2013,3,"Male","Asian",80,2
2013,3,"Female","Black",0,1
2013,3,"Female","Black",10,3
2013,3,"Female","Black",15,2
2013,3,"Female","Black",20,3
2013,3,"Female","Black",25,2
2013,3,"Female","Black",30,3
2013,3,"Female","Black",35,6
2013,3,"Female","Black",45,13
2013,3,"Female","Black",50,8
2013,3,"Female","Black",55,5
2013,3,"Female","Black",60,7
2013,3,"Female","Black",65,9
2013,3,"Female","Black",70,9
2013,3,"Female","Black",75,14
2013,3,"Female","Black",80,36
2013,3,"Male","Black",0,2
2013,3,"Male","Black",5,1
2013,3,"Male","Black",10,1
2013,3,"Male","Black",15,3
2013,3,"Male","Black",20,16
2013,3,"Male","Black",25,12
2013,3,"Male","Black",30,12
2013,3,"Male","Black",35,10
2013,3,"Male","Black",40,6
2013,3,"Male","Black",45,6
2013,3,"Male","Black",50,10
2013,3,"Male","Black",55,16
2013,3,"Male","Black",60,25
2013,3,"Male","Black",65,22
2013,3,"Male","Black",70,25
2013,3,"Male","Black",75,17
2013,3,"Male","Black",80,40
2013,3,"Female","Brown",0,52
2013,3,"Female","Brown",5,4
2013,3,"Female","Brown",10,8
2013,3,"Female","Brown",15,12
2013,3,"Female","Brown",20,15
2013,3,"Female","Brown",25,15
2013,3,"Female","Brown",30,17
2013,3,"Female","Brown",35,17
2013,3,"Female","Brown",40,16
2013,3,"Female","Brown",45,28
2013,3,"Female","Brown",50,29
2013,3,"Female","Brown",55,33
2013,3,"Female","Brown",60,51
2013,3,"Female","Brown",65,56
2013,3,"Female","Brown",70,75
2013,3,"Female","Brown",75,56
2013,3,"Female","Brown",80,166
2013,3,"Male","Brown",0,77
2013,3,"Male","Brown",5,3
2013,3,"Male","Brown",10,14
2013,3,"Male","Brown",15,33
2013,3,"Male","Brown",20,48
2013,3,"Male","Brown",25,45
2013,3,"Male","Brown",30,63
2013,3,"Male","Brown",35,49
2013,3,"Male","Brown",40,35
2013,3,"Male","Brown",45,49
2013,3,"Male","Brown",50,49
2013,3,"Male","Brown",55,58
2013,3,"Male","Brown",60,66
2013,3,"Male","Brown",65,80
2013,3,"Male","Brown",70,107
2013,3,"Male","Brown",75,93
2013,3,"Male","Brown",80,188
2013,3,"Female","Indigenous",0,3
2013,3,"Female","Indigenous",5,1
2013,3,"Female","Indigenous",30,1
2013,3,"Female","Indigenous",80,3
2013,3,"Male","Indigenous",0,5
2013,3,"Male","Indigenous",35,3
2013,3,"Male","Indigenous",75,1
2013,3,"Female","White",0,18
2013,3,"Female","White",5,2
2013,3,"Female","White",10,1
2013,3,"Female","White",15,6
2013,3,"Female","White",20,6
2013,3,"Female","White",25,6
2013,3,"Female","White",30,7
2013,3,"Female","White",35,4
2013,3,"Female","White",40,6
2013,3,"Female","White",45,10
2013,3,"Female","White",50,12
2013,3,"Female","White",55,13
2013,3,"Female","White",60,15
2013,3,"Female","White",65,18
2013,3,"Female","White",70,33
2013,3,"Female","White",75,27
2013,3,"Female","White",80,90
2013,3,"Male","White",0,17
2013,3,"Male","White",5,2
2013,3,"Male","White",10,5
2013,3,"Male","White",15,5
2013,3,"Male","White",20,9
2013,3,"Male","White",25,8
2013,3,"Male","White",30,17
2013,3,"Male","White",35,9
2013,3,"Male","White",40,10
2013,3,"Male","White",45,9
2013,3,"Male","White",50,14
2013,3,"Male","White",55,12
2013,3,"Male","White",60,11
2013,3,"Male","White",65,15
2013,3,"Male","White",70,35
2013,3,"Male","White",75,30
2013,3,"Male","White",80,74
2013,4,"Female","Asian",35,1
2013,4,"Female","Asian",65,1
2013,4,"Female","Asian",70,1
2013,4,"Female","Asian",80,1
2013,4,"Male","Asian",0,2
2013,4,"Male","Asian",80,2
2013,4,"Female","Black",0,4
2013,4,"Female","Black",5,1
2013,4,"Female","Black",15,2
2013,4,"Female","Black",20,3
2013,4,"Female","Black",25,3
2013,4,"Female","Black",30,5
2013,4,"Female","Black",35,4
2013,4,"Female","Black",40,3
2013,4,"Female","Black",45,7
2013,4,"Female","Black",50,10
2013,4,"Female","Black",55,12
2013,4,"Female","Black",60,10
2013,4,"Female","Black",65,13
2013,4,"Female","Black",70,13
2013,4,"Female","Black",75,15
2013,4,"Female","Black",80,38
2013,4,"Male","Black",0,5
2013,4,"Male","Black",5,1
2013,4,"Male","Black",15,5
2013,4,"Male","Black",20,9
2013,4,"Male","Black",25,16
2013,4,"Male","Black",30,8
2013,4,"Male","Black",35,16
2013,4,"Male","Black",40,10
2013,4,"Male","Black",45,8
2013,4,"Male","Black",50,9
2013,4,"Male","Black",55,8
2013,4,"Male","Black",60,8
2013,4,"Male","Black",65,20
2013,4,"Male","Black",70,22
2013,4,"Male","Black",75,19
2013,4,"Male","Black",80,44
2013,4,"Female","Brown",0,64
2013,4,"Female","Brown",5,4
2013,4,"Female","Brown",10,10
2013,4,"Female","Brown",15,7
2013,4,"Female","Brown",20,10
2013,4,"Female","Brown",25,9
2013,4,"Female","Brown",30,14
2013,4,"Female","Brown",35,26
2013,4,"Female","Brown",40,21
2013,4,"Female","Brown",45,20
2013,4,"Female","Brown",50,40
2013,4,"Female","Brown",55,28
2013,4,"Female","Brown",60,58
2013,4,"Female","Brown",65,56
2013,4,"Female","Brown",70,59
2013,4,"Female","Brown",75,60
2013,4,"Female","Brown",80,176
2013,4,"Male","Brown",0,66
2013,4,"Male","Brown",5,10
2013,4,"Male","Brown",10,15
2013,4,"Male","Brown",15,32
2013,4,"Male","Brown",20,40
2013,4,"Male","Brown",25,67
2013,4,"Male","Brown",30,47
2013,4,"Male","Brown",35,40
2013,4,"Male","Brown",40,45
2013,4,"Male","Brown",45,51
2013,4,"Male","Brown",50,50
2013,4,"Male","Brown",55,55
2013,4,"Male","Brown",60,83
2013,4,"Male","Brown",65,66
2013,4,"Male","Brown",70,87
2013,4,"Male","Brown",75,78
2013,4,"Male","Brown",80,192
2013,4,"Female","Indigenous",0,3
2013,4,"Female","Indigenous",15,1
2013,4,"Female","Indigenous",70,2
2013,4,"Female","Indigenous",80,3
2013,4,"Male","Indigenous",0,5
2013,4,"Male","Indigenous",5,1
2013,4,"Male","Indigenous",50,1
2013,4,"Male","Indigenous",60,1
2013,4,"Female","White",0,18
2013,4,"Female","White",5,2
2013,4,"Female","White",10,2
2013,4,"Female","White",15,1
2013,4,"Female","White",20,3
2013,4,"Female","White",25,1
2013,4,"Female","White",30,5
2013,4,"Female","White",35,4
2013,4,"Female","White",40,5
2013,4,"Female","White",45,15
2013,4,"Female","White",50,7
2013,4,"Female","White",55,9
2013,4,"Female","White",60,18
2013,4,"Female","White",65,16
2013,4,"Female","White",70,21
2013,4,"Female","White",75,28
2013,4,"Female","White",80,88
2013,4,"Male","White",0,15
2013,4,"Male","White",5,1
2013,4,"Male","White",15,6
2013,4,"Male","White",20,5
2013,4,"Male","White",25,8
2013,4,"Male","White",30,16
2013,4,"Male","White",35,11
2013,4,"Male","White",40,10
2013,4,"Male","White",45,6
2013,4,"Male","White",50,9
2013,4,"Male","White",55,22
2013,4,"Male","White",60,16
2013,4,"Male","White",65,23
2013,4,"Male","White",70,22
2013,4,"Male","White",75,32
2013,4,"Male","White",80,88
2013,5,"Female","Asian",65,2
2013,5,"Female","Asian",70,1
2013,5,"Female","Asian",80,1
2013,5,"Male","Asian",60,1
2013,5,"Male","Asian",80,1
2013,5,"Female","Black",5,2
2013,5,"Female","Black",10,1
2013,5,"Female","Black",15,1
2013,5,"Female","Black",20,5
2013,5,"Female","Black",25,4
2013,5,"Female","Black",30,3
2013,5,"Female","Black",35,3
2013,5,"Female","Black",40,3
2013,5,"Female","Black",45,4
2013,5,"Female","Black",50,2
2013,5,"Female","Black",55,10
2013,5,"Female","Black",60,13
2013,5,"Female","Black",65,13
2013,5,"Female","Black",70,16
2013,5,"Female","Black",75,7
2013,5,"Female","Black",80,35
2013,5,"Male","Black",0,7
2013,5,"Male","Black",5,2
2013,5,"Male","Black",10,2
2013,5,"Male","Black",15,4
2013,5,"Male","Black",20,12
2013,5,"Male","Black",25,10
2013,5,"Male","Black",30,10
2013,5,"Male","Black",35,6
2013,5,"Male","Black",40,7
2013,5,"Male","Black",45,10
2013,5,"Male","Black",50,9
2013,5,"Male","Black",55,14
2013,5,"Male","Black",60,15
2013,5,"Male","Black",65,18
2013,5,"Male","Black",70,22
2013,5,"Male","Black",75,24
2013,5,"Male","Black",80,36
2013,5,"Female","Brown",0,50
2013,5,"Female","Brown",5,6
2013,5,"Female","Brown",10,4
2013,5,"Female","Brown",15,8
2013,5,"Female","Brown",20,8
2013,5,"Female","Brown",25,12
2013,5,"Female","Brown",30,18
2013,5,"Female","Brown",35,16
2013,5,"Female","Brown",40,18
2013,5,"Female","Brown",45,33
2013,5,"Female","Brown",50,32
2013,5,"Female","Brown",55,44
2013,5,"Female","Brown",60,56
2013,5,"Female","Brown",65,42
2013,5,"Female","Brown",70,59
2013,5,"Female","Brown",75,61
2013,5,"Female","Brown",80,171
2013,5,"Male","Brown",0,67
2013,5,"Male","Brown",5,8
2013,5,"Male","Brown",10,9
2013,5,"Male","Brown",15,26
2013,5,"Male","Brown",20,53
2013,5,"Male","Brown",25,62
2013,5,"Male","Brown",30,45
2013,5,"Male","Brown",35,50
2013,5,"Male","Brown",40,42
2013,5,"Male","Brown",45,54
2013,5,"Male","Brown",50,47
2013,5,"Male","Brown",55,61
2013,5,"Male","Brown",60,55
2013,5,"Male","Brown",65,89
2013,5,"Male","Brown",70,101
2013,5,"Male","Brown",75,85
2013,5,"Male","Brown",80,204
2013,5,"Female","Indigenous",5,1
2013,5,"Female","Indigenous",20,1
2013,5,"Female","Indigenous",55,1
2013,5,"Female","Indigenous",65,2
2013,5,"Male","Indigenous",0,3
2013,5,"Male","Indigenous",20,1
2013,5,"Male","Indigenous",80,2
2013,5,"Female","White",0,12
2013,5,"Female","White",5,3
2013,5,"Female","White",10,2
2013,5,"Female","White",15,2
2013,5,"Female","White",20,3
2013,5,"Female","White",25,3
2013,5,"Female","White",30,6
2013,5,"Female","White",35,3
2013,5,"Female","White",40,6
2013,5,"Female","White",45,10
2013,5,"Female","White",50,7
2013,5,"Female","White",55,8
2013,5,"Female","White",60,22
2013,5,"Female","White",65,15
2013,5,"Female","White",70,21
2013,5,"Female","White",75,38
2013,5,"Female","White",80,111
2013,5,"Male","White",0,25
2013,5,"Male","White",5,2
2013,5,"Male","White",15,2
2013,5,"Male","White",20,9
2013,5,"Male","White",25,5
2013,5,"Male","White",30,9
2013,5,"Male","White",35,2
2013,5,"Male","White",40,3
2013,5,"Male","White",45,11
2013,5,"Male","White",50,10
2013,5,"Male","White",55,14
2013,5,"Male","White",60,17
2013,5,"Male","White",65,25
2013,5,"Male","White",70,24
2013,5,"Male","White",75,31
2013,5,"Male","White",80,73
2013,6,"Female","Asian",0,1
2013,6,"Female","Asian",75,1
2013,6,"Male","Asian",45,1
2013,6,"Male","Asian",55,1
2013,6,"Male","Asian",75,1
2013,6,"Female","Black",0,2
2013,6,"Female","Black",5,1
2013,6,"Female","Black",15,1
2013,6,"Female","Black",20,3
2013,6,"Female","Black",25,2
2013,6,"Female","Black",30,9
2013,6,"Female","Black",35,4
2013,6,"Female","Black",40,1
2013,6,"Female","Black",45,6
2013,6,"Female","Black",50,7
2013,6,"Female","Black",55,9
2013,6,"Female","Black",60,10
2013,6,"Female","Black",65,11
2013,6,"Female","Black",70,10
2013,6,"Female","Black",75,18
2013,6,"Female","Black",80,35
2013,6,"Male","Black",0,3
2013,6,"Male","Black",5,1
2013,6,"Male","Black",15,5
2013,6,"Male","Black",20,13
2013,6,"Male","Black",25,15
2013,6,"Male","Black",30,7
2013,6,"Male","Black",35,13
2013,6,"Male","Black",40,10
2013,6,"Male","Black",45,9
2013,6,"Male","Black",50,10
2013,6,"Male","Black",55,12
2013,6,"Male","Black",60,15
2013,6,"Male","Black",65,10
2013,6,"Male","Black",70,17
2013,6,"Male","Black",75,14
2013,6,"Male","Black",80,35
2013,6,"Female","Brown",0,51
2013,6,"Female","Brown",5,7
2013,6,"Female","Brown",10,5
2013,6,"Female","Brown",15,6
2013,6,"Female","Brown",20,16
2013,6,"Female","Brown",25,14
2013,6,"Female","Brown",30,16
2013,6,"Female","Brown",35,14
2013,6,"Female","Brown",40,12
2013,6,"Female","Brown",45,20
2013,6,"Female","Brown",50,24
2013,6,"Female","Brown",55,41
2013,6,"Female","Brown",60,31
2013,6,"Female","Brown",65,45
2013,6,"Female","Brown",70,58
2013,6,"Female","Brown",75,71
2013,6,"Female","Brown",80,138
2013,6,"Male","Brown",0,72
2013,6,"Male","Brown",5,3
2013,6,"Male","Brown",10,14
2013,6,"Male","Brown",15,37
2013,6,"Male","Brown",20,64
2013,6,"Male","Brown",25,57
2013,6,"Male","Brown",30,52
2013,6,"Male","Brown",35,53
2013,6,"Male","Brown",40,39
2013,6,"Male","Brown",45,56
2013,6,"Male","Brown",50,54
2013,6,"Male","Brown",55,45
2013,6,"Male","Brown",60,63
2013,6,"Male","Brown",65,84
2013,6,"Male","Brown",70,79
2013,6,"Male","Brown",75,63
2013,6,"Male","Brown",80,190
2013,6,"Female","Indigenous",0,1
2013,6,"Female","Indigenous",20,1
2013,6,"Female","Indigenous",35,1
2013,6,"Female","Indigenous",70,1
2013,6,"Female","Indigenous",80,1
2013,6,"Male","Indigenous",0,5
2013,6,"Male","Indigenous",20,1
2013,6,"Male","Indigenous",30,1
2013,6,"Male","Indigenous",35,1
2013,6,"Male","Indigenous",75,1
2013,6,"Male","Indigenous",80,1
2013,6,"Female","White",0,15
2013,6,"Female","White",5,1
2013,6,"Female","White",10,2
2013,6,"Female","White",15,3
2013,6,"Female","White",20,8
2013,6,"Female","White",25,2
2013,6,"Female","White",30,5
2013,6,"Female","White",35,5
2013,6,"Female","White",40,5
2013,6,"Female","White",45,9
2013,6,"Female","White",50,4
2013,6,"Female","White",55,10
2013,6,"Female","White",60,14
2013,6,"Female","White",65,13
2013,6,"Female","White",70,24
2013,6,"Female","White",75,27
2013,6,"Female","White",80,94
2013,6,"Male","White",0,19
2013,6,"Male","White",5,2
2013,6,"Male","White",10,1
2013,6,"Male","White",15,4
2013,6,"Male","White",20,3
2013,6,"Male","White",25,10
2013,6,"Male","White",30,14
2013,6,"Male","White",35,7
2013,6,"Male","White",40,9
2013,6,"Male","White",45,8
2013,6,"Male","White",50,10
2013,6,"Male","White",55,9
2013,6,"Male","White",60,17
2013,6,"Male","White",65,22
2013,6,"Male","White",70,23
2013,6,"Male","White",75,26
2013,6,"Male","White",80,85
2013,7,"Female","Asian",50,1
2013,7,"Female","Asian",65,1
2013,7,"Female","Asian",75,1
2013,7,"Female","Asian",80,2
2013,7,"Male","Asian",30,1
2013,7,"Male","Asian",80,2
2013,7,"Female","Black",0,3
2013,7,"Female","Black",5,1
2013,7,"Female","Black",15,3
2013,7,"Female","Black",20,1
2013,7,"Female","Black",25,2
2013,7,"Female","Black",35,2
2013,7,"Female","Black",40,2
2013,7,"Female","Black",45,6
2013,7,"Female","Black",50,4
2013,7,"Female","Black",55,6
2013,7,"Female","Black",60,6
2013,7,"Female","Black",65,10
2013,7,"Female","Black",70,11
2013,7,"Female","Black",75,11
2013,7,"Female","Black",80,30
2013,7,"Male","Black",0,6
2013,7,"Male","Black",5,1
2013,7,"Male","Black",10,2
2013,7,"Male","Black",15,5
2013,7,"Male","Black",20,8
2013,7,"Male","Black",25,11
2013,7,"Male","Black",30,7
2013,7,"Male","Black",35,10
2013,7,"Male","Black",40,4
2013,7,"Male","Black",45,8
2013,7,"Male","Black",50,15
2013,7,"Male","Black",55,9
2013,7,"Male","Black",60,8
2013,7,"Male","Black",65,14
2013,7,"Male","Black",70,18
2013,7,"Male","Black",75,14
2013,7,"Male","Black",80,30
2013,7,"Female","Brown",0,48
2013,7,"Female","Brown",5,2
2013,7,"Female","Brown",10,6
2013,7,"Female","Brown",15,8
2013,7,"Female","Brown",20,9
2013,7,"Female","Brown",25,18
2013,7,"Female","Brown",30,23
2013,7,"Female","Brown",35,21
2013,7,"Female","Brown",40,20
2013,7,"Female","Brown",45,26
2013,7,"Female","Brown",50,28
2013,7,"Female","Brown",55,39
2013,7,"Female","Brown",60,50
2013,7,"Female","Brown",65,56
2013,7,"Female","Brown",70,56
2013,7,"Female","Brown",75,75
2013,7,"Female","Brown",80,161
2013,7,"Male","Brown",0,56
2013,7,"Male","Brown",5,4
2013,7,"Male","Brown",10,7
2013,7,"Male","Brown",15,36
2013,7,"Male","Brown",20,60
2013,7,"Male","Brown",25,60
2013,7,"Male","Brown",30,72
2013,7,"Male","Brown",35,36
2013,7,"Male","Brown",40,40
2013,7,"Male","Brown",45,55
2013,7,"Male","Brown",50,54
2013,7,"Male","Brown",55,55
2013,7,"Male","Brown",60,72
2013,7,"Male","Brown",65,76
2013,7,"Male","Brown",70,92
2013,7,"Male","Brown",75,70
2013,7,"Male","Brown",80,191
2013,7,"Female","Indigenous",45,1
2013,7,"Female","Indigenous",60,1
2013,7,"Male","Indigenous",0,1
2013,7,"Male","Indigenous",20,1
2013,7,"Male","Indigenous",30,1
2013,7,"Male","Indigenous",40,1
2013,7,"Male","Indigenous",45,1
2013,7,"Male","Indigenous",50,2
2013,7,"Female","White",0,9
2013,7,"Female","White",5,2
2013,7,"Female","White",10,1
2013,7,"Female","White",15,3
2013,7,"Female","White",20,3
2013,7,"Female","White",25,3
2013,7,"Female","White",30,4
2013,7,"Female","White",35,4
2013,7,"Female","White",40,7
2013,7,"Female","White",45,3
2013,7,"Female","White",50,4
2013,7,"Female","White",55,16
2013,7,"Female","White",60,17
2013,7,"Female","White",65,16
2013,7,"Female","White",70,25
2013,7,"Female","White",75,27
2013,7,"Female","White",80,128
2013,7,"Male","White",0,12
2013,7,"Male","White",5,2
2013,7,"Male","White",10,2
2013,7,"Male","White",15,7
2013,7,"Male","White",20,12
2013,7,"Male","White",25,5
2013,7,"Male","White",30,7
2013,7,"Male","White",35,6
2013,7,"Male","White",40,9
2013,7,"Male","White",45,13
2013,7,"Male","White",50,14
2013,7,"Male","White",55,18
2013,7,"Male","White",60,12
2013,7,"Male","White",65,31
2013,7,"Male","White",70,39
2013,7,"Male","White",75,20
2013,7,"Male","White",80,79
2013,8,"Female","Asian",0,2
2013,8,"Female","Asian",10,1
2013,8,"Female","Asian",55,1
2013,8,"Female","Asian",65,1
2013,8,"Female","Asian",70,1
2013,8,"Female","Asian",80,1
2013,8,"Male","Asian",40,2
2013,8,"Male","Asian",55,1
2013,8,"Male","Asian",60,1
2013,8,"Male","Asian",80,1
2013,8,"Female","Black",0,4
2013,8,"Female","Black",5,2
2013,8,"Female","Black",15,2
2013,8,"Female","Black",20,3
2013,8,"Female","Black",25,3
2013,8,"Female","Black",30,1
2013,8,"Female","Black",35,5
2013,8,"Female","Black",40,5
2013,8,"Female","Black",45,7
2013,8,"Female","Black",50,5
2013,8,"Female","Black",55,7
2013,8,"Female","Black",60,11
2013,8,"Female","Black",65,10
2013,8,"Female","Black",70,14
2013,8,"Female","Black",75,9
2013,8,"Female","Black",80,39
2013,8,"Male","Black",0,2
2013,8,"Male","Black",5,1
2013,8,"Male","Black",15,4
2013,8,"Male","Black",20,16
2013,8,"Male","Black",25,3
2013,8,"Male","Black",30,9
2013,8,"Male","Black",35,6
2013,8,"Male","Black",40,5
2013,8,"Male","Black",45,9
2013,8,"Male","Black",50,12
2013,8,"Male","Black",55,14
2013,8,"Male","Black",60,18
2013,8,"Male","Black",65,17
2013,8,"Male","Black",70,17
2013,8,"Male","Black",75,21
2013,8,"Male","Black",80,38
2013,8,"Female","Brown",0,55
2013,8,"Female","Brown",5,4
2013,8,"Female","Brown",10,1
2013,8,"Female","Brown",15,9
2013,8,"Female","Brown",20,7
2013,8,"Female","Brown",25,12
2013,8,"Female","Brown",30,18
2013,8,"Female","Brown",35,16
2013,8,"Female","Brown",40,20
2013,8,"Female","Brown",45,22
2013,8,"Female","Brown",50,31
2013,8,"Female","Brown",55,34
2013,8,"Female","Brown",60,30
2013,8,"Female","Brown",65,45
2013,8,"Female","Brown",70,57
2013,8,"Female","Brown",75,66
2013,8,"Female","Brown",80,170
2013,8,"Male","Brown",0,77
2013,8,"Male","Brown",5,9
2013,8,"Male","Brown",10,7
2013,8,"Male","Brown",15,37
2013,8,"Male","Brown",20,56
2013,8,"Male","Brown",25,66
2013,8,"Male","Brown",30,60
2013,8,"Male","Brown",35,49
2013,8,"Male","Brown",40,39
2013,8,"Male","Brown",45,58
2013,8,"Male","Brown",50,40
2013,8,"Male","Brown",55,60
2013,8,"Male","Brown",60,69
2013,8,"Male","Brown",65,77
2013,8,"Male","Brown",70,83
2013,8,"Male","Brown",75,77
2013,8,"Male","Brown",80,151
2013,8,"Female","Indigenous",0,1
2013,8,"Female","Indigenous",70,1
2013,8,"Female","Indigenous",80,2
2013,8,"Male","Indigenous",0,2
2013,8,"Male","Indigenous",5,1
2013,8,"Male","Indigenous",30,1
2013,8,"Male","Indigenous",70,1
2013,8,"Male","Indigenous",75,1
2013,8,"Female","White",0,11
2013,8,"Female","White",10,3
2013,8,"Female","White",15,2
2013,8,"Female","White",20,2
2013,8,"Female","White",25,5
2013,8,"Female","White",30,5
2013,8,"Female","White",35,3
2013,8,"Female","White",40,3
2013,8,"Female","White",45,7
2013,8,"Female","White",50,9
2013,8,"Female","White",55,14
2013,8,"Female","White",60,10
2013,8,"Female","White",65,19
2013,8,"Female","White",70,22
2013,8,"Female","White",75,27
2013,8,"Female","White",80,104
2013,8,"Male","White",0,13
2013,8,"Male","White",15,5
2013,8,"Male","White",20,10
2013,8,"Male","White",25,11
2013,8,"Male","White",30,5
2013,8,"Male","White",35,7
2013,8,"Male","White",40,12
2013,8,"Male","White",45,11
2013,8,"Male","White",50,3
2013,8,"Male","White",55,10
2013,8,"Male","White",60,13
2013,8,"Male","White",65,20
2013,8,"Male","White",70,19
2013,8,"Male","White",75,32
2013,8,"Male","White",80,85
2013,9,"Female","Asian",50,1
2013,9,"Female","Asian",75,1
2013,9,"Female","Asian",80,1
2013,9,"Male","Asian",80,1
2013,9,"Female","Black",0,1
2013,9,"Female","Black",5,1
2013,9,"Female","Black",15,1
2013,9,"Female","Black",25,2
2013,9,"Female","Black",30,3
2013,9,"Female","Black",35,3
2013,9,"Female","Black",40,9
2013,9,"Female","Black",45,3
2013,9,"Female","Black",50,6
2013,9,"Female","Black",55,14
2013,9,"Female","Black",60,5
2013,9,"Female","Black",65,13
2013,9,"Female","Black",70,13
2013,9,"Female","Black",75,10
2013,9,"Female","Black",80,27
2013,9,"Male","Black",0,3
2013,9,"Male","Black",10,1
2013,9,"Male","Black",15,4
2013,9,"Male","Black",20,11
2013,9,"Male","Black",25,13
2013,9,"Male","Black",30,6
2013,9,"Male","Black",35,7
2013,9,"Male","Black",40,8
2013,9,"Male","Black",45,7
2013,9,"Male","Black",50,10
2013,9,"Male","Black",55,15
2013,9,"Male","Black",60,19
2013,9,"Male","Black",65,16
2013,9,"Male","Black",70,16
2013,9,"Male","Black",75,20
2013,9,"Male","Black",80,31
2013,9,"Female","Brown",0,44
2013,9,"Female","Brown",5,4
2013,9,"Female","Brown",10,7
2013,9,"Female","Brown",15,11
2013,9,"Female","Brown",20,8
2013,9,"Female","Brown",25,14
2013,9,"Female","Brown",30,16
2013,9,"Female","Brown",35,15
2013,9,"Female","Brown",40,21
2013,9,"Female","Brown",45,19
2013,9,"Female","Brown",50,23
2013,9,"Female","Brown",55,36
2013,9,"Female","Brown",60,44
2013,9,"Female","Brown",65,50
2013,9,"Female","Brown",70,64
2013,9,"Female","Brown",75,65
2013,9,"Female","Brown",80,142
2013,9,"Male","Brown",0,67
2013,9,"Male","Brown",5,5
2013,9,"Male","Brown",10,7
2013,9,"Male","Brown",15,44
2013,9,"Male","Brown",20,61
2013,9,"Male","Brown",25,66
2013,9,"Male","Brown",30,63
2013,9,"Male","Brown",35,50
2013,9,"Male","Brown",40,46
2013,9,"Male","Brown",45,36
2013,9,"Male","Brown",50,57
2013,9,"Male","Brown",55,52
2013,9,"Male","Brown",60,69
2013,9,"Male","Brown",65,79
2013,9,"Male","Brown",70,89
2013,9,"Male","Brown",75,87
2013,9,"Male","Brown",80,149
2013,9,"Female","Indigenous",0,1
2013,9,"Female","Indigenous",55,1
2013,9,"Female","Indigenous",70,2
2013,9,"Female","Indigenous",75,2
2013,9,"Male","Indigenous",0,1
2013,9,"Male","Indigenous",30,1
2013,9,"Male","Indigenous",50,1
2013,9,"Male","Indigenous",75,1
2013,9,"Male","Indigenous",80,2
2013,9,"Female","White",0,12
2013,9,"Female","White",5,1
2013,9,"Female","White",10,1
2013,9,"Female","White",15,2
2013,9,"Female","White",20,7
2013,9,"Female","White",25,3
2013,9,"Female","White",30,4
2013,9,"Female","White",35,8
2013,9,"Female","White",40,6
2013,9,"Female","White",45,7
2013,9,"Female","White",50,12
2013,9,"Female","White",55,7
2013,9,"Female","White",60,11
2013,9,"Female","White",65,16
2013,9,"Female","White",70,29
2013,9,"Female","White",75,26
2013,9,"Female","White",80,97
2013,9,"Male","White",0,18
2013,9,"Male","White",10,3
2013,9,"Male","White",15,6
2013,9,"Male","White",20,11
2013,9,"Male","White",25,7
2013,9,"Male","White",30,15
2013,9,"Male","White",35,7
2013,9,"Male","White",40,9
2013,9,"Male","White",45,8
2013,9,"Male","White",50,6
2013,9,"Male","White",55,12
2013,9,"Male","White",60,22
2013,9,"Male","White",65,18
2013,9,"Male","White",70,24
2013,9,"Male","White",75,31
2013,9,"Male","White",80,85
2013,10,"Female","Asian",55,1
2013,10,"Male","Asian",25,1
2013,10,"Male","Asian",50,2
2013,10,"Male","Asian",60,1
2013,10,"Male","Asian",75,1
2013,10,"Female","Black",0,1
2013,10,"Female","Black",20,1
2013,10,"Female","Black",25,3
2013,10,"Female","Black",30,4
2013,10,"Female","Black",35,5
2013,10,"Female","Black",40,3
2013,10,"Female","Black",45,4
2013,10,"Female","Black",50,7
2013,10,"Female","Black",55,16
2013,10,"Female","Black",60,5
2013,10,"Female","Black",65,12
2013,10,"Female","Black",70,5
2013,10,"Female","Black",75,15
2013,10,"Female","Black",80,31
2013,10,"Male","Black",0,4
2013,10,"Male","Black",10,1
2013,10,"Male","Black",15,3
2013,10,"Male","Black",20,10
2013,10,"Male","Black",25,12
2013,10,"Male","Black",30,9
2013,10,"Male","Black",35,3
2013,10,"Male","Black",40,4
2013,10,"Male","Black",45,13
2013,10,"Male","Black",50,3
2013,10,"Male","Black",55,9
2013,10,"Male","Black",60,15
2013,10,"Male","Black",65,15
2013,10,"Male","Black",70,20
2013,10,"Male","Black",75,14
2013,10,"Male","Black",80,29
2013,10,"Female","Brown",0,33
2013,10,"Female","Brown",5,5
2013,10,"Female","Brown",10,7
2013,10,"Female","Brown",15,9
2013,10,"Female","Brown",20,7
2013,10,"Female","Brown",25,9
2013,10,"Female","Brown",30,10
2013,10,"Female","Brown",35,20
2013,10,"Female","Brown",40,22
2013,10,"Female","Brown",45,31
2013,10,"Female","Brown",50,18
2013,10,"Female","Brown",55,35
2013,10,"Female","Brown",60,34
2013,10,"Female","Brown",65,50
2013,10,"Female","Brown",70,53
2013,10,"Female","Brown",75,62
2013,10,"Female","Brown",80,158
2013,10,"Male","Brown",0,60
2013,10,"Male","Brown",5,4
2013,10,"Male","Brown",10,9
2013,10,"Male","Brown",15,36
2013,10,"Male","Brown",20,53
2013,10,"Male","Brown",25,64
2013,10,"Male","Brown",30,56
2013,10,"Male","Brown",35,44
2013,10,"Male","Brown",40,39
2013,10,"Male","Brown",45,55
2013,10,"Male","Brown",50,54
2013,10,"Male","Brown",55,61
2013,10,"Male","Brown",60,54
2013,10,"Male","Brown",65,75
2013,10,"Male","Brown",70,80
2013,10,"Male","Brown",75,94
2013,10,"Male","Brown",80,162
2013,10,"Female","Indigenous",0,4
2013,10,"Female","Indigenous",40,1
2013,10,"Female","Indigenous",65,1
2013,10,"Female","Indigenous",80,3
2013,10,"Male","Indigenous",15,1
2013,10,"Male","Indigenous",20,1
2013,10,"Male","Indigenous",30,1
2013,10,"Male","Indigenous",50,1
2013,10,"Male","Indigenous",60,1
2013,10,"Male","Indigenous",70,1
2013,10,"Female","White",0,14
2013,10,"Female","White",5,2
2013,10,"Female","White",10,5
2013,10,"Female","White",15,2
2013,10,"Female","White",20,2
2013,10,"Female","White",25,3
2013,10,"Female","White",30,2
2013,10,"Female","White",35,2
2013,10,"Female","White",40,3
2013,10,"Female","White",45,5
2013,10,"Female","White",50,9
2013,10,"Female","White",55,10
2013,10,"Female","White",60,17
2013,10,"Female","White",65,18
2013,10,"Female","White",70,25
2013,10,"Female","White",75,33
2013,10,"Female","White",80,93
2013,10,"Male","White",0,16
2013,10,"Male","White",10,2
2013,10,"Male","White",15,4
2013,10,"Male","White",20,5
2013,10,"Male","White",25,8
2013,10,"Male","White",30,9
2013,10,"Male","White",35,14
2013,10,"Male","White",40,8
2013,10,"Male","White",45,2
2013,10,"Male","White",50,16
2013,10,"Male","White",55,12
2013,10,"Male","White",60,11
2013,10,"Male","White",65,26
2013,10,"Male","White",70,18
2013,10,"Male","White",75,34
2013,10,"Male","White",80,80
2013,11,"Female","Asian",70,1
2013,11,"Male","Asian",25,1
2013,11,"Male","Asian",50,1
2013,11,"Male","Asian",70,1
2013,11,"Male","Asian",80,2
2013,11,"Female","Black",0,1
2013,11,"Female","Black",15,2
2013,11,"Female","Black",20,2
2013,11,"Female","Black",25,2
2013,11,"Female","Black",30,2
2013,11,"Female","Black",35,4
2013,11,"Female","Black",40,5
2013,11,"Female","Black",45,6
2013,11,"Female","Black",50,5
2013,11,"Female","Black",55,10
2013,11,"Female","Black",60,8
2013,11,"Female","Black",65,5
2013,11,"Female","Black",70,9
2013,11,"Female","Black",75,6
2013,11,"Female","Black",80,18
2013,11,"Male","Black",5,1
2013,11,"Male","Black",10,3
2013,11,"Male","Black",15,8
2013,11,"Male","Black",20,6
2013,11,"Male","Black",25,15
2013,11,"Male","Black",30,13
2013,11,"Male","Black",35,4
2013,11,"Male","Black",40,5
2013,11,"Male","Black",45,12
2013,11,"Male","Black",50,10
2013,11,"Male","Black",55,7
2013,11,"Male","Black",60,23
2013,11,"Male","Black",65,14
2013,11,"Male","Black",70,11
2013,11,"Male","Black",75,18
2013,11,"Male","Black",80,34
2013,11,"Female","Brown",0,52
2013,11,"Female","Brown",5,6
2013,11,"Female","Brown",10,1
2013,11,"Female","Brown",15,9
2013,11,"Female","Brown",20,7
2013,11,"Female","Brown",25,16
2013,11,"Female","Brown",30,13
2013,11,"Female","Brown",35,20
2013,11,"Female","Brown",40,17
2013,11,"Female","Brown",45,15
2013,11,"Female","Brown",50,24
2013,11,"Female","Brown",55,28
2013,11,"Female","Brown",60,52
2013,11,"Female","Brown",65,53
2013,11,"Female","Brown",70,56
2013,11,"Female","Brown",75,59
2013,11,"Female","Brown",80,125
2013,11,"Male","Brown",0,82
2013,11,"Male","Brown",5,6
2013,11,"Male","Brown",10,10
2013,11,"Male","Brown",15,48
2013,11,"Male","Brown",20,55
2013,11,"Male","Brown",25,43
2013,11,"Male","Brown",30,51
2013,11,"Male","Brown",35,44
2013,11,"Male","Brown",40,39
2013,11,"Male","Brown",45,40
2013,11,"Male","Brown",50,63
2013,11,"Male","Brown",55,51
2013,11,"Male","Brown",60,66
2013,11,"Male","Brown",65,61
2013,11,"Male","Brown",70,87
2013,11,"Male","Brown",75,75
2013,11,"Male","Brown",80,148
2013,11,"Female","Indigenous",0,2
2013,11,"Female","Indigenous",20,1
2013,11,"Female","Indigenous",40,1
2013,11,"Male","Indigenous",0,3
2013,11,"Male","Indigenous",25,1
2013,11,"Male","Indigenous",80,1
2013,11,"Female","White",0,11
2013,11,"Female","White",10,1
2013,11,"Female","White",15,5
2013,11,"Female","White",20,1
2013,11,"Female","White",25,2
2013,11,"Female","White",30,1
2013,11,"Female","White",35,3
2013,11,"Female","White",40,6
2013,11,"Female","White",45,5
2013,11,"Female","White",50,8
2013,11,"Female","White",55,14
2013,11,"Female","White",60,15
2013,11,"Female","White",65,15
2013,11,"Female","White",70,19
2013,11,"Female","White",75,24
2013,11,"Female","White",80,84
2013,11,"Male","White",0,8
2013,11,"Male","White",5,2
2013,11,"Male","White",10,2
2013,11,"Male","White",15,11
2013,11,"Male","White",20,6
2013,11,"Male","White",25,11
2013,11,"Male","White",30,9
2013,11,"Male","White",35,5
2013,11,"Male","White",40,6
2013,11,"Male","White",45,10
2013,11,"Male","White",50,17
2013,11,"Male","White",55,8
2013,11,"Male","White",60,12
2013,11,"Male","White",65,14
2013,11,"Male","White",70,24
2013,11,"Male","White",75,28
2013,11,"Male","White",80,69
2013,12,"Female","Asian",60,1
2013,12,"Female","Asian",80,1
2013,12,"Male","Asian",0,1
2013,12,"Male","Asian",45,1
2013,12,"Male","Asian",75,1
2013,12,"Female","Black",20,2
2013,12,"Female","Black",25,3
2013,12,"Female","Black",30,3
2013,12,"Female","Black",35,1
2013,12,"Female","Black",40,4
2013,12,"Female","Black",45,5
2013,12,"Female","Black",50,8
2013,12,"Female","Black",55,4
2013,12,"Female","Black",60,6
2013,12,"Female","Black",65,13
2013,12,"Female","Black",70,7
2013,12,"Female","Black",75,4
2013,12,"Female","Black",80,35
2013,12,"Male","Black",0,1
2013,12,"Male","Black",10,1
2013,12,"Male","Black",15,8
2013,12,"Male","Black",20,12
2013,12,"Male","Black",25,14
2013,12,"Male","Black",30,8
2013,12,"Male","Black",35,13
2013,12,"Male","Black",40,13
2013,12,"Male","Black",45,6
2013,12,"Male","Black",50,10
2013,12,"Male","Black",55,11
2013,12,"Male","Black",60,13
2013,12,"Male","Black",65,20
2013,12,"Male","Black",70,27
2013,12,"Male","Black",75,14
2013,12,"Male","Black",80,35
2013,12,"Female","Brown",0,59
2013,12,"Female","Brown",5,1
2013,12,"Female","Brown",10,6
2013,12,"Female","Brown",15,8
2013,12,"Female","Brown",20,12
2013,12,"Female","Brown",25,21
2013,12,"Female","Brown",30,8
2013,12,"Female","Brown",35,24
2013,12,"Female","Brown",40,21
2013,12,"Female","Brown",45,20
2013,12,"Female","Brown",50,26
2013,12,"Female","Brown",55,36
2013,12,"Female","Brown",60,41
2013,12,"Female","Brown",65,49
2013,12,"Female","Brown",70,70
2013,12,"Female","Brown",75,51
2013,12,"Female","Brown",80,156
2013,12,"Male","Brown",0,57
2013,12,"Male","Brown",5,5
2013,12,"Male","Brown",10,11
2013,12,"Male","Brown",15,43
2013,12,"Male","Brown",20,70
2013,12,"Male","Brown",25,62
2013,12,"Male","Brown",30,68
2013,12,"Male","Brown",35,62
2013,12,"Male","Brown",40,57
2013,12,"Male","Brown",45,45
2013,12,"Male","Brown",50,53
2013,12,"Male","Brown",55,54
2013,12,"Male","Brown",60,69
2013,12,"Male","Brown",65,64
2013,12,"Male","Brown",70,76
2013,12,"Male","Brown",75,83
2013,12,"Male","Brown",80,147
2013,12,"Female","Indigenous",10,1
2013,12,"Female","Indigenous",25,1
2013,12,"Female","Indigenous",60,1
2013,12,"Female","Indigenous",70,1
2013,12,"Male","Indigenous",0,5
2013,12,"Male","Indigenous",30,1
2013,12,"Female","White",0,10
2013,12,"Female","White",10,2
2013,12,"Female","White",20,2
2013,12,"Female","White",25,4
2013,12,"Female","White",30,7
2013,12,"Female","White",35,7
2013,12,"Female","White",40,5
2013,12,"Female","White",45,8
2013,12,"Female","White",50,16
2013,12,"Female","White",55,13
2013,12,"Female","White",60,10
2013,12,"Female","White",65,19
2013,12,"Female","White",70,20
2013,12,"Female","White",75,26
2013,12,"Female","White",80,92
2013,12,"Male","White",0,12
2013,12,"Male","White",10,1
2013,12,"Male","White",15,4
2013,12,"Male","White",20,9
2013,12,"Male","White",25,12
2013,12,"Male","White",30,6
2013,12,"Male","White",35,9
2013,12,"Male","White",40,10
2013,12,"Male","White",45,7
2013,12,"Male","White",50,8
2013,12,"Male","White",55,11
2013,12,"Male","White",60,7
2013,12,"Male","White",65,15
2013,12,"Male","White",70,28
2013,12,"Male","White",75,32
2013,12,"Male","White",80,103
2014,1,"Female","Asian",0,1
2014,1,"Female","Asian",80,2
2014,1,"Male","Asian",30,1
2014,1,"Male","Asian",50,1
2014,1,"Male","Asian",55,2
2014,1,"Male","Asian",80,1
2014,1,"Female","Black",0,2
2014,1,"Female","Black",15,3
2014,1,"Female","Black",20,2
2014,1,"Female","Black",25,3
2014,1,"Female","Black",35,2
2014,1,"Female","Black",40,3
2014,1,"Female","Black",45,3
2014,1,"Female","Black",50,6
2014,1,"Female","Black",55,5
2014,1,"Female","Black",60,11
2014,1,"Female","Black",65,8
2014,1,"Female","Black",70,13
2014,1,"Female","Black",75,13
2014,1,"Female","Black",80,35
2014,1,"Male","Black",0,3
2014,1,"Male","Black",5,3
2014,1,"Male","Black",10,1
2014,1,"Male","Black",15,8
2014,1,"Male","Black",20,9
2014,1,"Male","Black",25,12
2014,1,"Male","Black",30,9
2014,1,"Male","Black",35,6
2014,1,"Male","Black",40,14
2014,1,"Male","Black",45,8
2014,1,"Male","Black",50,11
2014,1,"Male","Black",55,11
2014,1,"Male","Black",60,19
2014,1,"Male","Black",65,15
2014,1,"Male","Black",70,23
2014,1,"Male","Black",75,13
2014,1,"Male","Black",80,38
2014,1,"Female","Brown",0,44
2014,1,"Female","Brown",5,5
2014,1,"Female","Brown",10,7
2014,1,"Female","Brown",15,4
2014,1,"Female","Brown",20,8
2014,1,"Female","Brown",25,10
2014,1,"Female","Brown",30,18
2014,1,"Female","Brown",35,20
2014,1,"Female","Brown",40,15
2014,1,"Female","Brown",45,31
2014,1,"Female","Brown",50,27
2014,1,"Female","Brown",55,41
2014,1,"Female","Brown",60,54
2014,1,"Female","Brown",65,41
2014,1,"Female","Brown",70,54
2014,1,"Female","Brown",75,46
2014,1,"Female","Brown",80,150
2014,1,"Male","Brown",0,65
2014,1,"Male","Brown",5,4
2014,1,"Male","Brown",10,5
2014,1,"Male","Brown",15,46
2014,1,"Male","Brown",20,53
2014,1,"Male","Brown",25,72
2014,1,"Male","Brown",30,52
2014,1,"Male","Brown",35,63
2014,1,"Male","Brown",40,42
2014,1,"Male","Brown",45,50
2014,1,"Male","Brown",50,59
2014,1,"Male","Brown",55,60
2014,1,"Male","Brown",60,70
2014,1,"Male","Brown",65,63
2014,1,"Male","Brown",70,75
2014,1,"Male","Brown",75,83
2014,1,"Male","Brown",80,166
2014,1,"Female","Indigenous",0,2
2014,1,"Female","Indigenous",15,1
2014,1,"Female","Indigenous",75,1
2014,1,"Female","Indigenous",80,2
2014,1,"Male","Indigenous",0,3
2014,1,"Male","Indigenous",25,1
2014,1,"Male","Indigenous",35,1
2014,1,"Male","Indigenous",50,2
2014,1,"Male","Indigenous",65,1
2014,1,"Male","Indigenous",80,2
2014,1,"Female","White",0,16
2014,1,"Female","White",10,1
2014,1,"Female","White",20,5
2014,1,"Female","White",25,4
2014,1,"Female","White",30,1
2014,1,"Female","White",35,3
2014,1,"Female","White",40,4
2014,1,"Female","White",45,13
2014,1,"Female","White",50,7
2014,1,"Female","White",55,9
2014,1,"Female","White",60,13
2014,1,"Female","White",65,11
2014,1,"Female","White",70,30
2014,1,"Female","White",75,34
2014,1,"Female","White",80,83
2014,1,"Male","White",0,17
2014,1,"Male","White",5,1
2014,1,"Male","White",10,1
2014,1,"Male","White",15,10
2014,1,"Male","White",20,9
2014,1,"Male","White",25,15
2014,1,"Male","White",30,14
2014,1,"Male","White",35,5
2014,1,"Male","White",40,6
2014,1,"Male","White",45,10
2014,1,"Male","White",50,8
2014,1,"Male","White",55,20
2014,1,"Male","White",60,18
2014,1,"Male","White",65,29
2014,1,"Male","White",70,29
2014,1,"Male","White",75,25
2014,1,"Male","White",80,77
2014,2,"Female","Asian",65,1
2014,2,"Female","Asian",80,1
2014,2,"Male","Asian",0,1
2014,2,"Male","Asian",35,1
2014,2,"Male","Asian",55,2
2014,2,"Male","Asian",75,1
2014,2,"Male","Asian",80,1
2014,2,"Female","Black",0,2
2014,2,"Female","Black",15,1
2014,2,"Female","Black",20,1
2014,2,"Female","Black",25,4
2014,2,"Female","Black",30,2
2014,2,"Female","Black",35,4
2014,2,"Female","Black",40,1
2014,2,"Female","Black",45,6
2014,2,"Female","Black",50,4
2014,2,"Female","Black",55,6
2014,2,"Female","Black",60,10
2014,2,"Female","Black",65,10
2014,2,"Female","Black",70,9
2014,2,"Female","Black",75,13
2014,2,"Female","Black",80,34
2014,2,"Male","Black",0,3
2014,2,"Male","Black",5,1
2014,2,"Male","Black",15,6
2014,2,"Male","Black",20,9
2014,2,"Male","Black",25,15
2014,2,"Male","Black",30,8
2014,2,"Male","Black",35,11
2014,2,"Male","Black",40,4
2014,2,"Male","Black",45,11
2014,2,"Male","Black",50,8
2014,2,"Male","Black",55,6
2014,2,"Male","Black",60,15
2014,2,"Male","Black",65,15
2014,2,"Male","Black",70,20
2014,2,"Male","Black",75,18
2014,2,"Male","Black",80,37
2014,2,"Female","Brown",0,44
2014,2,"Female","Brown",5,4
2014,2,"Female","Brown",10,4
2014,2,"Female","Brown",15,9
2014,2,"Female","Brown",20,7
2014,2,"Female","Brown",25,10
2014,2,"Female","Brown",30,25
2014,2,"Female","Brown",35,15
2014,2,"Female","Brown",40,16
2014,2,"Female","Brown",45,25
2014,2,"Female","Brown",50,32
2014,2,"Female","Brown",55,30
2014,2,"Female","Brown",60,43
2014,2,"Female","Brown",65,52
2014,2,"Female","Brown",70,51
2014,2,"Female","Brown",75,42
2014,2,"Female","Brown",80,158
2014,2,"Male","Brown",0,61
2014,2,"Male","Brown",5,4
2014,2,"Male","Brown",10,14
2014,2,"Male","Brown",15,50
2014,2,"Male","Brown",20,48
2014,2,"Male","Brown",25,57
2014,2,"Male","Brown",30,53
2014,2,"Male","Brown",35,44
2014,2,"Male","Brown",40,50
2014,2,"Male","Brown",45,43
2014,2,"Male","Brown",50,35
2014,2,"Male","Brown",55,65
2014,2,"Male","Brown",60,51
2014,2,"Male","Brown",65,63
2014,2,"Male","Brown",70,95
2014,2,"Male","Brown",75,81
2014,2,"Male","Brown",80,164
2014,2,"Female","Indigenous",0,2
2014,2,"Female","Indigenous",10,1
2014,2,"Female","Indigenous",70,1
2014,2,"Female","Indigenous",75,1
2014,2,"Female","Indigenous",80,1
2014,2,"Male","Indigenous",0,1
2014,2,"Male","Indigenous",80,2
2014,2,"Female","White",0,23
2014,2,"Female","White",5,1
2014,2,"Female","White",10,3
2014,2,"Female","White",20,3
2014,2,"Female","White",25,4
2014,2,"Female","White",30,3
2014,2,"Female","White",35,2
2014,2,"Female","White",40,1
2014,2,"Female","White",45,6
2014,2,"Female","White",50,7
2014,2,"Female","White",55,9
2014,2,"Female","White",60,14
2014,2,"Female","White",65,19
2014,2,"Female","White",70,30
2014,2,"Female","White",75,23
2014,2,"Female","White",80,88
2014,2,"Male","White",0,17
2014,2,"Male","White",5,2
2014,2,"Male","White",10,1
2014,2,"Male","White",15,3
2014,2,"Male","White",20,3
2014,2,"Male","White",25,7
2014,2,"Male","White",30,3
2014,2,"Male","White",35,6
2014,2,"Male","White",40,11
2014,2,"Male","White",45,15
2014,2,"Male","White",50,6
2014,2,"Male","White",55,12
2014,2,"Male","White",60,19
2014,2,"Male","White",65,22
2014,2,"Male","White",70,26
2014,2,"Male","White",75,26
2014,2,"Male","White",80,73
2014,3,"Female","Asian",35,1
2014,3,"Female","Asian",75,2
2014,3,"Male","Asian",40,1
2014,3,"Male","Asian",45,1
2014,3,"Male","Asian",70,1
2014,3,"Male","Asian",75,2
2014,3,"Female","Black",0,4
2014,3,"Female","Black",10,2
2014,3,"Female","Black",20,1
2014,3,"Female","Black",25,2
2014,3,"Female","Black",30,1
2014,3,"Female","Black",35,5
2014,3,"Female","Black",40,1
2014,3,"Female","Black",45,3
2014,3,"Female","Black",50,7
2014,3,"Female","Black",55,8
2014,3,"Female","Black",60,9
2014,3,"Female","Black",65,14
2014,3,"Female","Black",70,17
2014,3,"Female","Black",75,12
2014,3,"Female","Black",80,31
2014,3,"Male","Black",0,5
2014,3,"Male","Black",5,2
2014,3,"Male","Black",10,1
2014,3,"Male","Black",15,6
2014,3,"Male","Black",20,7
2014,3,"Male","Black",25,9
2014,3,"Male","Black",30,9
2014,3,"Male","Black",35,8
2014,3,"Male","Black",40,8
2014,3,"Male","Black",45,13
2014,3,"Male","Black",50,10
2014,3,"Male","Black",55,13
2014,3,"Male","Black",60,8
2014,3,"Male","Black",65,23
2014,3,"Male","Black",70,17
2014,3,"Male","Black",75,14
2014,3,"Male","Black",80,41
2014,3,"Female","Brown",0,48
2014,3,"Female","Brown",5,10
2014,3,"Female","Brown",10,4
2014,3,"Female","Brown",15,9
2014,3,"Female","Brown",20,12
2014,3,"Female","Brown",25,13
2014,3,"Female","Brown",30,18
2014,3,"Female","Brown",35,19
2014,3,"Female","Brown",40,15
2014,3,"Female","Brown",45,20
2014,3,"Female","Brown",50,36
2014,3,"Female","Brown",55,45
2014,3,"Female","Brown",60,58
2014,3,"Female","Brown",65,56
2014,3,"Female","Brown",70,72
2014,3,"Female","Brown",75,75
2014,3,"Female","Brown",80,179
2014,3,"Male","Brown",0,57
2014,3,"Male","Brown",5,5
2014,3,"Male","Brown",10,8
2014,3,"Male","Brown",15,39
2014,3,"Male","Brown",20,70
2014,3,"Male","Brown",25,71
2014,3,"Male","Brown",30,70
2014,3,"Male","Brown",35,59
2014,3,"Male","Brown",40,46
2014,3,"Male","Brown",45,52
2014,3,"Male","Brown",50,63
2014,3,"Male","Brown",55,81
2014,3,"Male","Brown",60,72
2014,3,"Male","Brown",65,73
2014,3,"Male","Brown",70,82
2014,3,"Male","Brown",75,94
2014,3,"Male","Brown",80,163
2014,3,"Female","Indigenous",0,5
2014,3,"Female","Indigenous",25,1
2014,3,"Female","Indigenous",80,2
2014,3,"Male","Indigenous",0,4
2014,3,"Male","Indigenous",20,1
2014,3,"Male","Indigenous",30,1
2014,3,"Male","Indigenous",35,1
2014,3,"Male","Indigenous",40,1
2014,3,"Male","Indigenous",60,1
2014,3,"Male","Indigenous",75,1
2014,3,"Male","Indigenous",80,2
2014,3,"Female","White",0,12
2014,3,"Female","White",5,2
2014,3,"Female","White",10,2
2014,3,"Female","White",15,3
2014,3,"Female","White",20,4
2014,3,"Female","White",25,1
2014,3,"Female","White",30,1
2014,3,"Female","White",35,7
2014,3,"Female","White",40,7
2014,3,"Female","White",45,8
2014,3,"Female","White",50,18
2014,3,"Female","White",55,12
2014,3,"Female","White",60,12
2014,3,"Female","White",65,20
2014,3,"Female","White",70,25
2014,3,"Female","White",75,43
2014,3,"Female","White",80,90
2014,3,"Male","White",0,17
2014,3,"Male","White",5,3
2014,3,"Male","White",10,4
2014,3,"Male","White",15,7
2014,3,"Male","White",20,8
2014,3,"Male","White",25,12
2014,3,"Male","White",30,5
2014,3,"Male","White",35,12
2014,3,"Male","White",40,11
2014,3,"Male","White",45,12
2014,3,"Male","White",50,11
2014,3,"Male","White",55,9
2014,3,"Male","White",60,29
2014,3,"Male","White",65,16
2014,3,"Male","White",70,34
2014,3,"Male","White",75,29
2014,3,"Male","White",80,76
2014,4,"Female","Asian",75,1
2014,4,"Female","Asian",80,1
2014,4,"Male","Asian",25,1
2014,4,"Male","Asian",60,1
2014,4,"Female","Black",0,1
2014,4,"Female","Black",5,1
2014,4,"Female","Black",10,2
2014,4,"Female","Black",15,2
2014,4,"Female","Black",20,1
2014,4,"Female","Black",25,2
2014,4,"Female","Black",30,5
2014,4,"Female","Black",35,9
2014,4,"Female","Black",40,2
2014,4,"Female","Black",45,9
2014,4,"Female","Black",50,7
2014,4,"Female","Black",55,5
2014,4,"Female","Black",60,15
2014,4,"Female","Black",65,10
2014,4,"Female","Black",70,10
2014,4,"Female","Black",75,8
2014,4,"Female","Black",80,53
2014,4,"Male","Black",10,2
2014,4,"Male","Black",15,14
2014,4,"Male","Black",20,3
2014,4,"Male","Black",25,18
2014,4,"Male","Black",30,10
2014,4,"Male","Black",35,7
2014,4,"Male","Black",40,4
2014,4,"Male","Black",45,12
2014,4,"Male","Black",50,5
2014,4,"Male","Black",55,9
2014,4,"Male","Black",60,14
2014,4,"Male","Black",65,18
2014,4,"Male","Black",70,15
2014,4,"Male","Black",75,22
2014,4,"Male","Black",80,37
2014,4,"Female","Brown",0,36
2014,4,"Female","Brown",5,10
2014,4,"Female","Brown",10,5
2014,4,"Female","Brown",15,13
2014,4,"Female","Brown",20,10
2014,4,"Female","Brown",25,10
2014,4,"Female","Brown",30,9
2014,4,"Female","Brown",35,26
2014,4,"Female","Brown",40,19
2014,4,"Female","Brown",45,22
2014,4,"Female","Brown",50,32
2014,4,"Female","Brown",55,48
2014,4,"Female","Brown",60,69
2014,4,"Female","Brown",65,47
2014,4,"Female","Brown",70,53
2014,4,"Female","Brown",75,73
2014,4,"Female","Brown",80,166
2014,4,"Male","Brown",0,43
2014,4,"Male","Brown",5,6
2014,4,"Male","Brown",10,7
2014,4,"Male","Brown",15,36
2014,4,"Male","Brown",20,44
2014,4,"Male","Brown",25,61
2014,4,"Male","Brown",30,59
2014,4,"Male","Brown",35,45
2014,4,"Male","Brown",40,53
2014,4,"Male","Brown",45,53
2014,4,"Male","Brown",50,53
2014,4,"Male","Brown",55,62
2014,4,"Male","Brown",60,72
2014,4,"Male","Brown",65,70
2014,4,"Male","Brown",70,85
2014,4,"Male","Brown",75,89
2014,4,"Male","Brown",80,214
2014,4,"Female","Indigenous",0,5
2014,4,"Female","Indigenous",25,1
2014,4,"Female","Indigenous",30,2
2014,4,"Female","Indigenous",35,2
2014,4,"Female","Indigenous",45,1
2014,4,"Female","Indigenous",70,1
2014,4,"Female","Indigenous",80,1
2014,4,"Male","Indigenous",0,2
2014,4,"Male","Indigenous",5,1
2014,4,"Male","Indigenous",35,3
2014,4,"Male","Indigenous",40,1
2014,4,"Male","Indigenous",50,1
2014,4,"Male","Indigenous",80,1
2014,4,"Female","White",0,10
2014,4,"Female","White",5,3
2014,4,"Female","White",15,3
2014,4,"Female","White",20,2
2014,4,"Female","White",25,5
2014,4,"Female","White",30,5
2014,4,"Female","White",35,4
2014,4,"Female","White",40,9
2014,4,"Female","White",45,4
2014,4,"Female","White",50,8
2014,4,"Female","White",55,12
2014,4,"Female","White",60,23
2014,4,"Female","White",65,13
2014,4,"Female","White",70,32
2014,4,"Female","White",75,37
2014,4,"Female","White",80,92
2014,4,"Male","White",0,20
2014,4,"Male","White",10,4
2014,4,"Male","White",15,12
2014,4,"Male","White",20,10
2014,4,"Male","White",25,9
2014,4,"Male","White",30,10
2014,4,"Male","White",35,18
2014,4,"Male","White",40,8
2014,4,"Male","White",45,5
2014,4,"Male","White",50,16
2014,4,"Male","White",55,16
2014,4,"Male","White",60,18
2014,4,"Male","White",65,18
2014,4,"Male","White",70,26
2014,4,"Male","White",75,40
2014,4,"Male","White",80,81
2014,5,"Female","Asian",70,1
2014,5,"Female","Asian",80,1
2014,5,"Male","Asian",0,1
2014,5,"Male","Asian",45,1
2014,5,"Female","Black",10,1
2014,5,"Female","Black",20,3
2014,5,"Female","Black",25,1
2014,5,"Female","Black",30,1
2014,5,"Female","Black",35,5
2014,5,"Female","Black",40,3
2014,5,"Female","Black",45,5
2014,5,"Female","Black",50,3
2014,5,"Female","Black",55,4
2014,5,"Female","Black",60,13
2014,5,"Female","Black",65,9
2014,5,"Female","Black",70,17
2014,5,"Female","Black",75,9
2014,5,"Female","Black",80,32
2014,5,"Male","Black",0,3
2014,5,"Male","Black",5,1
2014,5,"Male","Black",10,4
2014,5,"Male","Black",15,6
2014,5,"Male","Black",20,7
2014,5,"Male","Black",25,11
2014,5,"Male","Black",30,4
2014,5,"Male","Black",35,6
2014,5,"Male","Black",40,10
2014,5,"Male","Black",45,8
2014,5,"Male","Black",50,16
2014,5,"Male","Black",55,9
2014,5,"Male","Black",60,13
2014,5,"Male","Black",65,15
2014,5,"Male","Black",70,17
2014,5,"Male","Black",75,13
2014,5,"Male","Black",80,34
2014,5,"Female","Brown",0,59
2014,5,"Female","Brown",5,1
2014,5,"Female","Brown",10,8
2014,5,"Female","Brown",15,12
2014,5,"Female","Brown",20,6
2014,5,"Female","Brown",25,17
2014,5,"Female","Brown",30,17
2014,5,"Female","Brown",35,17
2014,5,"Female","Brown",40,14
2014,5,"Female","Brown",45,28
2014,5,"Female","Brown",50,40
2014,5,"Female","Brown",55,54
2014,5,"Female","Brown",60,58
2014,5,"Female","Brown",65,58
2014,5,"Female","Brown",70,66
2014,5,"Female","Brown",75,73
2014,5,"Female","Brown",80,176
2014,5,"Male","Brown",0,79
2014,5,"Male","Brown",5,3
2014,5,"Male","Brown",10,6
2014,5,"Male","Brown",15,41
2014,5,"Male","Brown",20,60
2014,5,"Male","Brown",25,57
2014,5,"Male","Brown",30,57
2014,5,"Male","Brown",35,41
2014,5,"Male","Brown",40,47
2014,5,"Male","Brown",45,54
2014,5,"Male","Brown",50,60
2014,5,"Male","Brown",55,70
2014,5,"Male","Brown",60,70
2014,5,"Male","Brown",65,82
2014,5,"Male","Brown",70,108
2014,5,"Male","Brown",75,82
2014,5,"Male","Brown",80,226
2014,5,"Female","Indigenous",0,1
2014,5,"Female","Indigenous",40,2
2014,5,"Female","Indigenous",65,1
2014,5,"Female","Indigenous",80,1
2014,5,"Male","Indigenous",50,1
2014,5,"Male","Indigenous",70,1
2014,5,"Male","Indigenous",75,3
2014,5,"Female","White",0,15
2014,5,"Female","White",5,3
2014,5,"Female","White",10,4
2014,5,"Female","White",15,5
2014,5,"Female","White",20,7
2014,5,"Female","White",25,1
2014,5,"Female","White",30,5
2014,5,"Female","White",35,6
2014,5,"Female","White",40,2
2014,5,"Female","White",45,12
2014,5,"Female","White",50,9
2014,5,"Female","White",55,11
2014,5,"Female","White",60,14
2014,5,"Female","White",65,23
2014,5,"Female","White",70,29
2014,5,"Female","White",75,35
2014,5,"Female","White",80,104
2014,5,"Male","White",0,13
2014,5,"Male","White",5,2
2014,5,"Male","White",15,6
2014,5,"Male","White",20,8
2014,5,"Male","White",25,10
2014,5,"Male","White",30,11
2014,5,"Male","White",35,12
2014,5,"Male","White",40,9
2014,5,"Male","White",45,7
2014,5,"Male","White",50,12
2014,5,"Male","White",55,17
2014,5,"Male","White",60,22
2014,5,"Male","White",65,16
2014,5,"Male","White",70,33
2014,5,"Male","White",75,40
2014,5,"Male","White",80,92
2014,6,"Female","Asian",50,1
2014,6,"Female","Asian",80,1
2014,6,"Male","Asian",0,2
2014,6,"Male","Asian",30,1
2014,6,"Male","Asian",80,1
2014,6,"Female","Black",0,3
2014,6,"Female","Black",10,2
2014,6,"Female","Black",15,1
2014,6,"Female","Black",25,2
2014,6,"Female","Black",40,3
2014,6,"Female","Black",45,3
2014,6,"Female","Black",50,8
2014,6,"Female","Black",55,8
2014,6,"Female","Black",60,9
2014,6,"Female","Black",65,6
2014,6,"Female","Black",70,13
2014,6,"Female","Black",75,23
2014,6,"Female","Black",80,42
2014,6,"Male","Black",0,1
2014,6,"Male","Black",5,2
2014,6,"Male","Black",10,1
2014,6,"Male","Black",15,6
2014,6,"Male","Black",20,14
2014,6,"Male","Black",25,6
2014,6,"Male","Black",30,5
2014,6,"Male","Black",35,8
2014,6,"Male","Black",40,5
2014,6,"Male","Black",45,7
2014,6,"Male","Black",50,13
2014,6,"Male","Black",55,11
2014,6,"Male","Black",60,19
2014,6,"Male","Black",65,25
2014,6,"Male","Black",70,19
2014,6,"Male","Black",75,16
2014,6,"Male","Black",80,28
2014,6,"Female","Brown",0,46
2014,6,"Female","Brown",5,4
2014,6,"Female","Brown",10,4
2014,6,"Female","Brown",15,7
2014,6,"Female","Brown",20,9
2014,6,"Female","Brown",25,11
2014,6,"Female","Brown",30,15
2014,6,"Female","Brown",35,27
2014,6,"Female","Brown",40,28
2014,6,"Female","Brown",45,23
2014,6,"Female","Brown",50,30
2014,6,"Female","Brown",55,43
2014,6,"Female","Brown",60,55
2014,6,"Female","Brown",65,46
2014,6,"Female","Brown",70,69
2014,6,"Female","Brown",75,70
2014,6,"Female","Brown",80,170
2014,6,"Male","Brown",0,78
2014,6,"Male","Brown",5,5
2014,6,"Male","Brown",10,10
2014,6,"Male","Brown",15,37
2014,6,"Male","Brown",20,61
2014,6,"Male","Brown",25,47
2014,6,"Male","Brown",30,61
2014,6,"Male","Brown",35,65
2014,6,"Male","Brown",40,47
2014,6,"Male","Brown",45,46
2014,6,"Male","Brown",50,53
2014,6,"Male","Brown",55,74
2014,6,"Male","Brown",60,54
2014,6,"Male","Brown",65,79
2014,6,"Male","Brown",70,95
2014,6,"Male","Brown",75,82
2014,6,"Male","Brown",80,180
2014,6,"Female","Indigenous",0,4
2014,6,"Male","Indigenous",0,8
2014,6,"Male","Indigenous",5,1
2014,6,"Male","Indigenous",10,1
2014,6,"Male","Indigenous",20,1
2014,6,"Male","Indigenous",25,1
2014,6,"Male","Indigenous",35,1
2014,6,"Male","Indigenous",70,1
2014,6,"Male","Indigenous",80,2
2014,6,"Female","White",0,10
2014,6,"Female","White",10,1
2014,6,"Female","White",15,1
2014,6,"Female","White",20,2
2014,6,"Female","White",25,3
2014,6,"Female","White",30,2
2014,6,"Female","White",35,3
2014,6,"Female","White",40,4
2014,6,"Female","White",45,4
2014,6,"Female","White",50,8
2014,6,"Female","White",55,13
2014,6,"Female","White",60,13
2014,6,"Female","White",65,12
2014,6,"Female","White",70,18
2014,6,"Female","White",75,28
2014,6,"Female","White",80,79
2014,6,"Male","White",0,8
2014,6,"Male","White",5,3
2014,6,"Male","White",10,1
2014,6,"Male","White",15,3
2014,6,"Male","White",20,7
2014,6,"Male","White",25,10
2014,6,"Male","White",30,3
2014,6,"Male","White",35,12
2014,6,"Male","White",40,6
2014,6,"Male","White",45,8
2014,6,"Male","White",50,14
2014,6,"Male","White",55,16
2014,6,"Male","White",60,20
2014,6,"Male","White",65,21
2014,6,"Male","White",70,25
2014,6,"Male","White",75,31
2014,6,"Male","White",80,83
2014,7,"Female","Asian",55,1
2014,7,"Female","Asian",60,1
2014,7,"Female","Asian",80,4
2014,7,"Female","Black",0,1
2014,7,"Female","Black",5,2
2014,7,"Female","Black",20,1
2014,7,"Female","Black",25,2
2014,7,"Female","Black",30,4
2014,7,"Female","Black",40,7
2014,7,"Female","Black",45,5
2014,7,"Female","Black",50,10
2014,7,"Female","Black",55,10
2014,7,"Female","Black",60,11
2014,7,"Female","Black",65,12
2014,7,"Female","Black",70,11
2014,7,"Female","Black",75,22
2014,7,"Female","Black",80,40
2014,7,"Male","Black",0,1
2014,7,"Male","Black",15,5
2014,7,"Male","Black",20,10
2014,7,"Male","Black",25,16
2014,7,"Male","Black",30,14
2014,7,"Male","Black",35,11
2014,7,"Male","Black",40,9
2014,7,"Male","Black",45,6
2014,7,"Male","Black",50,7
2014,7,"Male","Black",55,9
2014,7,"Male","Black",60,19
2014,7,"Male","Black",65,17
2014,7,"Male","Black",70,19
2014,7,"Male","Black",75,14
2014,7,"Male","Black",80,40
2014,7,"Female","Brown",0,50
2014,7,"Female","Brown",5,3
2014,7,"Female","Brown",10,4
2014,7,"Female","Brown",15,9
2014,7,"Female","Brown",20,5
2014,7,"Female","Brown",25,14
2014,7,"Female","Brown",30,14
2014,7,"Female","Brown",35,12
2014,7,"Female","Brown",40,27
2014,7,"Female","Brown",45,33
2014,7,"Female","Brown",50,27
2014,7,"Female","Brown",55,41
2014,7,"Female","Brown",60,53
2014,7,"Female","Brown",65,57
2014,7,"Female","Brown",70,63
2014,7,"Female","Brown",75,75
2014,7,"Female","Brown",80,159
2014,7,"Male","Brown",0,68
2014,7,"Male","Brown",5,2
2014,7,"Male","Brown",10,11
2014,7,"Male","Brown",15,37
2014,7,"Male","Brown",20,50
2014,7,"Male","Brown",25,63
2014,7,"Male","Brown",30,57
2014,7,"Male","Brown",35,51
2014,7,"Male","Brown",40,35
2014,7,"Male","Brown",45,40
2014,7,"Male","Brown",50,68
2014,7,"Male","Brown",55,55
2014,7,"Male","Brown",60,78
2014,7,"Male","Brown",65,77
2014,7,"Male","Brown",70,90
2014,7,"Male","Brown",75,89
2014,7,"Male","Brown",80,167
2014,7,"Female","Indigenous",0,3
2014,7,"Female","Indigenous",55,1
2014,7,"Female","Indigenous",65,1
2014,7,"Female","Indigenous",70,1
2014,7,"Female","Indigenous",80,1
2014,7,"Male","Indigenous",0,7
2014,7,"Male","Indigenous",5,1
2014,7,"Male","Indigenous",60,1
2014,7,"Male","Indigenous",75,1
2014,7,"Male","Indigenous",80,1
2014,7,"Female","White",0,16
2014,7,"Female","White",10,1
2014,7,"Female","White",15,4
2014,7,"Female","White",20,5
2014,7,"Female","White",25,8
2014,7,"Female","White",30,3
2014,7,"Female","White",35,2
2014,7,"Female","White",40,9
2014,7,"Female","White",45,7
2014,7,"Female","White",50,7
2014,7,"Female","White",55,14
2014,7,"Female","White",60,16
2014,7,"Female","White",65,16
2014,7,"Female","White",70,34
2014,7,"Female","White",75,27
2014,7,"Female","White",80,102
2014,7,"Male","White",0,18
2014,7,"Male","White",10,3
2014,7,"Male","White",15,2
2014,7,"Male","White",20,7
2014,7,"Male","White",25,11
2014,7,"Male","White",30,9
2014,7,"Male","White",35,5
2014,7,"Male","White",40,10
2014,7,"Male","White",45,15
2014,7,"Male","White",50,11
2014,7,"Male","White",55,13
2014,7,"Male","White",60,25
2014,7,"Male","White",65,16
2014,7,"Male","White",70,31
2014,7,"Male","White",75,26
2014,7,"Male","White",80,72
2014,8,"Female","Asian",0,2
2014,8,"Female","Asian",55,1
2014,8,"Female","Asian",70,1
2014,8,"Female","Asian",80,1
2014,8,"Male","Asian",0,1
2014,8,"Male","Asian",15,1
2014,8,"Male","Asian",55,1
2014,8,"Male","Asian",80,2
2014,8,"Female","Black",0,1
2014,8,"Female","Black",5,1
2014,8,"Female","Black",20,2
2014,8,"Female","Black",25,4
2014,8,"Female","Black",30,1
2014,8,"Female","Black",35,2
2014,8,"Female","Black",40,8
2014,8,"Female","Black",45,5
2014,8,"Female","Black",50,7
2014,8,"Female","Black",55,8
2014,8,"Female","Black",60,8
2014,8,"Female","Black",65,13
2014,8,"Female","Black",70,10
2014,8,"Female","Black",75,11
2014,8,"Female","Black",80,26
2014,8,"Male","Black",0,4
2014,8,"Male","Black",5,1
2014,8,"Male","Black",15,3
2014,8,"Male","Black",20,6
2014,8,"Male","Black",25,12
2014,8,"Male","Black",30,11
2014,8,"Male","Black",35,13
2014,8,"Male","Black",40,10
2014,8,"Male","Black",45,13
2014,8,"Male","Black",50,4
2014,8,"Male","Black",55,15
2014,8,"Male","Black",60,20
2014,8,"Male","Black",65,15
2014,8,"Male","Black",70,13
2014,8,"Male","Black",75,19
2014,8,"Male","Black",80,34
2014,8,"Female","Brown",0,50
2014,8,"Female","Brown",5,3
2014,8,"Female","Brown",10,3
2014,8,"Female","Brown",15,6
2014,8,"Female","Brown",20,16
2014,8,"Female","Brown",25,13
2014,8,"Female","Brown",30,18
2014,8,"Female","Brown",35,30
2014,8,"Female","Brown",40,25
2014,8,"Female","Brown",45,17
2014,8,"Female","Brown",50,29
2014,8,"Female","Brown",55,45
2014,8,"Female","Brown",60,47
2014,8,"Female","Brown",65,51
2014,8,"Female","Brown",70,67
2014,8,"Female","Brown",75,65
2014,8,"Female","Brown",80,184
2014,8,"Male","Brown",0,71
2014,8,"Male","Brown",5,7
2014,8,"Male","Brown",10,4
2014,8,"Male","Brown",15,35
2014,8,"Male","Brown",20,71
2014,8,"Male","Brown",25,67
2014,8,"Male","Brown",30,72
2014,8,"Male","Brown",35,54
2014,8,"Male","Brown",40,43
2014,8,"Male","Brown",45,45
2014,8,"Male","Brown",50,62
2014,8,"Male","Brown",55,61
2014,8,"Male","Brown",60,73
2014,8,"Male","Brown",65,84
2014,8,"Male","Brown",70,96
2014,8,"Male","Brown",75,80
2014,8,"Male","Brown",80,186
2014,8,"Female","Indigenous",0,4
2014,8,"Female","Indigenous",5,1
2014,8,"Female","Indigenous",15,2
2014,8,"Female","Indigenous",40,1
2014,8,"Female","Indigenous",80,1
2014,8,"Male","Indigenous",0,3
2014,8,"Male","Indigenous",5,1
2014,8,"Male","Indigenous",25,1
2014,8,"Male","Indigenous",30,1
2014,8,"Male","Indigenous",55,2
2014,8,"Male","Indigenous",75,1
2014,8,"Male","Indigenous",80,1
2014,8,"Female","White",0,12
2014,8,"Female","White",5,1
2014,8,"Female","White",10,2
2014,8,"Female","White",15,1
2014,8,"Female","White",20,4
2014,8,"Female","White",25,3
2014,8,"Female","White",30,6
2014,8,"Female","White",35,4
2014,8,"Female","White",40,7
2014,8,"Female","White",45,11
2014,8,"Female","White",50,10
2014,8,"Female","White",55,13
2014,8,"Female","White",60,19
2014,8,"Female","White",65,15
2014,8,"Female","White",70,21
2014,8,"Female","White",75,28
2014,8,"Female","White",80,106
2014,8,"Male","White",0,15
2014,8,"Male","White",5,2
2014,8,"Male","White",10,1
2014,8,"Male","White",15,5
2014,8,"Male","White",20,13
2014,8,"Male","White",25,13
2014,8,"Male","White",30,9
2014,8,"Male","White",35,8
2014,8,"Male","White",40,11
2014,8,"Male","White",45,11
2014,8,"Male","White",50,9
2014,8,"Male","White",55,13
2014,8,"Male","White",60,15
2014,8,"Male","White",65,19
2014,8,"Male","White",70,27
2014,8,"Male","White",75,27
2014,8,"Male","White",80,92
2014,9,"Female","Asian",75,1
2014,9,"Female","Asian",80,1
2014,9,"Male","Asian",0,1
2014,9,"Male","Asian",25,1
2014,9,"Male","Asian",35,1
2014,9,"Male","Asian",50,2
2014,9,"Male","Asian",60,1
2014,9,"Male","Asian",65,1
2014,9,"Male","Asian",75,1
2014,9,"Male","Asian",80,2
2014,9,"Female","Black",0,3
2014,9,"Female","Black",15,4
2014,9,"Female","Black",20,2
2014,9,"Female","Black",25,1
2014,9,"Female","Black",30,4
2014,9,"Female","Black",35,5
2014,9,"Female","Black",40,4
2014,9,"Female","Black",45,3
2014,9,"Female","Black",50,9
2014,9,"Female","Black",55,4
2014,9,"Female","Black",60,10
2014,9,"Female","Black",65,11
2014,9,"Female","Black",70,16
2014,9,"Female","Black",75,18
2014,9,"Female","Black",80,34
2014,9,"Male","Black",0,2
2014,9,"Male","Black",10,3
2014,9,"Male","Black",15,7
2014,9,"Male","Black",20,15
2014,9,"Male","Black",25,11
2014,9,"Male","Black",30,12
2014,9,"Male","Black",35,9
2014,9,"Male","Black",40,2
2014,9,"Male","Black",45,11
2014,9,"Male","Black",50,9
2014,9,"Male","Black",55,5
2014,9,"Male","Black",60,12
2014,9,"Male","Black",65,14
2014,9,"Male","Black",70,18
2014,9,"Male","Black",75,15
2014,9,"Male","Black",80,32
2014,9,"Female","Brown",0,51
2014,9,"Female","Brown",5,3
2014,9,"Female","Brown",10,8
2014,9,"Female","Brown",15,8
2014,9,"Female","Brown",20,11
2014,9,"Female","Brown",25,15
2014,9,"Female","Brown",30,30
2014,9,"Female","Brown",35,18
2014,9,"Female","Brown",40,17
2014,9,"Female","Brown",45,24
2014,9,"Female","Brown",50,35
2014,9,"Female","Brown",55,32
2014,9,"Female","Brown",60,40
2014,9,"Female","Brown",65,45
2014,9,"Female","Brown",70,57
2014,9,"Female","Brown",75,63
2014,9,"Female","Brown",80,149
2014,9,"Male","Brown",0,53
2014,9,"Male","Brown",5,6
2014,9,"Male","Brown",10,6
2014,9,"Male","Brown",15,42
2014,9,"Male","Brown",20,66
2014,9,"Male","Brown",25,62
2014,9,"Male","Brown",30,67
2014,9,"Male","Brown",35,62
2014,9,"Male","Brown",40,50
2014,9,"Male","Brown",45,63
2014,9,"Male","Brown",50,65
2014,9,"Male","Brown",55,54
2014,9,"Male","Brown",60,89
2014,9,"Male","Brown",65,82
2014,9,"Male","Brown",70,80
2014,9,"Male","Brown",75,85
2014,9,"Male","Brown",80,179
2014,9,"Female","Indigenous",0,2
2014,9,"Female","Indigenous",55,1
2014,9,"Female","Indigenous",75,1
2014,9,"Female","Indigenous",80,2
2014,9,"Male","Indigenous",0,6
2014,9,"Male","Indigenous",40,1
2014,9,"Male","Indigenous",45,1
2014,9,"Male","Indigenous",50,1
2014,9,"Male","Indigenous",55,1
2014,9,"Male","Indigenous",70,1
2014,9,"Male","Indigenous",80,1
2014,9,"Female","White",0,12
2014,9,"Female","White",5,1
2014,9,"Female","White",10,3
2014,9,"Female","White",15,2
2014,9,"Female","White",20,4
2014,9,"Female","White",25,2
2014,9,"Female","White",30,2
2014,9,"Female","White",35,6
2014,9,"Female","White",40,9
2014,9,"Female","White",45,7
2014,9,"Female","White",50,4
2014,9,"Female","White",55,11
2014,9,"Female","White",60,17
2014,9,"Female","White",65,19
2014,9,"Female","White",70,23
2014,9,"Female","White",75,36
2014,9,"Female","White",80,95
2014,9,"Male","White",0,13
2014,9,"Male","White",15,8
2014,9,"Male","White",20,7
2014,9,"Male","White",25,8
2014,9,"Male","White",30,9
2014,9,"Male","White",35,15
2014,9,"Male","White",40,5
2014,9,"Male","White",45,10
2014,9,"Male","White",50,12
2014,9,"Male","White",55,14
2014,9,"Male","White",60,14
2014,9,"Male","White",65,22
2014,9,"Male","White",70,18
2014,9,"Male","White",75,28
2014,9,"Male","White",80,85
2014,10,"Female","Asian",50,1
2014,10,"Female","Asian",60,1
2014,10,"Female","Asian",70,1
2014,10,"Female","Asian",80,1
2014,10,"Male","Asian",20,1
2014,10,"Male","Asian",65,1
2014,10,"Male","Asian",70,1
2014,10,"Male","Asian",80,1
2014,10,"Female","Black",0,4
2014,10,"Female","Black",10,1
2014,10,"Female","Black",15,1
2014,10,"Female","Black",20,1
2014,10,"Female","Black",25,3
2014,10,"Female","Black",30,4
2014,10,"Female","Black",35,1
2014,10,"Female","Black",40,4
2014,10,"Female","Black",45,8
2014,10,"Female","Black",50,4
2014,10,"Female","Black",55,7
2014,10,"Female","Black",60,5
2014,10,"Female","Black",65,12
2014,10,"Female","Black",70,9
2014,10,"Female","Black",75,24
2014,10,"Female","Black",80,31
2014,10,"Male","Black",0,2
2014,10,"Male","Black",5,2
2014,10,"Male","Black",10,1
2014,10,"Male","Black",15,9
2014,10,"Male","Black",20,11
2014,10,"Male","Black",25,10
2014,10,"Male","Black",30,11
2014,10,"Male","Black",35,10
2014,10,"Male","Black",40,10
2014,10,"Male","Black",45,7
2014,10,"Male","Black",50,11
2014,10,"Male","Black",55,16
2014,10,"Male","Black",60,21
2014,10,"Male","Black",65,18
2014,10,"Male","Black",70,9
2014,10,"Male","Black",75,16
2014,10,"Male","Black",80,36
2014,10,"Female","Brown",0,60
2014,10,"Female","Brown",5,9
2014,10,"Female","Brown",10,9
2014,10,"Female","Brown",15,7
2014,10,"Female","Brown",20,6
2014,10,"Female","Brown",25,7
2014,10,"Female","Brown",30,13
2014,10,"Female","Brown",35,19
2014,10,"Female","Brown",40,23
2014,10,"Female","Brown",45,30
2014,10,"Female","Brown",50,29
2014,10,"Female","Brown",55,38
2014,10,"Female","Brown",60,58
2014,10,"Female","Brown",65,47
2014,10,"Female","Brown",70,42
2014,10,"Female","Brown",75,61
2014,10,"Female","Brown",80,156
2014,10,"Male","Brown",0,77
2014,10,"Male","Brown",5,4
2014,10,"Male","Brown",10,14
2014,10,"Male","Brown",15,38
2014,10,"Male","Brown",20,62
2014,10,"Male","Brown",25,68
2014,10,"Male","Brown",30,54
2014,10,"Male","Brown",35,48
2014,10,"Male","Brown",40,57
2014,10,"Male","Brown",45,53
2014,10,"Male","Brown",50,58
2014,10,"Male","Brown",55,58
2014,10,"Male","Brown",60,77
2014,10,"Male","Brown",65,64
2014,10,"Male","Brown",70,90
2014,10,"Male","Brown",75,69
2014,10,"Male","Brown",80,169
2014,10,"Female","Indigenous",60,1
2014,10,"Male","Indigenous",0,2
2014,10,"Male","Indigenous",5,1
2014,10,"Male","Indigenous",30,1
2014,10,"Male","Indigenous",45,1
2014,10,"Male","Indigenous",50,1
2014,10,"Male","Indigenous",70,1
2014,10,"Male","Indigenous",80,3
2014,10,"Female","White",0,10
2014,10,"Female","White",5,1
2014,10,"Female","White",10,3
2014,10,"Female","White",15,5
2014,10,"Female","White",20,2
2014,10,"Female","White",25,1
2014,10,"Female","White",30,4
2014,10,"Female","White",35,5
2014,10,"Female","White",40,11
2014,10,"Female","White",45,9
2014,10,"Female","White",50,5
2014,10,"Female","White",55,12
2014,10,"Female","White",60,12
2014,10,"Female","White",65,16
2014,10,"Female","White",70,26
2014,10,"Female","White",75,31
2014,10,"Female","White",80,87
2014,10,"Male","White",0,15
2014,10,"Male","White",5,3
2014,10,"Male","White",10,4
2014,10,"Male","White",15,5
2014,10,"Male","White",20,8
2014,10,"Male","White",25,11
2014,10,"Male","White",30,6
2014,10,"Male","White",35,9
2014,10,"Male","White",40,4
2014,10,"Male","White",45,12
2014,10,"Male","White",50,6
2014,10,"Male","White",55,11
2014,10,"Male","White",60,13
2014,10,"Male","White",65,31
2014,10,"Male","White",70,36
2014,10,"Male","White",75,36
2014,10,"Male","White",80,75
2014,11,"Female","Asian",45,1
2014,11,"Female","Asian",80,1
2014,11,"Male","Asian",30,1
2014,11,"Male","Asian",45,1
2014,11,"Male","Asian",60,1
2014,11,"Male","Asian",70,1
2014,11,"Female","Black",0,2
2014,11,"Female","Black",10,1
2014,11,"Female","Black",25,1
2014,11,"Female","Black",30,3
2014,11,"Female","Black",35,5
2014,11,"Female","Black",40,6
2014,11,"Female","Black",45,2
2014,11,"Female","Black",50,5
2014,11,"Female","Black",55,5
2014,11,"Female","Black",60,11
2014,11,"Female","Black",65,8
2014,11,"Female","Black",70,8
2014,11,"Female","Black",75,13
2014,11,"Female","Black",80,18
2014,11,"Male","Black",0,3
2014,11,"Male","Black",10,1
2014,11,"Male","Black",15,10
2014,11,"Male","Black",20,13
2014,11,"Male","Black",25,9
2014,11,"Male","Black",30,10
2014,11,"Male","Black",35,10
2014,11,"Male","Black",40,11
2014,11,"Male","Black",45,10
2014,11,"Male","Black",50,9
2014,11,"Male","Black",55,10
2014,11,"Male","Black",60,15
2014,11,"Male","Black",65,12
2014,11,"Male","Black",70,16
2014,11,"Male","Black",75,21
2014,11,"Male","Black",80,33
2014,11,"Female","Brown",0,51
2014,11,"Female","Brown",5,5
2014,11,"Female","Brown",10,4
2014,11,"Female","Brown",15,14
2014,11,"Female","Brown",20,6
2014,11,"Female","Brown",25,13
2014,11,"Female","Brown",30,19
2014,11,"Female","Brown",35,11
2014,11,"Female","Brown",40,15
2014,11,"Female","Brown",45,28
2014,11,"Female","Brown",50,37
2014,11,"Female","Brown",55,38
2014,11,"Female","Brown",60,46
2014,11,"Female","Brown",65,59
2014,11,"Female","Brown",70,62
2014,11,"Female","Brown",75,63
2014,11,"Female","Brown",80,146
2014,11,"Male","Brown",0,90
2014,11,"Male","Brown",5,9
2014,11,"Male","Brown",10,8
2014,11,"Male","Brown",15,55
2014,11,"Male","Brown",20,83
2014,11,"Male","Brown",25,77
2014,11,"Male","Brown",30,61
2014,11,"Male","Brown",35,55
2014,11,"Male","Brown",40,57
2014,11,"Male","Brown",45,58
2014,11,"Male","Brown",50,56
2014,11,"Male","Brown",55,62
2014,11,"Male","Brown",60,68
2014,11,"Male","Brown",65,63
2014,11,"Male","Brown",70,87
2014,11,"Male","Brown",75,81
2014,11,"Male","Brown",80,184
2014,11,"Female","Indigenous",0,2
2014,11,"Female","Indigenous",10,1
2014,11,"Female","Indigenous",35,1
2014,11,"Female","Indigenous",75,1
2014,11,"Male","Indigenous",0,2
2014,11,"Male","Indigenous",10,1
2014,11,"Male","Indigenous",65,1
2014,11,"Male","Indigenous",75,1
2014,11,"Male","Indigenous",80,2
2014,11,"Female","White",0,19
2014,11,"Female","White",5,2
2014,11,"Female","White",10,1
2014,11,"Female","White",15,1
2014,11,"Female","White",20,3
2014,11,"Female","White",25,1
2014,11,"Female","White",30,6
2014,11,"Female","White",35,7
2014,11,"Female","White",40,7
2014,11,"Female","White",45,5
2014,11,"Female","White",50,13
2014,11,"Female","White",55,10
2014,11,"Female","White",60,16
2014,11,"Female","White",65,16
2014,11,"Female","White",70,23
2014,11,"Female","White",75,23
2014,11,"Female","White",80,98
2014,11,"Male","White",0,13
2014,11,"Male","White",10,1
2014,11,"Male","White",15,6
2014,11,"Male","White",20,8
2014,11,"Male","White",25,11
2014,11,"Male","White",30,14
2014,11,"Male","White",35,7
2014,11,"Male","White",40,3
2014,11,"Male","White",45,8
2014,11,"Male","White",50,14
2014,11,"Male","White",55,14
2014,11,"Male","White",60,20
2014,11,"Male","White",65,21
2014,11,"Male","White",70,21
2014,11,"Male","White",75,26
2014,11,"Male","White",80,83
2014,12,"Female","Asian",55,1
2014,12,"Female","Asian",80,3
2014,12,"Male","Asian",20,1
2014,12,"Male","Asian",30,1
2014,12,"Male","Asian",35,1
2014,12,"Male","Asian",60,2
2014,12,"Male","Asian",75,1
2014,12,"Male","Asian",80,2
2014,12,"Female","Black",0,1
2014,12,"Female","Black",5,1
2014,12,"Female","Black",15,1
2014,12,"Female","Black",20,3
2014,12,"Female","Black",25,1
2014,12,"Female","Black",30,2
2014,12,"Female","Black",35,7
2014,12,"Female","Black",40,1
2014,12,"Female","Black",45,5
2014,12,"Female","Black",50,3
2014,12,"Female","Black",55,8
2014,12,"Female","Black",60,12
2014,12,"Female","Black",65,5
2014,12,"Female","Black",70,15
2014,12,"Female","Black",75,15
2014,12,"Female","Black",80,24
2014,12,"Male","Black",0,5
2014,12,"Male","Black",10,2
2014,12,"Male","Black",15,4
2014,12,"Male","Black",20,12
2014,12,"Male","Black",25,17
2014,12,"Male","Black",30,11
2014,12,"Male","Black",35,5
2014,12,"Male","Black",40,9
2014,12,"Male","Black",45,8
2014,12,"Male","Black",50,11
2014,12,"Male","Black",55,12
2014,12,"Male","Black",60,13
2014,12,"Male","Black",65,21
2014,12,"Male","Black",70,16
2014,12,"Male","Black",75,16
2014,12,"Male","Black",80,23
2014,12,"Female","Brown",0,39
2014,12,"Female","Brown",5,6
2014,12,"Female","Brown",10,5
2014,12,"Female","Brown",15,14
2014,12,"Female","Brown",20,13
2014,12,"Female","Brown",25,7
2014,12,"Female","Brown",30,16
2014,12,"Female","Brown",35,22
2014,12,"Female","Brown",40,11
2014,12,"Female","Brown",45,29
2014,12,"Female","Brown",50,39
2014,12,"Female","Brown",55,32
2014,12,"Female","Brown",60,55
2014,12,"Female","Brown",65,44
2014,12,"Female","Brown",70,42
2014,12,"Female","Brown",75,67
2014,12,"Female","Brown",80,185
2014,12,"Male","Brown",0,74
2014,12,"Male","Brown",5,6
2014,12,"Male","Brown",10,6
2014,12,"Male","Brown",15,48
2014,12,"Male","Brown",20,73
2014,12,"Male","Brown",25,68
2014,12,"Male","Brown",30,73
2014,12,"Male","Brown",35,44
2014,12,"Male","Brown",40,56
2014,12,"Male","Brown",45,45
2014,12,"Male","Brown",50,70
2014,12,"Male","Brown",55,65
2014,12,"Male","Brown",60,64
2014,12,"Male","Brown",65,85
2014,12,"Male","Brown",70,103
2014,12,"Male","Brown",75,90
2014,12,"Male","Brown",80,167
2014,12,"Female","Indigenous",0,3
2014,12,"Female","Indigenous",30,1
2014,12,"Female","Indigenous",55,1
2014,12,"Female","Indigenous",60,1
2014,12,"Female","Indigenous",80,3
2014,12,"Male","Indigenous",0,5
2014,12,"Male","Indigenous",20,1
2014,12,"Male","Indigenous",35,1
2014,12,"Male","Indigenous",45,1
2014,12,"Male","Indigenous",50,1
2014,12,"Male","Indigenous",70,1
2014,12,"Male","Indigenous",75,1
2014,12,"Male","Indigenous",80,2
2014,12,"Female","White",0,10
2014,12,"Female","White",10,1
2014,12,"Female","White",15,2
2014,12,"Female","White",20,6
2014,12,"Female","White",25,1
2014,12,"Female","White",30,8
2014,12,"Female","White",35,3
2014,12,"Female","White",40,6
2014,12,"Female","White",45,4
2014,12,"Female","White",50,8
2014,12,"Female","White",55,13
2014,12,"Female","White",60,18
2014,12,"Female","White",65,15
2014,12,"Female","White",70,26
2014,12,"Female","White",75,33
2014,12,"Female","White",80,89
2014,12,"Male","White",0,13
2014,12,"Male","White",5,1
2014,12,"Male","White",10,2
2014,12,"Male","White",15,6
2014,12,"Male","White",20,9
2014,12,"Male","White",25,4
2014,12,"Male","White",30,9
2014,12,"Male","White",35,7
2014,12,"Male","White",40,10
2014,12,"Male","White",45,11
2014,12,"Male","White",50,7
2014,12,"Male","White",55,21
2014,12,"Male","White",60,12
2014,12,"Male","White",65,22
2014,12,"Male","White",70,25
2014,12,"Male","White",75,26
2014,12,"Male","White",80,56
2015,1,"Female","Asian",30,1
2015,1,"Female","Asian",60,1
2015,1,"Female","Asian",75,1
2015,1,"Female","Asian",80,1
2015,1,"Male","Asian",70,1
2015,1,"Male","Asian",75,1
2015,1,"Female","Black",0,1
2015,1,"Female","Black",15,1
2015,1,"Female","Black",20,1
2015,1,"Female","Black",25,1
2015,1,"Female","Black",30,5
2015,1,"Female","Black",35,5
2015,1,"Female","Black",45,2
2015,1,"Female","Black",50,8
2015,1,"Female","Black",55,5
2015,1,"Female","Black",60,17
2015,1,"Female","Black",65,8
2015,1,"Female","Black",70,9
2015,1,"Female","Black",75,14
2015,1,"Female","Black",80,26
2015,1,"Male","Black",10,1
2015,1,"Male","Black",15,9
2015,1,"Male","Black",20,13
2015,1,"Male","Black",25,5
2015,1,"Male","Black",30,13
2015,1,"Male","Black",35,16
2015,1,"Male","Black",40,8
2015,1,"Male","Black",45,3
2015,1,"Male","Black",50,12
2015,1,"Male","Black",55,16
2015,1,"Male","Black",60,9
2015,1,"Male","Black",65,12
2015,1,"Male","Black",70,18
2015,1,"Male","Black",75,14
2015,1,"Male","Black",80,27
2015,1,"Female","Brown",0,63
2015,1,"Female","Brown",5,3
2015,1,"Female","Brown",10,6
2015,1,"Female","Brown",15,16
2015,1,"Female","Brown",20,9
2015,1,"Female","Brown",25,15
2015,1,"Female","Brown",30,15
2015,1,"Female","Brown",35,21
2015,1,"Female","Brown",40,18
2015,1,"Female","Brown",45,40
2015,1,"Female","Brown",50,39
2015,1,"Female","Brown",55,43
2015,1,"Female","Brown",60,37
2015,1,"Female","Brown",65,54
2015,1,"Female","Brown",70,55
2015,1,"Female","Brown",75,56
2015,1,"Female","Brown",80,177
2015,1,"Male","Brown",0,66
2015,1,"Male","Brown",5,4
2015,1,"Male","Brown",10,11
2015,1,"Male","Brown",15,46
2015,1,"Male","Brown",20,56
2015,1,"Male","Brown",25,69
2015,1,"Male","Brown",30,66
2015,1,"Male","Brown",35,64
2015,1,"Male","Brown",40,46
2015,1,"Male","Brown",45,56
2015,1,"Male","Brown",50,58
2015,1,"Male","Brown",55,67
2015,1,"Male","Brown",60,74
2015,1,"Male","Brown",65,77
2015,1,"Male","Brown",70,99
2015,1,"Male","Brown",75,80
2015,1,"Male","Brown",80,205
2015,1,"Female","Indigenous",0,4
2015,1,"Female","Indigenous",20,1
2015,1,"Female","Indigenous",70,3
2015,1,"Female","Indigenous",80,3
2015,1,"Male","Indigenous",0,1
2015,1,"Male","Indigenous",20,1
2015,1,"Male","Indigenous",25,1
2015,1,"Male","Indigenous",30,1
2015,1,"Male","Indigenous",75,1
2015,1,"Male","Indigenous",80,2
2015,1,"Female","White",0,14
2015,1,"Female","White",5,1
2015,1,"Female","White",10,1
2015,1,"Female","White",15,3
2015,1,"Female","White",20,3
2015,1,"Female","White",25,1
2015,1,"Female","White",30,7
2015,1,"Female","White",35,2
2015,1,"Female","White",40,5
2015,1,"Female","White",45,9
2015,1,"Female","White",50,10
2015,1,"Female","White",55,14
2015,1,"Female","White",60,21
2015,1,"Female","White",65,12
2015,1,"Female","White",70,23
2015,1,"Female","White",75,29
2015,1,"Female","White",80,86
2015,1,"Male","White",0,14
2015,1,"Male","White",10,2
2015,1,"Male","White",15,5
2015,1,"Male","White",20,7
2015,1,"Male","White",25,8
2015,1,"Male","White",30,5
2015,1,"Male","White",35,8
2015,1,"Male","White",40,11
2015,1,"Male","White",45,7
2015,1,"Male","White",50,12
2015,1,"Male","White",55,15
2015,1,"Male","White",60,22
2015,1,"Male","White",65,22
2015,1,"Male","White",70,24
2015,1,"Male","White",75,34
2015,1,"Male","White",80,83
2015,2,"Female","Asian",65,1
2015,2,"Male","Asian",55,2
2015,2,"Male","Asian",80,4
2015,2,"Female","Black",0,4
2015,2,"Female","Black",10,1
2015,2,"Female","Black",15,2
2015,2,"Female","Black",20,1
2015,2,"Female","Black",30,2
2015,2,"Female","Black",35,1
2015,2,"Female","Black",40,4
2015,2,"Female","Black",45,1
2015,2,"Female","Black",50,6
2015,2,"Female","Black",55,10
2015,2,"Female","Black",60,7
2015,2,"Female","Black",65,8
2015,2,"Female","Black",70,11
2015,2,"Female","Black",75,5
2015,2,"Female","Black",80,31
2015,2,"Male","Black",0,1
2015,2,"Male","Black",15,7
2015,2,"Male","Black",20,9
2015,2,"Male","Black",25,14
2015,2,"Male","Black",30,15
2015,2,"Male","Black",35,7
2015,2,"Male","Black",40,5
2015,2,"Male","Black",45,9
2015,2,"Male","Black",50,10
2015,2,"Male","Black",55,9
2015,2,"Male","Black",60,7
2015,2,"Male","Black",65,14
2015,2,"Male","Black",70,12
2015,2,"Male","Black",75,26
2015,2,"Male","Black",80,27
2015,2,"Female","Brown",0,36
2015,2,"Female","Brown",5,2
2015,2,"Female","Brown",10,5
2015,2,"Female","Brown",15,12
2015,2,"Female","Brown",20,4
2015,2,"Female","Brown",25,13
2015,2,"Female","Brown",30,15
2015,2,"Female","Brown",35,16
2015,2,"Female","Brown",40,20
2015,2,"Female","Brown",45,21
2015,2,"Female","Brown",50,30
2015,2,"Female","Brown",55,31
2015,2,"Female","Brown",60,56
2015,2,"Female","Brown",65,55
2015,2,"Female","Brown",70,61
2015,2,"Female","Brown",75,54
2015,2,"Female","Brown",80,146
2015,2,"Male","Brown",0,58
2015,2,"Male","Brown",5,5
2015,2,"Male","Brown",10,9
2015,2,"Male","Brown",15,40
2015,2,"Male","Brown",20,47
2015,2,"Male","Brown",25,68
2015,2,"Male","Brown",30,54
2015,2,"Male","Brown",35,57
2015,2,"Male","Brown",40,42
2015,2,"Male","Brown",45,35
2015,2,"Male","Brown",50,40
2015,2,"Male","Brown",55,50
2015,2,"Male","Brown",60,72
2015,2,"Male","Brown",65,76
2015,2,"Male","Brown",70,72
2015,2,"Male","Brown",75,79
2015,2,"Male","Brown",80,170
2015,2,"Female","Indigenous",0,7
2015,2,"Female","Indigenous",70,1
2015,2,"Female","Indigenous",75,1
2015,2,"Female","Indigenous",80,2
2015,2,"Male","Indigenous",0,2
2015,2,"Female","White",0,14
2015,2,"Female","White",5,3
2015,2,"Female","White",10,2
2015,2,"Female","White",15,1
2015,2,"Female","White",20,3
2015,2,"Female","White",25,2
2015,2,"Female","White",30,2
2015,2,"Female","White",35,4
2015,2,"Female","White",40,7
2015,2,"Female","White",45,5
2015,2,"Female","White",50,7
2015,2,"Female","White",55,8
2015,2,"Female","White",60,17
2015,2,"Female","White",65,10
2015,2,"Female","White",70,12
2015,2,"Female","White",75,19
2015,2,"Female","White",80,96
2015,2,"Male","White",0,4
2015,2,"Male","White",10,4
2015,2,"Male","White",15,9
2015,2,"Male","White",20,7
2015,2,"Male","White",25,5
2015,2,"Male","White",30,6
2015,2,"Male","White",35,7
2015,2,"Male","White",40,11
2015,2,"Male","White",45,12
2015,2,"Male","White",50,10
2015,2,"Male","White",55,15
2015,2,"Male","White",60,11
2015,2,"Male","White",65,20
2015,2,"Male","White",70,25
2015,2,"Male","White",75,32
2015,2,"Male","White",80,74
2015,3,"Female","Asian",35,1
2015,3,"Female","Asian",80,3
2015,3,"Male","Asian",35,1
2015,3,"Male","Asian",60,1
2015,3,"Male","Asian",70,1
2015,3,"Male","Asian",75,1
2015,3,"Male","Asian",80,3
2015,3,"Female","Black",0,1
2015,3,"Female","Black",5,1
2015,3,"Female","Black",10,1
2015,3,"Female","Black",20,2
2015,3,"Female","Black",30,5
2015,3,"Female","Black",35,4
2015,3,"Female","Black",40,3
2015,3,"Female","Black",45,9
2015,3,"Female","Black",50,3
2015,3,"Female","Black",55,13
2015,3,"Female","Black",60,8
2015,3,"Female","Black",65,16
2015,3,"Female","Black",70,14
2015,3,"Female","Black",75,11
2015,3,"Female","Black",80,26
2015,3,"Male","Black",5,1
2015,3,"Male","Black",15,7
2015,3,"Male","Black",20,10
2015,3,"Male","Black",25,10
2015,3,"Male","Black",30,10
2015,3,"Male","Black",35,10
2015,3,"Male","Black",40,7
2015,3,"Male","Black",45,4
2015,3,"Male","Black",50,14
2015,3,"Male","Black",55,15
2015,3,"Male","Black",60,21
2015,3,"Male","Black",65,11
2015,3,"Male","Black",70,19
2015,3,"Male","Black",75,31
2015,3,"Male","Black",80,39
2015,3,"Female","Brown",0,61
2015,3,"Female","Brown",5,4
2015,3,"Female","Brown",10,5
2015,3,"Female","Brown",15,12
2015,3,"Female","Brown",20,8
2015,3,"Female","Brown",25,8
2015,3,"Female","Brown",30,20
2015,3,"Female","Brown",35,28
2015,3,"Female","Brown",40,19
2015,3,"Female","Brown",45,33
2015,3,"Female","Brown",50,36
2015,3,"Female","Brown",55,45
2015,3,"Female","Brown",60,48
2015,3,"Female","Brown",65,56
2015,3,"Female","Brown",70,57
2015,3,"Female","Brown",75,93
2015,3,"Female","Brown",80,227
2015,3,"Male","Brown",0,60
2015,3,"Male","Brown",5,6
2015,3,"Male","Brown",10,9
2015,3,"Male","Brown",15,40
2015,3,"Male","Brown",20,49
2015,3,"Male","Brown",25,70
2015,3,"Male","Brown",30,47
2015,3,"Male","Brown",35,52
2015,3,"Male","Brown",40,44
2015,3,"Male","Brown",45,47
2015,3,"Male","Brown",50,53
2015,3,"Male","Brown",55,55
2015,3,"Male","Brown",60,77
2015,3,"Male","Brown",65,90
2015,3,"Male","Brown",70,101
2015,3,"Male","Brown",75,100
2015,3,"Male","Brown",80,221
2015,3,"Female","Indigenous",5,1
2015,3,"Female","Indigenous",20,1
2015,3,"Female","Indigenous",50,1
2015,3,"Male","Indigenous",0,2
2015,3,"Male","Indigenous",35,1
2015,3,"Male","Indigenous",40,1
2015,3,"Male","Indigenous",45,1
2015,3,"Male","Indigenous",50,1
2015,3,"Male","Indigenous",60,1
2015,3,"Male","Indigenous",70,1
2015,3,"Male","Indigenous",75,2
2015,3,"Female","White",0,15
2015,3,"Female","White",10,2
2015,3,"Female","White",15,5
2015,3,"Female","White",25,4
2015,3,"Female","White",30,4
2015,3,"Female","White",35,3
2015,3,"Female","White",40,6
2015,3,"Female","White",45,6
2015,3,"Female","White",50,7
2015,3,"Female","White",55,18
2015,3,"Female","White",60,13
2015,3,"Female","White",65,24
2015,3,"Female","White",70,23
2015,3,"Female","White",75,31
2015,3,"Female","White",80,118
2015,3,"Male","White",0,15
2015,3,"Male","White",5,2
2015,3,"Male","White",10,1
2015,3,"Male","White",15,5
2015,3,"Male","White",20,15
2015,3,"Male","White",25,7
2015,3,"Male","White",30,8
2015,3,"Male","White",35,12
2015,3,"Male","White",40,7
2015,3,"Male","White",45,17
2015,3,"Male","White",50,16
2015,3,"Male","White",55,14
2015,3,"Male","White",60,24
2015,3,"Male","White",65,18
2015,3,"Male","White",70,35
2015,3,"Male","White",75,43
2015,3,"Male","White",80,94
2015,4,"Female","Asian",10,1
2015,4,"Female","Asian",65,1
2015,4,"Female","Asian",70,1
2015,4,"Female","Asian",75,2
2015,4,"Female","Asian",80,1
2015,4,"Male","Asian",25,1
2015,4,"Male","Asian",75,1
2015,4,"Male","Asian",80,3
2015,4,"Female","Black",0,1
2015,4,"Female","Black",10,1
2015,4,"Female","Black",15,2
2015,4,"Female","Black",20,3
2015,4,"Female","Black",25,1
2015,4,"Female","Black",35,1
2015,4,"Female","Black",40,4
2015,4,"Female","Black",45,5
2015,4,"Female","Black",50,7
2015,4,"Female","Black",55,10
2015,4,"Female","Black",60,11
2015,4,"Female","Black",65,11
2015,4,"Female","Black",70,15
2015,4,"Female","Black",75,12
2015,4,"Female","Black",80,49
2015,4,"Male","Black",0,2
2015,4,"Male","Black",5,1
2015,4,"Male","Black",10,1
2015,4,"Male","Black",15,10
2015,4,"Male","Black",20,11
2015,4,"Male","Black",25,10
2015,4,"Male","Black",30,11
2015,4,"Male","Black",35,7
2015,4,"Male","Black",40,8
2015,4,"Male","Black",45,7
2015,4,"Male","Black",50,7
2015,4,"Male","Black",55,13
2015,4,"Male","Black",60,12
2015,4,"Male","Black",65,19
2015,4,"Male","Black",70,12
2015,4,"Male","Black",75,23
2015,4,"Male","Black",80,41
2015,4,"Female","Brown",0,53
2015,4,"Female","Brown",5,3
2015,4,"Female","Brown",10,4
2015,4,"Female","Brown",15,13
2015,4,"Female","Brown",20,3
2015,4,"Female","Brown",25,14
2015,4,"Female","Brown",30,20
2015,4,"Female","Brown",35,24
2015,4,"Female","Brown",40,17
2015,4,"Female","Brown",45,28
2015,4,"Female","Brown",50,45
2015,4,"Female","Brown",55,38
2015,4,"Female","Brown",60,71
2015,4,"Female","Brown",65,69
2015,4,"Female","Brown",70,82
2015,4,"Female","Brown",75,103
2015,4,"Female","Brown",80,246
2015,4,"Male","Brown",0,70
2015,4,"Male","Brown",5,6
2015,4,"Male","Brown",10,7
2015,4,"Male","Brown",15,37
2015,4,"Male","Brown",20,41
2015,4,"Male","Brown",25,59
2015,4,"Male","Brown",30,48
2015,4,"Male","Brown",35,44
2015,4,"Male","Brown",40,58
2015,4,"Male","Brown",45,66
2015,4,"Male","Brown",50,59
2015,4,"Male","Brown",55,85
2015,4,"Male","Brown",60,101
2015,4,"Male","Brown",65,108
2015,4,"Male","Brown",70,101
2015,4,"Male","Brown",75,104
2015,4,"Male","Brown",80,269
2015,4,"Female","Indigenous",0,3
2015,4,"Female","Indigenous",15,1
2015,4,"Female","Indigenous",25,1
2015,4,"Female","Indigenous",60,1
2015,4,"Female","Indigenous",80,1
2015,4,"Male","Indigenous",0,4
2015,4,"Male","Indigenous",30,1
2015,4,"Male","Indigenous",35,1
2015,4,"Male","Indigenous",40,1
2015,4,"Male","Indigenous",45,1
2015,4,"Male","Indigenous",80,1
2015,4,"Female","White",0,19
2015,4,"Female","White",5,3
2015,4,"Female","White",10,1
2015,4,"Female","White",15,4
2015,4,"Female","White",20,1
2015,4,"Female","White",25,2
2015,4,"Female","White",30,5
2015,4,"Female","White",35,7
2015,4,"Female","White",40,7
2015,4,"Female","White",45,7
2015,4,"Female","White",50,10
2015,4,"Female","White",55,15
2015,4,"Female","White",60,27
2015,4,"Female","White",65,30
2015,4,"Female","White",70,27
2015,4,"Female","White",75,50
2015,4,"Female","White",80,140
2015,4,"Male","White",0,13
2015,4,"Male","White",10,4
2015,4,"Male","White",15,5
2015,4,"Male","White",20,8
2015,4,"Male","White",25,7
2015,4,"Male","White",30,8
2015,4,"Male","White",35,11
2015,4,"Male","White",40,5
2015,4,"Male","White",45,7
2015,4,"Male","White",50,12
2015,4,"Male","White",55,18
2015,4,"Male","White",60,16
2015,4,"Male","White",65,31
2015,4,"Male","White",70,26
2015,4,"Male","White",75,49
2015,4,"Male","White",80,115
2015,5,"Female","Asian",20,1
2015,5,"Female","Asian",60,1
2015,5,"Female","Asian",65,1
2015,5,"Female","Asian",80,4
2015,5,"Male","Asian",35,1
2015,5,"Male","Asian",40,1
2015,5,"Male","Asian",55,1
2015,5,"Male","Asian",60,2
2015,5,"Male","Asian",70,1
2015,5,"Male","Asian",75,1
2015,5,"Male","Asian",80,2
2015,5,"Female","Black",0,1
2015,5,"Female","Black",15,2
2015,5,"Female","Black",20,1
2015,5,"Female","Black",25,1
2015,5,"Female","Black",30,1
2015,5,"Female","Black",40,2
2015,5,"Female","Black",45,8
2015,5,"Female","Black",50,6
2015,5,"Female","Black",55,11
2015,5,"Female","Black",60,14
2015,5,"Female","Black",65,11
2015,5,"Female","Black",70,13
2015,5,"Female","Black",75,13
2015,5,"Female","Black",80,32
2015,5,"Male","Black",0,1
2015,5,"Male","Black",5,1
2015,5,"Male","Black",10,2
2015,5,"Male","Black",15,8
2015,5,"Male","Black",20,7
2015,5,"Male","Black",25,12
2015,5,"Male","Black",30,15
2015,5,"Male","Black",35,12
2015,5,"Male","Black",40,9
2015,5,"Male","Black",45,5
2015,5,"Male","Black",50,10
2015,5,"Male","Black",55,16
2015,5,"Male","Black",60,15
2015,5,"Male","Black",65,11
2015,5,"Male","Black",70,21
2015,5,"Male","Black",75,18
2015,5,"Male","Black",80,37
2015,5,"Female","Brown",0,52
2015,5,"Female","Brown",5,4
2015,5,"Female","Brown",10,5
2015,5,"Female","Brown",15,13
2015,5,"Female","Brown",20,11
2015,5,"Female","Brown",25,6
2015,5,"Female","Brown",30,13
2015,5,"Female","Brown",35,13
2015,5,"Female","Brown",40,18
2015,5,"Female","Brown",45,27
2015,5,"Female","Brown",50,45
2015,5,"Female","Brown",55,26
2015,5,"Female","Brown",60,57
2015,5,"Female","Brown",65,65
2015,5,"Female","Brown",70,87
2015,5,"Female","Brown",75,91
2015,5,"Female","Brown",80,194
2015,5,"Male","Brown",0,69
2015,5,"Male","Brown",5,8
2015,5,"Male","Brown",10,14
2015,5,"Male","Brown",15,49
2015,5,"Male","Brown",20,57
2015,5,"Male","Brown",25,61
2015,5,"Male","Brown",30,57
2015,5,"Male","Brown",35,58
2015,5,"Male","Brown",40,51
2015,5,"Male","Brown",45,53
2015,5,"Male","Brown",50,64
2015,5,"Male","Brown",55,71
2015,5,"Male","Brown",60,79
2015,5,"Male","Brown",65,92
2015,5,"Male","Brown",70,101
2015,5,"Male","Brown",75,88
2015,5,"Male","Brown",80,240
2015,5,"Female","Indigenous",0,2
2015,5,"Female","Indigenous",30,3
2015,5,"Female","Indigenous",45,1
2015,5,"Female","Indigenous",55,1
2015,5,"Female","Indigenous",60,1
2015,5,"Female","Indigenous",70,1
2015,5,"Female","Indigenous",75,1
2015,5,"Female","Indigenous",80,1
2015,5,"Male","Indigenous",0,3
2015,5,"Male","Indigenous",10,1
2015,5,"Male","Indigenous",15,1
2015,5,"Male","Indigenous",55,1
2015,5,"Male","Indigenous",75,1
2015,5,"Male","Indigenous",80,1
2015,5,"Female","White",0,17
2015,5,"Female","White",5,4
2015,5,"Female","White",10,3
2015,5,"Female","White",15,5
2015,5,"Female","White",20,3
2015,5,"Female","White",25,1
2015,5,"Female","White",30,5
2015,5,"Female","White",35,8
2015,5,"Female","White",40,5
2015,5,"Female","White",45,12
2015,5,"Female","White",50,9
2015,5,"Female","White",55,23
2015,5,"Female","White",60,15
2015,5,"Female","White",65,30
2015,5,"Female","White",70,22
2015,5,"Female","White",75,35
2015,5,"Female","White",80,140
2015,5,"Male","White",0,14
2015,5,"Male","White",5,1
2015,5,"Male","White",15,8
2015,5,"Male","White",20,7
2015,5,"Male","White",25,7
2015,5,"Male","White",30,5
2015,5,"Male","White",35,10
2015,5,"Male","White",40,10
2015,5,"Male","White",45,12
2015,5,"Male","White",50,10
2015,5,"Male","White",55,21
2015,5,"Male","White",60,22
2015,5,"Male","White",65,27
2015,5,"Male","White",70,34
2015,5,"Male","White",75,39
2015,5,"Male","White",80,95
2015,6,"Female","Asian",60,1
2015,6,"Female","Asian",80,3
2015,6,"Male","Asian",60,1
2015,6,"Male","Asian",75,1
2015,6,"Male","Asian",80,1
2015,6,"Female","Black",0,2
2015,6,"Female","Black",10,1
2015,6,"Female","Black",15,1
2015,6,"Female","Black",20,1
2015,6,"Female","Black",25,2
2015,6,"Female","Black",30,1
2015,6,"Female","Black",35,6
2015,6,"Female","Black",40,2
2015,6,"Female","Black",45,8
2015,6,"Female","Black",50,8
2015,6,"Female","Black",55,7
2015,6,"Female","Black",60,5
2015,6,"Female","Black",65,11
2015,6,"Female","Black",70,14
2015,6,"Female","Black",75,9
2015,6,"Female","Black",80,35
2015,6,"Male","Black",0,2
2015,6,"Male","Black",10,2
2015,6,"Male","Black",15,2
2015,6,"Male","Black",20,7
2015,6,"Male","Black",25,6
2015,6,"Male","Black",30,7
2015,6,"Male","Black",35,8
2015,6,"Male","Black",40,10
2015,6,"Male","Black",45,13
2015,6,"Male","Black",50,7
2015,6,"Male","Black",55,8
2015,6,"Male","Black",60,10
2015,6,"Male","Black",65,13
2015,6,"Male","Black",70,16
2015,6,"Male","Black",75,23
2015,6,"Male","Black",80,41
2015,6,"Female","Brown",0,54
2015,6,"Female","Brown",5,8
2015,6,"Female","Brown",10,3
2015,6,"Female","Brown",15,13
2015,6,"Female","Brown",20,11
2015,6,"Female","Brown",25,13
2015,6,"Female","Brown",30,19
2015,6,"Female","Brown",35,11
2015,6,"Female","Brown",40,22
2015,6,"Female","Brown",45,23
2015,6,"Female","Brown",50,26
2015,6,"Female","Brown",55,40
2015,6,"Female","Brown",60,56
2015,6,"Female","Brown",65,53
2015,6,"Female","Brown",70,54
2015,6,"Female","Brown",75,73
2015,6,"Female","Brown",80,167
2015,6,"Male","Brown",0,58
2015,6,"Male","Brown",5,3
2015,6,"Male","Brown",10,7
2015,6,"Male","Brown",15,42
2015,6,"Male","Brown",20,38
2015,6,"Male","Brown",25,53
2015,6,"Male","Brown",30,62
2015,6,"Male","Brown",35,58
2015,6,"Male","Brown",40,42
2015,6,"Male","Brown",45,47
2015,6,"Male","Brown",50,51
2015,6,"Male","Brown",55,50
2015,6,"Male","Brown",60,71
2015,6,"Male","Brown",65,85
2015,6,"Male","Brown",70,90
2015,6,"Male","Brown",75,95
2015,6,"Male","Brown",80,208
2015,6,"Female","Indigenous",0,4
2015,6,"Female","Indigenous",80,1
2015,6,"Male","Indigenous",0,4
2015,6,"Male","Indigenous",10,1
2015,6,"Male","Indigenous",30,1
2015,6,"Male","Indigenous",40,1
2015,6,"Male","Indigenous",45,1
2015,6,"Male","Indigenous",80,2
2015,6,"Female","White",0,15
2015,6,"Female","White",5,1
2015,6,"Female","White",10,4
2015,6,"Female","White",15,2
2015,6,"Female","White",20,2
2015,6,"Female","White",25,4
2015,6,"Female","White",30,6
2015,6,"Female","White",35,5
2015,6,"Female","White",40,4
2015,6,"Female","White",45,6
2015,6,"Female","White",50,16
2015,6,"Female","White",55,15
2015,6,"Female","White",60,12
2015,6,"Female","White",65,24
2015,6,"Female","White",70,17
2015,6,"Female","White",75,20
2015,6,"Female","White",80,106
2015,6,"Male","White",0,13
2015,6,"Male","White",5,1
2015,6,"Male","White",10,4
2015,6,"Male","White",15,9
2015,6,"Male","White",20,5
2015,6,"Male","White",25,7
2015,6,"Male","White",30,8
2015,6,"Male","White",35,3
2015,6,"Male","White",40,10
2015,6,"Male","White",45,9
2015,6,"Male","White",50,6
2015,6,"Male","White",55,9
2015,6,"Male","White",60,28
2015,6,"Male","White",65,26
2015,6,"Male","White",70,31
2015,6,"Male","White",75,31
2015,6,"Male","White",80,82
2015,7,"Female","Asian",35,1
2015,7,"Female","Asian",75,1
2015,7,"Female","Asian",80,1
2015,7,"Male","Asian",60,1
2015,7,"Male","Asian",70,1
2015,7,"Female","Black",0,1
2015,7,"Female","Black",5,1
2015,7,"Female","Black",15,1
2015,7,"Female","Black",20,3
2015,7,"Female","Black",25,2
2015,7,"Female","Black",30,2
2015,7,"Female","Black",35,3
2015,7,"Female","Black",40,6
2015,7,"Female","Black",45,7
2015,7,"Female","Black",50,6
2015,7,"Female","Black",55,10
2015,7,"Female","Black",60,9
2015,7,"Female","Black",65,12
2015,7,"Female","Black",70,11
2015,7,"Female","Black",75,17
2015,7,"Female","Black",80,28
2015,7,"Male","Black",0,1
2015,7,"Male","Black",15,9
2015,7,"Male","Black",20,10
2015,7,"Male","Black",25,8
2015,7,"Male","Black",30,10
2015,7,"Male","Black",35,11
2015,7,"Male","Black",40,9
2015,7,"Male","Black",45,13
2015,7,"Male","Black",50,12
2015,7,"Male","Black",55,17
2015,7,"Male","Black",60,16
2015,7,"Male","Black",65,20
2015,7,"Male","Black",70,17
2015,7,"Male","Black",75,16
2015,7,"Male","Black",80,38
2015,7,"Female","Brown",0,63
2015,7,"Female","Brown",5,5
2015,7,"Female","Brown",10,5
2015,7,"Female","Brown",15,11
2015,7,"Female","Brown",20,8
2015,7,"Female","Brown",25,7
2015,7,"Female","Brown",30,17
2015,7,"Female","Brown",35,17
2015,7,"Female","Brown",40,23
2015,7,"Female","Brown",45,28
2015,7,"Female","Brown",50,39
2015,7,"Female","Brown",55,38
2015,7,"Female","Brown",60,36
2015,7,"Female","Brown",65,67
2015,7,"Female","Brown",70,65
2015,7,"Female","Brown",75,71
2015,7,"Female","Brown",80,166
2015,7,"Male","Brown",0,73
2015,7,"Male","Brown",5,4
2015,7,"Male","Brown",10,8
2015,7,"Male","Brown",15,37
2015,7,"Male","Brown",20,37
2015,7,"Male","Brown",25,79
2015,7,"Male","Brown",30,53
2015,7,"Male","Brown",35,57
2015,7,"Male","Brown",40,51
2015,7,"Male","Brown",45,51
2015,7,"Male","Brown",50,71
2015,7,"Male","Brown",55,70
2015,7,"Male","Brown",60,75
2015,7,"Male","Brown",65,93
2015,7,"Male","Brown",70,86
2015,7,"Male","Brown",75,105
2015,7,"Male","Brown",80,167
2015,7,"Female","Indigenous",5,1
2015,7,"Female","Indigenous",25,1
2015,7,"Male","Indigenous",0,4
2015,7,"Male","Indigenous",10,1
2015,7,"Male","Indigenous",35,1
2015,7,"Male","Indigenous",70,1
2015,7,"Male","Indigenous",80,1
2015,7,"Female","White",0,11
2015,7,"Female","White",5,1
2015,7,"Female","White",10,2
2015,7,"Female","White",15,3
2015,7,"Female","White",20,2
2015,7,"Female","White",25,6
2015,7,"Female","White",30,7
2015,7,"Female","White",35,6
2015,7,"Female","White",40,8
2015,7,"Female","White",45,12
2015,7,"Female","White",50,14
2015,7,"Female","White",55,12
2015,7,"Female","White",60,23
2015,7,"Female","White",65,32
2015,7,"Female","White",70,18
2015,7,"Female","White",75,37
2015,7,"Female","White",80,103
2015,7,"Male","White",0,14
2015,7,"Male","White",5,3
2015,7,"Male","White",10,2
2015,7,"Male","White",15,6
2015,7,"Male","White",20,3
2015,7,"Male","White",25,11
2015,7,"Male","White",30,7
2015,7,"Male","White",35,10
2015,7,"Male","White",40,14
2015,7,"Male","White",45,12
2015,7,"Male","White",50,13
2015,7,"Male","White",55,16
2015,7,"Male","White",60,19
2015,7,"Male","White",65,18
2015,7,"Male","White",70,16
2015,7,"Male","White",75,40
2015,7,"Male","White",80,92
2015,8,"Female","Asian",60,1
2015,8,"Female","Asian",75,4
2015,8,"Female","Asian",80,1
2015,8,"Male","Asian",0,1
2015,8,"Male","Asian",20,1
2015,8,"Male","Asian",25,1
2015,8,"Male","Asian",30,2
2015,8,"Male","Asian",50,1
2015,8,"Male","Asian",55,1
2015,8,"Male","Asian",75,1
2015,8,"Male","Asian",80,1
2015,8,"Female","Black",0,2
2015,8,"Female","Black",15,1
2015,8,"Female","Black",20,2
2015,8,"Female","Black",25,1
2015,8,"Female","Black",30,2
2015,8,"Female","Black",35,1
2015,8,"Female","Black",40,6
2015,8,"Female","Black",45,6
2015,8,"Female","Black",50,13
2015,8,"Female","Black",55,6
2015,8,"Female","Black",60,10
2015,8,"Female","Black",65,12
2015,8,"Female","Black",70,10
2015,8,"Female","Black",75,18
2015,8,"Female","Black",80,31
2015,8,"Male","Black",0,1
2015,8,"Male","Black",5,2
2015,8,"Male","Black",10,1
2015,8,"Male","Black",15,10
2015,8,"Male","Black",20,12
2015,8,"Male","Black",25,9
2015,8,"Male","Black",30,11
2015,8,"Male","Black",35,15
2015,8,"Male","Black",40,12
2015,8,"Male","Black",45,10
2015,8,"Male","Black",50,9
2015,8,"Male","Black",55,12
2015,8,"Male","Black",60,19
2015,8,"Male","Black",65,10
2015,8,"Male","Black",70,18
2015,8,"Male","Black",75,13
2015,8,"Male","Black",80,27
2015,8,"Female","Brown",0,52
2015,8,"Female","Brown",5,6
2015,8,"Female","Brown",10,9
2015,8,"Female","Brown",15,10
2015,8,"Female","Brown",20,13
2015,8,"Female","Brown",25,10
2015,8,"Female","Brown",30,13
2015,8,"Female","Brown",35,25
2015,8,"Female","Brown",40,17
2015,8,"Female","Brown",45,23
2015,8,"Female","Brown",50,35
2015,8,"Female","Brown",55,50
2015,8,"Female","Brown",60,61
2015,8,"Female","Brown",65,63
2015,8,"Female","Brown",70,62
2015,8,"Female","Brown",75,71
2015,8,"Female","Brown",80,197
2015,8,"Male","Brown",0,77
2015,8,"Male","Brown",5,8
2015,8,"Male","Brown",10,10
2015,8,"Male","Brown",15,47
2015,8,"Male","Brown",20,54
2015,8,"Male","Brown",25,69
2015,8,"Male","Brown",30,47
2015,8,"Male","Brown",35,48
2015,8,"Male","Brown",40,48
2015,8,"Male","Brown",45,45
2015,8,"Male","Brown",50,47
2015,8,"Male","Brown",55,44
2015,8,"Male","Brown",60,52
2015,8,"Male","Brown",65,74
2015,8,"Male","Brown",70,80
2015,8,"Male","Brown",75,100
2015,8,"Male","Brown",80,191
2015,8,"Female","Indigenous",0,2
2015,8,"Female","Indigenous",15,1
2015,8,"Female","Indigenous",70,1
2015,8,"Male","Indigenous",0,2
2015,8,"Male","Indigenous",20,1
2015,8,"Male","Indigenous",50,1
2015,8,"Male","Indigenous",65,1
2015,8,"Male","Indigenous",80,1
2015,8,"Female","White",0,8
2015,8,"Female","White",10,1
2015,8,"Female","White",15,1
2015,8,"Female","White",20,2
2015,8,"Female","White",25,2
2015,8,"Female","White",30,5
2015,8,"Female","White",35,3
2015,8,"Female","White",40,6
2015,8,"Female","White",45,7
2015,8,"Female","White",50,17
2015,8,"Female","White",55,10
2015,8,"Female","White",60,15
2015,8,"Female","White",65,20
2015,8,"Female","White",70,26
2015,8,"Female","White",75,26
2015,8,"Female","White",80,96
2015,8,"Male","White",0,13
2015,8,"Male","White",5,1
2015,8,"Male","White",10,6
2015,8,"Male","White",15,9
2015,8,"Male","White",20,13
2015,8,"Male","White",25,9
2015,8,"Male","White",30,5
2015,8,"Male","White",35,8
2015,8,"Male","White",40,20
2015,8,"Male","White",45,7
2015,8,"Male","White",50,8
2015,8,"Male","White",55,19
2015,8,"Male","White",60,19
2015,8,"Male","White",65,17
2015,8,"Male","White",70,29
2015,8,"Male","White",75,37
2015,8,"Male","White",80,79
2015,9,"Female","Asian",45,1
2015,9,"Female","Asian",70,1
2015,9,"Female","Asian",75,1
2015,9,"Female","Asian",80,3
2015,9,"Male","Asian",0,1
2015,9,"Male","Asian",30,2
2015,9,"Male","Asian",50,1
2015,9,"Male","Asian",55,2
2015,9,"Male","Asian",60,2
2015,9,"Male","Asian",75,1
2015,9,"Male","Asian",80,1
2015,9,"Female","Black",0,1
2015,9,"Female","Black",5,1
2015,9,"Female","Black",20,1
2015,9,"Female","Black",25,3
2015,9,"Female","Black",30,3
2015,9,"Female","Black",35,8
2015,9,"Female","Black",40,5
2015,9,"Female","Black",45,6
2015,9,"Female","Black",50,1
2015,9,"Female","Black",55,6
2015,9,"Female","Black",60,7
2015,9,"Female","Black",65,13
2015,9,"Female","Black",70,10
2015,9,"Female","Black",75,14
2015,9,"Female","Black",80,36
2015,9,"Male","Black",0,2
2015,9,"Male","Black",5,1
2015,9,"Male","Black",15,8
2015,9,"Male","Black",20,20
2015,9,"Male","Black",25,11
2015,9,"Male","Black",30,12
2015,9,"Male","Black",35,17
2015,9,"Male","Black",40,6
2015,9,"Male","Black",45,4
2015,9,"Male","Black",50,7
2015,9,"Male","Black",55,11
2015,9,"Male","Black",60,14
2015,9,"Male","Black",65,13
2015,9,"Male","Black",70,17
2015,9,"Male","Black",75,11
2015,9,"Male","Black",80,44
2015,9,"Female","Brown",0,46
2015,9,"Female","Brown",5,4
2015,9,"Female","Brown",10,2
2015,9,"Female","Brown",15,9
2015,9,"Female","Brown",20,9
2015,9,"Female","Brown",25,20
2015,9,"Female","Brown",30,16
2015,9,"Female","Brown",35,19
2015,9,"Female","Brown",40,17
2015,9,"Female","Brown",45,25
2015,9,"Female","Brown",50,35
2015,9,"Female","Brown",55,51
2015,9,"Female","Brown",60,52
2015,9,"Female","Brown",65,66
2015,9,"Female","Brown",70,55
2015,9,"Female","Brown",75,57
2015,9,"Female","Brown",80,190
2015,9,"Male","Brown",0,59
2015,9,"Male","Brown",5,6
2015,9,"Male","Brown",10,2
2015,9,"Male","Brown",15,38
2015,9,"Male","Brown",20,55
2015,9,"Male","Brown",25,69
2015,9,"Male","Brown",30,57
2015,9,"Male","Brown",35,57
2015,9,"Male","Brown",40,44
2015,9,"Male","Brown",45,55
2015,9,"Male","Brown",50,52
2015,9,"Male","Brown",55,38
2015,9,"Male","Brown",60,75
2015,9,"Male","Brown",65,88
2015,9,"Male","Brown",70,82
2015,9,"Male","Brown",75,98
2015,9,"Male","Brown",80,211
2015,9,"Female","Indigenous",0,1
2015,9,"Female","Indigenous",30,1
2015,9,"Female","Indigenous",55,1
2015,9,"Female","Indigenous",70,1
2015,9,"Female","Indigenous",80,1
2015,9,"Male","Indigenous",0,2
2015,9,"Male","Indigenous",30,1
2015,9,"Male","Indigenous",60,1
2015,9,"Male","Indigenous",80,2
2015,9,"Female","White",0,8
2015,9,"Female","White",5,1
2015,9,"Female","White",15,5
2015,9,"Female","White",20,2
2015,9,"Female","White",25,3
2015,9,"Female","White",30,3
2015,9,"Female","White",35,6
2015,9,"Female","White",40,5
2015,9,"Female","White",45,7
2015,9,"Female","White",50,9
2015,9,"Female","White",55,15
2015,9,"Female","White",60,9
2015,9,"Female","White",65,20
2015,9,"Female","White",70,20
2015,9,"Female","White",75,33
2015,9,"Female","White",80,104
2015,9,"Male","White",0,18
2015,9,"Male","White",5,1
2015,9,"Male","White",10,1
2015,9,"Male","White",15,6
2015,9,"Male","White",20,11
2015,9,"Male","White",25,11
2015,9,"Male","White",30,10
2015,9,"Male","White",35,4
2015,9,"Male","White",40,8
2015,9,"Male","White",45,11
2015,9,"Male","White",50,7
2015,9,"Male","White",55,15
2015,9,"Male","White",60,15
2015,9,"Male","White",65,22
2015,9,"Male","White",70,21
2015,9,"Male","White",75,25
2015,9,"Male","White",80,88
2015,10,"Female","Asian",55,2
2015,10,"Female","Asian",80,4
2015,10,"Male","Asian",40,1
2015,10,"Male","Asian",65,3
2015,10,"Male","Asian",75,1
2015,10,"Male","Asian",80,1
2015,10,"Female","Black",0,1
2015,10,"Female","Black",15,1
2015,10,"Female","Black",20,2
2015,10,"Female","Black",35,4
2015,10,"Female","Black",40,8
2015,10,"Female","Black",45,6
2015,10,"Female","Black",50,8
2015,10,"Female","Black",55,6
2015,10,"Female","Black",60,11
2015,10,"Female","Black",65,7
2015,10,"Female","Black",70,11
2015,10,"Female","Black",75,8
2015,10,"Female","Black",80,39
2015,10,"Male","Black",0,1
2015,10,"Male","Black",5,1
2015,10,"Male","Black",10,1
2015,10,"Male","Black",15,8
2015,10,"Male","Black",20,14
2015,10,"Male","Black",25,9
2015,10,"Male","Black",30,15
2015,10,"Male","Black",35,8
2015,10,"Male","Black",40,6
2015,10,"Male","Black",45,9
2015,10,"Male","Black",50,9
2015,10,"Male","Black",55,16
2015,10,"Male","Black",60,18
2015,10,"Male","Black",65,18
2015,10,"Male","Black",70,19
2015,10,"Male","Black",75,21
2015,10,"Male","Black",80,44
2015,10,"Female","Brown",0,45
2015,10,"Female","Brown",5,7
2015,10,"Female","Brown",10,2
2015,10,"Female","Brown",15,12
2015,10,"Female","Brown",20,15
2015,10,"Female","Brown",25,11
2015,10,"Female","Brown",30,17
2015,10,"Female","Brown",35,20
2015,10,"Female","Brown",40,25
2015,10,"Female","Brown",45,27
2015,10,"Female","Brown",50,37
2015,10,"Female","Brown",55,48
2015,10,"Female","Brown",60,56
2015,10,"Female","Brown",65,60
2015,10,"Female","Brown",70,69
2015,10,"Female","Brown",75,72
2015,10,"Female","Brown",80,211
2015,10,"Male","Brown",0,83
2015,10,"Male","Brown",5,3
2015,10,"Male","Brown",10,7
2015,10,"Male","Brown",15,29
2015,10,"Male","Brown",20,58
2015,10,"Male","Brown",25,71
2015,10,"Male","Brown",30,51
2015,10,"Male","Brown",35,57
2015,10,"Male","Brown",40,44
2015,10,"Male","Brown",45,49
2015,10,"Male","Brown",50,66
2015,10,"Male","Brown",55,59
2015,10,"Male","Brown",60,70
2015,10,"Male","Brown",65,90
2015,10,"Male","Brown",70,94
2015,10,"Male","Brown",75,104
2015,10,"Male","Brown",80,199
2015,10,"Female","Indigenous",0,2
2015,10,"Female","Indigenous",80,1
2015,10,"Male","Indigenous",0,1
2015,10,"Male","Indigenous",5,1
2015,10,"Male","Indigenous",25,3
2015,10,"Male","Indigenous",30,1
2015,10,"Male","Indigenous",35,1
2015,10,"Male","Indigenous",50,1
2015,10,"Male","Indigenous",60,1
2015,10,"Male","Indigenous",80,5
2015,10,"Female","White",0,7
2015,10,"Female","White",5,1
2015,10,"Female","White",10,1
2015,10,"Female","White",15,4
2015,10,"Female","White",20,3
2015,10,"Female","White",25,5
2015,10,"Female","White",30,3
2015,10,"Female","White",35,5
2015,10,"Female","White",40,2
2015,10,"Female","White",45,5
2015,10,"Female","White",50,9
2015,10,"Female","White",55,9
2015,10,"Female","White",60,13
2015,10,"Female","White",65,13
2015,10,"Female","White",70,26
2015,10,"Female","White",75,33
2015,10,"Female","White",80,111
2015,10,"Male","White",0,16
2015,10,"Male","White",10,5
2015,10,"Male","White",15,1
2015,10,"Male","White",20,7
2015,10,"Male","White",25,13
2015,10,"Male","White",30,7
2015,10,"Male","White",35,10
2015,10,"Male","White",40,11
2015,10,"Male","White",45,14
2015,10,"Male","White",50,13
2015,10,"Male","White",55,13
2015,10,"Male","White",60,15
2015,10,"Male","White",65,32
2015,10,"Male","White",70,24
2015,10,"Male","White",75,34
2015,10,"Male","White",80,77
2015,11,"Female","Asian",50,1
2015,11,"Female","Asian",65,1
2015,11,"Female","Asian",70,1
2015,11,"Female","Asian",80,1
2015,11,"Male","Asian",50,1
2015,11,"Male","Asian",70,2
2015,11,"Male","Asian",80,1
2015,11,"Female","Black",0,2
2015,11,"Female","Black",10,2
2015,11,"Female","Black",15,2
2015,11,"Female","Black",20,5
2015,11,"Female","Black",25,3
2015,11,"Female","Black",30,1
2015,11,"Female","Black",35,4
2015,11,"Female","Black",40,6
2015,11,"Female","Black",45,6
2015,11,"Female","Black",50,8
2015,11,"Female","Black",55,8
2015,11,"Female","Black",60,7
2015,11,"Female","Black",65,11
2015,11,"Female","Black",70,11
2015,11,"Female","Black",75,16
2015,11,"Female","Black",80,24
2015,11,"Male","Black",0,2
2015,11,"Male","Black",15,8
2015,11,"Male","Black",20,20
2015,11,"Male","Black",25,18
2015,11,"Male","Black",30,12
2015,11,"Male","Black",35,15
2015,11,"Male","Black",40,8
2015,11,"Male","Black",45,12
2015,11,"Male","Black",50,14
2015,11,"Male","Black",55,9
2015,11,"Male","Black",60,16
2015,11,"Male","Black",65,11
2015,11,"Male","Black",70,16
2015,11,"Male","Black",75,21
2015,11,"Male","Black",80,33
2015,11,"Female","Brown",0,43
2015,11,"Female","Brown",5,4
2015,11,"Female","Brown",10,3
2015,11,"Female","Brown",15,9
2015,11,"Female","Brown",20,6
2015,11,"Female","Brown",25,16
2015,11,"Female","Brown",30,13
2015,11,"Female","Brown",35,14
2015,11,"Female","Brown",40,14
2015,11,"Female","Brown",45,35
2015,11,"Female","Brown",50,31
2015,11,"Female","Brown",55,47
2015,11,"Female","Brown",60,52
2015,11,"Female","Brown",65,49
2015,11,"Female","Brown",70,71
2015,11,"Female","Brown",75,84
2015,11,"Female","Brown",80,183
2015,11,"Male","Brown",0,59
2015,11,"Male","Brown",5,2
2015,11,"Male","Brown",10,3
2015,11,"Male","Brown",15,49
2015,11,"Male","Brown",20,63
2015,11,"Male","Brown",25,72
2015,11,"Male","Brown",30,68
2015,11,"Male","Brown",35,55
2015,11,"Male","Brown",40,41
2015,11,"Male","Brown",45,48
2015,11,"Male","Brown",50,57
2015,11,"Male","Brown",55,61
2015,11,"Male","Brown",60,60
2015,11,"Male","Brown",65,73
2015,11,"Male","Brown",70,79
2015,11,"Male","Brown",75,96
2015,11,"Male","Brown",80,181
2015,11,"Female","Indigenous",0,2
2015,11,"Female","Indigenous",15,1
2015,11,"Female","Indigenous",35,1
2015,11,"Female","Indigenous",65,1
2015,11,"Male","Indigenous",0,2
2015,11,"Male","Indigenous",5,1
2015,11,"Male","Indigenous",30,1
2015,11,"Male","Indigenous",35,2
2015,11,"Male","Indigenous",55,1
2015,11,"Male","Indigenous",75,1
2015,11,"Male","Indigenous",80,2
2015,11,"Female","White",0,10
2015,11,"Female","White",5,1
2015,11,"Female","White",15,3
2015,11,"Female","White",20,1
2015,11,"Female","White",25,3
2015,11,"Female","White",30,1
2015,11,"Female","White",35,5
2015,11,"Female","White",40,6
2015,11,"Female","White",45,6
2015,11,"Female","White",50,6
2015,11,"Female","White",55,12
2015,11,"Female","White",60,9
2015,11,"Female","White",65,22
2015,11,"Female","White",70,27
2015,11,"Female","White",75,30
2015,11,"Female","White",80,95
2015,11,"Male","White",0,10
2015,11,"Male","White",5,4
2015,11,"Male","White",15,7
2015,11,"Male","White",20,22
2015,11,"Male","White",25,10
2015,11,"Male","White",30,12
2015,11,"Male","White",35,15
2015,11,"Male","White",40,10
2015,11,"Male","White",45,13
2015,11,"Male","White",50,13
2015,11,"Male","White",55,8
2015,11,"Male","White",60,14
2015,11,"Male","White",65,19
2015,11,"Male","White",70,22
2015,11,"Male","White",75,33
2015,11,"Male","White",80,72
2015,12,"Female","Asian",40,1
2015,12,"Male","Asian",5,1
2015,12,"Male","Asian",30,1
2015,12,"Male","Asian",35,1
2015,12,"Female","Black",0,2
2015,12,"Female","Black",5,3
2015,12,"Female","Black",10,1
2015,12,"Female","Black",15,1
2015,12,"Female","Black",20,4
2015,12,"Female","Black",25,1
2015,12,"Female","Black",30,2
2015,12,"Female","Black",35,6
2015,12,"Female","Black",40,5
2015,12,"Female","Black",45,5
2015,12,"Female","Black",50,5
2015,12,"Female","Black",55,9
2015,12,"Female","Black",60,9
2015,12,"Female","Black",65,7
2015,12,"Female","Black",70,7
2015,12,"Female","Black",75,11
2015,12,"Female","Black",80,30
2015,12,"Male","Black",0,2
2015,12,"Male","Black",10,1
2015,12,"Male","Black",15,7
2015,12,"Male","Black",20,14
2015,12,"Male","Black",25,10
2015,12,"Male","Black",30,17
2015,12,"Male","Black",35,10
2015,12,"Male","Black",40,12
2015,12,"Male","Black",45,9
2015,12,"Male","Black",50,9
2015,12,"Male","Black",55,13
2015,12,"Male","Black",60,9
2015,12,"Male","Black",65,17
2015,12,"Male","Black",70,9
2015,12,"Male","Black",75,20
2015,12,"Male","Black",80,32
2015,12,"Female","Brown",0,56
2015,12,"Female","Brown",5,4
2015,12,"Female","Brown",10,4
2015,12,"Female","Brown",15,16
2015,12,"Female","Brown",20,9
2015,12,"Female","Brown",25,15
2015,12,"Female","Brown",30,12
2015,12,"Female","Brown",35,15
2015,12,"Female","Brown",40,21
2015,12,"Female","Brown",45,28
2015,12,"Female","Brown",50,43
2015,12,"Female","Brown",55,45
2015,12,"Female","Brown",60,44
2015,12,"Female","Brown",65,56
2015,12,"Female","Brown",70,76
2015,12,"Female","Brown",75,76
2015,12,"Female","Brown",80,164
2015,12,"Male","Brown",0,59
2015,12,"Male","Brown",5,6
2015,12,"Male","Brown",10,7
2015,12,"Male","Brown",15,41
2015,12,"Male","Brown",20,59
2015,12,"Male","Brown",25,74
2015,12,"Male","Brown",30,72
2015,12,"Male","Brown",35,56
2015,12,"Male","Brown",40,59
2015,12,"Male","Brown",45,53
2015,12,"Male","Brown",50,75
2015,12,"Male","Brown",55,67
2015,12,"Male","Brown",60,75
2015,12,"Male","Brown",65,83
2015,12,"Male","Brown",70,92
2015,12,"Male","Brown",75,105
2015,12,"Male","Brown",80,197
2015,12,"Female","Indigenous",0,2
2015,12,"Female","Indigenous",35,1
2015,12,"Female","Indigenous",70,1
2015,12,"Female","Indigenous",80,2
2015,12,"Male","Indigenous",0,4
2015,12,"Male","Indigenous",25,1
2015,12,"Male","Indigenous",50,1
2015,12,"Male","Indigenous",55,1
2015,12,"Male","Indigenous",60,1
2015,12,"Male","Indigenous",80,1
2015,12,"Female","White",0,8
2015,12,"Female","White",5,3
2015,12,"Female","White",10,1
2015,12,"Female","White",15,2
2015,12,"Female","White",20,1
2015,12,"Female","White",25,4
2015,12,"Female","White",30,4
2015,12,"Female","White",35,5
2015,12,"Female","White",40,6
2015,12,"Female","White",45,7
2015,12,"Female","White",50,16
2015,12,"Female","White",55,11
2015,12,"Female","White",60,18
2015,12,"Female","White",65,20
2015,12,"Female","White",70,24
2015,12,"Female","White",75,43
2015,12,"Female","White",80,103
2015,12,"Male","White",0,10
2015,12,"Male","White",5,1
2015,12,"Male","White",10,2
2015,12,"Male","White",15,9
2015,12,"Male","White",20,3
2015,12,"Male","White",25,13
2015,12,"Male","White",30,11
2015,12,"Male","White",35,7
2015,12,"Male","White",40,12
2015,12,"Male","White",45,13
2015,12,"Male","White",50,7
2015,12,"Male","White",55,13
2015,12,"Male","White",60,10
2015,12,"Male","White",65,16
2015,12,"Male","White",70,30
2015,12,"Male","White",75,39
2015,12,"Male","White",80,76
2016,1,"Female","Asian",60,1
2016,1,"Female","Asian",70,1
2016,1,"Female","Asian",75,1
2016,1,"Female","Asian",80,4
2016,1,"Male","Asian",35,1
2016,1,"Male","Asian",60,1
2016,1,"Male","Asian",65,1
2016,1,"Male","Asian",80,2
2016,1,"Female","Black",0,2
2016,1,"Female","Black",5,2
2016,1,"Female","Black",10,2
2016,1,"Female","Black",20,4
2016,1,"Female","Black",25,1
2016,1,"Female","Black",30,3
2016,1,"Female","Black",35,3
2016,1,"Female","Black",40,1
2016,1,"Female","Black",45,8
2016,1,"Female","Black",50,10
2016,1,"Female","Black",55,6
2016,1,"Female","Black",60,6
2016,1,"Female","Black",65,11
2016,1,"Female","Black",70,10
2016,1,"Female","Black",75,14
2016,1,"Female","Black",80,36
2016,1,"Male","Black",0,1
2016,1,"Male","Black",10,2
2016,1,"Male","Black",15,13
2016,1,"Male","Black",20,9
2016,1,"Male","Black",25,14
2016,1,"Male","Black",30,16
2016,1,"Male","Black",35,8
2016,1,"Male","Black",40,8
2016,1,"Male","Black",45,9
2016,1,"Male","Black",50,15
2016,1,"Male","Black",55,19
2016,1,"Male","Black",60,10
2016,1,"Male","Black",65,18
2016,1,"Male","Black",70,25
2016,1,"Male","Black",75,22
2016,1,"Male","Black",80,35
2016,1,"Female","Brown",0,37
2016,1,"Female","Brown",5,3
2016,1,"Female","Brown",10,1
2016,1,"Female","Brown",15,8
2016,1,"Female","Brown",20,6
2016,1,"Female","Brown",25,6
2016,1,"Female","Brown",30,22
2016,1,"Female","Brown",35,13
2016,1,"Female","Brown",40,23
2016,1,"Female","Brown",45,32
2016,1,"Female","Brown",50,35
2016,1,"Female","Brown",55,47
2016,1,"Female","Brown",60,45
2016,1,"Female","Brown",65,64
2016,1,"Female","Brown",70,84
2016,1,"Female","Brown",75,67
2016,1,"Female","Brown",80,190
2016,1,"Male","Brown",0,61
2016,1,"Male","Brown",5,4
2016,1,"Male","Brown",10,10
2016,1,"Male","Brown",15,50
2016,1,"Male","Brown",20,63
2016,1,"Male","Brown",25,62
2016,1,"Male","Brown",30,46
2016,1,"Male","Brown",35,54
2016,1,"Male","Brown",40,57
2016,1,"Male","Brown",45,51
2016,1,"Male","Brown",50,50
2016,1,"Male","Brown",55,66
2016,1,"Male","Brown",60,94
2016,1,"Male","Brown",65,93
2016,1,"Male","Brown",70,94
2016,1,"Male","Brown",75,91
2016,1,"Male","Brown",80,203
2016,1,"Female","Indigenous",0,3
2016,1,"Female","Indigenous",50,1
2016,1,"Female","Indigenous",70,1
2016,1,"Female","Indigenous",75,1
2016,1,"Female","Indigenous",80,1
2016,1,"Male","Indigenous",0,2
2016,1,"Male","Indigenous",5,1
2016,1,"Male","Indigenous",25,1
2016,1,"Male","Indigenous",40,1
2016,1,"Male","Indigenous",50,1
2016,1,"Male","Indigenous",80,1
2016,1,"Female","White",0,11
2016,1,"Female","White",10,2
2016,1,"Female","White",15,1
2016,1,"Female","White",20,1
2016,1,"Female","White",25,4
2016,1,"Female","White",30,8
2016,1,"Female","White",35,4
2016,1,"Female","White",40,4
2016,1,"Female","White",45,7
2016,1,"Female","White",50,9
2016,1,"Female","White",55,11
2016,1,"Female","White",60,14
2016,1,"Female","White",65,11
2016,1,"Female","White",70,26
2016,1,"Female","White",75,35
2016,1,"Female","White",80,101
2016,1,"Male","White",0,11
2016,1,"Male","White",5,3
2016,1,"Male","White",10,3
2016,1,"Male","White",15,6
2016,1,"Male","White",20,7
2016,1,"Male","White",25,12
2016,1,"Male","White",30,13
2016,1,"Male","White",35,8
2016,1,"Male","White",40,12
2016,1,"Male","White",45,9
2016,1,"Male","White",50,11
2016,1,"Male","White",55,11
2016,1,"Male","White",60,13
2016,1,"Male","White",65,18
2016,1,"Male","White",70,27
2016,1,"Male","White",75,33
2016,1,"Male","White",80,58
2016,2,"Female","Asian",70,1
2016,2,"Female","Asian",75,1
2016,2,"Female","Asian",80,2
2016,2,"Male","Asian",50,1
2016,2,"Male","Asian",55,1
2016,2,"Male","Asian",60,1
2016,2,"Male","Asian",75,1
2016,2,"Male","Asian",80,1
2016,2,"Female","Black",0,1
2016,2,"Female","Black",5,1
2016,2,"Female","Black",15,3
2016,2,"Female","Black",20,2
2016,2,"Female","Black",25,3
2016,2,"Female","Black",30,3
2016,2,"Female","Black",35,5
2016,2,"Female","Black",40,1
2016,2,"Female","Black",45,8
2016,2,"Female","Black",50,9
2016,2,"Female","Black",55,5
2016,2,"Female","Black",60,9
2016,2,"Female","Black",65,11
2016,2,"Female","Black",70,9
2016,2,"Female","Black",75,12
2016,2,"Female","Black",80,19
2016,2,"Male","Black",0,1
2016,2,"Male","Black",10,2
2016,2,"Male","Black",15,7
2016,2,"Male","Black",20,11
2016,2,"Male","Black",25,8
2016,2,"Male","Black",30,13
2016,2,"Male","Black",35,10
2016,2,"Male","Black",40,3
2016,2,"Male","Black",45,8
2016,2,"Male","Black",50,8
2016,2,"Male","Black",55,10
2016,2,"Male","Black",60,13
2016,2,"Male","Black",65,11
2016,2,"Male","Black",70,18
2016,2,"Male","Black",75,15
2016,2,"Male","Black",80,44
2016,2,"Female","Brown",0,54
2016,2,"Female","Brown",5,6
2016,2,"Female","Brown",10,4
2016,2,"Female","Brown",15,7
2016,2,"Female","Brown",20,11
2016,2,"Female","Brown",25,18
2016,2,"Female","Brown",30,14
2016,2,"Female","Brown",35,23
2016,2,"Female","Brown",40,29
2016,2,"Female","Brown",45,28
2016,2,"Female","Brown",50,32
2016,2,"Female","Brown",55,47
2016,2,"Female","Brown",60,41
2016,2,"Female","Brown",65,81
2016,2,"Female","Brown",70,77
2016,2,"Female","Brown",75,70
2016,2,"Female","Brown",80,182
2016,2,"Male","Brown",0,70
2016,2,"Male","Brown",5,3
2016,2,"Male","Brown",10,2
2016,2,"Male","Brown",15,41
2016,2,"Male","Brown",20,61
2016,2,"Male","Brown",25,69
2016,2,"Male","Brown",30,69
2016,2,"Male","Brown",35,60
2016,2,"Male","Brown",40,39
2016,2,"Male","Brown",45,65
2016,2,"Male","Brown",50,60
2016,2,"Male","Brown",55,86
2016,2,"Male","Brown",60,85
2016,2,"Male","Brown",65,77
2016,2,"Male","Brown",70,97
2016,2,"Male","Brown",75,106
2016,2,"Male","Brown",80,216
2016,2,"Female","Indigenous",0,3
2016,2,"Female","Indigenous",20,1
2016,2,"Female","Indigenous",45,1
2016,2,"Female","Indigenous",50,2
2016,2,"Female","Indigenous",80,1
2016,2,"Male","Indigenous",0,3
2016,2,"Male","Indigenous",40,1
2016,2,"Male","Indigenous",45,1
2016,2,"Male","Indigenous",50,1
2016,2,"Male","Indigenous",70,1
2016,2,"Male","Indigenous",80,1
2016,2,"Female","White",0,10
2016,2,"Female","White",5,1
2016,2,"Female","White",10,2
2016,2,"Female","White",15,5
2016,2,"Female","White",20,2
2016,2,"Female","White",25,5
2016,2,"Female","White",30,4
2016,2,"Female","White",35,5
2016,2,"Female","White",40,4
2016,2,"Female","White",45,8
2016,2,"Female","White",50,7
2016,2,"Female","White",55,8
2016,2,"Female","White",60,14
2016,2,"Female","White",65,16
2016,2,"Female","White",70,22
2016,2,"Female","White",75,33
2016,2,"Female","White",80,104
2016,2,"Male","White",0,10
2016,2,"Male","White",5,3
2016,2,"Male","White",10,1
2016,2,"Male","White",15,4
2016,2,"Male","White",20,11
2016,2,"Male","White",25,11
2016,2,"Male","White",30,9
2016,2,"Male","White",35,9
2016,2,"Male","White",40,9
2016,2,"Male","White",45,7
2016,2,"Male","White",50,9
2016,2,"Male","White",55,17
2016,2,"Male","White",60,17
2016,2,"Male","White",65,27
2016,2,"Male","White",70,21
2016,2,"Male","White",75,38
2016,2,"Male","White",80,93
2016,3,"Female","Asian",0,1
2016,3,"Female","Asian",45,1
2016,3,"Female","Asian",60,1
2016,3,"Female","Asian",75,1
2016,3,"Female","Asian",80,1
2016,3,"Male","Asian",15,1
2016,3,"Male","Asian",20,1
2016,3,"Male","Asian",50,1
2016,3,"Male","Asian",60,2
2016,3,"Male","Asian",65,1
2016,3,"Male","Asian",80,2
2016,3,"Female","Black",0,1
2016,3,"Female","Black",10,2
2016,3,"Female","Black",20,3
2016,3,"Female","Black",25,4
2016,3,"Female","Black",30,6
2016,3,"Female","Black",35,6
2016,3,"Female","Black",40,2
2016,3,"Female","Black",45,7
2016,3,"Female","Black",50,5
2016,3,"Female","Black",55,7
2016,3,"Female","Black",60,12
2016,3,"Female","Black",65,14
2016,3,"Female","Black",70,17
2016,3,"Female","Black",75,16
2016,3,"Female","Black",80,45
2016,3,"Male","Black",0,2
2016,3,"Male","Black",5,1
2016,3,"Male","Black",10,2
2016,3,"Male","Black",20,6
2016,3,"Male","Black",25,10
2016,3,"Male","Black",30,9
2016,3,"Male","Black",35,10
2016,3,"Male","Black",40,9
2016,3,"Male","Black",45,10
2016,3,"Male","Black",50,10
2016,3,"Male","Black",55,15
2016,3,"Male","Black",60,17
2016,3,"Male","Black",65,15
2016,3,"Male","Black",70,23
2016,3,"Male","Black",75,23
2016,3,"Male","Black",80,45
2016,3,"Female","Brown",0,64
2016,3,"Female","Brown",5,4
2016,3,"Female","Brown",10,7
2016,3,"Female","Brown",15,12
2016,3,"Female","Brown",20,17
2016,3,"Female","Brown",25,13
2016,3,"Female","Brown",30,20
2016,3,"Female","Brown",35,27
2016,3,"Female","Brown",40,28
2016,3,"Female","Brown",45,34
2016,3,"Female","Brown",50,40
2016,3,"Female","Brown",55,59
2016,3,"Female","Brown",60,60
2016,3,"Female","Brown",65,58
2016,3,"Female","Brown",70,81
2016,3,"Female","Brown",75,101
2016,3,"Female","Brown",80,217
2016,3,"Male","Brown",0,72
2016,3,"Male","Brown",5,6
2016,3,"Male","Brown",10,8
2016,3,"Male","Brown",15,47
2016,3,"Male","Brown",20,64
2016,3,"Male","Brown",25,60
2016,3,"Male","Brown",30,62
2016,3,"Male","Brown",35,55
2016,3,"Male","Brown",40,54
2016,3,"Male","Brown",45,50
2016,3,"Male","Brown",50,70
2016,3,"Male","Brown",55,73
2016,3,"Male","Brown",60,85
2016,3,"Male","Brown",65,103
2016,3,"Male","Brown",70,111
2016,3,"Male","Brown",75,102
2016,3,"Male","Brown",80,251
2016,3,"Female","Indigenous",0,2
2016,3,"Female","Indigenous",10,1
2016,3,"Female","Indigenous",15,1
2016,3,"Female","Indigenous",80,3
2016,3,"Male","Indigenous",0,7
2016,3,"Male","Indigenous",10,1
2016,3,"Male","Indigenous",15,1
2016,3,"Male","Indigenous",20,1
2016,3,"Male","Indigenous",25,2
2016,3,"Male","Indigenous",30,1
2016,3,"Male","Indigenous",60,3
2016,3,"Male","Indigenous",70,2
2016,3,"Male","Indigenous",75,1
2016,3,"Male","Indigenous",80,2
2016,3,"Female","White",0,12
2016,3,"Female","White",5,2
2016,3,"Female","White",10,1
2016,3,"Female","White",15,1
2016,3,"Female","White",20,2
2016,3,"Female","White",25,3
2016,3,"Female","White",30,2
2016,3,"Female","White",35,5
2016,3,"Female","White",40,7
2016,3,"Female","White",45,5
2016,3,"Female","White",50,14
2016,3,"Female","White",55,10
2016,3,"Female","White",60,14
2016,3,"Female","White",65,18
2016,3,"Female","White",70,24
2016,3,"Female","White",75,45
2016,3,"Female","White",80,120
2016,3,"Male","White",0,16
2016,3,"Male","White",5,2
2016,3,"Male","White",10,2
2016,3,"Male","White",15,7
2016,3,"Male","White",20,11
2016,3,"Male","White",25,7
2016,3,"Male","White",30,4
2016,3,"Male","White",35,9
2016,3,"Male","White",40,9
2016,3,"Male","White",45,5
2016,3,"Male","White",50,13
2016,3,"Male","White",55,18
2016,3,"Male","White",60,15
2016,3,"Male","White",65,20
2016,3,"Male","White",70,28
2016,3,"Male","White",75,34
2016,3,"Male","White",80,113
2016,4,"Female","Asian",75,1
2016,4,"Female","Asian",80,2
2016,4,"Male","Asian",60,1
2016,4,"Male","Asian",65,1
2016,4,"Male","Asian",70,2
2016,4,"Male","Asian",75,2
2016,4,"Male","Asian",80,2
2016,4,"Female","Black",0,1
2016,4,"Female","Black",15,1
2016,4,"Female","Black",20,3
2016,4,"Female","Black",25,2
2016,4,"Female","Black",30,2
2016,4,"Female","Black",35,6
2016,4,"Female","Black",40,3
2016,4,"Female","Black",45,5
2016,4,"Female","Black",50,9
2016,4,"Female","Black",55,14
2016,4,"Female","Black",60,15
2016,4,"Female","Black",65,8
2016,4,"Female","Black",70,11
2016,4,"Female","Black",75,15
2016,4,"Female","Black",80,36
2016,4,"Male","Black",0,1
2016,4,"Male","Black",5,1
2016,4,"Male","Black",15,7
2016,4,"Male","Black",20,6
2016,4,"Male","Black",25,15
2016,4,"Male","Black",30,10
2016,4,"Male","Black",35,15
2016,4,"Male","Black",40,8
2016,4,"Male","Black",45,5
2016,4,"Male","Black",50,10
2016,4,"Male","Black",55,15
2016,4,"Male","Black",60,15
2016,4,"Male","Black",65,5
2016,4,"Male","Black",70,19
2016,4,"Male","Black",75,20
2016,4,"Male","Black",80,50
2016,4,"Female","Brown",0,60
2016,4,"Female","Brown",5,4
2016,4,"Female","Brown",10,7
2016,4,"Female","Brown",15,6
2016,4,"Female","Brown",20,8
2016,4,"Female","Brown",25,10
2016,4,"Female","Brown",30,34
2016,4,"Female","Brown",35,16
2016,4,"Female","Brown",40,26
2016,4,"Female","Brown",45,26
2016,4,"Female","Brown",50,42
2016,4,"Female","Brown",55,46
2016,4,"Female","Brown",60,53
2016,4,"Female","Brown",65,61
2016,4,"Female","Brown",70,77
2016,4,"Female","Brown",75,95
2016,4,"Female","Brown",80,238
2016,4,"Male","Brown",0,71
2016,4,"Male","Brown",5,8
2016,4,"Male","Brown",10,11
2016,4,"Male","Brown",15,29
2016,4,"Male","Brown",20,58
2016,4,"Male","Brown",25,61
2016,4,"Male","Brown",30,42
2016,4,"Male","Brown",35,56
2016,4,"Male","Brown",40,59
2016,4,"Male","Brown",45,56
2016,4,"Male","Brown",50,58
2016,4,"Male","Brown",55,72
2016,4,"Male","Brown",60,100
2016,4,"Male","Brown",65,106
2016,4,"Male","Brown",70,108
2016,4,"Male","Brown",75,115
2016,4,"Male","Brown",80,247
2016,4,"Female","Indigenous",0,3
2016,4,"Female","Indigenous",45,1
2016,4,"Female","Indigenous",60,1
2016,4,"Female","Indigenous",70,1
2016,4,"Female","Indigenous",80,1
2016,4,"Male","Indigenous",0,4
2016,4,"Male","Indigenous",25,1
2016,4,"Male","Indigenous",40,1
2016,4,"Male","Indigenous",50,1
2016,4,"Male","Indigenous",80,3
2016,4,"Female","White",0,20
2016,4,"Female","White",5,2
2016,4,"Female","White",10,1
2016,4,"Female","White",15,1
2016,4,"Female","White",20,1
2016,4,"Female","White",25,1
2016,4,"Female","White",30,4
2016,4,"Female","White",35,9
2016,4,"Female","White",40,4
2016,4,"Female","White",45,12
2016,4,"Female","White",50,13
2016,4,"Female","White",55,17
2016,4,"Female","White",60,19
2016,4,"Female","White",65,14
2016,4,"Female","White",70,30
2016,4,"Female","White",75,35
2016,4,"Female","White",80,115
2016,4,"Male","White",0,12
2016,4,"Male","White",5,1
2016,4,"Male","White",10,1
2016,4,"Male","White",15,2
2016,4,"Male","White",20,12
2016,4,"Male","White",25,9
2016,4,"Male","White",30,13
2016,4,"Male","White",35,7
2016,4,"Male","White",40,8
2016,4,"Male","White",45,5
2016,4,"Male","White",50,13
2016,4,"Male","White",55,8
2016,4,"Male","White",60,16
2016,4,"Male","White",65,30
2016,4,"Male","White",70,34
2016,4,"Male","White",75,45
2016,4,"Male","White",80,114
2016,5,"Female","Asian",35,1
2016,5,"Female","Asian",80,1
2016,5,"Male","Asian",20,1
2016,5,"Male","Asian",25,1
2016,5,"Male","Asian",30,1
2016,5,"Male","Asian",55,1
2016,5,"Male","Asian",60,2
2016,5,"Male","Asian",70,1
2016,5,"Male","Asian",75,1
2016,5,"Male","Asian",80,1
2016,5,"Female","Black",0,1
2016,5,"Female","Black",10,1
2016,5,"Female","Black",15,3
2016,5,"Female","Black",20,1
2016,5,"Female","Black",25,3
2016,5,"Female","Black",30,1
2016,5,"Female","Black",35,2
2016,5,"Female","Black",40,3
2016,5,"Female","Black",45,4
2016,5,"Female","Black",50,5
2016,5,"Female","Black",55,4
2016,5,"Female","Black",60,5
2016,5,"Female","Black",65,11
2016,5,"Female","Black",70,14
2016,5,"Female","Black",75,14
2016,5,"Female","Black",80,35
2016,5,"Male","Black",0,2
2016,5,"Male","Black",5,1
2016,5,"Male","Black",10,1
2016,5,"Male","Black",15,2
2016,5,"Male","Black",20,4
2016,5,"Male","Black",25,12
2016,5,"Male","Black",30,15
2016,5,"Male","Black",35,13
2016,5,"Male","Black",40,5
2016,5,"Male","Black",45,7
2016,5,"Male","Black",50,4
2016,5,"Male","Black",55,15
2016,5,"Male","Black",60,12
2016,5,"Male","Black",65,22
2016,5,"Male","Black",70,15
2016,5,"Male","Black",75,21
2016,5,"Male","Black",80,42
2016,5,"Female","Brown",0,43
2016,5,"Female","Brown",5,8
2016,5,"Female","Brown",10,2
2016,5,"Female","Brown",15,6
2016,5,"Female","Brown",20,20
2016,5,"Female","Brown",25,18
2016,5,"Female","Brown",30,22
2016,5,"Female","Brown",35,17
2016,5,"Female","Brown",40,31
2016,5,"Female","Brown",45,40
2016,5,"Female","Brown",50,41
2016,5,"Female","Brown",55,49
2016,5,"Female","Brown",60,56
2016,5,"Female","Brown",65,58
2016,5,"Female","Brown",70,73
2016,5,"Female","Brown",75,66
2016,5,"Female","Brown",80,246
2016,5,"Male","Brown",0,65
2016,5,"Male","Brown",5,3
2016,5,"Male","Brown",10,15
2016,5,"Male","Brown",15,45
2016,5,"Male","Brown",20,50
2016,5,"Male","Brown",25,46
2016,5,"Male","Brown",30,52
2016,5,"Male","Brown",35,62
2016,5,"Male","Brown",40,56
2016,5,"Male","Brown",45,51
2016,5,"Male","Brown",50,66
2016,5,"Male","Brown",55,82
2016,5,"Male","Brown",60,89
2016,5,"Male","Brown",65,96
2016,5,"Male","Brown",70,84
2016,5,"Male","Brown",75,104
2016,5,"Male","Brown",80,241
2016,5,"Female","Indigenous",0,4
2016,5,"Female","Indigenous",30,2
2016,5,"Female","Indigenous",35,1
2016,5,"Female","Indigenous",70,1
2016,5,"Female","Indigenous",80,1
2016,5,"Male","Indigenous",0,2
2016,5,"Male","Indigenous",5,1
2016,5,"Male","Indigenous",20,1
2016,5,"Male","Indigenous",30,1
2016,5,"Male","Indigenous",45,1
2016,5,"Male","Indigenous",70,1
2016,5,"Male","Indigenous",80,1
2016,5,"Female","White",0,13
2016,5,"Female","White",5,2
2016,5,"Female","White",10,2
2016,5,"Female","White",15,3
2016,5,"Female","White",20,1
2016,5,"Female","White",25,5
2016,5,"Female","White",30,3
2016,5,"Female","White",35,4
2016,5,"Female","White",40,4
2016,5,"Female","White",45,2
2016,5,"Female","White",50,9
2016,5,"Female","White",55,11
2016,5,"Female","White",60,19
2016,5,"Female","White",65,15
2016,5,"Female","White",70,23
2016,5,"Female","White",75,29
2016,5,"Female","White",80,125
2016,5,"Male","White",0,12
2016,5,"Male","White",5,1
2016,5,"Male","White",10,1
2016,5,"Male","White",15,13
2016,5,"Male","White",20,17
2016,5,"Male","White",25,8
2016,5,"Male","White",30,9
2016,5,"Male","White",35,9
2016,5,"Male","White",40,5
2016,5,"Male","White",45,6
2016,5,"Male","White",50,11
2016,5,"Male","White",55,11
2016,5,"Male","White",60,18
2016,5,"Male","White",65,22
2016,5,"Male","White",70,32
2016,5,"Male","White",75,36
2016,5,"Male","White",80,104
2016,6,"Female","Asian",10,1
2016,6,"Female","Asian",25,1
2016,6,"Female","Asian",70,1
2016,6,"Female","Asian",75,1
2016,6,"Female","Asian",80,2
2016,6,"Male","Asian",0,1
2016,6,"Male","Asian",25,1
2016,6,"Male","Asian",70,1
2016,6,"Male","Asian",75,1
2016,6,"Male","Asian",80,2
2016,6,"Female","Black",10,3
2016,6,"Female","Black",15,2
2016,6,"Female","Black",25,2
2016,6,"Female","Black",30,3
2016,6,"Female","Black",35,2
2016,6,"Female","Black",40,4
2016,6,"Female","Black",45,5
2016,6,"Female","Black",50,5
2016,6,"Female","Black",55,7
2016,6,"Female","Black",60,7
2016,6,"Female","Black",65,14
2016,6,"Female","Black",70,7
2016,6,"Female","Black",75,18
2016,6,"Female","Black",80,27
2016,6,"Male","Black",0,2
2016,6,"Male","Black",5,1
2016,6,"Male","Black",10,1
2016,6,"Male","Black",15,9
2016,6,"Male","Black",20,16
2016,6,"Male","Black",25,11
2016,6,"Male","Black",30,7
2016,6,"Male","Black",35,10
2016,6,"Male","Black",40,13
2016,6,"Male","Black",45,8
2016,6,"Male","Black",50,8
2016,6,"Male","Black",55,12
2016,6,"Male","Black",60,15
2016,6,"Male","Black",65,19
2016,6,"Male","Black",70,22
2016,6,"Male","Black",75,20
2016,6,"Male","Black",80,34
2016,6,"Female","Brown",0,53
2016,6,"Female","Brown",5,5
2016,6,"Female","Brown",10,8
2016,6,"Female","Brown",15,5
2016,6,"Female","Brown",20,12
2016,6,"Female","Brown",25,11
2016,6,"Female","Brown",30,19
2016,6,"Female","Brown",35,25
2016,6,"Female","Brown",40,15
2016,6,"Female","Brown",45,32
2016,6,"Female","Brown",50,35
2016,6,"Female","Brown",55,53
2016,6,"Female","Brown",60,57
2016,6,"Female","Brown",65,60
2016,6,"Female","Brown",70,77
2016,6,"Female","Brown",75,64
2016,6,"Female","Brown",80,183
2016,6,"Male","Brown",0,64
2016,6,"Male","Brown",5,9
2016,6,"Male","Brown",10,16
2016,6,"Male","Brown",15,44
2016,6,"Male","Brown",20,54
2016,6,"Male","Brown",25,54
2016,6,"Male","Brown",30,67
2016,6,"Male","Brown",35,50
2016,6,"Male","Brown",40,48
2016,6,"Male","Brown",45,44
2016,6,"Male","Brown",50,52
2016,6,"Male","Brown",55,72
2016,6,"Male","Brown",60,70
2016,6,"Male","Brown",65,81
2016,6,"Male","Brown",70,88
2016,6,"Male","Brown",75,108
2016,6,"Male","Brown",80,209
2016,6,"Female","Indigenous",0,2
2016,6,"Female","Indigenous",20,1
2016,6,"Female","Indigenous",45,1
2016,6,"Female","Indigenous",80,1
2016,6,"Male","Indigenous",0,5
2016,6,"Male","Indigenous",20,1
2016,6,"Male","Indigenous",30,1
2016,6,"Male","Indigenous",70,1
2016,6,"Male","Indigenous",80,2
2016,6,"Female","White",0,19
2016,6,"Female","White",5,2
2016,6,"Female","White",15,4
2016,6,"Female","White",20,1
2016,6,"Female","White",25,1
2016,6,"Female","White",30,4
2016,6,"Female","White",35,7
2016,6,"Female","White",40,4
2016,6,"Female","White",45,4
2016,6,"Female","White",50,8
2016,6,"Female","White",55,8
2016,6,"Female","White",60,11
2016,6,"Female","White",65,14
2016,6,"Female","White",70,29
2016,6,"Female","White",75,18
2016,6,"Female","White",80,108
2016,6,"Male","White",0,6
2016,6,"Male","White",5,2
2016,6,"Male","White",10,2
2016,6,"Male","White",15,5
2016,6,"Male","White",20,7
2016,6,"Male","White",25,12
2016,6,"Male","White",30,11
2016,6,"Male","White",35,6
2016,6,"Male","White",40,11
2016,6,"Male","White",45,13
2016,6,"Male","White",50,12
2016,6,"Male","White",55,10
2016,6,"Male","White",60,25
2016,6,"Male","White",65,24
2016,6,"Male","White",70,31
2016,6,"Male","White",75,31
2016,6,"Male","White",80,82
2016,7,"Female","Asian",50,1
2016,7,"Female","Asian",80,1
2016,7,"Male","Asian",45,1
2016,7,"Male","Asian",65,1
2016,7,"Male","Asian",75,2
2016,7,"Female","Black",5,1
2016,7,"Female","Black",10,2
2016,7,"Female","Black",15,3
2016,7,"Female","Black",25,3
2016,7,"Female","Black",30,3
2016,7,"Female","Black",35,6
2016,7,"Female","Black",40,2
2016,7,"Female","Black",45,10
2016,7,"Female","Black",50,10
2016,7,"Female","Black",55,9
2016,7,"Female","Black",60,11
2016,7,"Female","Black",65,12
2016,7,"Female","Black",70,10
2016,7,"Female","Black",75,14
2016,7,"Female","Black",80,31
2016,7,"Male","Black",0,5
2016,7,"Male","Black",10,1
2016,7,"Male","Black",15,9
2016,7,"Male","Black",20,13
2016,7,"Male","Black",25,10
2016,7,"Male","Black",30,11
2016,7,"Male","Black",35,11
2016,7,"Male","Black",40,5
2016,7,"Male","Black",45,13
2016,7,"Male","Black",50,12
2016,7,"Male","Black",55,15
2016,7,"Male","Black",60,18
2016,7,"Male","Black",65,15
2016,7,"Male","Black",70,20
2016,7,"Male","Black",75,13
2016,7,"Male","Black",80,41
2016,7,"Female","Brown",0,50
2016,7,"Female","Brown",5,10
2016,7,"Female","Brown",10,5
2016,7,"Female","Brown",15,9
2016,7,"Female","Brown",20,11
2016,7,"Female","Brown",25,12
2016,7,"Female","Brown",30,11
2016,7,"Female","Brown",35,25
2016,7,"Female","Brown",40,20
2016,7,"Female","Brown",45,24
2016,7,"Female","Brown",50,41
2016,7,"Female","Brown",55,38
2016,7,"Female","Brown",60,57
2016,7,"Female","Brown",65,61
2016,7,"Female","Brown",70,62
2016,7,"Female","Brown",75,85
2016,7,"Female","Brown",80,197
2016,7,"Male","Brown",0,69
2016,7,"Male","Brown",5,9
2016,7,"Male","Brown",10,8
2016,7,"Male","Brown",15,38
2016,7,"Male","Brown",20,62
2016,7,"Male","Brown",25,57
2016,7,"Male","Brown",30,56
2016,7,"Male","Brown",35,45
2016,7,"Male","Brown",40,60
2016,7,"Male","Brown",45,68
2016,7,"Male","Brown",50,57
2016,7,"Male","Brown",55,71
2016,7,"Male","Brown",60,87
2016,7,"Male","Brown",65,108
2016,7,"Male","Brown",70,99
2016,7,"Male","Brown",75,92
2016,7,"Male","Brown",80,224
2016,7,"Female","Indigenous",0,4
2016,7,"Female","Indigenous",35,1
2016,7,"Female","Indigenous",65,1
2016,7,"Female","Indigenous",75,1
2016,7,"Male","Indigenous",0,5
2016,7,"Male","Indigenous",30,3
2016,7,"Male","Indigenous",35,2
2016,7,"Male","Indigenous",50,2
2016,7,"Male","Indigenous",75,1
2016,7,"Male","Indigenous",80,1
2016,7,"Female","White",0,14
2016,7,"Female","White",15,4
2016,7,"Female","White",20,4
2016,7,"Female","White",25,5
2016,7,"Female","White",30,1
2016,7,"Female","White",35,2
2016,7,"Female","White",40,5
2016,7,"Female","White",45,12
2016,7,"Female","White",50,8
2016,7,"Female","White",55,7
2016,7,"Female","White",60,12
2016,7,"Female","White",65,14
2016,7,"Female","White",70,17
2016,7,"Female","White",75,32
2016,7,"Female","White",80,92
2016,7,"Male","White",0,13
2016,7,"Male","White",5,1
2016,7,"Male","White",10,1
2016,7,"Male","White",15,9
2016,7,"Male","White",20,7
2016,7,"Male","White",25,12
2016,7,"Male","White",30,13
2016,7,"Male","White",35,13
2016,7,"Male","White",40,7
2016,7,"Male","White",45,8
2016,7,"Male","White",50,14
2016,7,"Male","White",55,14
2016,7,"Male","White",60,15
2016,7,"Male","White",65,27
2016,7,"Male","White",70,35
2016,7,"Male","White",75,36
2016,7,"Male","White",80,110
2016,8,"Female","Asian",35,1
2016,8,"Female","Asian",55,1
2016,8,"Female","Asian",60,1
2016,8,"Female","Asian",75,1
2016,8,"Female","Asian",80,1
2016,8,"Male","Asian",15,1
2016,8,"Male","Asian",35,1
2016,8,"Male","Asian",55,1
2016,8,"Male","Asian",60,1
2016,8,"Male","Asian",70,1
2016,8,"Male","Asian",80,1
2016,8,"Female","Black",0,3
2016,8,"Female","Black",15,4
2016,8,"Female","Black",25,2
2016,8,"Female","Black",30,2
2016,8,"Female","Black",35,8
2016,8,"Female","Black",40,7
2016,8,"Female","Black",45,4
2016,8,"Female","Black",50,6
2016,8,"Female","Black",55,10
2016,8,"Female","Black",60,11
2016,8,"Female","Black",65,9
2016,8,"Female","Black",70,13
2016,8,"Female","Black",75,15
2016,8,"Female","Black",80,34
2016,8,"Male","Black",0,3
2016,8,"Male","Black",15,5
2016,8,"Male","Black",20,18
2016,8,"Male","Black",25,10
2016,8,"Male","Black",30,7
2016,8,"Male","Black",35,6
2016,8,"Male","Black",40,7
2016,8,"Male","Black",45,12
2016,8,"Male","Black",50,11
2016,8,"Male","Black",55,15
2016,8,"Male","Black",60,17
2016,8,"Male","Black",65,15
2016,8,"Male","Black",70,19
2016,8,"Male","Black",75,9
2016,8,"Male","Black",80,29
2016,8,"Female","Brown",0,42
2016,8,"Female","Brown",5,4
2016,8,"Female","Brown",10,9
2016,8,"Female","Brown",15,5
2016,8,"Female","Brown",20,13
2016,8,"Female","Brown",25,11
2016,8,"Female","Brown",30,17
2016,8,"Female","Brown",35,14
2016,8,"Female","Brown",40,15
2016,8,"Female","Brown",45,30
2016,8,"Female","Brown",50,43
2016,8,"Female","Brown",55,30
2016,8,"Female","Brown",60,57
2016,8,"Female","Brown",65,70
2016,8,"Female","Brown",70,59
2016,8,"Female","Brown",75,79
2016,8,"Female","Brown",80,195
2016,8,"Male","Brown",0,65
2016,8,"Male","Brown",5,7
2016,8,"Male","Brown",10,12
2016,8,"Male","Brown",15,40
2016,8,"Male","Brown",20,63
2016,8,"Male","Brown",25,58
2016,8,"Male","Brown",30,52
2016,8,"Male","Brown",35,66
2016,8,"Male","Brown",40,49
2016,8,"Male","Brown",45,47
2016,8,"Male","Brown",50,62
2016,8,"Male","Brown",55,56
2016,8,"Male","Brown",60,79
2016,8,"Male","Brown",65,88
2016,8,"Male","Brown",70,100
2016,8,"Male","Brown",75,107
2016,8,"Male","Brown",80,207
2016,8,"Female","Indigenous",0,2
2016,8,"Female","Indigenous",10,1
2016,8,"Female","Indigenous",15,1
2016,8,"Female","Indigenous",20,1
2016,8,"Female","Indigenous",25,1
2016,8,"Female","Indigenous",55,1
2016,8,"Female","Indigenous",75,1
2016,8,"Female","Indigenous",80,4
2016,8,"Male","Indigenous",0,2
2016,8,"Male","Indigenous",70,1
2016,8,"Male","Indigenous",80,3
2016,8,"Female","White",0,10
2016,8,"Female","White",10,3
2016,8,"Female","White",15,1
2016,8,"Female","White",20,5
2016,8,"Female","White",25,5
2016,8,"Female","White",30,7
2016,8,"Female","White",35,7
2016,8,"Female","White",40,6
2016,8,"Female","White",45,6
2016,8,"Female","White",50,11
2016,8,"Female","White",55,6
2016,8,"Female","White",60,12
2016,8,"Female","White",65,17
2016,8,"Female","White",70,26
2016,8,"Female","White",75,23
2016,8,"Female","White",80,114
2016,8,"Male","White",0,11
2016,8,"Male","White",15,12
2016,8,"Male","White",20,5
2016,8,"Male","White",25,16
2016,8,"Male","White",30,7
2016,8,"Male","White",35,13
2016,8,"Male","White",40,11
2016,8,"Male","White",45,9
2016,8,"Male","White",50,6
2016,8,"Male","White",55,13
2016,8,"Male","White",60,20
2016,8,"Male","White",65,17
2016,8,"Male","White",70,26
2016,8,"Male","White",75,26
2016,8,"Male","White",80,83
2016,9,"Female","Asian",5,1
2016,9,"Female","Asian",60,1
2016,9,"Female","Asian",75,1
2016,9,"Female","Asian",80,4
2016,9,"Male","Asian",15,1
2016,9,"Male","Asian",20,1
2016,9,"Male","Asian",35,1
2016,9,"Male","Asian",60,1
2016,9,"Male","Asian",80,4
2016,9,"Female","Black",0,2
2016,9,"Female","Black",15,1
2016,9,"Female","Black",25,1
2016,9,"Female","Black",30,9
2016,9,"Female","Black",35,1
2016,9,"Female","Black",40,5
2016,9,"Female","Black",45,7
2016,9,"Female","Black",50,4
2016,9,"Female","Black",55,8
2016,9,"Female","Black",60,8
2016,9,"Female","Black",65,9
2016,9,"Female","Black",70,11
2016,9,"Female","Black",75,11
2016,9,"Female","Black",80,35
2016,9,"Male","Black",0,1
2016,9,"Male","Black",5,1
2016,9,"Male","Black",10,1
2016,9,"Male","Black",15,2
2016,9,"Male","Black",20,12
2016,9,"Male","Black",25,9
2016,9,"Male","Black",30,14
2016,9,"Male","Black",35,15
2016,9,"Male","Black",40,9
2016,9,"Male","Black",45,12
2016,9,"Male","Black",50,7
2016,9,"Male","Black",55,9
2016,9,"Male","Black",60,19
2016,9,"Male","Black",65,17
2016,9,"Male","Black",70,23
2016,9,"Male","Black",75,22
2016,9,"Male","Black",80,35
2016,9,"Female","Brown",0,52
2016,9,"Female","Brown",5,1
2016,9,"Female","Brown",10,2
2016,9,"Female","Brown",15,9
2016,9,"Female","Brown",20,12
2016,9,"Female","Brown",25,5
2016,9,"Female","Brown",30,17
2016,9,"Female","Brown",35,25
2016,9,"Female","Brown",40,22
2016,9,"Female","Brown",45,38
2016,9,"Female","Brown",50,29
2016,9,"Female","Brown",55,42
2016,9,"Female","Brown",60,66
2016,9,"Female","Brown",65,56
2016,9,"Female","Brown",70,68
2016,9,"Female","Brown",75,73
2016,9,"Female","Brown",80,187
2016,9,"Male","Brown",0,52
2016,9,"Male","Brown",5,7
2016,9,"Male","Brown",10,9
2016,9,"Male","Brown",15,41
2016,9,"Male","Brown",20,51
2016,9,"Male","Brown",25,50
2016,9,"Male","Brown",30,60
2016,9,"Male","Brown",35,42
2016,9,"Male","Brown",40,49
2016,9,"Male","Brown",45,60
2016,9,"Male","Brown",50,62
2016,9,"Male","Brown",55,60
2016,9,"Male","Brown",60,68
2016,9,"Male","Brown",65,81
2016,9,"Male","Brown",70,90
2016,9,"Male","Brown",75,95
2016,9,"Male","Brown",80,198
2016,9,"Female","Indigenous",0,2
2016,9,"Female","Indigenous",35,1
2016,9,"Female","Indigenous",40,1
2016,9,"Female","Indigenous",55,1
2016,9,"Female","Indigenous",70,1
2016,9,"Female","Indigenous",80,4
2016,9,"Male","Indigenous",0,2
2016,9,"Male","Indigenous",5,1
2016,9,"Male","Indigenous",15,2
2016,9,"Male","Indigenous",20,1
2016,9,"Male","Indigenous",40,1
2016,9,"Male","Indigenous",80,2
2016,9,"Female","White",0,6
2016,9,"Female","White",5,1
2016,9,"Female","White",10,2
2016,9,"Female","White",15,1
2016,9,"Female","White",20,4
2016,9,"Female","White",25,3
2016,9,"Female","White",30,5
2016,9,"Female","White",35,2
2016,9,"Female","White",40,2
2016,9,"Female","White",45,3
2016,9,"Female","White",50,10
2016,9,"Female","White",55,12
2016,9,"Female","White",60,12
2016,9,"Female","White",65,20
2016,9,"Female","White",70,26
2016,9,"Female","White",75,27
2016,9,"Female","White",80,103
2016,9,"Male","White",0,12
2016,9,"Male","White",5,2
2016,9,"Male","White",10,2
2016,9,"Male","White",15,5
2016,9,"Male","White",20,10
2016,9,"Male","White",25,7
2016,9,"Male","White",30,6
2016,9,"Male","White",35,5
2016,9,"Male","White",40,11
2016,9,"Male","White",45,13
2016,9,"Male","White",50,12
2016,9,"Male","White",55,9
2016,9,"Male","White",60,11
2016,9,"Male","White",65,29
2016,9,"Male","White",70,24
2016,9,"Male","White",75,40
2016,9,"Male","White",80,81
2016,10,"Female","Asian",70,1
2016,10,"Female","Asian",75,1
2016,10,"Female","Asian",80,1
2016,10,"Male","Asian",15,1
2016,10,"Male","Asian",45,1
2016,10,"Male","Asian",65,2
2016,10,"Male","Asian",75,2
2016,10,"Female","Black",10,1
2016,10,"Female","Black",15,1
2016,10,"Female","Black",20,2
2016,10,"Female","Black",25,2
2016,10,"Female","Black",30,3
2016,10,"Female","Black",35,3
2016,10,"Female","Black",40,3
2016,10,"Female","Black",45,3
2016,10,"Female","Black",50,4
2016,10,"Female","Black",55,7
2016,10,"Female","Black",60,9
2016,10,"Female","Black",65,9
2016,10,"Female","Black",70,7
2016,10,"Female","Black",75,16
2016,10,"Female","Black",80,33
2016,10,"Male","Black",0,3
2016,10,"Male","Black",5,1
2016,10,"Male","Black",15,3
2016,10,"Male","Black",20,2
2016,10,"Male","Black",25,10
2016,10,"Male","Black",30,20
2016,10,"Male","Black",35,9
2016,10,"Male","Black",40,10
2016,10,"Male","Black",45,11
2016,10,"Male","Black",50,9
2016,10,"Male","Black",55,17
2016,10,"Male","Black",60,21
2016,10,"Male","Black",65,10
2016,10,"Male","Black",70,17
2016,10,"Male","Black",75,23
2016,10,"Male","Black",80,26
2016,10,"Female","Brown",0,43
2016,10,"Female","Brown",5,8
2016,10,"Female","Brown",10,6
2016,10,"Female","Brown",15,14
2016,10,"Female","Brown",20,16
2016,10,"Female","Brown",25,10
2016,10,"Female","Brown",30,21
2016,10,"Female","Brown",35,23
2016,10,"Female","Brown",40,17
2016,10,"Female","Brown",45,20
2016,10,"Female","Brown",50,35
2016,10,"Female","Brown",55,51
2016,10,"Female","Brown",60,57
2016,10,"Female","Brown",65,62
2016,10,"Female","Brown",70,63
2016,10,"Female","Brown",75,90
2016,10,"Female","Brown",80,172
2016,10,"Male","Brown",0,55
2016,10,"Male","Brown",5,6
2016,10,"Male","Brown",10,9
2016,10,"Male","Brown",15,58
2016,10,"Male","Brown",20,52
2016,10,"Male","Brown",25,63
2016,10,"Male","Brown",30,50
2016,10,"Male","Brown",35,51
2016,10,"Male","Brown",40,53
2016,10,"Male","Brown",45,67
2016,10,"Male","Brown",50,65
2016,10,"Male","Brown",55,66
2016,10,"Male","Brown",60,78
2016,10,"Male","Brown",65,87
2016,10,"Male","Brown",70,99
2016,10,"Male","Brown",75,90
2016,10,"Male","Brown",80,197
2016,10,"Female","Indigenous",0,1
2016,10,"Female","Indigenous",10,1
2016,10,"Female","Indigenous",30,1
2016,10,"Female","Indigenous",70,1
2016,10,"Female","Indigenous",80,2
2016,10,"Male","Indigenous",0,3
2016,10,"Male","Indigenous",5,1
2016,10,"Male","Indigenous",15,1
2016,10,"Male","Indigenous",25,1
2016,10,"Male","Indigenous",35,1
2016,10,"Male","Indigenous",45,1
2016,10,"Male","Indigenous",65,1
2016,10,"Male","Indigenous",70,2
2016,10,"Male","Indigenous",75,1
2016,10,"Male","Indigenous",80,2
2016,10,"Female","White",0,12
2016,10,"Female","White",10,1
2016,10,"Female","White",15,2
2016,10,"Female","White",20,1
2016,10,"Female","White",25,3
2016,10,"Female","White",30,4
2016,10,"Female","White",35,4
2016,10,"Female","White",40,7
2016,10,"Female","White",45,12
2016,10,"Female","White",50,10
2016,10,"Female","White",55,9
2016,10,"Female","White",60,16
2016,10,"Female","White",65,22
2016,10,"Female","White",70,32
2016,10,"Female","White",75,20
2016,10,"Female","White",80,93
2016,10,"Male","White",0,9
2016,10,"Male","White",5,1
2016,10,"Male","White",10,1
2016,10,"Male","White",15,6
2016,10,"Male","White",20,9
2016,10,"Male","White",25,13
2016,10,"Male","White",30,18
2016,10,"Male","White",35,6
2016,10,"Male","White",40,9
2016,10,"Male","White",45,10
2016,10,"Male","White",50,6
2016,10,"Male","White",55,9
2016,10,"Male","White",60,12
2016,10,"Male","White",65,19
2016,10,"Male","White",70,31
2016,10,"Male","White",75,27
2016,10,"Male","White",80,74
2016,11,"Female","Asian",20,1
2016,11,"Female","Asian",60,1
2016,11,"Female","Asian",80,1
2016,11,"Male","Asian",15,1
2016,11,"Male","Asian",40,1
2016,11,"Female","Black",10,1
2016,11,"Female","Black",15,2
2016,11,"Female","Black",20,2
2016,11,"Female","Black",25,4
2016,11,"Female","Black",30,1
2016,11,"Female","Black",35,1
2016,11,"Female","Black",40,4
2016,11,"Female","Black",45,3
2016,11,"Female","Black",50,9
2016,11,"Female","Black",55,9
2016,11,"Female","Black",60,6
2016,11,"Female","Black",65,11
2016,11,"Female","Black",70,12
2016,11,"Female","Black",75,11
2016,11,"Female","Black",80,27
2016,11,"Male","Black",0,1
2016,11,"Male","Black",10,2
2016,11,"Male","Black",15,6
2016,11,"Male","Black",20,9
2016,11,"Male","Black",25,12
2016,11,"Male","Black",30,7
2016,11,"Male","Black",35,10
2016,11,"Male","Black",40,5
2016,11,"Male","Black",45,10
2016,11,"Male","Black",50,14
2016,11,"Male","Black",55,11
2016,11,"Male","Black",60,9
2016,11,"Male","Black",65,15
2016,11,"Male","Black",70,15
2016,11,"Male","Black",75,13
2016,11,"Male","Black",80,31
2016,11,"Female","Brown",0,34
2016,11,"Female","Brown",5,9
2016,11,"Female","Brown",10,4
2016,11,"Female","Brown",15,12
2016,11,"Female","Brown",20,6
2016,11,"Female","Brown",25,17
2016,11,"Female","Brown",30,23
2016,11,"Female","Brown",35,15
2016,11,"Female","Brown",40,24
2016,11,"Female","Brown",45,32
2016,11,"Female","Brown",50,46
2016,11,"Female","Brown",55,41
2016,11,"Female","Brown",60,53
2016,11,"Female","Brown",65,57
2016,11,"Female","Brown",70,59
2016,11,"Female","Brown",75,71
2016,11,"Female","Brown",80,169
2016,11,"Male","Brown",0,54
2016,11,"Male","Brown",5,5
2016,11,"Male","Brown",10,10
2016,11,"Male","Brown",15,35
2016,11,"Male","Brown",20,57
2016,11,"Male","Brown",25,68
2016,11,"Male","Brown",30,49
2016,11,"Male","Brown",35,60
2016,11,"Male","Brown",40,46
2016,11,"Male","Brown",45,60
2016,11,"Male","Brown",50,62
2016,11,"Male","Brown",55,66
2016,11,"Male","Brown",60,82
2016,11,"Male","Brown",65,84
2016,11,"Male","Brown",70,108
2016,11,"Male","Brown",75,87
2016,11,"Male","Brown",80,219
2016,11,"Female","Indigenous",0,2
2016,11,"Female","Indigenous",10,1
2016,11,"Female","Indigenous",25,2
2016,11,"Female","Indigenous",80,3
2016,11,"Male","Indigenous",0,3
2016,11,"Male","Indigenous",15,1
2016,11,"Male","Indigenous",20,2
2016,11,"Male","Indigenous",30,1
2016,11,"Male","Indigenous",55,1
2016,11,"Male","Indigenous",60,2
2016,11,"Male","Indigenous",80,1
2016,11,"Female","White",0,10
2016,11,"Female","White",5,1
2016,11,"Female","White",10,1
2016,11,"Female","White",15,2
2016,11,"Female","White",20,2
2016,11,"Female","White",25,1
2016,11,"Female","White",30,2
2016,11,"Female","White",35,3
2016,11,"Female","White",40,3
2016,11,"Female","White",45,7
2016,11,"Female","White",50,13
2016,11,"Female","White",55,13
2016,11,"Female","White",60,14
2016,11,"Female","White",65,13
2016,11,"Female","White",70,20
2016,11,"Female","White",75,33
2016,11,"Female","White",80,89
2016,11,"Male","White",0,17
2016,11,"Male","White",5,1
2016,11,"Male","White",10,3
2016,11,"Male","White",15,4
2016,11,"Male","White",20,9
2016,11,"Male","White",25,6
2016,11,"Male","White",30,5
2016,11,"Male","White",35,9
2016,11,"Male","White",40,3
2016,11,"Male","White",45,14
2016,11,"Male","White",50,8
2016,11,"Male","White",55,13
2016,11,"Male","White",60,17
2016,11,"Male","White",65,18
2016,11,"Male","White",70,18
2016,11,"Male","White",75,38
2016,11,"Male","White",80,77
2016,12,"Female","Asian",60,1
2016,12,"Female","Asian",75,1
2016,12,"Female","Asian",80,1
2016,12,"Male","Asian",25,1
2016,12,"Male","Asian",30,1
2016,12,"Male","Asian",70,1
2016,12,"Male","Asian",75,1
2016,12,"Female","Black",10,1
2016,12,"Female","Black",15,7
2016,12,"Female","Black",25,4
2016,12,"Female","Black",30,4
2016,12,"Female","Black",35,4
2016,12,"Female","Black",40,6
2016,12,"Female","Black",45,7
2016,12,"Female","Black",50,10
2016,12,"Female","Black",55,6
2016,12,"Female","Black",60,9
2016,12,"Female","Black",65,12
2016,12,"Female","Black",70,9
2016,12,"Female","Black",75,11
2016,12,"Female","Black",80,24
2016,12,"Male","Black",15,3
2016,12,"Male","Black",20,8
2016,12,"Male","Black",25,12
2016,12,"Male","Black",30,16
2016,12,"Male","Black",35,8
2016,12,"Male","Black",40,12
2016,12,"Male","Black",45,4
2016,12,"Male","Black",50,12
2016,12,"Male","Black",55,9
2016,12,"Male","Black",60,15
2016,12,"Male","Black",65,13
2016,12,"Male","Black",70,14
2016,12,"Male","Black",75,11
2016,12,"Male","Black",80,28
2016,12,"Female","Brown",0,50
2016,12,"Female","Brown",5,2
2016,12,"Female","Brown",10,4
2016,12,"Female","Brown",15,5
2016,12,"Female","Brown",20,14
2016,12,"Female","Brown",25,14
2016,12,"Female","Brown",30,15
2016,12,"Female","Brown",35,19
2016,12,"Female","Brown",40,31
2016,12,"Female","Brown",45,44
2016,12,"Female","Brown",50,42
2016,12,"Female","Brown",55,39
2016,12,"Female","Brown",60,37
2016,12,"Female","Brown",65,57
2016,12,"Female","Brown",70,78
2016,12,"Female","Brown",75,73
2016,12,"Female","Brown",80,163
2016,12,"Male","Brown",0,59
2016,12,"Male","Brown",5,2
2016,12,"Male","Brown",10,6
2016,12,"Male","Brown",15,35
2016,12,"Male","Brown",20,64
2016,12,"Male","Brown",25,60
2016,12,"Male","Brown",30,62
2016,12,"Male","Brown",35,75
2016,12,"Male","Brown",40,53
2016,12,"Male","Brown",45,57
2016,12,"Male","Brown",50,54
2016,12,"Male","Brown",55,61
2016,12,"Male","Brown",60,67
2016,12,"Male","Brown",65,89
2016,12,"Male","Brown",70,85
2016,12,"Male","Brown",75,78
2016,12,"Male","Brown",80,213
2016,12,"Female","Indigenous",0,3
2016,12,"Female","Indigenous",15,1
2016,12,"Female","Indigenous",20,1
2016,12,"Female","Indigenous",35,1
2016,12,"Female","Indigenous",50,2
2016,12,"Female","Indigenous",75,1
2016,12,"Female","Indigenous",80,1
2016,12,"Male","Indigenous",0,1
2016,12,"Male","Indigenous",5,1
2016,12,"Male","Indigenous",10,1
2016,12,"Male","Indigenous",15,1
2016,12,"Male","Indigenous",20,1
2016,12,"Male","Indigenous",30,1
2016,12,"Male","Indigenous",35,1
2016,12,"Male","Indigenous",80,3
2016,12,"Female","White",0,9
2016,12,"Female","White",5,1
2016,12,"Female","White",15,5
2016,12,"Female","White",20,2
2016,12,"Female","White",25,2
2016,12,"Female","White",30,1
2016,12,"Female","White",35,8
2016,12,"Female","White",40,4
2016,12,"Female","White",45,4
2016,12,"Female","White",50,6
2016,12,"Female","White",55,7
2016,12,"Female","White",60,9
2016,12,"Female","White",65,23
2016,12,"Female","White",70,17
2016,12,"Female","White",75,28
2016,12,"Female","White",80,107
2016,12,"Male","White",0,15
2016,12,"Male","White",5,2
2016,12,"Male","White",15,7
2016,12,"Male","White",20,6
2016,12,"Male","White",25,9
2016,12,"Male","White",30,10
2016,12,"Male","White",35,7
2016,12,"Male","White",40,4
2016,12,"Male","White",45,13
2016,12,"Male","White",50,5
2016,12,"Male","White",55,12
2016,12,"Male","White",60,17
2016,12,"Male","White",65,19
2016,12,"Male","White",70,21
2016,12,"Male","White",75,28
2016,12,"Male","White",80,78
2017,1,"Female","Asian",60,2
2017,1,"Female","Asian",70,1
2017,1,"Female","Asian",75,3
2017,1,"Female","Asian",80,2
2017,1,"Male","Asian",0,1
2017,1,"Male","Asian",20,2
2017,1,"Male","Asian",25,1
2017,1,"Male","Asian",70,1
2017,1,"Male","Asian",80,1
2017,1,"Female","Black",10,1
2017,1,"Female","Black",15,2
2017,1,"Female","Black",20,4
2017,1,"Female","Black",25,3
2017,1,"Female","Black",30,2
2017,1,"Female","Black",35,5
2017,1,"Female","Black",40,4
2017,1,"Female","Black",45,3
2017,1,"Female","Black",50,4
2017,1,"Female","Black",55,13
2017,1,"Female","Black",60,10
2017,1,"Female","Black",65,13
2017,1,"Female","Black",70,14
2017,1,"Female","Black",75,19
2017,1,"Female","Black",80,34
2017,1,"Male","Black",0,1
2017,1,"Male","Black",10,2
2017,1,"Male","Black",15,9
2017,1,"Male","Black",20,11
2017,1,"Male","Black",25,7
2017,1,"Male","Black",30,9
2017,1,"Male","Black",35,8
2017,1,"Male","Black",40,10
2017,1,"Male","Black",45,15
2017,1,"Male","Black",50,12
2017,1,"Male","Black",55,13
2017,1,"Male","Black",60,12
2017,1,"Male","Black",65,21
2017,1,"Male","Black",70,23
2017,1,"Male","Black",75,18
2017,1,"Male","Black",80,38
2017,1,"Female","Brown",0,61
2017,1,"Female","Brown",5,4
2017,1,"Female","Brown",10,4
2017,1,"Female","Brown",15,12
2017,1,"Female","Brown",20,10
2017,1,"Female","Brown",25,10
2017,1,"Female","Brown",30,12
2017,1,"Female","Brown",35,19
2017,1,"Female","Brown",40,33
2017,1,"Female","Brown",45,31
2017,1,"Female","Brown",50,32
2017,1,"Female","Brown",55,55
2017,1,"Female","Brown",60,69
2017,1,"Female","Brown",65,62
2017,1,"Female","Brown",70,71
2017,1,"Female","Brown",75,63
2017,1,"Female","Brown",80,191
2017,1,"Male","Brown",0,69
2017,1,"Male","Brown",5,6
2017,1,"Male","Brown",10,9
2017,1,"Male","Brown",15,60
2017,1,"Male","Brown",20,60
2017,1,"Male","Brown",25,57
2017,1,"Male","Brown",30,63
2017,1,"Male","Brown",35,56
2017,1,"Male","Brown",40,48
2017,1,"Male","Brown",45,46
2017,1,"Male","Brown",50,65
2017,1,"Male","Brown",55,72
2017,1,"Male","Brown",60,80
2017,1,"Male","Brown",65,113
2017,1,"Male","Brown",70,94
2017,1,"Male","Brown",75,103
2017,1,"Male","Brown",80,202
2017,1,"Female","Indigenous",0,4
2017,1,"Female","Indigenous",15,2
2017,1,"Female","Indigenous",25,2
2017,1,"Female","Indigenous",70,2
2017,1,"Female","Indigenous",75,1
2017,1,"Male","Indigenous",0,3
2017,1,"Male","Indigenous",25,1
2017,1,"Male","Indigenous",40,1
2017,1,"Male","Indigenous",45,1
2017,1,"Male","Indigenous",55,1
2017,1,"Male","Indigenous",60,1
2017,1,"Male","Indigenous",80,1
2017,1,"Female","White",0,10
2017,1,"Female","White",5,2
2017,1,"Female","White",10,1
2017,1,"Female","White",15,5
2017,1,"Female","White",20,1
2017,1,"Female","White",25,3
2017,1,"Female","White",30,7
2017,1,"Female","White",35,3
2017,1,"Female","White",40,6
2017,1,"Female","White",45,5
2017,1,"Female","White",50,6
2017,1,"Female","White",55,14
2017,1,"Female","White",60,15
2017,1,"Female","White",65,20
2017,1,"Female","White",70,12
2017,1,"Female","White",75,24
2017,1,"Female","White",80,98
2017,1,"Male","White",0,10
2017,1,"Male","White",5,1
2017,1,"Male","White",10,1
2017,1,"Male","White",15,3
2017,1,"Male","White",20,9
2017,1,"Male","White",25,5
2017,1,"Male","White",30,12
2017,1,"Male","White",35,7
2017,1,"Male","White",40,4
2017,1,"Male","White",45,8
2017,1,"Male","White",50,13
2017,1,"Male","White",55,10
2017,1,"Male","White",60,26
2017,1,"Male","White",65,19
2017,1,"Male","White",70,23
2017,1,"Male","White",75,42
2017,1,"Male","White",80,70
2017,2,"Female","Asian",70,1
2017,2,"Female","Asian",75,1
2017,2,"Female","Asian",80,3
2017,2,"Male","Asian",50,2
2017,2,"Male","Asian",55,1
2017,2,"Male","Asian",75,1
2017,2,"Male","Asian",80,3
2017,2,"Female","Black",0,1
2017,2,"Female","Black",10,1
2017,2,"Female","Black",15,1
2017,2,"Female","Black",20,4
2017,2,"Female","Black",25,2
2017,2,"Female","Black",30,2
2017,2,"Female","Black",40,1
2017,2,"Female","Black",45,4
2017,2,"Female","Black",50,6
2017,2,"Female","Black",55,13
2017,2,"Female","Black",60,13
2017,2,"Female","Black",65,13
2017,2,"Female","Black",70,9
2017,2,"Female","Black",75,13
2017,2,"Female","Black",80,42
2017,2,"Male","Black",0,2
2017,2,"Male","Black",5,1
2017,2,"Male","Black",15,5
2017,2,"Male","Black",20,6
2017,2,"Male","Black",25,6
2017,2,"Male","Black",30,12
2017,2,"Male","Black",35,16
2017,2,"Male","Black",40,10
2017,2,"Male","Black",45,5
2017,2,"Male","Black",50,11
2017,2,"Male","Black",55,16
2017,2,"Male","Black",60,19
2017,2,"Male","Black",65,13
2017,2,"Male","Black",70,19
2017,2,"Male","Black",75,21
2017,2,"Male","Black",80,39
2017,2,"Female","Brown",0,43
2017,2,"Female","Brown",5,3
2017,2,"Female","Brown",10,8
2017,2,"Female","Brown",15,7
2017,2,"Female","Brown",20,9
2017,2,"Female","Brown",25,15
2017,2,"Female","Brown",30,14
2017,2,"Female","Brown",35,16
2017,2,"Female","Brown",40,23
2017,2,"Female","Brown",45,30
2017,2,"Female","Brown",50,36
2017,2,"Female","Brown",55,36
2017,2,"Female","Brown",60,48
2017,2,"Female","Brown",65,79
2017,2,"Female","Brown",70,69
2017,2,"Female","Brown",75,81
2017,2,"Female","Brown",80,208
2017,2,"Male","Brown",0,93
2017,2,"Male","Brown",5,5
2017,2,"Male","Brown",10,5
2017,2,"Male","Brown",15,40
2017,2,"Male","Brown",20,59
2017,2,"Male","Brown",25,65
2017,2,"Male","Brown",30,39
2017,2,"Male","Brown",35,40
2017,2,"Male","Brown",40,48
2017,2,"Male","Brown",45,50
2017,2,"Male","Brown",50,63
2017,2,"Male","Brown",55,74
2017,2,"Male","Brown",60,86
2017,2,"Male","Brown",65,96
2017,2,"Male","Brown",70,94
2017,2,"Male","Brown",75,104
2017,2,"Male","Brown",80,257
2017,2,"Female","Indigenous",0,4
2017,2,"Female","Indigenous",5,1
2017,2,"Male","Indigenous",0,5
2017,2,"Male","Indigenous",20,1
2017,2,"Male","Indigenous",30,1
2017,2,"Male","Indigenous",40,1
2017,2,"Male","Indigenous",60,1
2017,2,"Male","Indigenous",80,1
2017,2,"Female","White",0,3
2017,2,"Female","White",5,1
2017,2,"Female","White",10,6
2017,2,"Female","White",15,6
2017,2,"Female","White",20,1
2017,2,"Female","White",25,2
2017,2,"Female","White",30,3
2017,2,"Female","White",35,4
2017,2,"Female","White",40,4
2017,2,"Female","White",45,7
2017,2,"Female","White",50,6
2017,2,"Female","White",55,10
2017,2,"Female","White",60,15
2017,2,"Female","White",65,14
2017,2,"Female","White",70,25
2017,2,"Female","White",75,39
2017,2,"Female","White",80,116
2017,2,"Male","White",0,15
2017,2,"Male","White",10,1
2017,2,"Male","White",15,7
2017,2,"Male","White",20,12
2017,2,"Male","White",25,8
2017,2,"Male","White",30,7
2017,2,"Male","White",35,7
2017,2,"Male","White",40,7
2017,2,"Male","White",45,2
2017,2,"Male","White",50,11
2017,2,"Male","White",55,11
2017,2,"Male","White",60,20
2017,2,"Male","White",65,20
2017,2,"Male","White",70,27
2017,2,"Male","White",75,23
2017,2,"Male","White",80,76
2017,3,"Female","Asian",45,1
2017,3,"Female","Asian",65,3
2017,3,"Female","Asian",75,1
2017,3,"Female","Asian",80,3
2017,3,"Male","Asian",45,1
2017,3,"Male","Asian",75,1
2017,3,"Male","Asian",80,1
2017,3,"Female","Black",15,1
2017,3,"Female","Black",20,1
2017,3,"Female","Black",30,8
2017,3,"Female","Black",35,6
2017,3,"Female","Black",40,6
2017,3,"Female","Black",45,9
2017,3,"Female","Black",50,3
2017,3,"Female","Black",55,10
2017,3,"Female","Black",60,14
2017,3,"Female","Black",65,11
2017,3,"Female","Black",70,10
2017,3,"Female","Black",75,10
2017,3,"Female","Black",80,55
2017,3,"Male","Black",5,2
2017,3,"Male","Black",10,2
2017,3,"Male","Black",15,3
2017,3,"Male","Black",20,10
2017,3,"Male","Black",25,11
2017,3,"Male","Black",30,10
2017,3,"Male","Black",35,12
2017,3,"Male","Black",40,6
2017,3,"Male","Black",45,10
2017,3,"Male","Black",50,13
2017,3,"Male","Black",55,8
2017,3,"Male","Black",60,20
2017,3,"Male","Black",65,26
2017,3,"Male","Black",70,18
2017,3,"Male","Black",75,24
2017,3,"Male","Black",80,56
2017,3,"Female","Brown",0,52
2017,3,"Female","Brown",5,3
2017,3,"Female","Brown",10,8
2017,3,"Female","Brown",15,5
2017,3,"Female","Brown",20,17
2017,3,"Female","Brown",25,13
2017,3,"Female","Brown",30,16
2017,3,"Female","Brown",35,31
2017,3,"Female","Brown",40,28
2017,3,"Female","Brown",45,32
2017,3,"Female","Brown",50,40
2017,3,"Female","Brown",55,57
2017,3,"Female","Brown",60,62
2017,3,"Female","Brown",65,103
2017,3,"Female","Brown",70,114
2017,3,"Female","Brown",75,112
2017,3,"Female","Brown",80,315
2017,3,"Male","Brown",0,64
2017,3,"Male","Brown",5,6
2017,3,"Male","Brown",10,8
2017,3,"Male","Brown",15,53
2017,3,"Male","Brown",20,64
2017,3,"Male","Brown",25,48
2017,3,"Male","Brown",30,55
2017,3,"Male","Brown",35,58
2017,3,"Male","Brown",40,48
2017,3,"Male","Brown",45,56
2017,3,"Male","Brown",50,61
2017,3,"Male","Brown",55,72
2017,3,"Male","Brown",60,110
2017,3,"Male","Brown",65,127
2017,3,"Male","Brown",70,128
2017,3,"Male","Brown",75,123
2017,3,"Male","Brown",80,294
2017,3,"Female","Indigenous",0,3
2017,3,"Female","Indigenous",15,1
2017,3,"Female","Indigenous",30,1
2017,3,"Female","Indigenous",40,1
2017,3,"Female","Indigenous",55,1
2017,3,"Female","Indigenous",70,3
2017,3,"Female","Indigenous",75,2
2017,3,"Female","Indigenous",80,5
2017,3,"Male","Indigenous",0,6
2017,3,"Male","Indigenous",20,1
2017,3,"Male","Indigenous",25,1
2017,3,"Male","Indigenous",40,1
2017,3,"Male","Indigenous",55,1
2017,3,"Male","Indigenous",80,5
2017,3,"Female","White",0,8
2017,3,"Female","White",5,3
2017,3,"Female","White",10,3
2017,3,"Female","White",15,2
2017,3,"Female","White",20,3
2017,3,"Female","White",25,2
2017,3,"Female","White",30,6
2017,3,"Female","White",35,7
2017,3,"Female","White",40,2
2017,3,"Female","White",45,5
2017,3,"Female","White",50,11
2017,3,"Female","White",55,12
2017,3,"Female","White",60,13
2017,3,"Female","White",65,15
2017,3,"Female","White",70,19
2017,3,"Female","White",75,38
2017,3,"Female","White",80,162
2017,3,"Male","White",0,25
2017,3,"Male","White",5,2
2017,3,"Male","White",15,6
2017,3,"Male","White",20,10
2017,3,"Male","White",25,6
2017,3,"Male","White",30,15
2017,3,"Male","White",35,8
2017,3,"Male","White",40,9
2017,3,"Male","White",45,6
2017,3,"Male","White",50,15
2017,3,"Male","White",55,11
2017,3,"Male","White",60,16
2017,3,"Male","White",65,27
2017,3,"Male","White",70,37
2017,3,"Male","White",75,25
2017,3,"Male","White",80,115
2017,4,"Female","Asian",55,1
2017,4,"Female","Asian",60,1
2017,4,"Female","Asian",65,1
2017,4,"Female","Asian",75,1
2017,4,"Female","Asian",80,3
2017,4,"Male","Asian",15,1
2017,4,"Male","Asian",50,1
2017,4,"Male","Asian",65,1
2017,4,"Male","Asian",70,1
2017,4,"Male","Asian",80,1
2017,4,"Female","Black",0,1
2017,4,"Female","Black",15,3
2017,4,"Female","Black",20,1
2017,4,"Female","Black",25,1
2017,4,"Female","Black",30,4
2017,4,"Female","Black",35,3
2017,4,"Female","Black",45,6
2017,4,"Female","Black",50,8
2017,4,"Female","Black",55,9
2017,4,"Female","Black",60,11
2017,4,"Female","Black",65,8
2017,4,"Female","Black",70,13
2017,4,"Female","Black",75,24
2017,4,"Female","Black",80,35
2017,4,"Male","Black",0,3
2017,4,"Male","Black",5,1
2017,4,"Male","Black",10,3
2017,4,"Male","Black",15,8
2017,4,"Male","Black",20,4
2017,4,"Male","Black",25,8
2017,4,"Male","Black",30,13
2017,4,"Male","Black",35,11
2017,4,"Male","Black",40,9
2017,4,"Male","Black",45,4
2017,4,"Male","Black",50,10
2017,4,"Male","Black",55,9
2017,4,"Male","Black",60,10
2017,4,"Male","Black",65,27
2017,4,"Male","Black",70,21
2017,4,"Male","Black",75,23
2017,4,"Male","Black",80,40
2017,4,"Female","Brown",0,55
2017,4,"Female","Brown",5,7
2017,4,"Female","Brown",10,4
2017,4,"Female","Brown",15,12
2017,4,"Female","Brown",20,13
2017,4,"Female","Brown",25,21
2017,4,"Female","Brown",30,17
2017,4,"Female","Brown",35,21
2017,4,"Female","Brown",40,31
2017,4,"Female","Brown",45,26
2017,4,"Female","Brown",50,43
2017,4,"Female","Brown",55,51
2017,4,"Female","Brown",60,74
2017,4,"Female","Brown",65,57
2017,4,"Female","Brown",70,81
2017,4,"Female","Brown",75,83
2017,4,"Female","Brown",80,256
2017,4,"Male","Brown",0,65
2017,4,"Male","Brown",5,13
2017,4,"Male","Brown",10,10
2017,4,"Male","Brown",15,41
2017,4,"Male","Brown",20,48
2017,4,"Male","Brown",25,56
2017,4,"Male","Brown",30,60
2017,4,"Male","Brown",35,61
2017,4,"Male","Brown",40,60
2017,4,"Male","Brown",45,53
2017,4,"Male","Brown",50,54
2017,4,"Male","Brown",55,73
2017,4,"Male","Brown",60,80
2017,4,"Male","Brown",65,92
2017,4,"Male","Brown",70,110
2017,4,"Male","Brown",75,120
2017,4,"Male","Brown",80,244
2017,4,"Female","Indigenous",0,2
2017,4,"Female","Indigenous",15,1
2017,4,"Female","Indigenous",35,1
2017,4,"Female","Indigenous",45,1
2017,4,"Female","Indigenous",50,1
2017,4,"Female","Indigenous",65,1
2017,4,"Female","Indigenous",70,2
2017,4,"Female","Indigenous",80,4
2017,4,"Male","Indigenous",0,5
2017,4,"Male","Indigenous",10,1
2017,4,"Male","Indigenous",25,2
2017,4,"Male","Indigenous",30,1
2017,4,"Male","Indigenous",65,1
2017,4,"Male","Indigenous",75,2
2017,4,"Male","Indigenous",80,3
2017,4,"Female","White",0,10
2017,4,"Female","White",10,2
2017,4,"Female","White",15,1
2017,4,"Female","White",20,4
2017,4,"Female","White",25,1
2017,4,"Female","White",30,6
2017,4,"Female","White",35,3
2017,4,"Female","White",40,2
2017,4,"Female","White",45,3
2017,4,"Female","White",50,4
2017,4,"Female","White",55,12
2017,4,"Female","White",60,14
2017,4,"Female","White",65,27
2017,4,"Female","White",70,28
2017,4,"Female","White",75,29
2017,4,"Female","White",80,112
2017,4,"Male","White",0,16
2017,4,"Male","White",5,1
2017,4,"Male","White",10,1
2017,4,"Male","White",15,7
2017,4,"Male","White",20,7
2017,4,"Male","White",25,2
2017,4,"Male","White",30,6
2017,4,"Male","White",35,4
2017,4,"Male","White",40,5
2017,4,"Male","White",45,6
2017,4,"Male","White",50,11
2017,4,"Male","White",55,17
2017,4,"Male","White",60,20
2017,4,"Male","White",65,33
2017,4,"Male","White",70,35
2017,4,"Male","White",75,30
2017,4,"Male","White",80,89
2017,5,"Female","Asian",45,1
2017,5,"Female","Asian",55,1
2017,5,"Female","Asian",65,1
2017,5,"Female","Asian",70,1
2017,5,"Female","Asian",75,1
2017,5,"Female","Asian",80,4
2017,5,"Male","Asian",15,1
2017,5,"Male","Asian",25,1
2017,5,"Male","Asian",70,1
2017,5,"Male","Asian",75,2
2017,5,"Female","Black",0,2
2017,5,"Female","Black",20,1
2017,5,"Female","Black",25,4
2017,5,"Female","Black",30,1
2017,5,"Female","Black",35,2
2017,5,"Female","Black",40,5
2017,5,"Female","Black",45,2
2017,5,"Female","Black",50,5
2017,5,"Female","Black",55,1
2017,5,"Female","Black",60,16
2017,5,"Female","Black",65,14
2017,5,"Female","Black",70,13
2017,5,"Female","Black",75,18
2017,5,"Female","Black",80,32
2017,5,"Male","Black",10,1
2017,5,"Male","Black",15,7
2017,5,"Male","Black",20,14
2017,5,"Male","Black",25,4
2017,5,"Male","Black",30,13
2017,5,"Male","Black",35,9
2017,5,"Male","Black",40,11
2017,5,"Male","Black",45,7
2017,5,"Male","Black",50,8
2017,5,"Male","Black",55,14
2017,5,"Male","Black",60,19
2017,5,"Male","Black",65,16
2017,5,"Male","Black",70,21
2017,5,"Male","Black",75,19
2017,5,"Male","Black",80,42
2017,5,"Female","Brown",0,60
2017,5,"Female","Brown",5,3
2017,5,"Female","Brown",10,5
2017,5,"Female","Brown",15,11
2017,5,"Female","Brown",20,14
2017,5,"Female","Brown",25,18
2017,5,"Female","Brown",30,26
2017,5,"Female","Brown",35,22
2017,5,"Female","Brown",40,23
2017,5,"Female","Brown",45,23
2017,5,"Female","Brown",50,36
2017,5,"Female","Brown",55,40
2017,5,"Female","Brown",60,51
2017,5,"Female","Brown",65,81
2017,5,"Female","Brown",70,81
2017,5,"Female","Brown",75,80
2017,5,"Female","Brown",80,254
2017,5,"Male","Brown",0,71
2017,5,"Male","Brown",5,6
2017,5,"Male","Brown",10,11
2017,5,"Male","Brown",15,45
2017,5,"Male","Brown",20,58
2017,5,"Male","Brown",25,51
2017,5,"Male","Brown",30,74
2017,5,"Male","Brown",35,60
2017,5,"Male","Brown",40,43
2017,5,"Male","Brown",45,44
2017,5,"Male","Brown",50,68
2017,5,"Male","Brown",55,69
2017,5,"Male","Brown",60,98
2017,5,"Male","Brown",65,98
2017,5,"Male","Brown",70,105
2017,5,"Male","Brown",75,104
2017,5,"Male","Brown",80,234
2017,5,"Female","Indigenous",0,2
2017,5,"Female","Indigenous",15,1
2017,5,"Female","Indigenous",35,1
2017,5,"Female","Indigenous",45,1
2017,5,"Female","Indigenous",55,2
2017,5,"Female","Indigenous",70,1
2017,5,"Female","Indigenous",80,1
2017,5,"Male","Indigenous",0,5
2017,5,"Male","Indigenous",5,1
2017,5,"Male","Indigenous",25,1
2017,5,"Male","Indigenous",40,1
2017,5,"Male","Indigenous",50,1
2017,5,"Male","Indigenous",70,1
2017,5,"Male","Indigenous",75,1
2017,5,"Male","Indigenous",80,3
2017,5,"Female","White",0,17
2017,5,"Female","White",5,1
2017,5,"Female","White",10,1
2017,5,"Female","White",15,1
2017,5,"Female","White",20,3
2017,5,"Female","White",25,3
2017,5,"Female","White",30,3
2017,5,"Female","White",35,8
2017,5,"Female","White",40,4
2017,5,"Female","White",45,7
2017,5,"Female","White",50,7
2017,5,"Female","White",55,18
2017,5,"Female","White",60,19
2017,5,"Female","White",65,26
2017,5,"Female","White",70,24
2017,5,"Female","White",75,53
2017,5,"Female","White",80,108
2017,5,"Male","White",0,14
2017,5,"Male","White",5,1
2017,5,"Male","White",15,5
2017,5,"Male","White",20,8
2017,5,"Male","White",25,11
2017,5,"Male","White",30,6
2017,5,"Male","White",35,10
2017,5,"Male","White",40,8
2017,5,"Male","White",45,14
2017,5,"Male","White",50,8
2017,5,"Male","White",55,21
2017,5,"Male","White",60,12
2017,5,"Male","White",65,28
2017,5,"Male","White",70,29
2017,5,"Male","White",75,37
2017,5,"Male","White",80,91
2017,6,"Female","Asian",0,1
2017,6,"Female","Asian",60,1
2017,6,"Female","Asian",75,2
2017,6,"Female","Asian",80,1
2017,6,"Male","Asian",0,2
2017,6,"Male","Asian",50,1
2017,6,"Male","Asian",65,1
2017,6,"Male","Asian",80,2
2017,6,"Female","Black",0,6
2017,6,"Female","Black",5,1
2017,6,"Female","Black",10,1
2017,6,"Female","Black",20,3
2017,6,"Female","Black",25,1
2017,6,"Female","Black",30,4
2017,6,"Female","Black",35,5
2017,6,"Female","Black",40,2
2017,6,"Female","Black",45,7
2017,6,"Female","Black",50,9
2017,6,"Female","Black",55,12
2017,6,"Female","Black",60,7
2017,6,"Female","Black",65,8
2017,6,"Female","Black",70,17
2017,6,"Female","Black",75,9
2017,6,"Female","Black",80,27
2017,6,"Male","Black",0,1
2017,6,"Male","Black",5,1
2017,6,"Male","Black",10,4
2017,6,"Male","Black",15,5
2017,6,"Male","Black",20,5
2017,6,"Male","Black",25,6
2017,6,"Male","Black",30,10
2017,6,"Male","Black",35,7
2017,6,"Male","Black",40,10
2017,6,"Male","Black",45,8
2017,6,"Male","Black",50,7
2017,6,"Male","Black",55,9
2017,6,"Male","Black",60,12
2017,6,"Male","Black",65,19
2017,6,"Male","Black",70,20
2017,6,"Male","Black",75,14
2017,6,"Male","Black",80,29
2017,6,"Female","Brown",0,49
2017,6,"Female","Brown",5,8
2017,6,"Female","Brown",10,5
2017,6,"Female","Brown",15,10
2017,6,"Female","Brown",20,7
2017,6,"Female","Brown",25,15
2017,6,"Female","Brown",30,25
2017,6,"Female","Brown",35,21
2017,6,"Female","Brown",40,19
2017,6,"Female","Brown",45,32
2017,6,"Female","Brown",50,41
2017,6,"Female","Brown",55,50
2017,6,"Female","Brown",60,46
2017,6,"Female","Brown",65,68
2017,6,"Female","Brown",70,67
2017,6,"Female","Brown",75,86
2017,6,"Female","Brown",80,222
2017,6,"Male","Brown",0,67
2017,6,"Male","Brown",5,8
2017,6,"Male","Brown",10,12
2017,6,"Male","Brown",15,39
2017,6,"Male","Brown",20,42
2017,6,"Male","Brown",25,53
2017,6,"Male","Brown",30,55
2017,6,"Male","Brown",35,66
2017,6,"Male","Brown",40,63
2017,6,"Male","Brown",45,52
2017,6,"Male","Brown",50,59
2017,6,"Male","Brown",55,84
2017,6,"Male","Brown",60,79
2017,6,"Male","Brown",65,95
2017,6,"Male","Brown",70,98
2017,6,"Male","Brown",75,107
2017,6,"Male","Brown",80,221
2017,6,"Female","Indigenous",0,4
2017,6,"Female","Indigenous",10,1
2017,6,"Female","Indigenous",15,1
2017,6,"Female","Indigenous",35,1
2017,6,"Female","Indigenous",45,1
2017,6,"Female","Indigenous",70,1
2017,6,"Female","Indigenous",80,3
2017,6,"Male","Indigenous",0,3
2017,6,"Male","Indigenous",5,1
2017,6,"Male","Indigenous",10,1
2017,6,"Male","Indigenous",20,1
2017,6,"Male","Indigenous",35,1
2017,6,"Male","Indigenous",45,1
2017,6,"Male","Indigenous",70,1
2017,6,"Male","Indigenous",75,1
2017,6,"Male","Indigenous",80,1
2017,6,"Female","White",0,16
2017,6,"Female","White",10,1
2017,6,"Female","White",15,2
2017,6,"Female","White",20,2
2017,6,"Female","White",25,6
2017,6,"Female","White",30,8
2017,6,"Female","White",35,7
2017,6,"Female","White",40,5
2017,6,"Female","White",45,9
2017,6,"Female","White",50,3
2017,6,"Female","White",55,12
2017,6,"Female","White",60,11
2017,6,"Female","White",65,15
2017,6,"Female","White",70,29
2017,6,"Female","White",75,26
2017,6,"Female","White",80,109
2017,6,"Male","White",0,6
2017,6,"Male","White",10,2
2017,6,"Male","White",15,5
2017,6,"Male","White",20,9
2017,6,"Male","White",25,5
2017,6,"Male","White",30,8
2017,6,"Male","White",35,7
2017,6,"Male","White",40,6
2017,6,"Male","White",45,9
2017,6,"Male","White",50,11
2017,6,"Male","White",55,13
2017,6,"Male","White",60,16
2017,6,"Male","White",65,28
2017,6,"Male","White",70,24
2017,6,"Male","White",75,30
2017,6,"Male","White",80,94
2017,7,"Female","Asian",80,2
2017,7,"Male","Asian",20,1
2017,7,"Male","Asian",30,1
2017,7,"Male","Asian",35,2
2017,7,"Male","Asian",45,1
2017,7,"Male","Asian",65,1
2017,7,"Male","Asian",70,1
2017,7,"Male","Asian",75,2
2017,7,"Male","Asian",80,1
2017,7,"Female","Black",0,1
2017,7,"Female","Black",15,4
2017,7,"Female","Black",20,3
2017,7,"Female","Black",25,1
2017,7,"Female","Black",30,2
2017,7,"Female","Black",35,1
2017,7,"Female","Black",40,1
2017,7,"Female","Black",45,4
2017,7,"Female","Black",50,5
2017,7,"Female","Black",55,6
2017,7,"Female","Black",60,3
2017,7,"Female","Black",65,7
2017,7,"Female","Black",70,15
2017,7,"Female","Black",75,15
2017,7,"Female","Black",80,32
2017,7,"Male","Black",0,1
2017,7,"Male","Black",10,1
2017,7,"Male","Black",15,5
2017,7,"Male","Black",20,10
2017,7,"Male","Black",25,8
2017,7,"Male","Black",30,10
2017,7,"Male","Black",35,15
2017,7,"Male","Black",40,9
2017,7,"Male","Black",45,9
2017,7,"Male","Black",50,17
2017,7,"Male","Black",55,7
2017,7,"Male","Black",60,21
2017,7,"Male","Black",65,22
2017,7,"Male","Black",70,25
2017,7,"Male","Black",75,22
2017,7,"Male","Black",80,37
2017,7,"Female","Brown",0,49
2017,7,"Female","Brown",5,7
2017,7,"Female","Brown",10,7
2017,7,"Female","Brown",15,8
2017,7,"Female","Brown",20,8
2017,7,"Female","Brown",25,13
2017,7,"Female","Brown",30,21
2017,7,"Female","Brown",35,26
2017,7,"Female","Brown",40,18
2017,7,"Female","Brown",45,28
2017,7,"Female","Brown",50,40
2017,7,"Female","Brown",55,44
2017,7,"Female","Brown",60,51
2017,7,"Female","Brown",65,77
2017,7,"Female","Brown",70,71
2017,7,"Female","Brown",75,88
2017,7,"Female","Brown",80,202
2017,7,"Male","Brown",0,75
2017,7,"Male","Brown",5,2
2017,7,"Male","Brown",10,12
2017,7,"Male","Brown",15,38
2017,7,"Male","Brown",20,65
2017,7,"Male","Brown",25,50
2017,7,"Male","Brown",30,69
2017,7,"Male","Brown",35,60
2017,7,"Male","Brown",40,47
2017,7,"Male","Brown",45,66
2017,7,"Male","Brown",50,73
2017,7,"Male","Brown",55,63
2017,7,"Male","Brown",60,73
2017,7,"Male","Brown",65,101
2017,7,"Male","Brown",70,96
2017,7,"Male","Brown",75,105
2017,7,"Male","Brown",80,240
2017,7,"Female","Indigenous",0,1
2017,7,"Female","Indigenous",25,1
2017,7,"Female","Indigenous",40,1
2017,7,"Male","Indigenous",0,2
2017,7,"Male","Indigenous",10,1
2017,7,"Male","Indigenous",25,2
2017,7,"Male","Indigenous",35,1
2017,7,"Male","Indigenous",40,1
2017,7,"Male","Indigenous",45,1
2017,7,"Male","Indigenous",65,2
2017,7,"Male","Indigenous",80,2
2017,7,"Female","White",0,6
2017,7,"Female","White",5,1
2017,7,"Female","White",10,1
2017,7,"Female","White",15,1
2017,7,"Female","White",20,3
2017,7,"Female","White",25,1
2017,7,"Female","White",30,4
2017,7,"Female","White",35,4
2017,7,"Female","White",40,10
2017,7,"Female","White",45,8
2017,7,"Female","White",50,5
2017,7,"Female","White",55,12
2017,7,"Female","White",60,12
2017,7,"Female","White",65,24
2017,7,"Female","White",70,22
2017,7,"Female","White",75,34
2017,7,"Female","White",80,100
2017,7,"Male","White",0,20
2017,7,"Male","White",5,1
2017,7,"Male","White",10,3
2017,7,"Male","White",15,9
2017,7,"Male","White",20,12
2017,7,"Male","White",25,14
2017,7,"Male","White",30,6
2017,7,"Male","White",35,10
2017,7,"Male","White",40,11
2017,7,"Male","White",45,10
2017,7,"Male","White",50,13
2017,7,"Male","White",55,10
2017,7,"Male","White",60,11
2017,7,"Male","White",65,23
2017,7,"Male","White",70,28
2017,7,"Male","White",75,31
2017,7,"Male","White",80,104
2017,8,"Female","Asian",55,1
2017,8,"Female","Asian",65,2
2017,8,"Female","Asian",80,2
2017,8,"Male","Asian",20,1
2017,8,"Male","Asian",30,1
2017,8,"Male","Asian",40,1
2017,8,"Male","Asian",60,1
2017,8,"Male","Asian",75,1
2017,8,"Male","Asian",80,2
2017,8,"Female","Black",5,1
2017,8,"Female","Black",20,2
2017,8,"Female","Black",25,1
2017,8,"Female","Black",30,2
2017,8,"Female","Black",35,3
2017,8,"Female","Black",45,2
2017,8,"Female","Black",50,7
2017,8,"Female","Black",55,6
2017,8,"Female","Black",60,4
2017,8,"Female","Black",65,6
2017,8,"Female","Black",70,8
2017,8,"Female","Black",75,11
2017,8,"Female","Black",80,28
2017,8,"Male","Black",0,4
2017,8,"Male","Black",10,2
2017,8,"Male","Black",15,6
2017,8,"Male","Black",20,7
2017,8,"Male","Black",25,10
2017,8,"Male","Black",30,9
2017,8,"Male","Black",35,13
2017,8,"Male","Black",40,10
2017,8,"Male","Black",45,12
2017,8,"Male","Black",50,13
2017,8,"Male","Black",55,7
2017,8,"Male","Black",60,8
2017,8,"Male","Black",65,17
2017,8,"Male","Black",70,20
2017,8,"Male","Black",75,28
2017,8,"Male","Black",80,37
2017,8,"Female","Brown",0,44
2017,8,"Female","Brown",5,3
2017,8,"Female","Brown",10,5
2017,8,"Female","Brown",15,12
2017,8,"Female","Brown",20,11
2017,8,"Female","Brown",25,12
2017,8,"Female","Brown",30,15
2017,8,"Female","Brown",35,21
2017,8,"Female","Brown",40,16
2017,8,"Female","Brown",45,25
2017,8,"Female","Brown",50,39
2017,8,"Female","Brown",55,35
2017,8,"Female","Brown",60,65
2017,8,"Female","Brown",65,62
2017,8,"Female","Brown",70,65
2017,8,"Female","Brown",75,80
2017,8,"Female","Brown",80,194
2017,8,"Male","Brown",0,71
2017,8,"Male","Brown",5,2
2017,8,"Male","Brown",10,7
2017,8,"Male","Brown",15,30
2017,8,"Male","Brown",20,52
2017,8,"Male","Brown",25,39
2017,8,"Male","Brown",30,62
2017,8,"Male","Brown",35,55
2017,8,"Male","Brown",40,48
2017,8,"Male","Brown",45,58
2017,8,"Male","Brown",50,69
2017,8,"Male","Brown",55,67
2017,8,"Male","Brown",60,91
2017,8,"Male","Brown",65,88
2017,8,"Male","Brown",70,108
2017,8,"Male","Brown",75,100
2017,8,"Male","Brown",80,233
2017,8,"Female","Indigenous",0,1
2017,8,"Female","Indigenous",30,1
2017,8,"Female","Indigenous",40,1
2017,8,"Female","Indigenous",55,2
2017,8,"Female","Indigenous",80,2
2017,8,"Male","Indigenous",0,3
2017,8,"Male","Indigenous",15,2
2017,8,"Male","Indigenous",20,1
2017,8,"Male","Indigenous",25,2
2017,8,"Male","Indigenous",30,1
2017,8,"Male","Indigenous",65,1
2017,8,"Male","Indigenous",70,2
2017,8,"Male","Indigenous",80,2
2017,8,"Female","White",0,15
2017,8,"Female","White",5,1
2017,8,"Female","White",10,1
2017,8,"Female","White",15,5
2017,8,"Female","White",20,2
2017,8,"Female","White",25,5
2017,8,"Female","White",30,4
2017,8,"Female","White",35,1
2017,8,"Female","White",40,6
2017,8,"Female","White",45,5
2017,8,"Female","White",50,8
2017,8,"Female","White",55,8
2017,8,"Female","White",60,15
2017,8,"Female","White",65,24
2017,8,"Female","White",70,19
2017,8,"Female","White",75,27
2017,8,"Female","White",80,105
2017,8,"Male","White",0,17
2017,8,"Male","White",5,2
2017,8,"Male","White",10,1
2017,8,"Male","White",15,7
2017,8,"Male","White",20,5
2017,8,"Male","White",25,9
2017,8,"Male","White",30,5
2017,8,"Male","White",35,9
2017,8,"Male","White",40,14
2017,8,"Male","White",45,8
2017,8,"Male","White",50,11
2017,8,"Male","White",55,16
2017,8,"Male","White",60,14
2017,8,"Male","White",65,21
2017,8,"Male","White",70,31
2017,8,"Male","White",75,35
2017,8,"Male","White",80,76
2017,9,"Female","Asian",55,1
2017,9,"Female","Asian",75,2
2017,9,"Female","Asian",80,1
2017,9,"Male","Asian",40,1
2017,9,"Male","Asian",75,3
2017,9,"Male","Asian",80,1
2017,9,"Female","Black",0,2
2017,9,"Female","Black",15,2
2017,9,"Female","Black",20,1
2017,9,"Female","Black",25,2
2017,9,"Female","Black",35,5
2017,9,"Female","Black",40,4
2017,9,"Female","Black",50,7
2017,9,"Female","Black",55,6
2017,9,"Female","Black",60,11
2017,9,"Female","Black",65,11
2017,9,"Female","Black",70,10
2017,9,"Female","Black",75,10
2017,9,"Female","Black",80,41
2017,9,"Male","Black",5,1
2017,9,"Male","Black",10,2
2017,9,"Male","Black",15,4
2017,9,"Male","Black",20,6
2017,9,"Male","Black",25,7
2017,9,"Male","Black",30,10
2017,9,"Male","Black",35,7
2017,9,"Male","Black",40,10
2017,9,"Male","Black",45,7
2017,9,"Male","Black",50,7
2017,9,"Male","Black",55,12
2017,9,"Male","Black",60,15
2017,9,"Male","Black",65,17
2017,9,"Male","Black",70,24
2017,9,"Male","Black",75,13
2017,9,"Male","Black",80,42
2017,9,"Female","Brown",0,50
2017,9,"Female","Brown",5,5
2017,9,"Female","Brown",10,3
2017,9,"Female","Brown",15,8
2017,9,"Female","Brown",20,7
2017,9,"Female","Brown",25,12
2017,9,"Female","Brown",30,9
2017,9,"Female","Brown",35,10
2017,9,"Female","Brown",40,22
2017,9,"Female","Brown",45,26
2017,9,"Female","Brown",50,33
2017,9,"Female","Brown",55,54
2017,9,"Female","Brown",60,61
2017,9,"Female","Brown",65,68
2017,9,"Female","Brown",70,67
2017,9,"Female","Brown",75,77
2017,9,"Female","Brown",80,199
2017,9,"Male","Brown",0,66
2017,9,"Male","Brown",5,8
2017,9,"Male","Brown",10,8
2017,9,"Male","Brown",15,48
2017,9,"Male","Brown",20,49
2017,9,"Male","Brown",25,63
2017,9,"Male","Brown",30,52
2017,9,"Male","Brown",35,57
2017,9,"Male","Brown",40,49
2017,9,"Male","Brown",45,41
2017,9,"Male","Brown",50,53
2017,9,"Male","Brown",55,62
2017,9,"Male","Brown",60,79
2017,9,"Male","Brown",65,86
2017,9,"Male","Brown",70,86
2017,9,"Male","Brown",75,103
2017,9,"Male","Brown",80,232
2017,9,"Female","Indigenous",0,2
2017,9,"Female","Indigenous",30,1
2017,9,"Female","Indigenous",80,1
2017,9,"Male","Indigenous",0,2
2017,9,"Male","Indigenous",15,2
2017,9,"Male","Indigenous",20,1
2017,9,"Male","Indigenous",45,1
2017,9,"Male","Indigenous",55,1
2017,9,"Male","Indigenous",80,1
2017,9,"Female","White",0,15
2017,9,"Female","White",5,1
2017,9,"Female","White",15,6
2017,9,"Female","White",20,3
2017,9,"Female","White",30,5
2017,9,"Female","White",35,5
2017,9,"Female","White",40,2
2017,9,"Female","White",45,10
2017,9,"Female","White",50,9
2017,9,"Female","White",55,8
2017,9,"Female","White",60,15
2017,9,"Female","White",65,27
2017,9,"Female","White",70,23
2017,9,"Female","White",75,29
2017,9,"Female","White",80,101
2017,9,"Male","White",0,11
2017,9,"Male","White",5,2
2017,9,"Male","White",10,2
2017,9,"Male","White",15,6
2017,9,"Male","White",20,8
2017,9,"Male","White",25,7
2017,9,"Male","White",30,11
2017,9,"Male","White",35,5
2017,9,"Male","White",40,12
2017,9,"Male","White",45,11
2017,9,"Male","White",50,2
2017,9,"Male","White",55,17
2017,9,"Male","White",60,21
2017,9,"Male","White",65,19
2017,9,"Male","White",70,20
2017,9,"Male","White",75,30
2017,9,"Male","White",80,84
2017,10,"Female","Asian",80,4
2017,10,"Male","Asian",25,1
2017,10,"Male","Asian",75,2
2017,10,"Male","Asian",80,3
2017,10,"Female","Black",0,4
2017,10,"Female","Black",10,1
2017,10,"Female","Black",15,1
2017,10,"Female","Black",20,1
2017,10,"Female","Black",25,1
2017,10,"Female","Black",30,4
2017,10,"Female","Black",35,2
2017,10,"Female","Black",40,2
2017,10,"Female","Black",45,3
2017,10,"Female","Black",50,4
2017,10,"Female","Black",55,8
2017,10,"Female","Black",60,11
2017,10,"Female","Black",65,13
2017,10,"Female","Black",70,6
2017,10,"Female","Black",75,9
2017,10,"Female","Black",80,41
2017,10,"Male","Black",0,2
2017,10,"Male","Black",15,5
2017,10,"Male","Black",20,9
2017,10,"Male","Black",25,11
2017,10,"Male","Black",30,10
2017,10,"Male","Black",35,10
2017,10,"Male","Black",40,9
2017,10,"Male","Black",45,4
2017,10,"Male","Black",50,6
2017,10,"Male","Black",55,5
2017,10,"Male","Black",60,15
2017,10,"Male","Black",65,12
2017,10,"Male","Black",70,13
2017,10,"Male","Black",75,18
2017,10,"Male","Black",80,45
2017,10,"Female","Brown",0,52
2017,10,"Female","Brown",5,6
2017,10,"Female","Brown",10,4
2017,10,"Female","Brown",15,9
2017,10,"Female","Brown",20,7
2017,10,"Female","Brown",25,17
2017,10,"Female","Brown",30,19
2017,10,"Female","Brown",35,21
2017,10,"Female","Brown",40,16
2017,10,"Female","Brown",45,19
2017,10,"Female","Brown",50,33
2017,10,"Female","Brown",55,30
2017,10,"Female","Brown",60,60
2017,10,"Female","Brown",65,74
2017,10,"Female","Brown",70,74
2017,10,"Female","Brown",75,71
2017,10,"Female","Brown",80,224
2017,10,"Male","Brown",0,68
2017,10,"Male","Brown",5,9
2017,10,"Male","Brown",10,13
2017,10,"Male","Brown",15,38
2017,10,"Male","Brown",20,55
2017,10,"Male","Brown",25,64
2017,10,"Male","Brown",30,68
2017,10,"Male","Brown",35,71
2017,10,"Male","Brown",40,51
2017,10,"Male","Brown",45,56
2017,10,"Male","Brown",50,65
2017,10,"Male","Brown",55,70
2017,10,"Male","Brown",60,74
2017,10,"Male","Brown",65,115
2017,10,"Male","Brown",70,109
2017,10,"Male","Brown",75,101
2017,10,"Male","Brown",80,210
2017,10,"Female","Indigenous",0,2
2017,10,"Female","Indigenous",40,1
2017,10,"Female","Indigenous",70,1
2017,10,"Female","Indigenous",75,1
2017,10,"Female","Indigenous",80,2
2017,10,"Male","Indigenous",0,4
2017,10,"Male","Indigenous",30,1
2017,10,"Male","Indigenous",45,1
2017,10,"Male","Indigenous",70,1
2017,10,"Male","Indigenous",80,2
2017,10,"Female","White",0,13
2017,10,"Female","White",5,1
2017,10,"Female","White",15,2
2017,10,"Female","White",20,2
2017,10,"Female","White",25,3
2017,10,"Female","White",30,5
2017,10,"Female","White",35,3
2017,10,"Female","White",40,5
2017,10,"Female","White",45,5
2017,10,"Female","White",50,12
2017,10,"Female","White",55,11
2017,10,"Female","White",60,10
2017,10,"Female","White",65,11
2017,10,"Female","White",70,25
2017,10,"Female","White",75,37
2017,10,"Female","White",80,104
2017,10,"Male","White",0,10
2017,10,"Male","White",5,2
2017,10,"Male","White",10,3
2017,10,"Male","White",15,4
2017,10,"Male","White",20,10
2017,10,"Male","White",25,5
2017,10,"Male","White",30,6
2017,10,"Male","White",35,13
2017,10,"Male","White",40,7
2017,10,"Male","White",45,10
2017,10,"Male","White",50,9
2017,10,"Male","White",55,12
2017,10,"Male","White",60,21
2017,10,"Male","White",65,24
2017,10,"Male","White",70,20
2017,10,"Male","White",75,30
2017,10,"Male","White",80,76
2017,11,"Female","Asian",60,2
2017,11,"Female","Asian",65,1
2017,11,"Female","Asian",70,1
2017,11,"Female","Asian",80,6
2017,11,"Male","Asian",20,1
2017,11,"Male","Asian",45,1
2017,11,"Male","Asian",60,1
2017,11,"Male","Asian",65,1
2017,11,"Male","Asian",75,2
2017,11,"Female","Black",0,1
2017,11,"Female","Black",20,2
2017,11,"Female","Black",25,1
2017,11,"Female","Black",30,3
2017,11,"Female","Black",35,1
2017,11,"Female","Black",40,2
2017,11,"Female","Black",45,4
2017,11,"Female","Black",50,5
2017,11,"Female","Black",55,9
2017,11,"Female","Black",60,10
2017,11,"Female","Black",65,8
2017,11,"Female","Black",70,19
2017,11,"Female","Black",75,15
2017,11,"Female","Black",80,38
2017,11,"Male","Black",0,3
2017,11,"Male","Black",15,5
2017,11,"Male","Black",20,10
2017,11,"Male","Black",25,8
2017,11,"Male","Black",30,5
2017,11,"Male","Black",35,5
2017,11,"Male","Black",40,10
2017,11,"Male","Black",45,5
2017,11,"Male","Black",50,11
2017,11,"Male","Black",55,8
2017,11,"Male","Black",60,19
2017,11,"Male","Black",65,21
2017,11,"Male","Black",70,15
2017,11,"Male","Black",75,15
2017,11,"Male","Black",80,38
2017,11,"Female","Brown",0,45
2017,11,"Female","Brown",5,5
2017,11,"Female","Brown",10,6
2017,11,"Female","Brown",15,9
2017,11,"Female","Brown",20,11
2017,11,"Female","Brown",25,16
2017,11,"Female","Brown",30,20
2017,11,"Female","Brown",35,26
2017,11,"Female","Brown",40,29
2017,11,"Female","Brown",45,33
2017,11,"Female","Brown",50,19
2017,11,"Female","Brown",55,43
2017,11,"Female","Brown",60,47
2017,11,"Female","Brown",65,57
2017,11,"Female","Brown",70,67
2017,11,"Female","Brown",75,81
2017,11,"Female","Brown",80,189
2017,11,"Male","Brown",0,53
2017,11,"Male","Brown",5,15
2017,11,"Male","Brown",10,6
2017,11,"Male","Brown",15,42
2017,11,"Male","Brown",20,51
2017,11,"Male","Brown",25,60
2017,11,"Male","Brown",30,47
2017,11,"Male","Brown",35,59
2017,11,"Male","Brown",40,56
2017,11,"Male","Brown",45,51
2017,11,"Male","Brown",50,49
2017,11,"Male","Brown",55,50
2017,11,"Male","Brown",60,84
2017,11,"Male","Brown",65,92
2017,11,"Male","Brown",70,80
2017,11,"Male","Brown",75,99
2017,11,"Male","Brown",80,208
2017,11,"Female","Indigenous",0,5
2017,11,"Female","Indigenous",15,1
2017,11,"Female","Indigenous",70,2
2017,11,"Male","Indigenous",0,1
2017,11,"Male","Indigenous",15,1
2017,11,"Male","Indigenous",25,1
2017,11,"Male","Indigenous",35,1
2017,11,"Male","Indigenous",75,1
2017,11,"Male","Indigenous",80,1
2017,11,"Female","White",0,15
2017,11,"Female","White",10,1
2017,11,"Female","White",15,2
2017,11,"Female","White",20,1
2017,11,"Female","White",25,3
2017,11,"Female","White",30,3
2017,11,"Female","White",35,3
2017,11,"Female","White",40,6
2017,11,"Female","White",45,3
2017,11,"Female","White",50,7
2017,11,"Female","White",55,11
2017,11,"Female","White",60,16
2017,11,"Female","White",65,21
2017,11,"Female","White",70,20
2017,11,"Female","White",75,35
2017,11,"Female","White",80,89
2017,11,"Male","White",0,18
2017,11,"Male","White",15,3
2017,11,"Male","White",20,8
2017,11,"Male","White",25,9
2017,11,"Male","White",30,9
2017,11,"Male","White",35,2
2017,11,"Male","White",40,11
2017,11,"Male","White",45,5
2017,11,"Male","White",50,6
2017,11,"Male","White",55,12
2017,11,"Male","White",60,15
2017,11,"Male","White",65,24
2017,11,"Male","White",70,33
2017,11,"Male","White",75,34
2017,11,"Male","White",80,73
2017,12,"Female","Asian",15,1
2017,12,"Female","Asian",20,1
2017,12,"Female","Asian",40,1
2017,12,"Female","Asian",50,2
2017,12,"Female","Asian",65,1
2017,12,"Male","Asian",20,1
2017,12,"Male","Asian",40,2
2017,12,"Male","Asian",50,1
2017,12,"Male","Asian",65,1
2017,12,"Male","Asian",75,2
2017,12,"Male","Asian",80,2
2017,12,"Female","Black",0,4
2017,12,"Female","Black",20,1
2017,12,"Female","Black",25,2
2017,12,"Female","Black",30,1
2017,12,"Female","Black",35,3
2017,12,"Female","Black",40,3
2017,12,"Female","Black",45,6
2017,12,"Female","Black",50,6
2017,12,"Female","Black",55,8
2017,12,"Female","Black",60,6
2017,12,"Female","Black",65,7
2017,12,"Female","Black",70,13
2017,12,"Female","Black",75,14
2017,12,"Female","Black",80,31
2017,12,"Male","Black",0,3
2017,12,"Male","Black",5,2
2017,12,"Male","Black",10,2
2017,12,"Male","Black",15,7
2017,12,"Male","Black",20,9
2017,12,"Male","Black",25,14
2017,12,"Male","Black",30,14
2017,12,"Male","Black",35,11
2017,12,"Male","Black",40,9
2017,12,"Male","Black",45,11
2017,12,"Male","Black",50,8
2017,12,"Male","Black",55,13
2017,12,"Male","Black",60,20
2017,12,"Male","Black",65,22
2017,12,"Male","Black",70,19
2017,12,"Male","Black",75,23
2017,12,"Male","Black",80,30
2017,12,"Female","Brown",0,45
2017,12,"Female","Brown",5,6
2017,12,"Female","Brown",10,5
2017,12,"Female","Brown",15,8
2017,12,"Female","Brown",20,11
2017,12,"Female","Brown",25,11
2017,12,"Female","Brown",30,18
2017,12,"Female","Brown",35,25
2017,12,"Female","Brown",40,20
2017,12,"Female","Brown",45,26
2017,12,"Female","Brown",50,36
2017,12,"Female","Brown",55,43
2017,12,"Female","Brown",60,47
2017,12,"Female","Brown",65,53
2017,12,"Female","Brown",70,95
2017,12,"Female","Brown",75,86
2017,12,"Female","Brown",80,205
2017,12,"Male","Brown",0,68
2017,12,"Male","Brown",5,10
2017,12,"Male","Brown",10,9
2017,12,"Male","Brown",15,37
2017,12,"Male","Brown",20,59
2017,12,"Male","Brown",25,50
2017,12,"Male","Brown",30,41
2017,12,"Male","Brown",35,54
2017,12,"Male","Brown",40,51
2017,12,"Male","Brown",45,49
2017,12,"Male","Brown",50,60
2017,12,"Male","Brown",55,73
2017,12,"Male","Brown",60,81
2017,12,"Male","Brown",65,88
2017,12,"Male","Brown",70,92
2017,12,"Male","Brown",75,95
2017,12,"Male","Brown",80,210
2017,12,"Female","Indigenous",0,1
2017,12,"Female","Indigenous",55,1
2017,12,"Female","Indigenous",70,1
2017,12,"Female","Indigenous",80,2
2017,12,"Male","Indigenous",0,2
2017,12,"Male","Indigenous",10,1
2017,12,"Male","Indigenous",15,1
2017,12,"Male","Indigenous",25,1
2017,12,"Male","Indigenous",45,1
2017,12,"Male","Indigenous",60,1
2017,12,"Male","Indigenous",80,2
2017,12,"Female","White",0,11
2017,12,"Female","White",10,3
2017,12,"Female","White",15,1
2017,12,"Female","White",20,2
2017,12,"Female","White",25,3
2017,12,"Female","White",35,4
2017,12,"Female","White",40,9
2017,12,"Female","White",45,5
2017,12,"Female","White",50,6
2017,12,"Female","White",55,15
2017,12,"Female","White",60,13
2017,12,"Female","White",65,22
2017,12,"Female","White",70,33
2017,12,"Female","White",75,24
2017,12,"Female","White",80,97
2017,12,"Male","White",0,10
2017,12,"Male","White",5,2
2017,12,"Male","White",10,2
2017,12,"Male","White",15,6
2017,12,"Male","White",20,4
2017,12,"Male","White",25,12
2017,12,"Male","White",30,5
2017,12,"Male","White",35,8
2017,12,"Male","White",40,11
2017,12,"Male","White",45,6
2017,12,"Male","White",50,12
2017,12,"Male","White",55,13
2017,12,"Male","White",60,17
2017,12,"Male","White",65,23
2017,12,"Male","White",70,26
2017,12,"Male","White",75,28
2017,12,"Male","White",80,81
2018,1,"Female","Asian",0,1
2018,1,"Female","Asian",40,1
2018,1,"Female","Asian",55,1
2018,1,"Female","Asian",60,1
2018,1,"Female","Asian",70,1
2018,1,"Female","Asian",80,1
2018,1,"Male","Asian",15,1
2018,1,"Male","Asian",25,1
2018,1,"Male","Asian",55,1
2018,1,"Male","Asian",60,1
2018,1,"Male","Asian",80,2
2018,1,"Female","Black",0,3
2018,1,"Female","Black",15,1
2018,1,"Female","Black",20,1
2018,1,"Female","Black",25,3
2018,1,"Female","Black",30,5
2018,1,"Female","Black",35,4
2018,1,"Female","Black",40,9
2018,1,"Female","Black",45,4
2018,1,"Female","Black",50,8
2018,1,"Female","Black",55,6
2018,1,"Female","Black",60,14
2018,1,"Female","Black",65,19
2018,1,"Female","Black",70,12
2018,1,"Female","Black",75,9
2018,1,"Female","Black",80,37
2018,1,"Male","Black",0,4
2018,1,"Male","Black",5,1
2018,1,"Male","Black",15,9
2018,1,"Male","Black",20,7
2018,1,"Male","Black",25,7
2018,1,"Male","Black",30,9
2018,1,"Male","Black",35,8
2018,1,"Male","Black",40,9
2018,1,"Male","Black",45,9
2018,1,"Male","Black",50,5
2018,1,"Male","Black",55,11
2018,1,"Male","Black",60,10
2018,1,"Male","Black",65,23
2018,1,"Male","Black",70,17
2018,1,"Male","Black",75,22
2018,1,"Male","Black",80,34
2018,1,"Female","Brown",0,43
2018,1,"Female","Brown",5,7
2018,1,"Female","Brown",10,4
2018,1,"Female","Brown",15,6
2018,1,"Female","Brown",20,8
2018,1,"Female","Brown",25,10
2018,1,"Female","Brown",30,17
2018,1,"Female","Brown",35,16
2018,1,"Female","Brown",40,21
2018,1,"Female","Brown",45,35
2018,1,"Female","Brown",50,44
2018,1,"Female","Brown",55,58
2018,1,"Female","Brown",60,62
2018,1,"Female","Brown",65,67
2018,1,"Female","Brown",70,80
2018,1,"Female","Brown",75,96
2018,1,"Female","Brown",80,202
2018,1,"Male","Brown",0,64
2018,1,"Male","Brown",5,3
2018,1,"Male","Brown",10,10
2018,1,"Male","Brown",15,40
2018,1,"Male","Brown",20,46
2018,1,"Male","Brown",25,51
2018,1,"Male","Brown",30,50
2018,1,"Male","Brown",35,61
2018,1,"Male","Brown",40,48
2018,1,"Male","Brown",45,54
2018,1,"Male","Brown",50,79
2018,1,"Male","Brown",55,61
2018,1,"Male","Brown",60,77
2018,1,"Male","Brown",65,94
2018,1,"Male","Brown",70,106
2018,1,"Male","Brown",75,95
2018,1,"Male","Brown",80,221
2018,1,"Female","Indigenous",0,3
2018,1,"Female","Indigenous",10,1
2018,1,"Female","Indigenous",35,1
2018,1,"Female","Indigenous",50,2
2018,1,"Female","Indigenous",65,1
2018,1,"Female","Indigenous",70,1
2018,1,"Female","Indigenous",80,1
2018,1,"Male","Indigenous",0,6
2018,1,"Male","Indigenous",20,1
2018,1,"Male","Indigenous",25,1
2018,1,"Male","Indigenous",30,1
2018,1,"Female","White",0,12
2018,1,"Female","White",5,3
2018,1,"Female","White",10,1
2018,1,"Female","White",20,2
2018,1,"Female","White",25,4
2018,1,"Female","White",30,4
2018,1,"Female","White",35,6
2018,1,"Female","White",40,9
2018,1,"Female","White",45,10
2018,1,"Female","White",50,8
2018,1,"Female","White",55,11
2018,1,"Female","White",60,17
2018,1,"Female","White",65,22
2018,1,"Female","White",70,20
2018,1,"Female","White",75,26
2018,1,"Female","White",80,88
2018,1,"Male","White",0,10
2018,1,"Male","White",5,1
2018,1,"Male","White",10,1
2018,1,"Male","White",15,5
2018,1,"Male","White",20,2
2018,1,"Male","White",25,8
2018,1,"Male","White",30,4
2018,1,"Male","White",35,9
2018,1,"Male","White",40,8
2018,1,"Male","White",45,12
2018,1,"Male","White",50,11
2018,1,"Male","White",55,7
2018,1,"Male","White",60,17
2018,1,"Male","White",65,18
2018,1,"Male","White",70,20
2018,1,"Male","White",75,44
2018,1,"Male","White",80,74
2018,2,"Female","Asian",65,2
2018,2,"Female","Asian",70,2
2018,2,"Male","Asian",45,1
2018,2,"Male","Asian",50,1
2018,2,"Male","Asian",60,1
2018,2,"Female","Black",0,1
2018,2,"Female","Black",15,1
2018,2,"Female","Black",20,1
2018,2,"Female","Black",30,1
2018,2,"Female","Black",40,5
2018,2,"Female","Black",45,5
2018,2,"Female","Black",50,8
2018,2,"Female","Black",55,3
2018,2,"Female","Black",60,10
2018,2,"Female","Black",65,9
2018,2,"Female","Black",70,6
2018,2,"Female","Black",75,17
2018,2,"Female","Black",80,27
2018,2,"Male","Black",0,4
2018,2,"Male","Black",15,5
2018,2,"Male","Black",20,6
2018,2,"Male","Black",25,6
2018,2,"Male","Black",30,8
2018,2,"Male","Black",35,6
2018,2,"Male","Black",40,6
2018,2,"Male","Black",45,14
2018,2,"Male","Black",50,10
2018,2,"Male","Black",55,13
2018,2,"Male","Black",60,12
2018,2,"Male","Black",65,13
2018,2,"Male","Black",70,15
2018,2,"Male","Black",75,23
2018,2,"Male","Black",80,41
2018,2,"Female","Brown",0,35
2018,2,"Female","Brown",5,6
2018,2,"Female","Brown",10,2
2018,2,"Female","Brown",15,6
2018,2,"Female","Brown",20,11
2018,2,"Female","Brown",25,13
2018,2,"Female","Brown",30,17
2018,2,"Female","Brown",35,17
2018,2,"Female","Brown",40,20
2018,2,"Female","Brown",45,26
2018,2,"Female","Brown",50,42
2018,2,"Female","Brown",55,42
2018,2,"Female","Brown",60,58
2018,2,"Female","Brown",65,58
2018,2,"Female","Brown",70,58
2018,2,"Female","Brown",75,73
2018,2,"Female","Brown",80,222
2018,2,"Male","Brown",0,53
2018,2,"Male","Brown",5,8
2018,2,"Male","Brown",10,6
2018,2,"Male","Brown",15,34
2018,2,"Male","Brown",20,52
2018,2,"Male","Brown",25,42
2018,2,"Male","Brown",30,46
2018,2,"Male","Brown",35,53
2018,2,"Male","Brown",40,42
2018,2,"Male","Brown",45,51
2018,2,"Male","Brown",50,61
2018,2,"Male","Brown",55,64
2018,2,"Male","Brown",60,70
2018,2,"Male","Brown",65,91
2018,2,"Male","Brown",70,107
2018,2,"Male","Brown",75,82
2018,2,"Male","Brown",80,193
2018,2,"Female","Indigenous",0,5
2018,2,"Female","Indigenous",5,1
2018,2,"Female","Indigenous",20,1
2018,2,"Female","Indigenous",70,1
2018,2,"Female","Indigenous",75,1
2018,2,"Female","Indigenous",80,3
2018,2,"Male","Indigenous",0,7
2018,2,"Male","Indigenous",10,1
2018,2,"Male","Indigenous",20,1
2018,2,"Male","Indigenous",40,1
2018,2,"Male","Indigenous",45,1
2018,2,"Male","Indigenous",50,1
2018,2,"Male","Indigenous",55,1
2018,2,"Male","Indigenous",65,1
2018,2,"Male","Indigenous",80,1
2018,2,"Female","White",0,11
2018,2,"Female","White",5,2
2018,2,"Female","White",10,2
2018,2,"Female","White",15,2
2018,2,"Female","White",20,2
2018,2,"Female","White",25,1
2018,2,"Female","White",30,6
2018,2,"Female","White",35,4
2018,2,"Female","White",40,9
2018,2,"Female","White",45,6
2018,2,"Female","White",50,7
2018,2,"Female","White",55,14
2018,2,"Female","White",60,12
2018,2,"Female","White",65,18
2018,2,"Female","White",70,20
2018,2,"Female","White",75,31
2018,2,"Female","White",80,84
2018,2,"Male","White",0,10
2018,2,"Male","White",5,1
2018,2,"Male","White",10,1
2018,2,"Male","White",15,6
2018,2,"Male","White",20,6
2018,2,"Male","White",25,8
2018,2,"Male","White",30,6
2018,2,"Male","White",35,3
2018,2,"Male","White",40,10
2018,2,"Male","White",45,6
2018,2,"Male","White",50,7
2018,2,"Male","White",55,11
2018,2,"Male","White",60,18
2018,2,"Male","White",65,25
2018,2,"Male","White",70,29
2018,2,"Male","White",75,27
2018,2,"Male","White",80,82
2018,3,"Female","Asian",60,1
2018,3,"Female","Asian",65,3
2018,3,"Female","Asian",80,5
2018,3,"Male","Asian",15,1
2018,3,"Male","Asian",25,1
2018,3,"Male","Asian",45,1
2018,3,"Male","Asian",55,1
2018,3,"Male","Asian",65,2
2018,3,"Male","Asian",80,2
2018,3,"Female","Black",0,3
2018,3,"Female","Black",5,1
2018,3,"Female","Black",30,2
2018,3,"Female","Black",35,3
2018,3,"Female","Black",40,2
2018,3,"Female","Black",45,7
2018,3,"Female","Black",50,1
2018,3,"Female","Black",55,4
2018,3,"Female","Black",60,9
2018,3,"Female","Black",65,11
2018,3,"Female","Black",70,12
2018,3,"Female","Black",75,12
2018,3,"Female","Black",80,38
2018,3,"Male","Black",0,2
2018,3,"Male","Black",5,2
2018,3,"Male","Black",15,4
2018,3,"Male","Black",20,10
2018,3,"Male","Black",25,5
2018,3,"Male","Black",30,2
2018,3,"Male","Black",35,7
2018,3,"Male","Black",40,8
2018,3,"Male","Black",45,6
2018,3,"Male","Black",50,7
2018,3,"Male","Black",55,9
2018,3,"Male","Black",60,11
2018,3,"Male","Black",65,21
2018,3,"Male","Black",70,17
2018,3,"Male","Black",75,19
2018,3,"Male","Black",80,31
2018,3,"Female","Brown",0,49
2018,3,"Female","Brown",5,3
2018,3,"Female","Brown",10,3
2018,3,"Female","Brown",15,6
2018,3,"Female","Brown",20,9
2018,3,"Female","Brown",25,16
2018,3,"Female","Brown",30,17
2018,3,"Female","Brown",35,25
2018,3,"Female","Brown",40,20
2018,3,"Female","Brown",45,32
2018,3,"Female","Brown",50,51
2018,3,"Female","Brown",55,63
2018,3,"Female","Brown",60,63
2018,3,"Female","Brown",65,75
2018,3,"Female","Brown",70,84
2018,3,"Female","Brown",75,87
2018,3,"Female","Brown",80,218
2018,3,"Male","Brown",0,55
2018,3,"Male","Brown",5,5
2018,3,"Male","Brown",10,5
2018,3,"Male","Brown",15,39
2018,3,"Male","Brown",20,36
2018,3,"Male","Brown",25,55
2018,3,"Male","Brown",30,47
2018,3,"Male","Brown",35,56
2018,3,"Male","Brown",40,55
2018,3,"Male","Brown",45,59
2018,3,"Male","Brown",50,60
2018,3,"Male","Brown",55,70
2018,3,"Male","Brown",60,74
2018,3,"Male","Brown",65,114
2018,3,"Male","Brown",70,102
2018,3,"Male","Brown",75,121
2018,3,"Male","Brown",80,234
2018,3,"Female","Indigenous",0,2
2018,3,"Female","Indigenous",5,3
2018,3,"Female","Indigenous",20,1
2018,3,"Female","Indigenous",70,1
2018,3,"Female","Indigenous",75,1
2018,3,"Female","Indigenous",80,3
2018,3,"Male","Indigenous",0,5
2018,3,"Male","Indigenous",15,2
2018,3,"Male","Indigenous",20,1
2018,3,"Male","Indigenous",25,1
2018,3,"Male","Indigenous",35,2
2018,3,"Male","Indigenous",65,2
2018,3,"Male","Indigenous",70,3
2018,3,"Female","White",0,13
2018,3,"Female","White",15,5
2018,3,"Female","White",20,3
2018,3,"Female","White",25,3
2018,3,"Female","White",30,4
2018,3,"Female","White",35,6
2018,3,"Female","White",40,10
2018,3,"Female","White",45,4
2018,3,"Female","White",50,10
2018,3,"Female","White",55,7
2018,3,"Female","White",60,12
2018,3,"Female","White",65,20
2018,3,"Female","White",70,25
2018,3,"Female","White",75,32
2018,3,"Female","White",80,109
2018,3,"Male","White",0,12
2018,3,"Male","White",10,3
2018,3,"Male","White",15,5
2018,3,"Male","White",20,9
2018,3,"Male","White",25,9
2018,3,"Male","White",30,4
2018,3,"Male","White",35,9
2018,3,"Male","White",40,8
2018,3,"Male","White",45,9
2018,3,"Male","White",50,14
2018,3,"Male","White",55,14
2018,3,"Male","White",60,20
2018,3,"Male","White",65,16
2018,3,"Male","White",70,32
2018,3,"Male","White",75,19
2018,3,"Male","White",80,88
2018,4,"Female","Asian",65,1
2018,4,"Female","Asian",75,1
2018,4,"Female","Asian",80,1
2018,4,"Male","Asian",30,1
2018,4,"Male","Asian",75,1
2018,4,"Male","Asian",80,1
2018,4,"Female","Black",10,1
2018,4,"Female","Black",15,1
2018,4,"Female","Black",20,2
2018,4,"Female","Black",30,7
2018,4,"Female","Black",35,2
2018,4,"Female","Black",40,5
2018,4,"Female","Black",45,4
2018,4,"Female","Black",50,5
2018,4,"Female","Black",55,5
2018,4,"Female","Black",60,11
2018,4,"Female","Black",65,11
2018,4,"Female","Black",70,9
2018,4,"Female","Black",75,12
2018,4,"Female","Black",80,32
2018,4,"Male","Black",0,4
2018,4,"Male","Black",5,1
2018,4,"Male","Black",10,1
2018,4,"Male","Black",15,3
2018,4,"Male","Black",20,9
2018,4,"Male","Black",25,8
2018,4,"Male","Black",30,6
2018,4,"Male","Black",35,4
2018,4,"Male","Black",40,7
2018,4,"Male","Black",45,12
2018,4,"Male","Black",50,8
2018,4,"Male","Black",55,13
2018,4,"Male","Black",60,8
2018,4,"Male","Black",65,21
2018,4,"Male","Black",70,21
2018,4,"Male","Black",75,35
2018,4,"Male","Black",80,39
2018,4,"Female","Brown",0,75
2018,4,"Female","Brown",5,3
2018,4,"Female","Brown",10,4
2018,4,"Female","Brown",15,8
2018,4,"Female","Brown",20,12
2018,4,"Female","Brown",25,10
2018,4,"Female","Brown",30,23
2018,4,"Female","Brown",35,19
2018,4,"Female","Brown",40,28
2018,4,"Female","Brown",45,21
2018,4,"Female","Brown",50,46
2018,4,"Female","Brown",55,54
2018,4,"Female","Brown",60,63
2018,4,"Female","Brown",65,66
2018,4,"Female","Brown",70,91
2018,4,"Female","Brown",75,93
2018,4,"Female","Brown",80,238
2018,4,"Male","Brown",0,48
2018,4,"Male","Brown",5,6
2018,4,"Male","Brown",10,10
2018,4,"Male","Brown",15,32
2018,4,"Male","Brown",20,38
2018,4,"Male","Brown",25,49
2018,4,"Male","Brown",30,58
2018,4,"Male","Brown",35,44
2018,4,"Male","Brown",40,41
2018,4,"Male","Brown",45,70
2018,4,"Male","Brown",50,60
2018,4,"Male","Brown",55,68
2018,4,"Male","Brown",60,100
2018,4,"Male","Brown",65,112
2018,4,"Male","Brown",70,104
2018,4,"Male","Brown",75,113
2018,4,"Male","Brown",80,250
2018,4,"Female","Indigenous",0,4
2018,4,"Female","Indigenous",15,1
2018,4,"Female","Indigenous",30,1
2018,4,"Female","Indigenous",40,1
2018,4,"Female","Indigenous",50,1
2018,4,"Female","Indigenous",60,1
2018,4,"Female","Indigenous",75,2
2018,4,"Female","Indigenous",80,1
2018,4,"Male","Indigenous",0,8
2018,4,"Male","Indigenous",15,1
2018,4,"Male","Indigenous",30,1
2018,4,"Male","Indigenous",40,1
2018,4,"Male","Indigenous",50,1
2018,4,"Male","Indigenous",70,1
2018,4,"Male","Indigenous",80,4
2018,4,"Female","White",0,9
2018,4,"Female","White",10,1
2018,4,"Female","White",20,1
2018,4,"Female","White",25,5
2018,4,"Female","White",30,2
2018,4,"Female","White",35,4
2018,4,"Female","White",40,5
2018,4,"Female","White",45,8
2018,4,"Female","White",50,8
2018,4,"Female","White",55,15
2018,4,"Female","White",60,21
2018,4,"Female","White",65,30
2018,4,"Female","White",70,27
2018,4,"Female","White",75,36
2018,4,"Female","White",80,117
2018,4,"Male","White",0,9
2018,4,"Male","White",5,3
2018,4,"Male","White",15,1
2018,4,"Male","White",20,6
2018,4,"Male","White",25,2
2018,4,"Male","White",30,8
2018,4,"Male","White",35,13
2018,4,"Male","White",40,6
2018,4,"Male","White",45,20
2018,4,"Male","White",50,8
2018,4,"Male","White",55,12
2018,4,"Male","White",60,21
2018,4,"Male","White",65,25
2018,4,"Male","White",70,33
2018,4,"Male","White",75,30
2018,4,"Male","White",80,89
2018,5,"Female","Asian",55,1
2018,5,"Female","Asian",70,1
2018,5,"Female","Asian",75,1
2018,5,"Female","Asian",80,2
2018,5,"Male","Asian",55,2
2018,5,"Male","Asian",75,1
2018,5,"Female","Black",0,2
2018,5,"Female","Black",5,1
2018,5,"Female","Black",10,2
2018,5,"Female","Black",15,1
2018,5,"Female","Black",20,2
2018,5,"Female","Black",25,1
2018,5,"Female","Black",30,3
2018,5,"Female","Black",40,2
2018,5,"Female","Black",45,6
2018,5,"Female","Black",50,10
2018,5,"Female","Black",55,10
2018,5,"Female","Black",60,15
2018,5,"Female","Black",65,11
2018,5,"Female","Black",70,10
2018,5,"Female","Black",75,23
2018,5,"Female","Black",80,49
2018,5,"Male","Black",0,4
2018,5,"Male","Black",10,1
2018,5,"Male","Black",15,4
2018,5,"Male","Black",20,7
2018,5,"Male","Black",25,7
2018,5,"Male","Black",30,7
2018,5,"Male","Black",35,8
2018,5,"Male","Black",40,7
2018,5,"Male","Black",45,4
2018,5,"Male","Black",50,16
2018,5,"Male","Black",55,15
2018,5,"Male","Black",60,20
2018,5,"Male","Black",65,28
2018,5,"Male","Black",70,25
2018,5,"Male","Black",75,21
2018,5,"Male","Black",80,61
2018,5,"Female","Brown",0,54
2018,5,"Female","Brown",5,6
2018,5,"Female","Brown",10,8
2018,5,"Female","Brown",15,12
2018,5,"Female","Brown",20,10
2018,5,"Female","Brown",25,16
2018,5,"Female","Brown",30,25
2018,5,"Female","Brown",35,17
2018,5,"Female","Brown",40,32
2018,5,"Female","Brown",45,38
2018,5,"Female","Brown",50,52
2018,5,"Female","Brown",55,62
2018,5,"Female","Brown",60,60
2018,5,"Female","Brown",65,87
2018,5,"Female","Brown",70,76
2018,5,"Female","Brown",75,106
2018,5,"Female","Brown",80,267
2018,5,"Male","Brown",0,69
2018,5,"Male","Brown",5,9
2018,5,"Male","Brown",10,15
2018,5,"Male","Brown",15,40
2018,5,"Male","Brown",20,54
2018,5,"Male","Brown",25,55
2018,5,"Male","Brown",30,62
2018,5,"Male","Brown",35,58
2018,5,"Male","Brown",40,53
2018,5,"Male","Brown",45,51
2018,5,"Male","Brown",50,61
2018,5,"Male","Brown",55,81
2018,5,"Male","Brown",60,94
2018,5,"Male","Brown",65,110
2018,5,"Male","Brown",70,114
2018,5,"Male","Brown",75,119
2018,5,"Male","Brown",80,264
2018,5,"Female","Indigenous",0,4
2018,5,"Female","Indigenous",30,1
2018,5,"Female","Indigenous",40,2
2018,5,"Female","Indigenous",45,1
2018,5,"Female","Indigenous",50,1
2018,5,"Female","Indigenous",60,1
2018,5,"Female","Indigenous",65,2
2018,5,"Female","Indigenous",75,1
2018,5,"Female","Indigenous",80,6
2018,5,"Male","Indigenous",0,6
2018,5,"Male","Indigenous",35,1
2018,5,"Male","Indigenous",65,1
2018,5,"Male","Indigenous",80,1
2018,5,"Female","White",0,13
2018,5,"Female","White",5,1
2018,5,"Female","White",15,1
2018,5,"Female","White",20,4
2018,5,"Female","White",25,1
2018,5,"Female","White",30,2
2018,5,"Female","White",35,8
2018,5,"Female","White",40,5
2018,5,"Female","White",45,11
2018,5,"Female","White",50,6
2018,5,"Female","White",55,16
2018,5,"Female","White",60,18
2018,5,"Female","White",65,27
2018,5,"Female","White",70,28
2018,5,"Female","White",75,43
2018,5,"Female","White",80,97
2018,5,"Male","White",0,11
2018,5,"Male","White",5,1
2018,5,"Male","White",10,2
2018,5,"Male","White",15,5
2018,5,"Male","White",20,7
2018,5,"Male","White",25,6
2018,5,"Male","White",30,8
2018,5,"Male","White",35,4
2018,5,"Male","White",40,9
2018,5,"Male","White",45,7
2018,5,"Male","White",50,14
2018,5,"Male","White",55,14
2018,5,"Male","White",60,32
2018,5,"Male","White",65,31
2018,5,"Male","White",70,30
2018,5,"Male","White",75,26
2018,5,"Male","White",80,98
2018,6,"Female","Asian",30,1
2018,6,"Female","Asian",45,1
2018,6,"Female","Asian",60,1
2018,6,"Female","Asian",75,1
2018,6,"Female","Asian",80,3
2018,6,"Male","Asian",25,1
2018,6,"Male","Asian",70,2
2018,6,"Male","Asian",80,3
2018,6,"Female","Black",15,1
2018,6,"Female","Black",20,3
2018,6,"Female","Black",25,2
2018,6,"Female","Black",30,2
2018,6,"Female","Black",35,7
2018,6,"Female","Black",40,4
2018,6,"Female","Black",45,4
2018,6,"Female","Black",50,5
2018,6,"Female","Black",55,9
2018,6,"Female","Black",60,9
2018,6,"Female","Black",65,13
2018,6,"Female","Black",70,11
2018,6,"Female","Black",75,13
2018,6,"Female","Black",80,37
2018,6,"Male","Black",0,3
2018,6,"Male","Black",10,1
2018,6,"Male","Black",15,6
2018,6,"Male","Black",20,7
2018,6,"Male","Black",25,6
2018,6,"Male","Black",30,14
2018,6,"Male","Black",35,4
2018,6,"Male","Black",40,12
2018,6,"Male","Black",45,8
2018,6,"Male","Black",50,8
2018,6,"Male","Black",55,14
2018,6,"Male","Black",60,12
2018,6,"Male","Black",65,23
2018,6,"Male","Black",70,17
2018,6,"Male","Black",75,14
2018,6,"Male","Black",80,34
2018,6,"Female","Brown",0,48
2018,6,"Female","Brown",5,5
2018,6,"Female","Brown",10,2
2018,6,"Female","Brown",15,7
2018,6,"Female","Brown",20,14
2018,6,"Female","Brown",25,12
2018,6,"Female","Brown",30,17
2018,6,"Female","Brown",35,26
2018,6,"Female","Brown",40,30
2018,6,"Female","Brown",45,24
2018,6,"Female","Brown",50,29
2018,6,"Female","Brown",55,41
2018,6,"Female","Brown",60,55
2018,6,"Female","Brown",65,63
2018,6,"Female","Brown",70,75
2018,6,"Female","Brown",75,113
2018,6,"Female","Brown",80,200
2018,6,"Male","Brown",0,65
2018,6,"Male","Brown",5,11
2018,6,"Male","Brown",10,12
2018,6,"Male","Brown",15,29
2018,6,"Male","Brown",20,55
2018,6,"Male","Brown",25,44
2018,6,"Male","Brown",30,56
2018,6,"Male","Brown",35,55
2018,6,"Male","Brown",40,47
2018,6,"Male","Brown",45,59
2018,6,"Male","Brown",50,83
2018,6,"Male","Brown",55,64
2018,6,"Male","Brown",60,90
2018,6,"Male","Brown",65,96
2018,6,"Male","Brown",70,87
2018,6,"Male","Brown",75,101
2018,6,"Male","Brown",80,239
2018,6,"Female","Indigenous",0,2
2018,6,"Female","Indigenous",35,1
2018,6,"Female","Indigenous",40,1
2018,6,"Female","Indigenous",60,1
2018,6,"Female","Indigenous",75,1
2018,6,"Male","Indigenous",0,7
2018,6,"Male","Indigenous",5,1
2018,6,"Male","Indigenous",20,2
2018,6,"Male","Indigenous",25,1
2018,6,"Male","Indigenous",30,1
2018,6,"Male","Indigenous",60,1
2018,6,"Male","Indigenous",65,1
2018,6,"Male","Indigenous",70,1
2018,6,"Male","Indigenous",75,1
2018,6,"Male","Indigenous",80,1
2018,6,"Female","White",0,18
2018,6,"Female","White",10,2
2018,6,"Female","White",15,1
2018,6,"Female","White",20,2
2018,6,"Female","White",25,6
2018,6,"Female","White",30,2
2018,6,"Female","White",35,6
2018,6,"Female","White",40,2
2018,6,"Female","White",45,6
2018,6,"Female","White",50,8
2018,6,"Female","White",55,13
2018,6,"Female","White",60,19
2018,6,"Female","White",65,24
2018,6,"Female","White",70,34
2018,6,"Female","White",75,33
2018,6,"Female","White",80,96
2018,6,"Male","White",0,16
2018,6,"Male","White",5,1
2018,6,"Male","White",10,2
2018,6,"Male","White",15,2
2018,6,"Male","White",20,8
2018,6,"Male","White",25,6
2018,6,"Male","White",30,7
2018,6,"Male","White",35,7
2018,6,"Male","White",40,8
2018,6,"Male","White",45,7
2018,6,"Male","White",50,6
2018,6,"Male","White",55,11
2018,6,"Male","White",60,13
2018,6,"Male","White",65,23
2018,6,"Male","White",70,29
2018,6,"Male","White",75,37
2018,6,"Male","White",80,72
2018,7,"Female","Asian",70,1
2018,7,"Female","Asian",75,2
2018,7,"Male","Asian",25,2
2018,7,"Male","Asian",80,2
2018,7,"Female","Black",0,3
2018,7,"Female","Black",5,1
2018,7,"Female","Black",15,1
2018,7,"Female","Black",25,2
2018,7,"Female","Black",30,4
2018,7,"Female","Black",35,6
2018,7,"Female","Black",40,1
2018,7,"Female","Black",45,5
2018,7,"Female","Black",50,3
2018,7,"Female","Black",55,7
2018,7,"Female","Black",60,5
2018,7,"Female","Black",65,10
2018,7,"Female","Black",70,16
2018,7,"Female","Black",75,9
2018,7,"Female","Black",80,40
2018,7,"Male","Black",15,5
2018,7,"Male","Black",20,3
2018,7,"Male","Black",25,11
2018,7,"Male","Black",30,5
2018,7,"Male","Black",35,6
2018,7,"Male","Black",40,3
2018,7,"Male","Black",45,7
2018,7,"Male","Black",50,9
2018,7,"Male","Black",55,12
2018,7,"Male","Black",60,15
2018,7,"Male","Black",65,13
2018,7,"Male","Black",70,25
2018,7,"Male","Black",75,13
2018,7,"Male","Black",80,34
2018,7,"Female","Brown",0,43
2018,7,"Female","Brown",5,5
2018,7,"Female","Brown",10,11
2018,7,"Female","Brown",15,6
2018,7,"Female","Brown",20,8
2018,7,"Female","Brown",25,9
2018,7,"Female","Brown",30,22
2018,7,"Female","Brown",35,11
2018,7,"Female","Brown",40,23
2018,7,"Female","Brown",45,30
2018,7,"Female","Brown",50,31
2018,7,"Female","Brown",55,55
2018,7,"Female","Brown",60,54
2018,7,"Female","Brown",65,67
2018,7,"Female","Brown",70,75
2018,7,"Female","Brown",75,88
2018,7,"Female","Brown",80,227
2018,7,"Male","Brown",0,63
2018,7,"Male","Brown",5,4
2018,7,"Male","Brown",10,9
2018,7,"Male","Brown",15,31
2018,7,"Male","Brown",20,57
2018,7,"Male","Brown",25,59
2018,7,"Male","Brown",30,55
2018,7,"Male","Brown",35,58
2018,7,"Male","Brown",40,61
2018,7,"Male","Brown",45,63
2018,7,"Male","Brown",50,48
2018,7,"Male","Brown",55,77
2018,7,"Male","Brown",60,70
2018,7,"Male","Brown",65,99
2018,7,"Male","Brown",70,102
2018,7,"Male","Brown",75,125
2018,7,"Male","Brown",80,250
2018,7,"Female","Indigenous",0,4
2018,7,"Female","Indigenous",5,1
2018,7,"Female","Indigenous",45,1
2018,7,"Female","Indigenous",55,1
2018,7,"Female","Indigenous",60,1
2018,7,"Female","Indigenous",70,2
2018,7,"Female","Indigenous",80,1
2018,7,"Male","Indigenous",0,5
2018,7,"Male","Indigenous",15,2
2018,7,"Male","Indigenous",25,1
2018,7,"Male","Indigenous",40,1
2018,7,"Male","Indigenous",45,1
2018,7,"Male","Indigenous",65,1
2018,7,"Male","Indigenous",70,1
2018,7,"Male","Indigenous",75,1
2018,7,"Male","Indigenous",80,1
2018,7,"Female","White",0,9
2018,7,"Female","White",5,1
2018,7,"Female","White",10,1
2018,7,"Female","White",20,6
2018,7,"Female","White",25,2
2018,7,"Female","White",30,5
2018,7,"Female","White",35,6
2018,7,"Female","White",40,4
2018,7,"Female","White",45,5
2018,7,"Female","White",50,8
2018,7,"Female","White",55,18
2018,7,"Female","White",60,19
2018,7,"Female","White",65,23
2018,7,"Female","White",70,26
2018,7,"Female","White",75,28
2018,7,"Female","White",80,96
2018,7,"Male","White",0,14
2018,7,"Male","White",10,2
2018,7,"Male","White",15,3
2018,7,"Male","White",20,6
2018,7,"Male","White",25,5
2018,7,"Male","White",30,3
2018,7,"Male","White",35,9
2018,7,"Male","White",40,16
2018,7,"Male","White",45,9
2018,7,"Male","White",50,9
2018,7,"Male","White",55,9
2018,7,"Male","White",60,16
2018,7,"Male","White",65,15
2018,7,"Male","White",70,20
2018,7,"Male","White",75,30
2018,7,"Male","White",80,85
2018,8,"Female","Asian",40,1
2018,8,"Female","Asian",55,1
2018,8,"Female","Asian",80,2
2018,8,"Male","Asian",40,1
2018,8,"Male","Asian",45,1
2018,8,"Male","Asian",60,1
2018,8,"Male","Asian",65,1
2018,8,"Male","Asian",75,2
2018,8,"Female","Black",15,1
2018,8,"Female","Black",25,2
2018,8,"Female","Black",30,2
2018,8,"Female","Black",35,2
2018,8,"Female","Black",40,5
2018,8,"Female","Black",45,5
2018,8,"Female","Black",50,6
2018,8,"Female","Black",55,6
2018,8,"Female","Black",60,8
2018,8,"Female","Black",65,8
2018,8,"Female","Black",70,13
2018,8,"Female","Black",75,8
2018,8,"Female","Black",80,37
2018,8,"Male","Black",0,1
2018,8,"Male","Black",10,1
2018,8,"Male","Black",15,4
2018,8,"Male","Black",20,7
2018,8,"Male","Black",25,9
2018,8,"Male","Black",30,13
2018,8,"Male","Black",35,7
2018,8,"Male","Black",40,10
2018,8,"Male","Black",45,6
2018,8,"Male","Black",50,8
2018,8,"Male","Black",55,14
2018,8,"Male","Black",60,13
2018,8,"Male","Black",65,17
2018,8,"Male","Black",70,21
2018,8,"Male","Black",75,16
2018,8,"Male","Black",80,37
2018,8,"Female","Brown",0,54
2018,8,"Female","Brown",5,1
2018,8,"Female","Brown",10,6
2018,8,"Female","Brown",15,8
2018,8,"Female","Brown",20,11
2018,8,"Female","Brown",25,4
2018,8,"Female","Brown",30,19
2018,8,"Female","Brown",35,21
2018,8,"Female","Brown",40,28
2018,8,"Female","Brown",45,34
2018,8,"Female","Brown",50,40
2018,8,"Female","Brown",55,38
2018,8,"Female","Brown",60,43
2018,8,"Female","Brown",65,47
2018,8,"Female","Brown",70,83
2018,8,"Female","Brown",75,80
2018,8,"Female","Brown",80,213
2018,8,"Male","Brown",0,59
2018,8,"Male","Brown",5,7
2018,8,"Male","Brown",10,9
2018,8,"Male","Brown",15,40
2018,8,"Male","Brown",20,52
2018,8,"Male","Brown",25,73
2018,8,"Male","Brown",30,52
2018,8,"Male","Brown",35,48
2018,8,"Male","Brown",40,50
2018,8,"Male","Brown",45,59
2018,8,"Male","Brown",50,64
2018,8,"Male","Brown",55,70
2018,8,"Male","Brown",60,80
2018,8,"Male","Brown",65,115
2018,8,"Male","Brown",70,107
2018,8,"Male","Brown",75,102
2018,8,"Male","Brown",80,217
2018,8,"Female","Indigenous",0,2
2018,8,"Female","Indigenous",30,1
2018,8,"Female","Indigenous",50,1
2018,8,"Female","Indigenous",70,1
2018,8,"Female","Indigenous",75,1
2018,8,"Female","Indigenous",80,1
2018,8,"Male","Indigenous",0,2
2018,8,"Male","Indigenous",30,2
2018,8,"Male","Indigenous",55,1
2018,8,"Male","Indigenous",60,1
2018,8,"Male","Indigenous",65,1
2018,8,"Female","White",0,10
2018,8,"Female","White",5,1
2018,8,"Female","White",15,7
2018,8,"Female","White",25,6
2018,8,"Female","White",30,2
2018,8,"Female","White",35,10
2018,8,"Female","White",40,2
2018,8,"Female","White",45,8
2018,8,"Female","White",50,13
2018,8,"Female","White",55,11
2018,8,"Female","White",60,17
2018,8,"Female","White",65,23
2018,8,"Female","White",70,27
2018,8,"Female","White",75,36
2018,8,"Female","White",80,111
2018,8,"Male","White",0,9
2018,8,"Male","White",10,4
2018,8,"Male","White",15,4
2018,8,"Male","White",20,3
2018,8,"Male","White",25,6
2018,8,"Male","White",30,5
2018,8,"Male","White",35,14
2018,8,"Male","White",40,10
2018,8,"Male","White",45,9
2018,8,"Male","White",50,9
2018,8,"Male","White",55,19
2018,8,"Male","White",60,14
2018,8,"Male","White",65,34
2018,8,"Male","White",70,23
2018,8,"Male","White",75,34
2018,8,"Male","White",80,67
2018,9,"Female","Asian",15,2
2018,9,"Female","Asian",50,1
2018,9,"Female","Asian",75,1
2018,9,"Female","Asian",80,1
2018,9,"Male","Asian",30,1
2018,9,"Male","Asian",35,1
2018,9,"Male","Asian",40,1
2018,9,"Male","Asian",45,1
2018,9,"Male","Asian",65,2
2018,9,"Male","Asian",75,1
2018,9,"Male","Asian",80,1
2018,9,"Female","Black",5,1
2018,9,"Female","Black",15,3
2018,9,"Female","Black",25,3
2018,9,"Female","Black",30,4
2018,9,"Female","Black",35,6
2018,9,"Female","Black",40,4
2018,9,"Female","Black",45,4
2018,9,"Female","Black",50,5
2018,9,"Female","Black",55,6
2018,9,"Female","Black",60,7
2018,9,"Female","Black",65,12
2018,9,"Female","Black",70,13
2018,9,"Female","Black",75,9
2018,9,"Female","Black",80,35
2018,9,"Male","Black",0,4
2018,9,"Male","Black",5,1
2018,9,"Male","Black",15,3
2018,9,"Male","Black",20,7
2018,9,"Male","Black",25,6
2018,9,"Male","Black",30,11
2018,9,"Male","Black",35,6
2018,9,"Male","Black",40,7
2018,9,"Male","Black",45,7
2018,9,"Male","Black",50,5
2018,9,"Male","Black",55,11
2018,9,"Male","Black",60,20
2018,9,"Male","Black",65,17
2018,9,"Male","Black",70,20
2018,9,"Male","Black",75,10
2018,9,"Male","Black",80,47
2018,9,"Female","Brown",0,53
2018,9,"Female","Brown",5,2
2018,9,"Female","Brown",10,6
2018,9,"Female","Brown",15,13
2018,9,"Female","Brown",20,7
2018,9,"Female","Brown",25,10
2018,9,"Female","Brown",30,18
2018,9,"Female","Brown",35,28
2018,9,"Female","Brown",40,23
2018,9,"Female","Brown",45,35
2018,9,"Female","Brown",50,33
2018,9,"Female","Brown",55,37
2018,9,"Female","Brown",60,61
2018,9,"Female","Brown",65,72
2018,9,"Female","Brown",70,98
2018,9,"Female","Brown",75,68
2018,9,"Female","Brown",80,207
2018,9,"Male","Brown",0,66
2018,9,"Male","Brown",5,5
2018,9,"Male","Brown",10,9
2018,9,"Male","Brown",15,34
2018,9,"Male","Brown",20,49
2018,9,"Male","Brown",25,53
2018,9,"Male","Brown",30,53
2018,9,"Male","Brown",35,57
2018,9,"Male","Brown",40,44
2018,9,"Male","Brown",45,50
2018,9,"Male","Brown",50,64
2018,9,"Male","Brown",55,49
2018,9,"Male","Brown",60,77
2018,9,"Male","Brown",65,110
2018,9,"Male","Brown",70,97
2018,9,"Male","Brown",75,89
2018,9,"Male","Brown",80,190
2018,9,"Female","Indigenous",0,1
2018,9,"Female","Indigenous",20,1
2018,9,"Female","Indigenous",50,1
2018,9,"Female","Indigenous",70,1
2018,9,"Female","Indigenous",80,1
2018,9,"Male","Indigenous",0,2
2018,9,"Male","Indigenous",10,1
2018,9,"Male","Indigenous",30,1
2018,9,"Male","Indigenous",65,1
2018,9,"Female","White",0,8
2018,9,"Female","White",10,1
2018,9,"Female","White",15,2
2018,9,"Female","White",20,1
2018,9,"Female","White",25,2
2018,9,"Female","White",35,2
2018,9,"Female","White",40,4
2018,9,"Female","White",45,5
2018,9,"Female","White",50,11
2018,9,"Female","White",55,8
2018,9,"Female","White",60,15
2018,9,"Female","White",65,17
2018,9,"Female","White",70,26
2018,9,"Female","White",75,33
2018,9,"Female","White",80,110
2018,9,"Male","White",0,7
2018,9,"Male","White",10,3
2018,9,"Male","White",15,5
2018,9,"Male","White",20,5
2018,9,"Male","White",25,9
2018,9,"Male","White",30,10
2018,9,"Male","White",35,13
2018,9,"Male","White",40,8
2018,9,"Male","White",45,13
2018,9,"Male","White",50,12
2018,9,"Male","White",55,16
2018,9,"Male","White",60,12
2018,9,"Male","White",65,31
2018,9,"Male","White",70,27
2018,9,"Male","White",75,31
2018,9,"Male","White",80,99
2018,10,"Female","Asian",45,1
2018,10,"Female","Asian",55,1
2018,10,"Female","Asian",65,1
2018,10,"Female","Asian",70,1
2018,10,"Female","Asian",80,2
2018,10,"Male","Asian",0,2
2018,10,"Male","Asian",40,1
2018,10,"Male","Asian",80,2
2018,10,"Female","Black",0,2
2018,10,"Female","Black",10,1
2018,10,"Female","Black",20,4
2018,10,"Female","Black",25,1
2018,10,"Female","Black",35,4
2018,10,"Female","Black",40,5
2018,10,"Female","Black",45,7
2018,10,"Female","Black",50,8
2018,10,"Female","Black",55,11
2018,10,"Female","Black",60,3
2018,10,"Female","Black",65,9
2018,10,"Female","Black",70,14
2018,10,"Female","Black",75,13
2018,10,"Female","Black",80,44
2018,10,"Male","Black",0,1
2018,10,"Male","Black",10,1
2018,10,"Male","Black",15,4
2018,10,"Male","Black",20,6
2018,10,"Male","Black",25,3
2018,10,"Male","Black",30,6
2018,10,"Male","Black",35,5
2018,10,"Male","Black",40,10
2018,10,"Male","Black",45,7
2018,10,"Male","Black",50,3
2018,10,"Male","Black",55,11
2018,10,"Male","Black",60,10
2018,10,"Male","Black",65,14
2018,10,"Male","Black",70,19
2018,10,"Male","Black",75,22
2018,10,"Male","Black",80,37
2018,10,"Female","Brown",0,49
2018,10,"Female","Brown",5,4
2018,10,"Female","Brown",10,6
2018,10,"Female","Brown",15,4
2018,10,"Female","Brown",20,11
2018,10,"Female","Brown",25,13
2018,10,"Female","Brown",30,13
2018,10,"Female","Brown",35,13
2018,10,"Female","Brown",40,24
2018,10,"Female","Brown",45,26
2018,10,"Female","Brown",50,28
2018,10,"Female","Brown",55,37
2018,10,"Female","Brown",60,60
2018,10,"Female","Brown",65,61
2018,10,"Female","Brown",70,80
2018,10,"Female","Brown",75,77
2018,10,"Female","Brown",80,214
2018,10,"Male","Brown",0,58
2018,10,"Male","Brown",5,13
2018,10,"Male","Brown",10,11
2018,10,"Male","Brown",15,48
2018,10,"Male","Brown",20,54
2018,10,"Male","Brown",25,50
2018,10,"Male","Brown",30,52
2018,10,"Male","Brown",35,47
2018,10,"Male","Brown",40,59
2018,10,"Male","Brown",45,44
2018,10,"Male","Brown",50,54
2018,10,"Male","Brown",55,75
2018,10,"Male","Brown",60,84
2018,10,"Male","Brown",65,89
2018,10,"Male","Brown",70,88
2018,10,"Male","Brown",75,81
2018,10,"Male","Brown",80,199
2018,10,"Female","Indigenous",0,3
2018,10,"Female","Indigenous",35,1
2018,10,"Female","Indigenous",50,1
2018,10,"Female","Indigenous",75,1
2018,10,"Male","Indigenous",0,3
2018,10,"Male","Indigenous",10,1
2018,10,"Male","Indigenous",45,1
2018,10,"Male","Indigenous",60,1
2018,10,"Male","Indigenous",65,1
2018,10,"Male","Indigenous",75,2
2018,10,"Male","Indigenous",80,2
2018,10,"Female","White",0,8
2018,10,"Female","White",5,2
2018,10,"Female","White",10,1
2018,10,"Female","White",15,2
2018,10,"Female","White",20,2
2018,10,"Female","White",25,6
2018,10,"Female","White",30,5
2018,10,"Female","White",35,5
2018,10,"Female","White",40,3
2018,10,"Female","White",45,6
2018,10,"Female","White",50,5
2018,10,"Female","White",55,12
2018,10,"Female","White",60,15
2018,10,"Female","White",65,18
2018,10,"Female","White",70,26
2018,10,"Female","White",75,28
2018,10,"Female","White",80,113
2018,10,"Male","White",0,9
2018,10,"Male","White",5,1
2018,10,"Male","White",10,1
2018,10,"Male","White",15,5
2018,10,"Male","White",20,7
2018,10,"Male","White",25,7
2018,10,"Male","White",30,10
2018,10,"Male","White",35,6
2018,10,"Male","White",40,10
2018,10,"Male","White",45,6
2018,10,"Male","White",50,10
2018,10,"Male","White",55,15
2018,10,"Male","White",60,18
2018,10,"Male","White",65,16
2018,10,"Male","White",70,26
2018,10,"Male","White",75,45
2018,10,"Male","White",80,87
2018,11,"Female","Asian",0,1
2018,11,"Female","Asian",50,1
2018,11,"Female","Asian",55,1
2018,11,"Female","Asian",60,1
2018,11,"Female","Asian",80,2
2018,11,"Male","Asian",0,1
2018,11,"Male","Asian",25,1
2018,11,"Male","Asian",50,1
2018,11,"Male","Asian",55,1
2018,11,"Male","Asian",70,1
2018,11,"Male","Asian",75,1
2018,11,"Male","Asian",80,3
2018,11,"Female","Black",10,1
2018,11,"Female","Black",20,2
2018,11,"Female","Black",25,3
2018,11,"Female","Black",30,6
2018,11,"Female","Black",35,6
2018,11,"Female","Black",40,3
2018,11,"Female","Black",45,3
2018,11,"Female","Black",50,7
2018,11,"Female","Black",55,6
2018,11,"Female","Black",60,6
2018,11,"Female","Black",65,12
2018,11,"Female","Black",70,7
2018,11,"Female","Black",75,12
2018,11,"Female","Black",80,26
2018,11,"Male","Black",0,3
2018,11,"Male","Black",15,4
2018,11,"Male","Black",20,8
2018,11,"Male","Black",25,3
2018,11,"Male","Black",30,3
2018,11,"Male","Black",35,10
2018,11,"Male","Black",40,11
2018,11,"Male","Black",45,9
2018,11,"Male","Black",50,9
2018,11,"Male","Black",55,14
2018,11,"Male","Black",60,19
2018,11,"Male","Black",65,20
2018,11,"Male","Black",70,28
2018,11,"Male","Black",75,19
2018,11,"Male","Black",80,38
2018,11,"Female","Brown",0,48
2018,11,"Female","Brown",5,2
2018,11,"Female","Brown",10,6
2018,11,"Female","Brown",15,8
2018,11,"Female","Brown",20,17
2018,11,"Female","Brown",25,11
2018,11,"Female","Brown",30,9
2018,11,"Female","Brown",35,14
2018,11,"Female","Brown",40,19
2018,11,"Female","Brown",45,24
2018,11,"Female","Brown",50,39
2018,11,"Female","Brown",55,42
2018,11,"Female","Brown",60,55
2018,11,"Female","Brown",65,62
2018,11,"Female","Brown",70,60
2018,11,"Female","Brown",75,66
2018,11,"Female","Brown",80,184
2018,11,"Male","Brown",0,69
2018,11,"Male","Brown",5,6
2018,11,"Male","Brown",10,8
2018,11,"Male","Brown",15,31
2018,11,"Male","Brown",20,49
2018,11,"Male","Brown",25,59
2018,11,"Male","Brown",30,45
2018,11,"Male","Brown",35,44
2018,11,"Male","Brown",40,50
2018,11,"Male","Brown",45,62
2018,11,"Male","Brown",50,52
2018,11,"Male","Brown",55,67
2018,11,"Male","Brown",60,73
2018,11,"Male","Brown",65,98
2018,11,"Male","Brown",70,79
2018,11,"Male","Brown",75,106
2018,11,"Male","Brown",80,222
2018,11,"Female","Indigenous",0,3
2018,11,"Female","Indigenous",5,1
2018,11,"Female","Indigenous",55,1
2018,11,"Female","Indigenous",70,1
2018,11,"Male","Indigenous",0,1
2018,11,"Male","Indigenous",10,1
2018,11,"Male","Indigenous",20,2
2018,11,"Male","Indigenous",25,1
2018,11,"Male","Indigenous",30,1
2018,11,"Male","Indigenous",40,1
2018,11,"Male","Indigenous",65,2
2018,11,"Male","Indigenous",80,1
2018,11,"Female","White",0,8
2018,11,"Female","White",5,1
2018,11,"Female","White",10,1
2018,11,"Female","White",15,2
2018,11,"Female","White",20,3
2018,11,"Female","White",25,5
2018,11,"Female","White",30,2
2018,11,"Female","White",35,8
2018,11,"Female","White",40,2
2018,11,"Female","White",45,6
2018,11,"Female","White",50,6
2018,11,"Female","White",55,9
2018,11,"Female","White",60,14
2018,11,"Female","White",65,27
2018,11,"Female","White",70,21
2018,11,"Female","White",75,23
2018,11,"Female","White",80,91
2018,11,"Male","White",0,10
2018,11,"Male","White",5,1
2018,11,"Male","White",15,7
2018,11,"Male","White",20,6
2018,11,"Male","White",25,9
2018,11,"Male","White",30,7
2018,11,"Male","White",35,10
2018,11,"Male","White",40,9
2018,11,"Male","White",45,13
2018,11,"Male","White",50,16
2018,11,"Male","White",55,10
2018,11,"Male","White",60,17
2018,11,"Male","White",65,16
2018,11,"Male","White",70,22
2018,11,"Male","White",75,34
2018,11,"Male","White",80,68
2018,12,"Female","Asian",0,1
2018,12,"Female","Asian",40,1
2018,12,"Female","Asian",50,1
2018,12,"Female","Asian",65,1
2018,12,"Female","Asian",75,1
2018,12,"Female","Asian",80,1
2018,12,"Male","Asian",20,2
2018,12,"Male","Asian",40,1
2018,12,"Male","Asian",65,1
2018,12,"Male","Asian",75,1
2018,12,"Male","Asian",80,1
2018,12,"Female","Black",0,1
2018,12,"Female","Black",5,1
2018,12,"Female","Black",10,1
2018,12,"Female","Black",15,4
2018,12,"Female","Black",25,3
2018,12,"Female","Black",30,3
2018,12,"Female","Black",35,4
2018,12,"Female","Black",40,3
2018,12,"Female","Black",45,3
2018,12,"Female","Black",50,6
2018,12,"Female","Black",55,11
2018,12,"Female","Black",60,5
2018,12,"Female","Black",65,12
2018,12,"Female","Black",70,13
2018,12,"Female","Black",75,12
2018,12,"Female","Black",80,34
2018,12,"Male","Black",15,2
2018,12,"Male","Black",20,7
2018,12,"Male","Black",25,7
2018,12,"Male","Black",30,6
2018,12,"Male","Black",35,9
2018,12,"Male","Black",40,10
2018,12,"Male","Black",45,4
2018,12,"Male","Black",50,8
2018,12,"Male","Black",55,9
2018,12,"Male","Black",60,9
2018,12,"Male","Black",65,9
2018,12,"Male","Black",70,18
2018,12,"Male","Black",75,18
2018,12,"Male","Black",80,41
2018,12,"Female","Brown",0,38
2018,12,"Female","Brown",5,5
2018,12,"Female","Brown",10,1
2018,12,"Female","Brown",15,6
2018,12,"Female","Brown",20,12
2018,12,"Female","Brown",25,17
2018,12,"Female","Brown",30,21
2018,12,"Female","Brown",35,18
2018,12,"Female","Brown",40,21
2018,12,"Female","Brown",45,24
2018,12,"Female","Brown",50,34
2018,12,"Female","Brown",55,45
2018,12,"Female","Brown",60,67
2018,12,"Female","Brown",65,71
2018,12,"Female","Brown",70,86
2018,12,"Female","Brown",75,86
2018,12,"Female","Brown",80,215
2018,12,"Male","Brown",0,69
2018,12,"Male","Brown",5,4
2018,12,"Male","Brown",10,7
2018,12,"Male","Brown",15,29
2018,12,"Male","Brown",20,49
2018,12,"Male","Brown",25,51
2018,12,"Male","Brown",30,54
2018,12,"Male","Brown",35,63
2018,12,"Male","Brown",40,60
2018,12,"Male","Brown",45,54
2018,12,"Male","Brown",50,52
2018,12,"Male","Brown",55,73
2018,12,"Male","Brown",60,84
2018,12,"Male","Brown",65,102
2018,12,"Male","Brown",70,89
2018,12,"Male","Brown",75,103
2018,12,"Male","Brown",80,243
2018,12,"Female","Indigenous",0,5
2018,12,"Female","Indigenous",10,1
2018,12,"Female","Indigenous",65,1
2018,12,"Female","Indigenous",70,1
2018,12,"Female","Indigenous",75,1
2018,12,"Female","Indigenous",80,2
2018,12,"Male","Indigenous",0,3
2018,12,"Male","Indigenous",10,1
2018,12,"Male","Indigenous",20,1
2018,12,"Male","Indigenous",50,1
2018,12,"Male","Indigenous",60,1
2018,12,"Male","Indigenous",70,1
2018,12,"Male","Indigenous",75,1
2018,12,"Male","Indigenous",80,4
2018,12,"Female","White",0,10
2018,12,"Female","White",10,1
2018,12,"Female","White",15,3
2018,12,"Female","White",25,2
2018,12,"Female","White",30,10
2018,12,"Female","White",35,6
2018,12,"Female","White",40,4
2018,12,"Female","White",45,4
2018,12,"Female","White",50,6
2018,12,"Female","White",55,10
2018,12,"Female","White",60,18
2018,12,"Female","White",65,18
2018,12,"Female","White",70,26
2018,12,"Female","White",75,37
2018,12,"Female","White",80,114
2018,12,"Male","White",0,6
2018,12,"Male","White",5,1
2018,12,"Male","White",10,4
2018,12,"Male","White",15,7
2018,12,"Male","White",20,9
2018,12,"Male","White",25,6
2018,12,"Male","White",30,4
2018,12,"Male","White",35,13
2018,12,"Male","White",40,6
2018,12,"Male","White",45,9
2018,12,"Male","White",50,12
2018,12,"Male","White",55,18
2018,12,"Male","White",60,22
2018,12,"Male","White",65,26
2018,12,"Male","White",70,27
2018,12,"Male","White",75,26
2018,12,"Male","White",80,89
2019,1,"Female","Asian",30,1
2019,1,"Female","Asian",70,2
2019,1,"Female","Asian",75,1
2019,1,"Female","Asian",80,1
2019,1,"Male","Asian",15,1
2019,1,"Male","Asian",45,2
2019,1,"Male","Asian",65,2
2019,1,"Male","Asian",80,3
2019,1,"Female","Black",0,1
2019,1,"Female","Black",5,2
2019,1,"Female","Black",15,1
2019,1,"Female","Black",20,2
2019,1,"Female","Black",30,3
2019,1,"Female","Black",35,2
2019,1,"Female","Black",40,2
2019,1,"Female","Black",45,9
2019,1,"Female","Black",50,3
2019,1,"Female","Black",55,8
2019,1,"Female","Black",60,11
2019,1,"Female","Black",65,10
2019,1,"Female","Black",70,23
2019,1,"Female","Black",75,10
2019,1,"Female","Black",80,42
2019,1,"Male","Black",0,2
2019,1,"Male","Black",5,1
2019,1,"Male","Black",15,4
2019,1,"Male","Black",20,6
2019,1,"Male","Black",25,5
2019,1,"Male","Black",30,5
2019,1,"Male","Black",35,9
2019,1,"Male","Black",40,3
2019,1,"Male","Black",45,8
2019,1,"Male","Black",50,9
2019,1,"Male","Black",55,14
2019,1,"Male","Black",60,15
2019,1,"Male","Black",65,20
2019,1,"Male","Black",70,16
2019,1,"Male","Black",75,22
2019,1,"Male","Black",80,39
2019,1,"Female","Brown",0,36
2019,1,"Female","Brown",5,4
2019,1,"Female","Brown",10,7
2019,1,"Female","Brown",15,8
2019,1,"Female","Brown",20,13
2019,1,"Female","Brown",25,7
2019,1,"Female","Brown",30,19
2019,1,"Female","Brown",35,24
2019,1,"Female","Brown",40,24
2019,1,"Female","Brown",45,24
2019,1,"Female","Brown",50,21
2019,1,"Female","Brown",55,46
2019,1,"Female","Brown",60,60
2019,1,"Female","Brown",65,83
2019,1,"Female","Brown",70,91
2019,1,"Female","Brown",75,79
2019,1,"Female","Brown",80,237
2019,1,"Male","Brown",0,59
2019,1,"Male","Brown",5,2
2019,1,"Male","Brown",10,14
2019,1,"Male","Brown",15,34
2019,1,"Male","Brown",20,43
2019,1,"Male","Brown",25,48
2019,1,"Male","Brown",30,47
2019,1,"Male","Brown",35,56
2019,1,"Male","Brown",40,54
2019,1,"Male","Brown",45,63
2019,1,"Male","Brown",50,64
2019,1,"Male","Brown",55,70
2019,1,"Male","Brown",60,77
2019,1,"Male","Brown",65,93
2019,1,"Male","Brown",70,107
2019,1,"Male","Brown",75,133
2019,1,"Male","Brown",80,273
2019,1,"Female","Indigenous",0,1
2019,1,"Female","Indigenous",80,1
2019,1,"Male","Indigenous",0,4
2019,1,"Male","Indigenous",25,2
2019,1,"Male","Indigenous",55,1
2019,1,"Male","Indigenous",60,2
2019,1,"Male","Indigenous",65,1
2019,1,"Male","Indigenous",70,1
2019,1,"Male","Indigenous",75,2
2019,1,"Male","Indigenous",80,4
2019,1,"Female","White",0,14
2019,1,"Female","White",10,2
2019,1,"Female","White",15,2
2019,1,"Female","White",20,4
2019,1,"Female","White",25,1
2019,1,"Female","White",30,2
2019,1,"Female","White",35,4
2019,1,"Female","White",40,7
2019,1,"Female","White",45,3
2019,1,"Female","White",50,15
2019,1,"Female","White",55,16
2019,1,"Female","White",60,11
2019,1,"Female","White",65,22
2019,1,"Female","White",70,26
2019,1,"Female","White",75,35
2019,1,"Female","White",80,98
2019,1,"Male","White",0,12
2019,1,"Male","White",15,3
2019,1,"Male","White",20,5
2019,1,"Male","White",25,4
2019,1,"Male","White",30,4
2019,1,"Male","White",35,8
2019,1,"Male","White",40,6
2019,1,"Male","White",45,12
2019,1,"Male","White",50,12
2019,1,"Male","White",55,17
2019,1,"Male","White",60,23
2019,1,"Male","White",65,30
2019,1,"Male","White",70,26
2019,1,"Male","White",75,40
2019,1,"Male","White",80,107
2019,2,"Female","Asian",70,1
2019,2,"Female","Asian",75,1
2019,2,"Female","Asian",80,2
2019,2,"Male","Asian",35,1
2019,2,"Male","Asian",50,1
2019,2,"Male","Asian",60,1
2019,2,"Male","Asian",75,2
2019,2,"Male","Asian",80,1
2019,2,"Female","Black",0,2
2019,2,"Female","Black",15,1
2019,2,"Female","Black",20,1
2019,2,"Female","Black",25,1
2019,2,"Female","Black",30,1
2019,2,"Female","Black",35,3
2019,2,"Female","Black",40,3
2019,2,"Female","Black",45,2
2019,2,"Female","Black",50,5
2019,2,"Female","Black",55,9
2019,2,"Female","Black",60,10
2019,2,"Female","Black",65,8
2019,2,"Female","Black",70,13
2019,2,"Female","Black",75,8
2019,2,"Female","Black",80,27
2019,2,"Male","Black",0,3
2019,2,"Male","Black",10,1
2019,2,"Male","Black",15,2
2019,2,"Male","Black",20,8
2019,2,"Male","Black",25,2
2019,2,"Male","Black",30,4
2019,2,"Male","Black",35,7
2019,2,"Male","Black",40,5
2019,2,"Male","Black",45,8
2019,2,"Male","Black",50,14
2019,2,"Male","Black",55,8
2019,2,"Male","Black",60,16
2019,2,"Male","Black",65,15
2019,2,"Male","Black",70,14
2019,2,"Male","Black",75,19
2019,2,"Male","Black",80,43
2019,2,"Female","Brown",0,37
2019,2,"Female","Brown",5,1
2019,2,"Female","Brown",10,6
2019,2,"Female","Brown",15,10
2019,2,"Female","Brown",20,6
2019,2,"Female","Brown",25,14
2019,2,"Female","Brown",30,16
2019,2,"Female","Brown",35,19
2019,2,"Female","Brown",40,26
2019,2,"Female","Brown",45,22
2019,2,"Female","Brown",50,42
2019,2,"Female","Brown",55,58
2019,2,"Female","Brown",60,56
2019,2,"Female","Brown",65,61
2019,2,"Female","Brown",70,74
2019,2,"Female","Brown",75,71
2019,2,"Female","Brown",80,209
2019,2,"Male","Brown",0,50
2019,2,"Male","Brown",5,4
2019,2,"Male","Brown",10,9
2019,2,"Male","Brown",15,26
2019,2,"Male","Brown",20,34
2019,2,"Male","Brown",25,37
2019,2,"Male","Brown",30,37
2019,2,"Male","Brown",35,53
2019,2,"Male","Brown",40,46
2019,2,"Male","Brown",45,45
2019,2,"Male","Brown",50,48
2019,2,"Male","Brown",55,61
2019,2,"Male","Brown",60,80
2019,2,"Male","Brown",65,101
2019,2,"Male","Brown",70,81
2019,2,"Male","Brown",75,97
2019,2,"Male","Brown",80,201
2019,2,"Female","Indigenous",0,2
2019,2,"Female","Indigenous",35,1
2019,2,"Female","Indigenous",50,1
2019,2,"Female","Indigenous",60,1
2019,2,"Female","Indigenous",75,1
2019,2,"Female","Indigenous",80,2
2019,2,"Male","Indigenous",0,3
2019,2,"Male","Indigenous",5,1
2019,2,"Male","Indigenous",15,1
2019,2,"Male","Indigenous",45,1
2019,2,"Male","Indigenous",50,1
2019,2,"Male","Indigenous",55,1
2019,2,"Male","Indigenous",60,1
2019,2,"Male","Indigenous",75,3
2019,2,"Female","White",0,7
2019,2,"Female","White",10,1
2019,2,"Female","White",15,2
2019,2,"Female","White",25,2
2019,2,"Female","White",30,7
2019,2,"Female","White",35,4
2019,2,"Female","White",40,7
2019,2,"Female","White",45,4
2019,2,"Female","White",50,7
2019,2,"Female","White",55,8
2019,2,"Female","White",60,9
2019,2,"Female","White",65,20
2019,2,"Female","White",70,22
2019,2,"Female","White",75,23
2019,2,"Female","White",80,105
2019,2,"Male","White",0,19
2019,2,"Male","White",5,3
2019,2,"Male","White",10,4
2019,2,"Male","White",15,3
2019,2,"Male","White",20,4
2019,2,"Male","White",25,4
2019,2,"Male","White",30,3
2019,2,"Male","White",35,6
2019,2,"Male","White",40,5
2019,2,"Male","White",45,6
2019,2,"Male","White",50,14
2019,2,"Male","White",55,8
2019,2,"Male","White",60,15
2019,2,"Male","White",65,27
2019,2,"Male","White",70,18
2019,2,"Male","White",75,35
2019,2,"Male","White",80,86
2019,3,"Female","Asian",0,1
2019,3,"Female","Asian",60,1
2019,3,"Female","Asian",80,1
2019,3,"Male","Asian",40,1
2019,3,"Male","Asian",55,2
2019,3,"Male","Asian",80,2
2019,3,"Female","Black",0,3
2019,3,"Female","Black",25,1
2019,3,"Female","Black",30,5
2019,3,"Female","Black",35,1
2019,3,"Female","Black",40,5
2019,3,"Female","Black",45,5
2019,3,"Female","Black",50,9
2019,3,"Female","Black",55,12
2019,3,"Female","Black",60,6
2019,3,"Female","Black",65,15
2019,3,"Female","Black",70,15
2019,3,"Female","Black",75,16
2019,3,"Female","Black",80,42
2019,3,"Male","Black",0,1
2019,3,"Male","Black",5,2
2019,3,"Male","Black",10,2
2019,3,"Male","Black",15,2
2019,3,"Male","Black",20,4
2019,3,"Male","Black",25,9
2019,3,"Male","Black",30,8
2019,3,"Male","Black",35,3
2019,3,"Male","Black",40,7
2019,3,"Male","Black",45,5
2019,3,"Male","Black",50,15
2019,3,"Male","Black",55,11
2019,3,"Male","Black",60,13
2019,3,"Male","Black",65,13
2019,3,"Male","Black",70,18
2019,3,"Male","Black",75,15
2019,3,"Male","Black",80,42
2019,3,"Female","Brown",0,56
2019,3,"Female","Brown",5,3
2019,3,"Female","Brown",10,6
2019,3,"Female","Brown",15,9
2019,3,"Female","Brown",20,12
2019,3,"Female","Brown",25,9
2019,3,"Female","Brown",30,20
2019,3,"Female","Brown",35,22
2019,3,"Female","Brown",40,17
2019,3,"Female","Brown",45,28
2019,3,"Female","Brown",50,28
2019,3,"Female","Brown",55,44
2019,3,"Female","Brown",60,59
2019,3,"Female","Brown",65,66
2019,3,"Female","Brown",70,81
2019,3,"Female","Brown",75,85
2019,3,"Female","Brown",80,266
2019,3,"Male","Brown",0,56
2019,3,"Male","Brown",5,4
2019,3,"Male","Brown",10,9
2019,3,"Male","Brown",15,25
2019,3,"Male","Brown",20,46
2019,3,"Male","Brown",25,42
2019,3,"Male","Brown",30,48
2019,3,"Male","Brown",35,61
2019,3,"Male","Brown",40,45
2019,3,"Male","Brown",45,58
2019,3,"Male","Brown",50,61
2019,3,"Male","Brown",55,80
2019,3,"Male","Brown",60,73
2019,3,"Male","Brown",65,97
2019,3,"Male","Brown",70,101
2019,3,"Male","Brown",75,115
2019,3,"Male","Brown",80,261
2019,3,"Female","Indigenous",0,4
2019,3,"Female","Indigenous",5,1
2019,3,"Female","Indigenous",35,1
2019,3,"Female","Indigenous",55,1
2019,3,"Female","Indigenous",70,1
2019,3,"Female","Indigenous",75,1
2019,3,"Female","Indigenous",80,2
2019,3,"Male","Indigenous",0,3
2019,3,"Male","Indigenous",15,1
2019,3,"Male","Indigenous",20,2
2019,3,"Male","Indigenous",25,1
2019,3,"Male","Indigenous",30,3
2019,3,"Male","Indigenous",35,1
2019,3,"Male","Indigenous",40,1
2019,3,"Male","Indigenous",55,1
2019,3,"Male","Indigenous",60,1
2019,3,"Male","Indigenous",70,1
2019,3,"Male","Indigenous",80,2
2019,3,"Female","White",0,7
2019,3,"Female","White",10,1
2019,3,"Female","White",15,4
2019,3,"Female","White",20,1
2019,3,"Female","White",25,4
2019,3,"Female","White",30,2
2019,3,"Female","White",35,5
2019,3,"Female","White",40,3
2019,3,"Female","White",45,12
2019,3,"Female","White",50,14
2019,3,"Female","White",55,12
2019,3,"Female","White",60,16
2019,3,"Female","White",65,14
2019,3,"Female","White",70,31
2019,3,"Female","White",75,41
2019,3,"Female","White",80,117
2019,3,"Male","White",0,11
2019,3,"Male","White",5,1
2019,3,"Male","White",10,1
2019,3,"Male","White",15,7
2019,3,"Male","White",20,7
2019,3,"Male","White",25,7
2019,3,"Male","White",30,6
2019,3,"Male","White",35,4
2019,3,"Male","White",40,6
2019,3,"Male","White",45,10
2019,3,"Male","White",50,12
2019,3,"Male","White",55,14
2019,3,"Male","White",60,26
2019,3,"Male","White",65,33
2019,3,"Male","White",70,40
2019,3,"Male","White",75,34
2019,3,"Male","White",80,96
2019,4,"Female","Asian",0,1
2019,4,"Female","Asian",25,1
2019,4,"Female","Asian",30,1
2019,4,"Female","Asian",55,1
2019,4,"Female","Asian",65,3
2019,4,"Female","Asian",70,1
2019,4,"Female","Asian",75,1
2019,4,"Female","Asian",80,2
2019,4,"Male","Asian",45,3
2019,4,"Male","Asian",70,1
2019,4,"Female","Black",0,2
2019,4,"Female","Black",5,1
2019,4,"Female","Black",15,2
2019,4,"Female","Black",25,2
2019,4,"Female","Black",30,5
2019,4,"Female","Black",35,3
2019,4,"Female","Black",40,5
2019,4,"Female","Black",45,3
2019,4,"Female","Black",50,4
2019,4,"Female","Black",55,2
2019,4,"Female","Black",60,5
2019,4,"Female","Black",65,11
2019,4,"Female","Black",70,13
2019,4,"Female","Black",75,10
2019,4,"Female","Black",80,57
2019,4,"Male","Black",0,6
2019,4,"Male","Black",5,2
2019,4,"Male","Black",15,1
2019,4,"Male","Black",20,3
2019,4,"Male","Black",25,6
2019,4,"Male","Black",30,9
2019,4,"Male","Black",35,13
2019,4,"Male","Black",40,11
2019,4,"Male","Black",45,9
2019,4,"Male","Black",50,13
2019,4,"Male","Black",55,12
2019,4,"Male","Black",60,19
2019,4,"Male","Black",65,20
2019,4,"Male","Black",70,28
2019,4,"Male","Black",75,22
2019,4,"Male","Black",80,39
2019,4,"Female","Brown",0,48
2019,4,"Female","Brown",5,2
2019,4,"Female","Brown",10,4
2019,4,"Female","Brown",15,10
2019,4,"Female","Brown",20,14
2019,4,"Female","Brown",25,13
2019,4,"Female","Brown",30,21
2019,4,"Female","Brown",35,23
2019,4,"Female","Brown",40,24
2019,4,"Female","Brown",45,29
2019,4,"Female","Brown",50,38
2019,4,"Female","Brown",55,37
2019,4,"Female","Brown",60,66
2019,4,"Female","Brown",65,70
2019,4,"Female","Brown",70,80
2019,4,"Female","Brown",75,90
2019,4,"Female","Brown",80,257
2019,4,"Male","Brown",0,71
2019,4,"Male","Brown",5,4
2019,4,"Male","Brown",10,10
2019,4,"Male","Brown",15,27
2019,4,"Male","Brown",20,46
2019,4,"Male","Brown",25,36
2019,4,"Male","Brown",30,43
2019,4,"Male","Brown",35,44
2019,4,"Male","Brown",40,46
2019,4,"Male","Brown",45,63
2019,4,"Male","Brown",50,50
2019,4,"Male","Brown",55,64
2019,4,"Male","Brown",60,92
2019,4,"Male","Brown",65,88
2019,4,"Male","Brown",70,104
2019,4,"Male","Brown",75,125
2019,4,"Male","Brown",80,248
2019,4,"Female","Indigenous",0,1
2019,4,"Female","Indigenous",40,1
2019,4,"Female","Indigenous",50,1
2019,4,"Female","Indigenous",55,1
2019,4,"Female","Indigenous",60,1
2019,4,"Female","Indigenous",65,1
2019,4,"Female","Indigenous",80,5
2019,4,"Male","Indigenous",0,4
2019,4,"Male","Indigenous",10,1
2019,4,"Male","Indigenous",15,1
2019,4,"Male","Indigenous",25,2
2019,4,"Male","Indigenous",35,1
2019,4,"Male","Indigenous",40,1
2019,4,"Male","Indigenous",60,1
2019,4,"Male","Indigenous",80,1
2019,4,"Female","White",0,14
2019,4,"Female","White",5,2
2019,4,"Female","White",10,2
2019,4,"Female","White",15,1
2019,4,"Female","White",20,2
2019,4,"Female","White",25,5
2019,4,"Female","White",30,5
2019,4,"Female","White",35,5
2019,4,"Female","White",40,5
2019,4,"Female","White",45,5
2019,4,"Female","White",50,6
2019,4,"Female","White",55,12
2019,4,"Female","White",60,16
2019,4,"Female","White",65,18
2019,4,"Female","White",70,30
2019,4,"Female","White",75,34
2019,4,"Female","White",80,119
2019,4,"Male","White",0,16
2019,4,"Male","White",5,2
2019,4,"Male","White",10,2
2019,4,"Male","White",15,4
2019,4,"Male","White",20,4
2019,4,"Male","White",25,4
2019,4,"Male","White",30,8
2019,4,"Male","White",35,8
2019,4,"Male","White",40,12
2019,4,"Male","White",45,6
2019,4,"Male","White",50,13
2019,4,"Male","White",55,12
2019,4,"Male","White",60,20
2019,4,"Male","White",65,19
2019,4,"Male","White",70,27
2019,4,"Male","White",75,34
2019,4,"Male","White",80,97
2019,5,"Female","Asian",15,1
2019,5,"Female","Asian",60,1
2019,5,"Female","Asian",65,1
2019,5,"Female","Asian",70,1
2019,5,"Female","Asian",80,4
2019,5,"Male","Asian",20,1
2019,5,"Male","Asian",30,1
2019,5,"Male","Asian",70,2
2019,5,"Male","Asian",75,1
2019,5,"Female","Black",0,3
2019,5,"Female","Black",15,1
2019,5,"Female","Black",20,2
2019,5,"Female","Black",25,3
2019,5,"Female","Black",30,2
2019,5,"Female","Black",35,1
2019,5,"Female","Black",40,1
2019,5,"Female","Black",45,5
2019,5,"Female","Black",50,6
2019,5,"Female","Black",55,7
2019,5,"Female","Black",60,15
2019,5,"Female","Black",65,20
2019,5,"Female","Black",70,22
2019,5,"Female","Black",75,15
2019,5,"Female","Black",80,36
2019,5,"Male","Black",0,1
2019,5,"Male","Black",10,2
2019,5,"Male","Black",15,2
2019,5,"Male","Black",20,5
2019,5,"Male","Black",25,5
2019,5,"Male","Black",30,7
2019,5,"Male","Black",35,10
2019,5,"Male","Black",40,8
2019,5,"Male","Black",45,6
2019,5,"Male","Black",50,7
2019,5,"Male","Black",55,14
2019,5,"Male","Black",60,12
2019,5,"Male","Black",65,23
2019,5,"Male","Black",70,16
2019,5,"Male","Black",75,26
2019,5,"Male","Black",80,38
2019,5,"Female","Brown",0,52
2019,5,"Female","Brown",5,1
2019,5,"Female","Brown",10,10
2019,5,"Female","Brown",15,5
2019,5,"Female","Brown",20,10
2019,5,"Female","Brown",25,16
2019,5,"Female","Brown",30,17
2019,5,"Female","Brown",35,28
2019,5,"Female","Brown",40,26
2019,5,"Female","Brown",45,28
2019,5,"Female","Brown",50,37
2019,5,"Female","Brown",55,53
2019,5,"Female","Brown",60,60
2019,5,"Female","Brown",65,85
2019,5,"Female","Brown",70,79
2019,5,"Female","Brown",75,100
2019,5,"Female","Brown",80,288
2019,5,"Male","Brown",0,67
2019,5,"Male","Brown",5,11
2019,5,"Male","Brown",10,10
2019,5,"Male","Brown",15,24
2019,5,"Male","Brown",20,59
2019,5,"Male","Brown",25,47
2019,5,"Male","Brown",30,41
2019,5,"Male","Brown",35,62
2019,5,"Male","Brown",40,47
2019,5,"Male","Brown",45,48
2019,5,"Male","Brown",50,63
2019,5,"Male","Brown",55,74
2019,5,"Male","Brown",60,99
2019,5,"Male","Brown",65,126
2019,5,"Male","Brown",70,113
2019,5,"Male","Brown",75,112
2019,5,"Male","Brown",80,255
2019,5,"Female","Indigenous",0,5
2019,5,"Female","Indigenous",20,1
2019,5,"Female","Indigenous",25,1
2019,5,"Female","Indigenous",80,6
2019,5,"Male","Indigenous",0,3
2019,5,"Male","Indigenous",35,1
2019,5,"Male","Indigenous",70,2
2019,5,"Male","Indigenous",80,1
2019,5,"Female","White",0,6
2019,5,"Female","White",10,1
2019,5,"Female","White",15,2
2019,5,"Female","White",20,2
2019,5,"Female","White",25,5
2019,5,"Female","White",30,2
2019,5,"Female","White",35,3
2019,5,"Female","White",40,7
2019,5,"Female","White",45,8
2019,5,"Female","White",50,9
2019,5,"Female","White",55,8
2019,5,"Female","White",60,19
2019,5,"Female","White",65,28
2019,5,"Female","White",70,22
2019,5,"Female","White",75,44
2019,5,"Female","White",80,128
2019,5,"Male","White",0,9
2019,5,"Male","White",5,1
2019,5,"Male","White",10,3
2019,5,"Male","White",15,8
2019,5,"Male","White",20,5
2019,5,"Male","White",25,7
2019,5,"Male","White",30,9
2019,5,"Male","White",35,7
2019,5,"Male","White",40,9
2019,5,"Male","White",45,6
2019,5,"Male","White",50,8
2019,5,"Male","White",55,18
2019,5,"Male","White",60,17
2019,5,"Male","White",65,26
2019,5,"Male","White",70,28
2019,5,"Male","White",75,44
2019,5,"Male","White",80,87
2019,6,"Female","Asian",60,2
2019,6,"Female","Asian",80,2
2019,6,"Male","Asian",45,1
2019,6,"Male","Asian",65,1
2019,6,"Male","Asian",70,1
2019,6,"Male","Asian",80,1
2019,6,"Female","Black",15,2
2019,6,"Female","Black",20,3
2019,6,"Female","Black",25,2
2019,6,"Female","Black",30,3
2019,6,"Female","Black",35,3
2019,6,"Female","Black",40,4
2019,6,"Female","Black",45,4
2019,6,"Female","Black",50,10
2019,6,"Female","Black",55,8
2019,6,"Female","Black",60,7
2019,6,"Female","Black",65,6
2019,6,"Female","Black",70,9
2019,6,"Female","Black",75,15
2019,6,"Female","Black",80,42
2019,6,"Male","Black",0,1
2019,6,"Male","Black",10,2
2019,6,"Male","Black",15,7
2019,6,"Male","Black",20,8
2019,6,"Male","Black",25,10
2019,6,"Male","Black",30,8
2019,6,"Male","Black",35,5
2019,6,"Male","Black",40,5
2019,6,"Male","Black",45,13
2019,6,"Male","Black",50,14
2019,6,"Male","Black",55,14
2019,6,"Male","Black",60,12
2019,6,"Male","Black",65,15
2019,6,"Male","Black",70,15
2019,6,"Male","Black",75,20
2019,6,"Male","Black",80,36
2019,6,"Female","Brown",0,47
2019,6,"Female","Brown",5,2
2019,6,"Female","Brown",10,5
2019,6,"Female","Brown",15,10
2019,6,"Female","Brown",20,15
2019,6,"Female","Brown",25,13
2019,6,"Female","Brown",30,20
2019,6,"Female","Brown",35,18
2019,6,"Female","Brown",40,40
2019,6,"Female","Brown",45,31
2019,6,"Female","Brown",50,41
2019,6,"Female","Brown",55,51
2019,6,"Female","Brown",60,64
2019,6,"Female","Brown",65,68
2019,6,"Female","Brown",70,76
2019,6,"Female","Brown",75,113
2019,6,"Female","Brown",80,239
2019,6,"Male","Brown",0,67
2019,6,"Male","Brown",5,3
2019,6,"Male","Brown",10,5
2019,6,"Male","Brown",15,32
2019,6,"Male","Brown",20,37
2019,6,"Male","Brown",25,35
2019,6,"Male","Brown",30,50
2019,6,"Male","Brown",35,61
2019,6,"Male","Brown",40,59
2019,6,"Male","Brown",45,59
2019,6,"Male","Brown",50,63
2019,6,"Male","Brown",55,60
2019,6,"Male","Brown",60,82
2019,6,"Male","Brown",65,106
2019,6,"Male","Brown",70,121
2019,6,"Male","Brown",75,145
2019,6,"Male","Brown",80,244
2019,6,"Female","Indigenous",0,2
2019,6,"Female","Indigenous",10,1
2019,6,"Female","Indigenous",15,1
2019,6,"Female","Indigenous",45,1
2019,6,"Female","Indigenous",50,1
2019,6,"Female","Indigenous",55,2
2019,6,"Female","Indigenous",80,1
2019,6,"Male","Indigenous",0,3
2019,6,"Male","Indigenous",25,1
2019,6,"Male","Indigenous",35,1
2019,6,"Male","Indigenous",70,1
2019,6,"Male","Indigenous",80,2
2019,6,"Female","White",0,14
2019,6,"Female","White",10,1
2019,6,"Female","White",15,3
2019,6,"Female","White",20,2
2019,6,"Female","White",25,2
2019,6,"Female","White",30,2
2019,6,"Female","White",35,5
2019,6,"Female","White",40,7
2019,6,"Female","White",45,8
2019,6,"Female","White",50,7
2019,6,"Female","White",55,11
2019,6,"Female","White",60,9
2019,6,"Female","White",65,18
2019,6,"Female","White",70,30
2019,6,"Female","White",75,42
2019,6,"Female","White",80,118
2019,6,"Male","White",0,12
2019,6,"Male","White",5,1
2019,6,"Male","White",10,2
2019,6,"Male","White",15,8
2019,6,"Male","White",20,6
2019,6,"Male","White",25,13
2019,6,"Male","White",30,9
2019,6,"Male","White",35,11
2019,6,"Male","White",40,9
2019,6,"Male","White",45,4
2019,6,"Male","White",50,9
2019,6,"Male","White",55,11
2019,6,"Male","White",60,22
2019,6,"Male","White",65,23
2019,6,"Male","White",70,33
2019,6,"Male","White",75,25
2019,6,"Male","White",80,91
2019,7,"Female","Asian",0,3
2019,7,"Female","Asian",30,1
2019,7,"Female","Asian",70,1
2019,7,"Female","Asian",75,1
2019,7,"Female","Asian",80,3
2019,7,"Male","Asian",20,1
2019,7,"Male","Asian",35,1
2019,7,"Male","Asian",50,1
2019,7,"Male","Asian",55,1
2019,7,"Male","Asian",70,1
2019,7,"Male","Asian",80,3
2019,7,"Female","Black",0,1
2019,7,"Female","Black",10,1
2019,7,"Female","Black",15,1
2019,7,"Female","Black",20,2
2019,7,"Female","Black",25,2
2019,7,"Female","Black",35,2
2019,7,"Female","Black",40,4
2019,7,"Female","Black",45,3
2019,7,"Female","Black",50,7
2019,7,"Female","Black",55,13
2019,7,"Female","Black",60,10
2019,7,"Female","Black",65,14
2019,7,"Female","Black",70,9
2019,7,"Female","Black",75,20
2019,7,"Female","Black",80,43
2019,7,"Male","Black",0,4
2019,7,"Male","Black",5,3
2019,7,"Male","Black",15,8
2019,7,"Male","Black",20,6
2019,7,"Male","Black",25,5
2019,7,"Male","Black",30,11
2019,7,"Male","Black",35,10
2019,7,"Male","Black",40,7
2019,7,"Male","Black",45,10
2019,7,"Male","Black",50,21
2019,7,"Male","Black",55,15
2019,7,"Male","Black",60,19
2019,7,"Male","Black",65,15
2019,7,"Male","Black",70,27
2019,7,"Male","Black",75,23
2019,7,"Male","Black",80,33
2019,7,"Female","Brown",0,40
2019,7,"Female","Brown",5,6
2019,7,"Female","Brown",10,5
2019,7,"Female","Brown",15,17
2019,7,"Female","Brown",20,14
2019,7,"Female","Brown",25,7
2019,7,"Female","Brown",30,14
2019,7,"Female","Brown",35,21
2019,7,"Female","Brown",40,18
2019,7,"Female","Brown",45,35
2019,7,"Female","Brown",50,40
2019,7,"Female","Brown",55,41
2019,7,"Female","Brown",60,68
2019,7,"Female","Brown",65,76
2019,7,"Female","Brown",70,95
2019,7,"Female","Brown",75,84
2019,7,"Female","Brown",80,272
2019,7,"Male","Brown",0,66
2019,7,"Male","Brown",5,7
2019,7,"Male","Brown",10,6
2019,7,"Male","Brown",15,26
2019,7,"Male","Brown",20,44
2019,7,"Male","Brown",25,47
2019,7,"Male","Brown",30,54
2019,7,"Male","Brown",35,55
2019,7,"Male","Brown",40,45
2019,7,"Male","Brown",45,58
2019,7,"Male","Brown",50,66
2019,7,"Male","Brown",55,77
2019,7,"Male","Brown",60,81
2019,7,"Male","Brown",65,97
2019,7,"Male","Brown",70,103
2019,7,"Male","Brown",75,113
2019,7,"Male","Brown",80,275
2019,7,"Female","Indigenous",0,2
2019,7,"Female","Indigenous",20,1
2019,7,"Female","Indigenous",45,1
2019,7,"Female","Indigenous",80,3
2019,7,"Male","Indigenous",0,3
2019,7,"Male","Indigenous",35,1
2019,7,"Male","Indigenous",55,1
2019,7,"Male","Indigenous",80,2
2019,7,"Female","White",0,10
2019,7,"Female","White",5,2
2019,7,"Female","White",10,1
2019,7,"Female","White",15,1
2019,7,"Female","White",20,5
2019,7,"Female","White",25,2
2019,7,"Female","White",30,5
2019,7,"Female","White",35,7
2019,7,"Female","White",40,4
2019,7,"Female","White",45,7
2019,7,"Female","White",50,10
2019,7,"Female","White",55,15
2019,7,"Female","White",60,16
2019,7,"Female","White",65,19
2019,7,"Female","White",70,17
2019,7,"Female","White",75,27
2019,7,"Female","White",80,105
2019,7,"Male","White",0,12
2019,7,"Male","White",5,1
2019,7,"Male","White",10,1
2019,7,"Male","White",15,2
2019,7,"Male","White",20,6
2019,7,"Male","White",25,10
2019,7,"Male","White",30,10
2019,7,"Male","White",35,3
2019,7,"Male","White",40,8
2019,7,"Male","White",45,10
2019,7,"Male","White",50,4
2019,7,"Male","White",55,19
2019,7,"Male","White",60,16
2019,7,"Male","White",65,26
2019,7,"Male","White",70,30
2019,7,"Male","White",75,43
2019,7,"Male","White",80,91
2019,8,"Female","Asian",55,1
2019,8,"Female","Asian",80,4
2019,8,"Male","Asian",60,1
2019,8,"Male","Asian",75,3
2019,8,"Male","Asian",80,4
2019,8,"Female","Black",0,5
2019,8,"Female","Black",10,2
2019,8,"Female","Black",20,1
2019,8,"Female","Black",25,2
2019,8,"Female","Black",30,3
2019,8,"Female","Black",35,1
2019,8,"Female","Black",40,2
2019,8,"Female","Black",45,9
2019,8,"Female","Black",50,5
2019,8,"Female","Black",55,4
2019,8,"Female","Black",60,5
2019,8,"Female","Black",65,11
2019,8,"Female","Black",70,14
2019,8,"Female","Black",75,12
2019,8,"Female","Black",80,47
2019,8,"Male","Black",0,3
2019,8,"Male","Black",15,3
2019,8,"Male","Black",20,4
2019,8,"Male","Black",25,6
2019,8,"Male","Black",30,8
2019,8,"Male","Black",35,6
2019,8,"Male","Black",40,9
2019,8,"Male","Black",45,7
2019,8,"Male","Black",50,14
2019,8,"Male","Black",55,13
2019,8,"Male","Black",60,13
2019,8,"Male","Black",65,25
2019,8,"Male","Black",70,20
2019,8,"Male","Black",75,12
2019,8,"Male","Black",80,39
2019,8,"Female","Brown",0,38
2019,8,"Female","Brown",5,3
2019,8,"Female","Brown",10,6
2019,8,"Female","Brown",15,10
2019,8,"Female","Brown",20,10
2019,8,"Female","Brown",25,15
2019,8,"Female","Brown",30,17
2019,8,"Female","Brown",35,22
2019,8,"Female","Brown",40,20
2019,8,"Female","Brown",45,31
2019,8,"Female","Brown",50,39
2019,8,"Female","Brown",55,35
2019,8,"Female","Brown",60,54
2019,8,"Female","Brown",65,74
2019,8,"Female","Brown",70,66
2019,8,"Female","Brown",75,92
2019,8,"Female","Brown",80,239
2019,8,"Male","Brown",0,54
2019,8,"Male","Brown",5,2
2019,8,"Male","Brown",10,13
2019,8,"Male","Brown",15,24
2019,8,"Male","Brown",20,49
2019,8,"Male","Brown",25,45
2019,8,"Male","Brown",30,59
2019,8,"Male","Brown",35,73
2019,8,"Male","Brown",40,50
2019,8,"Male","Brown",45,64
2019,8,"Male","Brown",50,66
2019,8,"Male","Brown",55,64
2019,8,"Male","Brown",60,85
2019,8,"Male","Brown",65,96
2019,8,"Male","Brown",70,90
2019,8,"Male","Brown",75,111
2019,8,"Male","Brown",80,241
2019,8,"Female","Indigenous",0,1
2019,8,"Female","Indigenous",60,1
2019,8,"Female","Indigenous",80,1
2019,8,"Male","Indigenous",0,6
2019,8,"Male","Indigenous",15,1
2019,8,"Male","Indigenous",25,3
2019,8,"Male","Indigenous",30,1
2019,8,"Male","Indigenous",35,2
2019,8,"Male","Indigenous",45,1
2019,8,"Male","Indigenous",55,1
2019,8,"Male","Indigenous",65,1
2019,8,"Male","Indigenous",80,3
2019,8,"Female","White",0,12
2019,8,"Female","White",5,1
2019,8,"Female","White",10,1
2019,8,"Female","White",15,2
2019,8,"Female","White",20,3
2019,8,"Female","White",25,3
2019,8,"Female","White",30,3
2019,8,"Female","White",35,9
2019,8,"Female","White",40,7
2019,8,"Female","White",45,6
2019,8,"Female","White",50,9
2019,8,"Female","White",55,20
2019,8,"Female","White",60,14
2019,8,"Female","White",65,22
2019,8,"Female","White",70,21
2019,8,"Female","White",75,28
2019,8,"Female","White",80,100
2019,8,"Male","White",0,10
2019,8,"Male","White",10,2
2019,8,"Male","White",15,5
2019,8,"Male","White",20,4
2019,8,"Male","White",25,5
2019,8,"Male","White",30,5
2019,8,"Male","White",35,9
2019,8,"Male","White",40,2
2019,8,"Male","White",45,10
2019,8,"Male","White",50,9
2019,8,"Male","White",55,10
2019,8,"Male","White",60,21
2019,8,"Male","White",65,26
2019,8,"Male","White",70,30
2019,8,"Male","White",75,30
2019,8,"Male","White",80,97
2019,9,"Female","Asian",60,1
2019,9,"Female","Asian",65,2
2019,9,"Female","Asian",75,1
2019,9,"Female","Asian",80,3
2019,9,"Male","Asian",35,1
2019,9,"Male","Asian",45,1
2019,9,"Male","Asian",50,1
2019,9,"Male","Asian",65,1
2019,9,"Male","Asian",70,2
2019,9,"Male","Asian",80,3
2019,9,"Female","Black",0,2
2019,9,"Female","Black",10,1
2019,9,"Female","Black",15,1
2019,9,"Female","Black",20,1
2019,9,"Female","Black",25,5
2019,9,"Female","Black",30,2
2019,9,"Female","Black",35,2
2019,9,"Female","Black",40,6
2019,9,"Female","Black",45,6
2019,9,"Female","Black",50,3
2019,9,"Female","Black",55,12
2019,9,"Female","Black",60,10
2019,9,"Female","Black",65,7
2019,9,"Female","Black",70,10
2019,9,"Female","Black",75,15
2019,9,"Female","Black",80,43
2019,9,"Male","Black",0,3
2019,9,"Male","Black",10,1
2019,9,"Male","Black",15,2
2019,9,"Male","Black",20,5
2019,9,"Male","Black",25,6
2019,9,"Male","Black",30,15
2019,9,"Male","Black",35,8
2019,9,"Male","Black",40,5
2019,9,"Male","Black",45,8
2019,9,"Male","Black",50,12
2019,9,"Male","Black",55,19
2019,9,"Male","Black",60,12
2019,9,"Male","Black",65,17
2019,9,"Male","Black",70,9
2019,9,"Male","Black",75,18
2019,9,"Male","Black",80,51
2019,9,"Female","Brown",0,39
2019,9,"Female","Brown",5,4
2019,9,"Female","Brown",10,6
2019,9,"Female","Brown",15,6
2019,9,"Female","Brown",20,10
2019,9,"Female","Brown",25,11
2019,9,"Female","Brown",30,20
2019,9,"Female","Brown",35,30
2019,9,"Female","Brown",40,29
2019,9,"Female","Brown",45,29
2019,9,"Female","Brown",50,36
2019,9,"Female","Brown",55,40
2019,9,"Female","Brown",60,54
2019,9,"Female","Brown",65,68
2019,9,"Female","Brown",70,57
2019,9,"Female","Brown",75,82
2019,9,"Female","Brown",80,220
2019,9,"Male","Brown",0,66
2019,9,"Male","Brown",5,5
2019,9,"Male","Brown",10,4
2019,9,"Male","Brown",15,37
2019,9,"Male","Brown",20,46
2019,9,"Male","Brown",25,44
2019,9,"Male","Brown",30,51
2019,9,"Male","Brown",35,55
2019,9,"Male","Brown",40,74
2019,9,"Male","Brown",45,55
2019,9,"Male","Brown",50,61
2019,9,"Male","Brown",55,77
2019,9,"Male","Brown",60,68
2019,9,"Male","Brown",65,109
2019,9,"Male","Brown",70,83
2019,9,"Male","Brown",75,98
2019,9,"Male","Brown",80,218
2019,9,"Female","Indigenous",0,3
2019,9,"Female","Indigenous",25,1
2019,9,"Female","Indigenous",60,1
2019,9,"Female","Indigenous",80,9
2019,9,"Male","Indigenous",0,2
2019,9,"Male","Indigenous",5,1
2019,9,"Male","Indigenous",15,2
2019,9,"Male","Indigenous",80,3
2019,9,"Female","White",0,5
2019,9,"Female","White",10,1
2019,9,"Female","White",15,3
2019,9,"Female","White",20,2
2019,9,"Female","White",25,6
2019,9,"Female","White",30,3
2019,9,"Female","White",35,5
2019,9,"Female","White",40,4
2019,9,"Female","White",45,7
2019,9,"Female","White",50,7
2019,9,"Female","White",55,15
2019,9,"Female","White",60,10
2019,9,"Female","White",65,24
2019,9,"Female","White",70,35
2019,9,"Female","White",75,29
2019,9,"Female","White",80,129
2019,9,"Male","White",0,16
2019,9,"Male","White",5,1
2019,9,"Male","White",10,2
2019,9,"Male","White",15,6
2019,9,"Male","White",20,6
2019,9,"Male","White",25,4
2019,9,"Male","White",30,11
2019,9,"Male","White",35,9
2019,9,"Male","White",40,13
2019,9,"Male","White",45,11
2019,9,"Male","White",50,12
2019,9,"Male","White",55,15
2019,9,"Male","White",60,21
2019,9,"Male","White",65,25
2019,9,"Male","White",70,31
2019,9,"Male","White",75,36
2019,9,"Male","White",80,102
2019,10,"Female","Asian",40,1
2019,10,"Female","Asian",45,1
2019,10,"Female","Asian",50,1
2019,10,"Female","Asian",60,1
2019,10,"Female","Asian",70,1
2019,10,"Female","Asian",75,1
2019,10,"Female","Asian",80,3
2019,10,"Male","Asian",55,1
2019,10,"Male","Asian",75,1
2019,10,"Male","Asian",80,3
2019,10,"Female","Black",0,3
2019,10,"Female","Black",15,1
2019,10,"Female","Black",20,1
2019,10,"Female","Black",30,4
2019,10,"Female","Black",35,6
2019,10,"Female","Black",40,2
2019,10,"Female","Black",45,4
2019,10,"Female","Black",50,7
2019,10,"Female","Black",55,10
2019,10,"Female","Black",60,10
2019,10,"Female","Black",65,10
2019,10,"Female","Black",70,4
2019,10,"Female","Black",75,8
2019,10,"Female","Black",80,28
2019,10,"Male","Black",0,2
2019,10,"Male","Black",15,5
2019,10,"Male","Black",20,3
2019,10,"Male","Black",25,5
2019,10,"Male","Black",30,10
2019,10,"Male","Black",35,6
2019,10,"Male","Black",40,6
2019,10,"Male","Black",45,8
2019,10,"Male","Black",50,8
2019,10,"Male","Black",55,12
2019,10,"Male","Black",60,13
2019,10,"Male","Black",65,18
2019,10,"Male","Black",70,15
2019,10,"Male","Black",75,19
2019,10,"Male","Black",80,33
2019,10,"Female","Brown",0,34
2019,10,"Female","Brown",5,3
2019,10,"Female","Brown",10,6
2019,10,"Female","Brown",15,4
2019,10,"Female","Brown",20,13
2019,10,"Female","Brown",25,13
2019,10,"Female","Brown",30,10
2019,10,"Female","Brown",35,21
2019,10,"Female","Brown",40,27
2019,10,"Female","Brown",45,22
2019,10,"Female","Brown",50,43
2019,10,"Female","Brown",55,47
2019,10,"Female","Brown",60,49
2019,10,"Female","Brown",65,69
2019,10,"Female","Brown",70,70
2019,10,"Female","Brown",75,87
2019,10,"Female","Brown",80,220
2019,10,"Male","Brown",0,70
2019,10,"Male","Brown",5,4
2019,10,"Male","Brown",10,9
2019,10,"Male","Brown",15,34
2019,10,"Male","Brown",20,40
2019,10,"Male","Brown",25,45
2019,10,"Male","Brown",30,50
2019,10,"Male","Brown",35,45
2019,10,"Male","Brown",40,65
2019,10,"Male","Brown",45,55
2019,10,"Male","Brown",50,60
2019,10,"Male","Brown",55,79
2019,10,"Male","Brown",60,82
2019,10,"Male","Brown",65,91
2019,10,"Male","Brown",70,94
2019,10,"Male","Brown",75,112
2019,10,"Male","Brown",80,208
2019,10,"Female","Indigenous",5,1
2019,10,"Female","Indigenous",15,1
2019,10,"Male","Indigenous",0,1
2019,10,"Male","Indigenous",10,2
2019,10,"Male","Indigenous",15,1
2019,10,"Male","Indigenous",25,1
2019,10,"Male","Indigenous",30,1
2019,10,"Male","Indigenous",55,2
2019,10,"Male","Indigenous",70,2
2019,10,"Male","Indigenous",75,1
2019,10,"Male","Indigenous",80,1
2019,10,"Female","White",0,6
2019,10,"Female","White",10,1
2019,10,"Female","White",15,1
2019,10,"Female","White",20,3
2019,10,"Female","White",25,4
2019,10,"Female","White",30,6
2019,10,"Female","White",35,6
2019,10,"Female","White",40,6
2019,10,"Female","White",45,6
2019,10,"Female","White",50,14
2019,10,"Female","White",55,13
2019,10,"Female","White",60,13
2019,10,"Female","White",65,16
2019,10,"Female","White",70,20
2019,10,"Female","White",75,18
2019,10,"Female","White",80,98
2019,10,"Male","White",0,15
2019,10,"Male","White",5,1
2019,10,"Male","White",10,1
2019,10,"Male","White",15,3
2019,10,"Male","White",20,9
2019,10,"Male","White",25,5
2019,10,"Male","White",30,8
2019,10,"Male","White",35,10
2019,10,"Male","White",40,9
2019,10,"Male","White",45,6
2019,10,"Male","White",50,11
2019,10,"Male","White",55,22
2019,10,"Male","White",60,15
2019,10,"Male","White",65,21
2019,10,"Male","White",70,43
2019,10,"Male","White",75,39
2019,10,"Male","White",80,77
2019,11,"Female","Asian",45,1
2019,11,"Female","Asian",80,1
2019,11,"Male","Asian",5,1
2019,11,"Male","Asian",25,1
2019,11,"Male","Asian",35,1
2019,11,"Male","Asian",60,1
2019,11,"Male","Asian",75,2
2019,11,"Male","Asian",80,1
2019,11,"Female","Black",0,1
2019,11,"Female","Black",20,1
2019,11,"Female","Black",25,2
2019,11,"Female","Black",30,1
2019,11,"Female","Black",35,3
2019,11,"Female","Black",40,4
2019,11,"Female","Black",45,2
2019,11,"Female","Black",50,2
2019,11,"Female","Black",55,8
2019,11,"Female","Black",60,14
2019,11,"Female","Black",65,10
2019,11,"Female","Black",70,12
2019,11,"Female","Black",75,14
2019,11,"Female","Black",80,38
2019,11,"Male","Black",0,1
2019,11,"Male","Black",5,1
2019,11,"Male","Black",10,1
2019,11,"Male","Black",15,3
2019,11,"Male","Black",20,3
2019,11,"Male","Black",25,8
2019,11,"Male","Black",30,5
2019,11,"Male","Black",35,10
2019,11,"Male","Black",40,9
2019,11,"Male","Black",45,11
2019,11,"Male","Black",50,7
2019,11,"Male","Black",55,13
2019,11,"Male","Black",60,13
2019,11,"Male","Black",65,16
2019,11,"Male","Black",70,16
2019,11,"Male","Black",75,23
2019,11,"Male","Black",80,29
2019,11,"Female","Brown",0,39
2019,11,"Female","Brown",5,4
2019,11,"Female","Brown",10,3
2019,11,"Female","Brown",15,7
2019,11,"Female","Brown",20,11
2019,11,"Female","Brown",25,6
2019,11,"Female","Brown",30,17
2019,11,"Female","Brown",35,12
2019,11,"Female","Brown",40,17
2019,11,"Female","Brown",45,27
2019,11,"Female","Brown",50,32
2019,11,"Female","Brown",55,46
2019,11,"Female","Brown",60,56
2019,11,"Female","Brown",65,72
2019,11,"Female","Brown",70,72
2019,11,"Female","Brown",75,83
2019,11,"Female","Brown",80,198
2019,11,"Male","Brown",0,36
2019,11,"Male","Brown",5,8
2019,11,"Male","Brown",10,5
2019,11,"Male","Brown",15,33
2019,11,"Male","Brown",20,45
2019,11,"Male","Brown",25,54
2019,11,"Male","Brown",30,39
2019,11,"Male","Brown",35,49
2019,11,"Male","Brown",40,50
2019,11,"Male","Brown",45,54
2019,11,"Male","Brown",50,51
2019,11,"Male","Brown",55,56
2019,11,"Male","Brown",60,74
2019,11,"Male","Brown",65,113
2019,11,"Male","Brown",70,88
2019,11,"Male","Brown",75,99
2019,11,"Male","Brown",80,213
2019,11,"Female","Indigenous",0,2
2019,11,"Female","Indigenous",25,1
2019,11,"Female","Indigenous",55,1
2019,11,"Female","Indigenous",80,3
2019,11,"Male","Indigenous",0,4
2019,11,"Male","Indigenous",25,1
2019,11,"Male","Indigenous",30,1
2019,11,"Male","Indigenous",45,1
2019,11,"Male","Indigenous",70,1
2019,11,"Female","White",0,10
2019,11,"Female","White",5,3
2019,11,"Female","White",10,1
2019,11,"Female","White",15,2
2019,11,"Female","White",20,3
2019,11,"Female","White",25,3
2019,11,"Female","White",30,7
2019,11,"Female","White",35,2
2019,11,"Female","White",40,3
2019,11,"Female","White",45,9
2019,11,"Female","White",50,6
2019,11,"Female","White",55,9
2019,11,"Female","White",60,14
2019,11,"Female","White",65,22
2019,11,"Female","White",70,31
2019,11,"Female","White",75,28
2019,11,"Female","White",80,101
2019,11,"Male","White",0,8
2019,11,"Male","White",5,2
2019,11,"Male","White",10,1
2019,11,"Male","White",15,3
2019,11,"Male","White",20,5
2019,11,"Male","White",25,5
2019,11,"Male","White",30,7
2019,11,"Male","White",35,5
2019,11,"Male","White",40,11
2019,11,"Male","White",45,3
2019,11,"Male","White",50,4
2019,11,"Male","White",55,20
2019,11,"Male","White",60,16
2019,11,"Male","White",65,20
2019,11,"Male","White",70,26
2019,11,"Male","White",75,34
2019,11,"Male","White",80,86
2019,12,"Female","Asian",45,1
2019,12,"Female","Asian",70,1
2019,12,"Female","Asian",80,3
2019,12,"Male","Asian",0,1
2019,12,"Male","Asian",15,1
2019,12,"Male","Asian",20,2
2019,12,"Male","Asian",45,1
2019,12,"Male","Asian",50,1
2019,12,"Male","Asian",60,1
2019,12,"Male","Asian",75,2
2019,12,"Male","Asian",80,1
2019,12,"Female","Black",5,1
2019,12,"Female","Black",15,1
2019,12,"Female","Black",25,3
2019,12,"Female","Black",30,1
2019,12,"Female","Black",35,6
2019,12,"Female","Black",40,4
2019,12,"Female","Black",45,3
2019,12,"Female","Black",50,7
2019,12,"Female","Black",55,1
2019,12,"Female","Black",60,7
2019,12,"Female","Black",65,14
2019,12,"Female","Black",70,9
2019,12,"Female","Black",75,13
2019,12,"Female","Black",80,31
2019,12,"Male","Black",0,2
2019,12,"Male","Black",15,2
2019,12,"Male","Black",20,6
2019,12,"Male","Black",25,7
2019,12,"Male","Black",30,8
2019,12,"Male","Black",35,9
2019,12,"Male","Black",40,11
2019,12,"Male","Black",45,8
2019,12,"Male","Black",50,8
2019,12,"Male","Black",55,11
2019,12,"Male","Black",60,14
2019,12,"Male","Black",65,22
2019,12,"Male","Black",70,14
2019,12,"Male","Black",75,16
2019,12,"Male","Black",80,47
2019,12,"Female","Brown",0,36
2019,12,"Female","Brown",5,2
2019,12,"Female","Brown",10,6
2019,12,"Female","Brown",15,8
2019,12,"Female","Brown",20,9
2019,12,"Female","Brown",25,7
2019,12,"Female","Brown",30,12
2019,12,"Female","Brown",35,18
2019,12,"Female","Brown",40,21
2019,12,"Female","Brown",45,28
2019,12,"Female","Brown",50,26
2019,12,"Female","Brown",55,54
2019,12,"Female","Brown",60,61
2019,12,"Female","Brown",65,73
2019,12,"Female","Brown",70,92
2019,12,"Female","Brown",75,97
2019,12,"Female","Brown",80,221
2019,12,"Male","Brown",0,75
2019,12,"Male","Brown",5,8
2019,12,"Male","Brown",10,3
2019,12,"Male","Brown",15,29
2019,12,"Male","Brown",20,51
2019,12,"Male","Brown",25,52
2019,12,"Male","Brown",30,52
2019,12,"Male","Brown",35,61
2019,12,"Male","Brown",40,64
2019,12,"Male","Brown",45,56
2019,12,"Male","Brown",50,48
2019,12,"Male","Brown",55,76
2019,12,"Male","Brown",60,83
2019,12,"Male","Brown",65,98
2019,12,"Male","Brown",70,107
2019,12,"Male","Brown",75,125
2019,12,"Male","Brown",80,199
2019,12,"Female","Indigenous",0,3
2019,12,"Female","Indigenous",25,1
2019,12,"Female","Indigenous",35,1
2019,12,"Female","Indigenous",50,1
2019,12,"Female","Indigenous",65,1
2019,12,"Female","Indigenous",75,1
2019,12,"Female","Indigenous",80,1
2019,12,"Male","Indigenous",0,4
2019,12,"Male","Indigenous",10,1
2019,12,"Male","Indigenous",15,2
2019,12,"Male","Indigenous",35,1
2019,12,"Male","Indigenous",40,1
2019,12,"Male","Indigenous",45,1
2019,12,"Male","Indigenous",55,1
2019,12,"Male","Indigenous",60,1
2019,12,"Male","Indigenous",65,1
2019,12,"Female","White",0,6
2019,12,"Female","White",5,1
2019,12,"Female","White",10,2
2019,12,"Female","White",15,2
2019,12,"Female","White",20,2
2019,12,"Female","White",25,1
2019,12,"Female","White",30,4
2019,12,"Female","White",35,3
2019,12,"Female","White",40,6
2019,12,"Female","White",45,8
2019,12,"Female","White",50,18
2019,12,"Female","White",55,12
2019,12,"Female","White",60,14
2019,12,"Female","White",65,28
2019,12,"Female","White",70,30
2019,12,"Female","White",75,27
2019,12,"Female","White",80,118
2019,12,"Male","White",0,9
2019,12,"Male","White",5,1
2019,12,"Male","White",10,1
2019,12,"Male","White",15,6
2019,12,"Male","White",20,4
2019,12,"Male","White",25,14
2019,12,"Male","White",30,9
2019,12,"Male","White",35,6
2019,12,"Male","White",40,8
2019,12,"Male","White",45,7
2019,12,"Male","White",50,12
2019,12,"Male","White",55,17
2019,12,"Male","White",60,15
2019,12,"Male","White",65,23
2019,12,"Male","White",70,27
2019,12,"Male","White",75,35
2019,12,"Male","White",80,100
2020,1,"Female","Asian",55,1
2020,1,"Female","Asian",60,1
2020,1,"Female","Asian",70,2
2020,1,"Female","Asian",80,4
2020,1,"Male","Asian",75,1
2020,1,"Male","Asian",80,4
2020,1,"Female","Black",0,2
2020,1,"Female","Black",15,1
2020,1,"Female","Black",20,2
2020,1,"Female","Black",25,2
2020,1,"Female","Black",35,4
2020,1,"Female","Black",40,4
2020,1,"Female","Black",45,5
2020,1,"Female","Black",50,7
2020,1,"Female","Black",55,9
2020,1,"Female","Black",60,6
2020,1,"Female","Black",65,9
2020,1,"Female","Black",70,11
2020,1,"Female","Black",75,17
2020,1,"Female","Black",80,32
2020,1,"Male","Black",0,2
2020,1,"Male","Black",5,1
2020,1,"Male","Black",15,1
2020,1,"Male","Black",20,7
2020,1,"Male","Black",25,4
2020,1,"Male","Black",30,7
2020,1,"Male","Black",35,12
2020,1,"Male","Black",40,15
2020,1,"Male","Black",45,8
2020,1,"Male","Black",50,13
2020,1,"Male","Black",55,11
2020,1,"Male","Black",60,14
2020,1,"Male","Black",65,12
2020,1,"Male","Black",70,19
2020,1,"Male","Black",75,21
2020,1,"Male","Black",80,43
2020,1,"Female","Brown",0,33
2020,1,"Female","Brown",5,5
2020,1,"Female","Brown",10,6
2020,1,"Female","Brown",15,10
2020,1,"Female","Brown",20,11
2020,1,"Female","Brown",25,5
2020,1,"Female","Brown",30,15
2020,1,"Female","Brown",35,21
2020,1,"Female","Brown",40,26
2020,1,"Female","Brown",45,42
2020,1,"Female","Brown",50,32
2020,1,"Female","Brown",55,74
2020,1,"Female","Brown",60,58
2020,1,"Female","Brown",65,78
2020,1,"Female","Brown",70,92
2020,1,"Female","Brown",75,108
2020,1,"Female","Brown",80,213
2020,1,"Male","Brown",0,57
2020,1,"Male","Brown",5,9
2020,1,"Male","Brown",10,4
2020,1,"Male","Brown",15,40
2020,1,"Male","Brown",20,39
2020,1,"Male","Brown",25,41
2020,1,"Male","Brown",30,46
2020,1,"Male","Brown",35,49
2020,1,"Male","Brown",40,54
2020,1,"Male","Brown",45,43
2020,1,"Male","Brown",50,61
2020,1,"Male","Brown",55,71
2020,1,"Male","Brown",60,84
2020,1,"Male","Brown",65,101
2020,1,"Male","Brown",70,103
2020,1,"Male","Brown",75,99
2020,1,"Male","Brown",80,241
2020,1,"Female","Indigenous",0,2
2020,1,"Female","Indigenous",30,1
2020,1,"Female","Indigenous",80,4
2020,1,"Male","Indigenous",0,2
2020,1,"Male","Indigenous",20,1
2020,1,"Male","Indigenous",40,1
2020,1,"Male","Indigenous",80,3
2020,1,"Female","White",0,3
2020,1,"Female","White",10,1
2020,1,"Female","White",15,1
2020,1,"Female","White",20,3
2020,1,"Female","White",25,2
2020,1,"Female","White",30,4
2020,1,"Female","White",35,6
2020,1,"Female","White",40,4
2020,1,"Female","White",45,8
2020,1,"Female","White",50,5
2020,1,"Female","White",55,15
2020,1,"Female","White",60,16
2020,1,"Female","White",65,18
2020,1,"Female","White",70,24
2020,1,"Female","White",75,34
2020,1,"Female","White",80,124
2020,1,"Male","White",0,7
2020,1,"Male","White",5,1
2020,1,"Male","White",10,3
2020,1,"Male","White",15,5
2020,1,"Male","White",20,6
2020,1,"Male","White",30,9
2020,1,"Male","White",35,3
2020,1,"Male","White",40,8
2020,1,"Male","White",45,10
2020,1,"Male","White",50,6
2020,1,"Male","White",55,12
2020,1,"Male","White",60,24
2020,1,"Male","White",65,21
2020,1,"Male","White",70,31
2020,1,"Male","White",75,27
2020,1,"Male","White",80,88
2020,2,"Female","Asian",80,1
2020,2,"Male","Asian",0,1
2020,2,"Male","Asian",15,1
2020,2,"Male","Asian",70,1
2020,2,"Female","Black",0,3
2020,2,"Female","Black",15,1
2020,2,"Female","Black",20,3
2020,2,"Female","Black",30,2
2020,2,"Female","Black",40,4
2020,2,"Female","Black",45,8
2020,2,"Female","Black",50,5
2020,2,"Female","Black",55,6
2020,2,"Female","Black",60,7
2020,2,"Female","Black",65,8
2020,2,"Female","Black",70,6
2020,2,"Female","Black",75,16
2020,2,"Female","Black",80,39
2020,2,"Male","Black",15,4
2020,2,"Male","Black",20,5
2020,2,"Male","Black",25,11
2020,2,"Male","Black",30,14
2020,2,"Male","Black",35,9
2020,2,"Male","Black",40,10
2020,2,"Male","Black",45,11
2020,2,"Male","Black",50,14
2020,2,"Male","Black",55,12
2020,2,"Male","Black",60,13
2020,2,"Male","Black",65,17
2020,2,"Male","Black",70,11
2020,2,"Male","Black",75,21
2020,2,"Male","Black",80,40
2020,2,"Female","Brown",0,34
2020,2,"Female","Brown",5,3
2020,2,"Female","Brown",10,2
2020,2,"Female","Brown",15,11
2020,2,"Female","Brown",20,9
2020,2,"Female","Brown",25,14
2020,2,"Female","Brown",30,24
2020,2,"Female","Brown",35,26
2020,2,"Female","Brown",40,31
2020,2,"Female","Brown",45,33
2020,2,"Female","Brown",50,42
2020,2,"Female","Brown",55,37
2020,2,"Female","Brown",60,51
2020,2,"Female","Brown",65,60
2020,2,"Female","Brown",70,86
2020,2,"Female","Brown",75,79
2020,2,"Female","Brown",80,211
2020,2,"Male","Brown",0,63
2020,2,"Male","Brown",5,5
2020,2,"Male","Brown",10,8
2020,2,"Male","Brown",15,33
2020,2,"Male","Brown",20,57
2020,2,"Male","Brown",25,48
2020,2,"Male","Brown",30,43
2020,2,"Male","Brown",35,54
2020,2,"Male","Brown",40,55
2020,2,"Male","Brown",45,50
2020,2,"Male","Brown",50,56
2020,2,"Male","Brown",55,60
2020,2,"Male","Brown",60,68
2020,2,"Male","Brown",65,97
2020,2,"Male","Brown",70,122
2020,2,"Male","Brown",75,105
2020,2,"Male","Brown",80,236
2020,2,"Female","Indigenous",0,2
2020,2,"Female","Indigenous",10,1
2020,2,"Female","Indigenous",15,1
2020,2,"Female","Indigenous",30,1
2020,2,"Female","Indigenous",40,1
2020,2,"Female","Indigenous",55,2
2020,2,"Female","Indigenous",60,1
2020,2,"Female","Indigenous",70,1
2020,2,"Female","Indigenous",75,1
2020,2,"Female","Indigenous",80,2
2020,2,"Male","Indigenous",0,5
2020,2,"Male","Indigenous",15,1
2020,2,"Male","Indigenous",35,1
2020,2,"Male","Indigenous",60,1
2020,2,"Male","Indigenous",80,1
2020,2,"Female","White",0,11
2020,2,"Female","White",5,1
2020,2,"Female","White",10,1
2020,2,"Female","White",15,2
2020,2,"Female","White",30,7
2020,2,"Female","White",35,4
2020,2,"Female","White",40,5
2020,2,"Female","White",45,8
2020,2,"Female","White",50,4
2020,2,"Female","White",55,11
2020,2,"Female","White",60,17
2020,2,"Female","White",65,18
2020,2,"Female","White",70,23
2020,2,"Female","White",75,32
2020,2,"Female","White",80,126
2020,2,"Male","White",0,7
2020,2,"Male","White",10,1
2020,2,"Male","White",15,4
2020,2,"Male","White",20,12
2020,2,"Male","White",25,10
2020,2,"Male","White",30,5
2020,2,"Male","White",35,7
2020,2,"Male","White",40,12
2020,2,"Male","White",45,10
2020,2,"Male","White",50,11
2020,2,"Male","White",55,25
2020,2,"Male","White",60,18
2020,2,"Male","White",65,26
2020,2,"Male","White",70,37
2020,2,"Male","White",75,42
2020,2,"Male","White",80,100
2020,3,"Female","Asian",60,1
2020,3,"Male","Asian",0,1
2020,3,"Male","Asian",60,1
2020,3,"Male","Asian",70,2
2020,3,"Male","Asian",75,2
2020,3,"Male","Asian",80,4
2020,3,"Female","Black",0,2
2020,3,"Female","Black",5,1
2020,3,"Female","Black",15,3
2020,3,"Female","Black",30,1
2020,3,"Female","Black",35,4
2020,3,"Female","Black",40,7
2020,3,"Female","Black",45,3
2020,3,"Female","Black",50,13
2020,3,"Female","Black",55,13
2020,3,"Female","Black",60,12
2020,3,"Female","Black",65,13
2020,3,"Female","Black",70,12
2020,3,"Female","Black",75,16
2020,3,"Female","Black",80,52
2020,3,"Male","Black",0,1
2020,3,"Male","Black",10,1
2020,3,"Male","Black",15,6
2020,3,"Male","Black",20,5
2020,3,"Male","Black",25,6
2020,3,"Male","Black",30,8
2020,3,"Male","Black",35,9
2020,3,"Male","Black",40,10
2020,3,"Male","Black",45,9
2020,3,"Male","Black",50,9
2020,3,"Male","Black",55,18
2020,3,"Male","Black",60,9
2020,3,"Male","Black",65,20
2020,3,"Male","Black",70,23
2020,3,"Male","Black",75,23
2020,3,"Male","Black",80,41
2020,3,"Female","Brown",0,53
2020,3,"Female","Brown",5,3
2020,3,"Female","Brown",10,4
2020,3,"Female","Brown",15,13
2020,3,"Female","Brown",20,11
2020,3,"Female","Brown",25,15
2020,3,"Female","Brown",30,20
2020,3,"Female","Brown",35,30
2020,3,"Female","Brown",40,28
2020,3,"Female","Brown",45,43
2020,3,"Female","Brown",50,46
2020,3,"Female","Brown",55,46
2020,3,"Female","Brown",60,63
2020,3,"Female","Brown",65,89
2020,3,"Female","Brown",70,96
2020,3,"Female","Brown",75,101
2020,3,"Female","Brown",80,282
2020,3,"Male","Brown",0,67
2020,3,"Male","Brown",5,7
2020,3,"Male","Brown",10,12
2020,3,"Male","Brown",15,33
2020,3,"Male","Brown",20,60
2020,3,"Male","Brown",25,54
2020,3,"Male","Brown",30,52
2020,3,"Male","Brown",35,49
2020,3,"Male","Brown",40,66
2020,3,"Male","Brown",45,51
2020,3,"Male","Brown",50,76
2020,3,"Male","Brown",55,95
2020,3,"Male","Brown",60,109
2020,3,"Male","Brown",65,127
2020,3,"Male","Brown",70,127
2020,3,"Male","Brown",75,149
2020,3,"Male","Brown",80,274
2020,3,"Female","Indigenous",0,6
2020,3,"Female","Indigenous",15,1
2020,3,"Female","Indigenous",40,1
2020,3,"Female","Indigenous",55,2
2020,3,"Female","Indigenous",65,2
2020,3,"Female","Indigenous",70,1
2020,3,"Female","Indigenous",80,2
2020,3,"Male","Indigenous",0,1
2020,3,"Male","Indigenous",30,1
2020,3,"Male","Indigenous",35,1
2020,3,"Male","Indigenous",45,2
2020,3,"Male","Indigenous",55,1
2020,3,"Male","Indigenous",60,1
2020,3,"Male","Indigenous",70,1
2020,3,"Male","Indigenous",75,1
2020,3,"Male","Indigenous",80,6
2020,3,"Female","White",0,15
2020,3,"Female","White",5,1
2020,3,"Female","White",10,1
2020,3,"Female","White",15,4
2020,3,"Female","White",25,3
2020,3,"Female","White",30,5
2020,3,"Female","White",35,6
2020,3,"Female","White",40,2
2020,3,"Female","White",45,9
2020,3,"Female","White",50,4
2020,3,"Female","White",55,10
2020,3,"Female","White",60,20
2020,3,"Female","White",65,30
2020,3,"Female","White",70,28
2020,3,"Female","White",75,31
2020,3,"Female","White",80,117
2020,3,"Male","White",0,16
2020,3,"Male","White",5,1
2020,3,"Male","White",10,4
2020,3,"Male","White",15,7
2020,3,"Male","White",20,8
2020,3,"Male","White",25,6
2020,3,"Male","White",30,5
2020,3,"Male","White",35,6
2020,3,"Male","White",40,8
2020,3,"Male","White",45,7
2020,3,"Male","White",50,21
2020,3,"Male","White",55,20
2020,3,"Male","White",60,14
2020,3,"Male","White",65,37
2020,3,"Male","White",70,35
2020,3,"Male","White",75,33
2020,3,"Male","White",80,99
2020,4,"Female","Asian",0,1
2020,4,"Female","Asian",25,1
2020,4,"Female","Asian",45,1
2020,4,"Female","Asian",55,1
2020,4,"Female","Asian",60,1
2020,4,"Female","Asian",70,2
2020,4,"Female","Asian",80,1
2020,4,"Male","Asian",15,2
2020,4,"Male","Asian",45,1
2020,4,"Male","Asian",50,1
2020,4,"Male","Asian",55,2
2020,4,"Male","Asian",60,3
2020,4,"Male","Asian",65,3
2020,4,"Male","Asian",70,1
2020,4,"Male","Asian",75,1
2020,4,"Male","Asian",80,2
2020,4,"Female","Black",0,2
2020,4,"Female","Black",5,1
2020,4,"Female","Black",10,2
2020,4,"Female","Black",20,2
2020,4,"Female","Black",35,5
2020,4,"Female","Black",40,3
2020,4,"Female","Black",45,6
2020,4,"Female","Black",50,8
2020,4,"Female","Black",55,15
2020,4,"Female","Black",60,18
2020,4,"Female","Black",65,17
2020,4,"Female","Black",70,14
2020,4,"Female","Black",75,22
2020,4,"Female","Black",80,45
2020,4,"Male","Black",0,3
2020,4,"Male","Black",5,1
2020,4,"Male","Black",15,3
2020,4,"Male","Black",20,8
2020,4,"Male","Black",25,6
2020,4,"Male","Black",30,9
2020,4,"Male","Black",35,7
2020,4,"Male","Black",40,11
2020,4,"Male","Black",45,11
2020,4,"Male","Black",50,12
2020,4,"Male","Black",55,18
2020,4,"Male","Black",60,17
2020,4,"Male","Black",65,24
2020,4,"Male","Black",70,24
2020,4,"Male","Black",75,26
2020,4,"Male","Black",80,51
2020,4,"Female","Brown",0,44
2020,4,"Female","Brown",5,2
2020,4,"Female","Brown",10,5
2020,4,"Female","Brown",15,12
2020,4,"Female","Brown",20,15
2020,4,"Female","Brown",25,7
2020,4,"Female","Brown",30,12
2020,4,"Female","Brown",35,14
2020,4,"Female","Brown",40,33
2020,4,"Female","Brown",45,38
2020,4,"Female","Brown",50,53
2020,4,"Female","Brown",55,73
2020,4,"Female","Brown",60,81
2020,4,"Female","Brown",65,86
2020,4,"Female","Brown",70,100
2020,4,"Female","Brown",75,121
2020,4,"Female","Brown",80,286
2020,4,"Male","Brown",0,47
2020,4,"Male","Brown",5,7
2020,4,"Male","Brown",10,8
2020,4,"Male","Brown",15,31
2020,4,"Male","Brown",20,38
2020,4,"Male","Brown",25,46
2020,4,"Male","Brown",30,62
2020,4,"Male","Brown",35,63
2020,4,"Male","Brown",40,58
2020,4,"Male","Brown",45,57
2020,4,"Male","Brown",50,86
2020,4,"Male","Brown",55,121
2020,4,"Male","Brown",60,144
2020,4,"Male","Brown",65,151
2020,4,"Male","Brown",70,154
2020,4,"Male","Brown",75,177
2020,4,"Male","Brown",80,333
2020,4,"Female","Indigenous",0,2
2020,4,"Female","Indigenous",40,1
2020,4,"Female","Indigenous",45,1
2020,4,"Female","Indigenous",50,1
2020,4,"Female","Indigenous",80,4
2020,4,"Male","Indigenous",0,3
2020,4,"Male","Indigenous",15,1
2020,4,"Male","Indigenous",35,1
2020,4,"Male","Indigenous",40,1
2020,4,"Male","Indigenous",45,1
2020,4,"Male","Indigenous",50,1
2020,4,"Male","Indigenous",60,2
2020,4,"Male","Indigenous",80,2
2020,4,"Female","White",0,11
2020,4,"Female","White",10,1
2020,4,"Female","White",15,1
2020,4,"Female","White",20,9
2020,4,"Female","White",25,4
2020,4,"Female","White",30,5
2020,4,"Female","White",35,11
2020,4,"Female","White",40,5
2020,4,"Female","White",45,9
2020,4,"Female","White",50,10
2020,4,"Female","White",55,16
2020,4,"Female","White",60,23
2020,4,"Female","White",65,23
2020,4,"Female","White",70,24
2020,4,"Female","White",75,33
2020,4,"Female","White",80,134
2020,4,"Male","White",0,12
2020,4,"Male","White",5,1
2020,4,"Male","White",10,1
2020,4,"Male","White",15,4
2020,4,"Male","White",20,4
2020,4,"Male","White",25,12
2020,4,"Male","White",30,14
2020,4,"Male","White",35,10
2020,4,"Male","White",40,14
2020,4,"Male","White",45,13
2020,4,"Male","White",50,23
2020,4,"Male","White",55,18
2020,4,"Male","White",60,35
2020,4,"Male","White",65,42
2020,4,"Male","White",70,42
2020,4,"Male","White",75,38
2020,4,"Male","White",80,112
2020,5,"Female","Asian",0,1
2020,5,"Female","Asian",55,1
2020,5,"Female","Asian",60,2
2020,5,"Female","Asian",65,1
2020,5,"Female","Asian",70,1
2020,5,"Female","Asian",75,2
2020,5,"Female","Asian",80,3
2020,5,"Male","Asian",15,1
2020,5,"Male","Asian",25,1
2020,5,"Male","Asian",30,1
2020,5,"Male","Asian",40,1
2020,5,"Male","Asian",45,1
2020,5,"Male","Asian",50,1
2020,5,"Male","Asian",60,1
2020,5,"Male","Asian",65,1
2020,5,"Male","Asian",80,4
2020,5,"Female","Black",0,2
2020,5,"Female","Black",5,1
2020,5,"Female","Black",20,2
2020,5,"Female","Black",25,3
2020,5,"Female","Black",30,4
2020,5,"Female","Black",35,3
2020,5,"Female","Black",40,9
2020,5,"Female","Black",45,8
2020,5,"Female","Black",50,7
2020,5,"Female","Black",55,12
2020,5,"Female","Black",60,28
2020,5,"Female","Black",65,26
2020,5,"Female","Black",70,28
2020,5,"Female","Black",75,34
2020,5,"Female","Black",80,72
2020,5,"Male","Black",0,3
2020,5,"Male","Black",15,4
2020,5,"Male","Black",20,9
2020,5,"Male","Black",25,3
2020,5,"Male","Black",30,5
2020,5,"Male","Black",35,11
2020,5,"Male","Black",40,15
2020,5,"Male","Black",45,14
2020,5,"Male","Black",50,24
2020,5,"Male","Black",55,14
2020,5,"Male","Black",60,26
2020,5,"Male","Black",65,45
2020,5,"Male","Black",70,58
2020,5,"Male","Black",75,38
2020,5,"Male","Black",80,83
2020,5,"Female","Brown",0,49
2020,5,"Female","Brown",5,5
2020,5,"Female","Brown",10,7
2020,5,"Female","Brown",15,9
2020,5,"Female","Brown",20,9
2020,5,"Female","Brown",25,22
2020,5,"Female","Brown",30,22
2020,5,"Female","Brown",35,35
2020,5,"Female","Brown",40,42
2020,5,"Female","Brown",45,54
2020,5,"Female","Brown",50,62
2020,5,"Female","Brown",55,103
2020,5,"Female","Brown",60,142
2020,5,"Female","Brown",65,170
2020,5,"Female","Brown",70,172
2020,5,"Female","Brown",75,194
2020,5,"Female","Brown",80,514
2020,5,"Male","Brown",0,57
2020,5,"Male","Brown",5,4
2020,5,"Male","Brown",10,9
2020,5,"Male","Brown",15,45
2020,5,"Male","Brown",20,58
2020,5,"Male","Brown",25,62
2020,5,"Male","Brown",30,66
2020,5,"Male","Brown",35,70
2020,5,"Male","Brown",40,84
2020,5,"Male","Brown",45,97
2020,5,"Male","Brown",50,109
2020,5,"Male","Brown",55,154
2020,5,"Male","Brown",60,198
2020,5,"Male","Brown",65,262
2020,5,"Male","Brown",70,275
2020,5,"Male","Brown",75,306
2020,5,"Male","Brown",80,714
2020,5,"Female","Indigenous",0,2
2020,5,"Female","Indigenous",10,1
2020,5,"Female","Indigenous",15,1
2020,5,"Female","Indigenous",25,1
2020,5,"Female","Indigenous",30,2
2020,5,"Female","Indigenous",45,1
2020,5,"Female","Indigenous",55,1
2020,5,"Female","Indigenous",60,1
2020,5,"Female","Indigenous",75,2
2020,5,"Female","Indigenous",80,4
2020,5,"Male","Indigenous",0,4
2020,5,"Male","Indigenous",15,1
2020,5,"Male","Indigenous",45,2
2020,5,"Male","Indigenous",55,2
2020,5,"Male","Indigenous",60,2
2020,5,"Male","Indigenous",75,1
2020,5,"Male","Indigenous",80,6
2020,5,"Female","White",0,13
2020,5,"Female","White",5,1
2020,5,"Female","White",10,1
2020,5,"Female","White",15,2
2020,5,"Female","White",20,3
2020,5,"Female","White",25,4
2020,5,"Female","White",30,3
2020,5,"Female","White",35,7
2020,5,"Female","White",40,11
2020,5,"Female","White",45,9
2020,5,"Female","White",50,11
2020,5,"Female","White",55,21
2020,5,"Female","White",60,24
2020,5,"Female","White",65,26
2020,5,"Female","White",70,56
2020,5,"Female","White",75,60
2020,5,"Female","White",80,217
2020,5,"Male","White",0,7
2020,5,"Male","White",5,2
2020,5,"Male","White",10,1
2020,5,"Male","White",15,7
2020,5,"Male","White",20,13
2020,5,"Male","White",25,8
2020,5,"Male","White",30,10
2020,5,"Male","White",35,13
2020,5,"Male","White",40,14
2020,5,"Male","White",45,21
2020,5,"Male","White",50,20
2020,5,"Male","White",55,42
2020,5,"Male","White",60,52
2020,5,"Male","White",65,69
2020,5,"Male","White",70,67
2020,5,"Male","White",75,85
2020,5,"Male","White",80,235
2020,6,"Female","Asian",55,1
2020,6,"Female","Asian",60,1
2020,6,"Female","Asian",70,1
2020,6,"Female","Asian",75,2
2020,6,"Female","Asian",80,6
2020,6,"Male","Asian",20,2
2020,6,"Male","Asian",35,1
2020,6,"Male","Asian",45,1
2020,6,"Male","Asian",60,1
2020,6,"Male","Asian",65,1
2020,6,"Male","Asian",70,2
2020,6,"Male","Asian",75,1
2020,6,"Male","Asian",80,2
2020,6,"Female","Black",0,1
2020,6,"Female","Black",5,1
2020,6,"Female","Black",15,2
2020,6,"Female","Black",20,1
2020,6,"Female","Black",25,1
2020,6,"Female","Black",30,2
2020,6,"Female","Black",35,5
2020,6,"Female","Black",40,5
2020,6,"Female","Black",45,7
2020,6,"Female","Black",50,11
2020,6,"Female","Black",55,15
2020,6,"Female","Black",60,19
2020,6,"Female","Black",65,13
2020,6,"Female","Black",70,16
2020,6,"Female","Black",75,22
2020,6,"Female","Black",80,55
2020,6,"Male","Black",0,2
2020,6,"Male","Black",5,1
2020,6,"Male","Black",15,5
2020,6,"Male","Black",20,3
2020,6,"Male","Black",25,2
2020,6,"Male","Black",30,12
2020,6,"Male","Black",35,12
2020,6,"Male","Black",40,16
2020,6,"Male","Black",45,9
2020,6,"Male","Black",50,14
2020,6,"Male","Black",55,19
2020,6,"Male","Black",60,34
2020,6,"Male","Black",65,32
2020,6,"Male","Black",70,38
2020,6,"Male","Black",75,35
2020,6,"Male","Black",80,75
2020,6,"Female","Brown",0,50
2020,6,"Female","Brown",5,3
2020,6,"Female","Brown",10,4
2020,6,"Female","Brown",15,8
2020,6,"Female","Brown",20,14
2020,6,"Female","Brown",25,14
2020,6,"Female","Brown",30,20
2020,6,"Female","Brown",35,22
2020,6,"Female","Brown",40,28
2020,6,"Female","Brown",45,44
2020,6,"Female","Brown",50,56
2020,6,"Female","Brown",55,60
2020,6,"Female","Brown",60,76
2020,6,"Female","Brown",65,104
2020,6,"Female","Brown",70,134
2020,6,"Female","Brown",75,131
2020,6,"Female","Brown",80,361
2020,6,"Male","Brown",0,45
2020,6,"Male","Brown",5,8
2020,6,"Male","Brown",10,7
2020,6,"Male","Brown",15,30
2020,6,"Male","Brown",20,49
2020,6,"Male","Brown",25,44
2020,6,"Male","Brown",30,64
2020,6,"Male","Brown",35,53
2020,6,"Male","Brown",40,79
2020,6,"Male","Brown",45,86
2020,6,"Male","Brown",50,80
2020,6,"Male","Brown",55,95
2020,6,"Male","Brown",60,124
2020,6,"Male","Brown",65,182
2020,6,"Male","Brown",70,199
2020,6,"Male","Brown",75,243
2020,6,"Male","Brown",80,484
2020,6,"Female","Indigenous",0,3
2020,6,"Female","Indigenous",15,1
2020,6,"Female","Indigenous",35,3
2020,6,"Female","Indigenous",60,2
2020,6,"Female","Indigenous",70,2
2020,6,"Female","Indigenous",80,6
2020,6,"Male","Indigenous",0,1
2020,6,"Male","Indigenous",30,2
2020,6,"Male","Indigenous",35,1
2020,6,"Male","Indigenous",40,1
2020,6,"Male","Indigenous",45,1
2020,6,"Male","Indigenous",60,2
2020,6,"Male","Indigenous",65,1
2020,6,"Male","Indigenous",70,3
2020,6,"Male","Indigenous",75,1
2020,6,"Male","Indigenous",80,14
2020,6,"Female","White",0,8
2020,6,"Female","White",5,2
2020,6,"Female","White",10,1
2020,6,"Female","White",15,1
2020,6,"Female","White",20,1
2020,6,"Female","White",25,6
2020,6,"Female","White",30,6
2020,6,"Female","White",35,6
2020,6,"Female","White",40,7
2020,6,"Female","White",45,7
2020,6,"Female","White",50,14
2020,6,"Female","White",55,22
2020,6,"Female","White",60,21
2020,6,"Female","White",65,39
2020,6,"Female","White",70,43
2020,6,"Female","White",75,42
2020,6,"Female","White",80,136
2020,6,"Male","White",0,8
2020,6,"Male","White",10,1
2020,6,"Male","White",15,6
2020,6,"Male","White",20,6
2020,6,"Male","White",25,5
2020,6,"Male","White",30,10
2020,6,"Male","White",35,11
2020,6,"Male","White",40,11
2020,6,"Male","White",45,13
2020,6,"Male","White",50,15
2020,6,"Male","White",55,28
2020,6,"Male","White",60,32
2020,6,"Male","White",65,41
2020,6,"Male","White",70,57
2020,6,"Male","White",75,61
2020,6,"Male","White",80,150
2020,7,"Female","Asian",15,1
2020,7,"Female","Asian",45,1
2020,7,"Female","Asian",55,1
2020,7,"Female","Asian",70,1
2020,7,"Female","Asian",80,2
2020,7,"Male","Asian",0,1
2020,7,"Male","Asian",10,1
2020,7,"Male","Asian",20,1
2020,7,"Male","Asian",55,1
2020,7,"Male","Asian",60,1
2020,7,"Male","Asian",70,2
2020,7,"Male","Asian",80,2
2020,7,"Female","Black",0,2
2020,7,"Female","Black",5,2
2020,7,"Female","Black",15,1
2020,7,"Female","Black",20,3
2020,7,"Female","Black",25,2
2020,7,"Female","Black",30,5
2020,7,"Female","Black",35,6
2020,7,"Female","Black",40,4
2020,7,"Female","Black",45,4
2020,7,"Female","Black",50,11
2020,7,"Female","Black",55,7
2020,7,"Female","Black",60,7
2020,7,"Female","Black",65,12
2020,7,"Female","Black",70,20
2020,7,"Female","Black",75,20
2020,7,"Female","Black",80,42
2020,7,"Male","Black",10,3
2020,7,"Male","Black",15,1
2020,7,"Male","Black",20,4
2020,7,"Male","Black",25,8
2020,7,"Male","Black",30,7
2020,7,"Male","Black",35,12
2020,7,"Male","Black",40,9
2020,7,"Male","Black",45,8
2020,7,"Male","Black",50,21
2020,7,"Male","Black",55,17
2020,7,"Male","Black",60,23
2020,7,"Male","Black",65,21
2020,7,"Male","Black",70,24
2020,7,"Male","Black",75,23
2020,7,"Male","Black",80,53
2020,7,"Female","Brown",0,52
2020,7,"Female","Brown",5,2
2020,7,"Female","Brown",10,7
2020,7,"Female","Brown",15,9
2020,7,"Female","Brown",20,16
2020,7,"Female","Brown",25,10
2020,7,"Female","Brown",30,19
2020,7,"Female","Brown",35,21
2020,7,"Female","Brown",40,42
2020,7,"Female","Brown",45,31
2020,7,"Female","Brown",50,53
2020,7,"Female","Brown",55,64
2020,7,"Female","Brown",60,69
2020,7,"Female","Brown",65,84
2020,7,"Female","Brown",70,110
2020,7,"Female","Brown",75,105
2020,7,"Female","Brown",80,314
2020,7,"Male","Brown",0,59
2020,7,"Male","Brown",10,9
2020,7,"Male","Brown",15,39
2020,7,"Male","Brown",20,47
2020,7,"Male","Brown",25,45
2020,7,"Male","Brown",30,64
2020,7,"Male","Brown",35,83
2020,7,"Male","Brown",40,55
2020,7,"Male","Brown",45,44
2020,7,"Male","Brown",50,78
2020,7,"Male","Brown",55,110
2020,7,"Male","Brown",60,120
2020,7,"Male","Brown",65,147
2020,7,"Male","Brown",70,150
2020,7,"Male","Brown",75,154
2020,7,"Male","Brown",80,333
2020,7,"Female","Indigenous",0,1
2020,7,"Female","Indigenous",15,1
2020,7,"Female","Indigenous",25,2
2020,7,"Female","Indigenous",40,2
2020,7,"Female","Indigenous",55,1
2020,7,"Female","Indigenous",60,1
2020,7,"Female","Indigenous",75,1
2020,7,"Female","Indigenous",80,7
2020,7,"Male","Indigenous",0,4
2020,7,"Male","Indigenous",55,1
2020,7,"Male","Indigenous",60,1
2020,7,"Male","Indigenous",70,3
2020,7,"Male","Indigenous",75,3
2020,7,"Male","Indigenous",80,11
2020,7,"Female","White",0,8
2020,7,"Female","White",15,5
2020,7,"Female","White",20,4
2020,7,"Female","White",25,2
2020,7,"Female","White",30,3
2020,7,"Female","White",35,5
2020,7,"Female","White",40,4
2020,7,"Female","White",45,11
2020,7,"Female","White",50,11
2020,7,"Female","White",55,9
2020,7,"Female","White",60,22
2020,7,"Female","White",65,31
2020,7,"Female","White",70,38
2020,7,"Female","White",75,47
2020,7,"Female","White",80,137
2020,7,"Male","White",0,6
2020,7,"Male","White",5,2
2020,7,"Male","White",15,6
2020,7,"Male","White",20,12
2020,7,"Male","White",25,9
2020,7,"Male","White",30,13
2020,7,"Male","White",35,10
2020,7,"Male","White",40,11
2020,7,"Male","White",45,13
2020,7,"Male","White",50,14
2020,7,"Male","White",55,15
2020,7,"Male","White",60,19
2020,7,"Male","White",65,29
2020,7,"Male","White",70,47
2020,7,"Male","White",75,43
2020,7,"Male","White",80,113
2020,8,"Female","Asian",45,1
2020,8,"Female","Asian",60,1
2020,8,"Female","Asian",65,1
2020,8,"Female","Asian",75,2
2020,8,"Female","Asian",80,6
2020,8,"Male","Asian",0,1
2020,8,"Male","Asian",70,2
2020,8,"Male","Asian",80,7
2020,8,"Female","Black",0,1
2020,8,"Female","Black",10,1
2020,8,"Female","Black",20,1
2020,8,"Female","Black",25,1
2020,8,"Female","Black",30,1
2020,8,"Female","Black",35,4
2020,8,"Female","Black",40,4
2020,8,"Female","Black",45,8
2020,8,"Female","Black",50,8
2020,8,"Female","Black",55,12
2020,8,"Female","Black",60,7
2020,8,"Female","Black",65,15
2020,8,"Female","Black",70,11
2020,8,"Female","Black",75,18
2020,8,"Female","Black",80,39
2020,8,"Male","Black",0,2
2020,8,"Male","Black",5,1
2020,8,"Male","Black",10,1
2020,8,"Male","Black",15,4
2020,8,"Male","Black",20,3
2020,8,"Male","Black",25,8
2020,8,"Male","Black",30,4
2020,8,"Male","Black",35,12
2020,8,"Male","Black",40,16
2020,8,"Male","Black",45,8
2020,8,"Male","Black",50,13
2020,8,"Male","Black",55,8
2020,8,"Male","Black",60,17
2020,8,"Male","Black",65,23
2020,8,"Male","Black",70,21
2020,8,"Male","Black",75,34
2020,8,"Male","Black",80,49
2020,8,"Female","Brown",0,44
2020,8,"Female","Brown",5,3
2020,8,"Female","Brown",10,3
2020,8,"Female","Brown",15,12
2020,8,"Female","Brown",20,8
2020,8,"Female","Brown",25,15
2020,8,"Female","Brown",30,15
2020,8,"Female","Brown",35,32
2020,8,"Female","Brown",40,38
2020,8,"Female","Brown",45,35
2020,8,"Female","Brown",50,43
2020,8,"Female","Brown",55,43
2020,8,"Female","Brown",60,71
2020,8,"Female","Brown",65,86
2020,8,"Female","Brown",70,85
2020,8,"Female","Brown",75,90
2020,8,"Female","Brown",80,288
2020,8,"Male","Brown",0,43
2020,8,"Male","Brown",5,1
2020,8,"Male","Brown",10,11
2020,8,"Male","Brown",15,46
2020,8,"Male","Brown",20,64
2020,8,"Male","Brown",25,53
2020,8,"Male","Brown",30,57
2020,8,"Male","Brown",35,83
2020,8,"Male","Brown",40,61
2020,8,"Male","Brown",45,66
2020,8,"Male","Brown",50,86
2020,8,"Male","Brown",55,123
2020,8,"Male","Brown",60,115
2020,8,"Male","Brown",65,116
2020,8,"Male","Brown",70,142
2020,8,"Male","Brown",75,146
2020,8,"Male","Brown",80,314
2020,8,"Female","Indigenous",0,3
2020,8,"Female","Indigenous",20,1
2020,8,"Female","Indigenous",60,1
2020,8,"Female","Indigenous",70,1
2020,8,"Female","Indigenous",80,1
2020,8,"Male","Indigenous",0,1
2020,8,"Male","Indigenous",20,1
2020,8,"Male","Indigenous",25,1
2020,8,"Male","Indigenous",30,1
2020,8,"Male","Indigenous",50,1
2020,8,"Male","Indigenous",80,5
2020,8,"Female","White",0,8
2020,8,"Female","White",5,1
2020,8,"Female","White",10,1
2020,8,"Female","White",15,5
2020,8,"Female","White",20,3
2020,8,"Female","White",25,1
2020,8,"Female","White",30,5
2020,8,"Female","White",35,8
2020,8,"Female","White",40,5
2020,8,"Female","White",45,10
2020,8,"Female","White",50,15
2020,8,"Female","White",55,17
2020,8,"Female","White",60,15
2020,8,"Female","White",65,28
2020,8,"Female","White",70,36
2020,8,"Female","White",75,35
2020,8,"Female","White",80,135
2020,8,"Male","White",0,13
2020,8,"Male","White",5,1
2020,8,"Male","White",15,8
2020,8,"Male","White",20,7
2020,8,"Male","White",25,8
2020,8,"Male","White",30,12
2020,8,"Male","White",35,14
2020,8,"Male","White",40,12
2020,8,"Male","White",45,12
2020,8,"Male","White",50,23
2020,8,"Male","White",55,14
2020,8,"Male","White",60,23
2020,8,"Male","White",65,26
2020,8,"Male","White",70,43
2020,8,"Male","White",75,44
2020,8,"Male","White",80,111
2020,9,"Female","Asian",15,1
2020,9,"Female","Asian",55,1
2020,9,"Female","Asian",70,1
2020,9,"Male","Asian",25,1
2020,9,"Male","Asian",50,2
2020,9,"Male","Asian",60,1
2020,9,"Male","Asian",80,1
2020,9,"Female","Black",0,5
2020,9,"Female","Black",15,1
2020,9,"Female","Black",20,2
2020,9,"Female","Black",25,2
2020,9,"Female","Black",30,1
2020,9,"Female","Black",35,1
2020,9,"Female","Black",40,4
2020,9,"Female","Black",45,8
2020,9,"Female","Black",50,11
2020,9,"Female","Black",55,11
2020,9,"Female","Black",60,13
2020,9,"Female","Black",65,14
2020,9,"Female","Black",70,12
2020,9,"Female","Black",75,12
2020,9,"Female","Black",80,47
2020,9,"Male","Black",0,3
2020,9,"Male","Black",5,1
2020,9,"Male","Black",10,1
2020,9,"Male","Black",15,6
2020,9,"Male","Black",20,9
2020,9,"Male","Black",25,3
2020,9,"Male","Black",30,13
2020,9,"Male","Black",35,11
2020,9,"Male","Black",40,10
2020,9,"Male","Black",45,10
2020,9,"Male","Black",50,12
2020,9,"Male","Black",55,18
2020,9,"Male","Black",60,13
2020,9,"Male","Black",65,11
2020,9,"Male","Black",70,19
2020,9,"Male","Black",75,21
2020,9,"Male","Black",80,49
2020,9,"Female","Brown",0,39
2020,9,"Female","Brown",5,2
2020,9,"Female","Brown",15,9
2020,9,"Female","Brown",20,13
2020,9,"Female","Brown",25,16
2020,9,"Female","Brown",30,17
2020,9,"Female","Brown",35,26
2020,9,"Female","Brown",40,30
2020,9,"Female","Brown",45,33
2020,9,"Female","Brown",50,41
2020,9,"Female","Brown",55,46
2020,9,"Female","Brown",60,58
2020,9,"Female","Brown",65,81
2020,9,"Female","Brown",70,79
2020,9,"Female","Brown",75,84
2020,9,"Female","Brown",80,238
2020,9,"Male","Brown",0,52
2020,9,"Male","Brown",5,7
2020,9,"Male","Brown",10,19
2020,9,"Male","Brown",15,42
2020,9,"Male","Brown",20,65
2020,9,"Male","Brown",25,66
2020,9,"Male","Brown",30,49
2020,9,"Male","Brown",35,64
2020,9,"Male","Brown",40,59
2020,9,"Male","Brown",45,72
2020,9,"Male","Brown",50,65
2020,9,"Male","Brown",55,71
2020,9,"Male","Brown",60,86
2020,9,"Male","Brown",65,86
2020,9,"Male","Brown",70,91
2020,9,"Male","Brown",75,109
2020,9,"Male","Brown",80,264
2020,9,"Female","Indigenous",0,3
2020,9,"Female","Indigenous",65,1
2020,9,"Female","Indigenous",80,1
2020,9,"Male","Indigenous",0,1
2020,9,"Male","Indigenous",60,1
2020,9,"Male","Indigenous",65,2
2020,9,"Male","Indigenous",80,1
2020,9,"Female","White",0,20
2020,9,"Female","White",10,1
2020,9,"Female","White",15,3
2020,9,"Female","White",20,5
2020,9,"Female","White",25,2
2020,9,"Female","White",30,9
2020,9,"Female","White",35,1
2020,9,"Female","White",40,10
2020,9,"Female","White",45,6
2020,9,"Female","White",50,17
2020,9,"Female","White",55,15
2020,9,"Female","White",60,12
2020,9,"Female","White",65,17
2020,9,"Female","White",70,24
2020,9,"Female","White",75,39
2020,9,"Female","White",80,127
2020,9,"Male","White",0,13
2020,9,"Male","White",5,2
2020,9,"Male","White",10,1
2020,9,"Male","White",15,3
2020,9,"Male","White",20,6
2020,9,"Male","White",25,6
2020,9,"Male","White",30,9
2020,9,"Male","White",35,9
2020,9,"Male","White",40,8
2020,9,"Male","White",45,8
2020,9,"Male","White",50,13
2020,9,"Male","White",55,13
2020,9,"Male","White",60,14
2020,9,"Male","White",65,25
2020,9,"Male","White",70,27
2020,9,"Male","White",75,41
2020,9,"Male","White",80,101
2020,10,"Female","Asian",25,1
2020,10,"Female","Asian",70,1
2020,10,"Female","Asian",80,1
2020,10,"Male","Asian",15,1
2020,10,"Male","Asian",25,1
2020,10,"Male","Asian",35,1
2020,10,"Male","Asian",50,1
2020,10,"Male","Asian",60,1
2020,10,"Male","Asian",70,1
2020,10,"Male","Asian",80,1
2020,10,"Female","Black",0,3
2020,10,"Female","Black",15,1
2020,10,"Female","Black",20,5
2020,10,"Female","Black",25,1
2020,10,"Female","Black",30,1
2020,10,"Female","Black",35,6
2020,10,"Female","Black",40,5
2020,10,"Female","Black",45,5
2020,10,"Female","Black",50,10
2020,10,"Female","Black",55,6
2020,10,"Female","Black",60,4
2020,10,"Female","Black",65,11
2020,10,"Female","Black",70,17
2020,10,"Female","Black",75,9
2020,10,"Female","Black",80,32
2020,10,"Male","Black",0,3
2020,10,"Male","Black",5,1
2020,10,"Male","Black",10,2
2020,10,"Male","Black",15,4
2020,10,"Male","Black",20,12
2020,10,"Male","Black",25,12
2020,10,"Male","Black",30,11
2020,10,"Male","Black",35,7
2020,10,"Male","Black",40,5
2020,10,"Male","Black",45,5
2020,10,"Male","Black",50,5
2020,10,"Male","Black",55,12
2020,10,"Male","Black",60,26
2020,10,"Male","Black",65,19
2020,10,"Male","Black",70,21
2020,10,"Male","Black",75,19
2020,10,"Male","Black",80,37
2020,10,"Female","Brown",0,31
2020,10,"Female","Brown",5,3
2020,10,"Female","Brown",10,2
2020,10,"Female","Brown",15,12
2020,10,"Female","Brown",20,16
2020,10,"Female","Brown",25,16
2020,10,"Female","Brown",30,17
2020,10,"Female","Brown",35,20
2020,10,"Female","Brown",40,28
2020,10,"Female","Brown",45,26
2020,10,"Female","Brown",50,45
2020,10,"Female","Brown",55,52
2020,10,"Female","Brown",60,63
2020,10,"Female","Brown",65,79
2020,10,"Female","Brown",70,78
2020,10,"Female","Brown",75,83
2020,10,"Female","Brown",80,241
2020,10,"Male","Brown",0,51
2020,10,"Male","Brown",5,5
2020,10,"Male","Brown",10,9
2020,10,"Male","Brown",15,42
2020,10,"Male","Brown",20,63
2020,10,"Male","Brown",25,60
2020,10,"Male","Brown",30,62
2020,10,"Male","Brown",35,68
2020,10,"Male","Brown",40,66
2020,10,"Male","Brown",45,63
2020,10,"Male","Brown",50,94
2020,10,"Male","Brown",55,72
2020,10,"Male","Brown",60,82
2020,10,"Male","Brown",65,98
2020,10,"Male","Brown",70,120
2020,10,"Male","Brown",75,126
2020,10,"Male","Brown",80,240
2020,10,"Female","Indigenous",10,1
2020,10,"Female","Indigenous",25,1
2020,10,"Female","Indigenous",35,1
2020,10,"Female","Indigenous",40,1
2020,10,"Female","Indigenous",50,1
2020,10,"Female","Indigenous",70,1
2020,10,"Female","Indigenous",80,4
2020,10,"Male","Indigenous",0,3
2020,10,"Male","Indigenous",25,2
2020,10,"Male","Indigenous",30,1
2020,10,"Male","Indigenous",40,2
2020,10,"Male","Indigenous",45,1
2020,10,"Male","Indigenous",50,1
2020,10,"Male","Indigenous",55,2
2020,10,"Male","Indigenous",60,2
2020,10,"Male","Indigenous",70,1
2020,10,"Male","Indigenous",80,2
2020,10,"Female","White",0,5
2020,10,"Female","White",5,2
2020,10,"Female","White",10,2
2020,10,"Female","White",15,1
2020,10,"Female","White",20,4
2020,10,"Female","White",25,6
2020,10,"Female","White",30,4
2020,10,"Female","White",35,7
2020,10,"Female","White",40,5
2020,10,"Female","White",45,9
2020,10,"Female","White",50,6
2020,10,"Female","White",55,15
2020,10,"Female","White",60,21
2020,10,"Female","White",65,33
2020,10,"Female","White",70,19
2020,10,"Female","White",75,32
2020,10,"Female","White",80,115
2020,10,"Male","White",0,9
2020,10,"Male","White",15,2
2020,10,"Male","White",20,14
2020,10,"Male","White",25,14
2020,10,"Male","White",30,9
2020,10,"Male","White",35,5
2020,10,"Male","White",40,8
2020,10,"Male","White",45,12
2020,10,"Male","White",50,11
2020,10,"Male","White",55,14
2020,10,"Male","White",60,20
2020,10,"Male","White",65,29
2020,10,"Male","White",70,23
2020,10,"Male","White",75,35
2020,10,"Male","White",80,75
2020,11,"Female","Asian",55,1
2020,11,"Female","Asian",60,1
2020,11,"Female","Asian",65,1
2020,11,"Female","Asian",80,2
2020,11,"Male","Asian",40,1
2020,11,"Male","Asian",55,1
2020,11,"Male","Asian",70,2
2020,11,"Male","Asian",80,3
2020,11,"Female","Black",15,1
2020,11,"Female","Black",20,1
2020,11,"Female","Black",25,1
2020,11,"Female","Black",30,1
2020,11,"Female","Black",35,3
2020,11,"Female","Black",40,2
2020,11,"Female","Black",45,6
2020,11,"Female","Black",50,5
2020,11,"Female","Black",55,5
2020,11,"Female","Black",60,12
2020,11,"Female","Black",65,10
2020,11,"Female","Black",70,17
2020,11,"Female","Black",75,11
2020,11,"Female","Black",80,36
2020,11,"Male","Black",5,1
2020,11,"Male","Black",15,8
2020,11,"Male","Black",20,13
2020,11,"Male","Black",25,5
2020,11,"Male","Black",30,6
2020,11,"Male","Black",35,11
2020,11,"Male","Black",40,15
2020,11,"Male","Black",45,3
2020,11,"Male","Black",50,7
2020,11,"Male","Black",55,10
2020,11,"Male","Black",60,23
2020,11,"Male","Black",65,17
2020,11,"Male","Black",70,25
2020,11,"Male","Black",75,19
2020,11,"Male","Black",80,34
2020,11,"Female","Brown",0,31
2020,11,"Female","Brown",5,1
2020,11,"Female","Brown",10,4
2020,11,"Female","Brown",15,5
2020,11,"Female","Brown",20,11
2020,11,"Female","Brown",25,9
2020,11,"Female","Brown",30,20
2020,11,"Female","Brown",35,24
2020,11,"Female","Brown",40,27
2020,11,"Female","Brown",45,31
2020,11,"Female","Brown",50,38
2020,11,"Female","Brown",55,50
2020,11,"Female","Brown",60,63
2020,11,"Female","Brown",65,63
2020,11,"Female","Brown",70,77
2020,11,"Female","Brown",75,88
2020,11,"Female","Brown",80,234
2020,11,"Male","Brown",0,47
2020,11,"Male","Brown",5,4
2020,11,"Male","Brown",10,11
2020,11,"Male","Brown",15,48
2020,11,"Male","Brown",20,51
2020,11,"Male","Brown",25,58
2020,11,"Male","Brown",30,60
2020,11,"Male","Brown",35,62
2020,11,"Male","Brown",40,59
2020,11,"Male","Brown",45,75
2020,11,"Male","Brown",50,70
2020,11,"Male","Brown",55,81
2020,11,"Male","Brown",60,85
2020,11,"Male","Brown",65,102
2020,11,"Male","Brown",70,111
2020,11,"Male","Brown",75,105
2020,11,"Male","Brown",80,223
2020,11,"Female","Indigenous",0,4
2020,11,"Female","Indigenous",40,1
2020,11,"Female","Indigenous",45,1
2020,11,"Female","Indigenous",50,1
2020,11,"Female","Indigenous",75,1
2020,11,"Male","Indigenous",0,5
2020,11,"Male","Indigenous",5,1
2020,11,"Male","Indigenous",15,2
2020,11,"Male","Indigenous",25,1
2020,11,"Male","Indigenous",30,2
2020,11,"Male","Indigenous",35,1
2020,11,"Male","Indigenous",80,2
2020,11,"Female","White",0,9
2020,11,"Female","White",5,3
2020,11,"Female","White",10,1
2020,11,"Female","White",15,1
2020,11,"Female","White",20,2
2020,11,"Female","White",25,2
2020,11,"Female","White",30,5
2020,11,"Female","White",35,3
2020,11,"Female","White",40,6
2020,11,"Female","White",45,4
2020,11,"Female","White",50,10
2020,11,"Female","White",55,17
2020,11,"Female","White",60,20
2020,11,"Female","White",65,27
2020,11,"Female","White",70,22
2020,11,"Female","White",75,30
2020,11,"Female","White",80,104
2020,11,"Male","White",0,11
2020,11,"Male","White",5,1
2020,11,"Male","White",10,2
2020,11,"Male","White",15,7
2020,11,"Male","White",20,9
2020,11,"Male","White",25,9
2020,11,"Male","White",30,8
2020,11,"Male","White",35,9
2020,11,"Male","White",40,14
2020,11,"Male","White",45,7
2020,11,"Male","White",50,12
2020,11,"Male","White",55,17
2020,11,"Male","White",60,18
2020,11,"Male","White",65,29
2020,11,"Male","White",70,29
2020,11,"Male","White",75,38
2020,11,"Male","White",80,75
2020,12,"Female","Asian",35,2
2020,12,"Female","Asian",60,2
2020,12,"Female","Asian",65,1
2020,12,"Female","Asian",70,2
2020,12,"Female","Asian",80,1
2020,12,"Male","Asian",0,1
2020,12,"Male","Asian",15,1
2020,12,"Male","Asian",20,1
2020,12,"Male","Asian",35,1
2020,12,"Male","Asian",40,1
2020,12,"Male","Asian",55,1
2020,12,"Male","Asian",60,1
2020,12,"Male","Asian",65,1
2020,12,"Male","Asian",80,4
2020,12,"Female","Black",10,1
2020,12,"Female","Black",15,1
2020,12,"Female","Black",20,2
2020,12,"Female","Black",25,2
2020,12,"Female","Black",30,4
2020,12,"Female","Black",35,5
2020,12,"Female","Black",40,5
2020,12,"Female","Black",45,3
2020,12,"Female","Black",50,5
2020,12,"Female","Black",55,6
2020,12,"Female","Black",60,11
2020,12,"Female","Black",65,14
2020,12,"Female","Black",70,6
2020,12,"Female","Black",75,10
2020,12,"Female","Black",80,27
2020,12,"Male","Black",0,3
2020,12,"Male","Black",10,1
2020,12,"Male","Black",15,4
2020,12,"Male","Black",20,6
2020,12,"Male","Black",25,6
2020,12,"Male","Black",30,9
2020,12,"Male","Black",35,15
2020,12,"Male","Black",40,9
2020,12,"Male","Black",45,17
2020,12,"Male","Black",50,17
2020,12,"Male","Black",55,13
2020,12,"Male","Black",60,18
2020,12,"Male","Black",65,19
2020,12,"Male","Black",70,22
2020,12,"Male","Black",75,17
2020,12,"Male","Black",80,50
2020,12,"Female","Brown",0,47
2020,12,"Female","Brown",5,1
2020,12,"Female","Brown",10,1
2020,12,"Female","Brown",15,6
2020,12,"Female","Brown",20,14
2020,12,"Female","Brown",25,17
2020,12,"Female","Brown",30,12
2020,12,"Female","Brown",35,19
2020,12,"Female","Brown",40,29
2020,12,"Female","Brown",45,26
2020,12,"Female","Brown",50,49
2020,12,"Female","Brown",55,50
2020,12,"Female","Brown",60,54
2020,12,"Female","Brown",65,90
2020,12,"Female","Brown",70,68
2020,12,"Female","Brown",75,75
2020,12,"Female","Brown",80,232
2020,12,"Male","Brown",0,44
2020,12,"Male","Brown",5,5
2020,12,"Male","Brown",10,7
2020,12,"Male","Brown",15,34
2020,12,"Male","Brown",20,54
2020,12,"Male","Brown",25,58
2020,12,"Male","Brown",30,62
2020,12,"Male","Brown",35,75
2020,12,"Male","Brown",40,69
2020,12,"Male","Brown",45,51
2020,12,"Male","Brown",50,71
2020,12,"Male","Brown",55,60
2020,12,"Male","Brown",60,109
2020,12,"Male","Brown",65,115
2020,12,"Male","Brown",70,115
2020,12,"Male","Brown",75,103
2020,12,"Male","Brown",80,249
2020,12,"Female","Indigenous",20,1
2020,12,"Female","Indigenous",30,1
2020,12,"Female","Indigenous",35,1
2020,12,"Female","Indigenous",55,1
2020,12,"Female","Indigenous",75,1
2020,12,"Female","Indigenous",80,2
2020,12,"Male","Indigenous",0,3
2020,12,"Male","Indigenous",20,1
2020,12,"Male","Indigenous",50,1
2020,12,"Male","Indigenous",55,1
2020,12,"Male","Indigenous",60,1
2020,12,"Male","Indigenous",80,3
2020,12,"Female","White",0,9
2020,12,"Female","White",5,1
2020,12,"Female","White",10,2
2020,12,"Female","White",15,1
2020,12,"Female","White",20,3
2020,12,"Female","White",25,2
2020,12,"Female","White",30,4
2020,12,"Female","White",35,5
2020,12,"Female","White",40,8
2020,12,"Female","White",45,14
2020,12,"Female","White",50,10
2020,12,"Female","White",55,13
2020,12,"Female","White",60,14
2020,12,"Female","White",65,28
2020,12,"Female","White",70,26
2020,12,"Female","White",75,32
2020,12,"Female","White",80,104
2020,12,"Male","White",0,10
2020,12,"Male","White",10,1
2020,12,"Male","White",15,4
2020,12,"Male","White",20,8
2020,12,"Male","White",25,6
2020,12,"Male","White",30,4
2020,12,"Male","White",35,13
2020,12,"Male","White",40,8
2020,12,"Male","White",45,12
2020,12,"Male","White",50,16
2020,12,"Male","White",55,22
2020,12,"Male","White",60,18
2020,12,"Male","White",65,42
2020,12,"Male","White",70,45
2020,12,"Male","White",75,38
2020,12,"Male","White",80,90
2021,1,"Female","Asian",45,1
2021,1,"Female","Asian",55,1
2021,1,"Female","Asian",75,1
2021,1,"Female","Asian",80,4
2021,1,"Male","Asian",35,1
2021,1,"Male","Asian",40,1
2021,1,"Male","Asian",45,1
2021,1,"Male","Asian",55,1
2021,1,"Male","Asian",60,2
2021,1,"Male","Asian",80,2
2021,1,"Female","Black",0,1
2021,1,"Female","Black",10,2
2021,1,"Female","Black",20,3
2021,1,"Female","Black",25,2
2021,1,"Female","Black",30,1
2021,1,"Female","Black",35,6
2021,1,"Female","Black",40,8
2021,1,"Female","Black",45,3
2021,1,"Female","Black",50,10
2021,1,"Female","Black",55,8
2021,1,"Female","Black",60,11
2021,1,"Female","Black",65,12
2021,1,"Female","Black",70,8
2021,1,"Female","Black",75,23
2021,1,"Female","Black",80,45
2021,1,"Male","Black",0,1
2021,1,"Male","Black",15,3
2021,1,"Male","Black",20,11
2021,1,"Male","Black",25,10
2021,1,"Male","Black",30,9
2021,1,"Male","Black",35,7
2021,1,"Male","Black",40,12
2021,1,"Male","Black",45,16
2021,1,"Male","Black",50,12
2021,1,"Male","Black",55,15
2021,1,"Male","Black",60,22
2021,1,"Male","Black",65,27
2021,1,"Male","Black",70,20
2021,1,"Male","Black",75,24
2021,1,"Male","Black",80,56
2021,1,"Female","Brown",0,41
2021,1,"Female","Brown",5,1
2021,1,"Female","Brown",10,5
2021,1,"Female","Brown",15,11
2021,1,"Female","Brown",20,10
2021,1,"Female","Brown",25,9
2021,1,"Female","Brown",30,24
2021,1,"Female","Brown",35,27
2021,1,"Female","Brown",40,34
2021,1,"Female","Brown",45,38
2021,1,"Female","Brown",50,36
2021,1,"Female","Brown",55,46
2021,1,"Female","Brown",60,56
2021,1,"Female","Brown",65,73
2021,1,"Female","Brown",70,82
2021,1,"Female","Brown",75,93
2021,1,"Female","Brown",80,254
2021,1,"Male","Brown",0,44
2021,1,"Male","Brown",5,5
2021,1,"Male","Brown",10,7
2021,1,"Male","Brown",15,44
2021,1,"Male","Brown",20,54
2021,1,"Male","Brown",25,49
2021,1,"Male","Brown",30,52
2021,1,"Male","Brown",35,73
2021,1,"Male","Brown",40,71
2021,1,"Male","Brown",45,83
2021,1,"Male","Brown",50,76
2021,1,"Male","Brown",55,90
2021,1,"Male","Brown",60,86
2021,1,"Male","Brown",65,103
2021,1,"Male","Brown",70,127
2021,1,"Male","Brown",75,125
2021,1,"Male","Brown",80,303
2021,1,"Female","Indigenous",0,4
2021,1,"Female","Indigenous",5,1
2021,1,"Female","Indigenous",15,1
2021,1,"Female","Indigenous",40,1
2021,1,"Female","Indigenous",80,1
2021,1,"Male","Indigenous",0,1
2021,1,"Male","Indigenous",25,1
2021,1,"Male","Indigenous",30,1
2021,1,"Male","Indigenous",40,3
2021,1,"Male","Indigenous",45,1
2021,1,"Male","Indigenous",65,1
2021,1,"Male","Indigenous",70,1
2021,1,"Male","Indigenous",80,1
2021,1,"Female","White",0,10
2021,1,"Female","White",10,1
2021,1,"Female","White",15,3
2021,1,"Female","White",20,2
2021,1,"Female","White",25,4
2021,1,"Female","White",30,4
2021,1,"Female","White",35,4
2021,1,"Female","White",40,7
2021,1,"Female","White",45,2
2021,1,"Female","White",50,8
2021,1,"Female","White",55,9
2021,1,"Female","White",60,20
2021,1,"Female","White",65,28
2021,1,"Female","White",70,32
2021,1,"Female","White",75,39
2021,1,"Female","White",80,111
2021,1,"Male","White",0,9
2021,1,"Male","White",5,1
2021,1,"Male","White",10,1
2021,1,"Male","White",15,3
2021,1,"Male","White",20,9
2021,1,"Male","White",25,8
2021,1,"Male","White",30,11
2021,1,"Male","White",35,18
2021,1,"Male","White",40,12
2021,1,"Male","White",45,11
2021,1,"Male","White",50,14
2021,1,"Male","White",55,21
2021,1,"Male","White",60,19
2021,1,"Male","White",65,28
2021,1,"Male","White",70,26
2021,1,"Male","White",75,45
2021,1,"Male","White",80,115
2021,2,"Female","Asian",0,1
2021,2,"Female","Asian",30,1
2021,2,"Female","Asian",55,1
2021,2,"Female","Asian",70,1
2021,2,"Female","Asian",75,2
2021,2,"Female","Asian",80,2
2021,2,"Male","Asian",25,1
2021,2,"Male","Asian",45,1
2021,2,"Male","Asian",50,1
2021,2,"Male","Asian",60,1
2021,2,"Male","Asian",65,1
2021,2,"Male","Asian",70,1
2021,2,"Male","Asian",75,2
2021,2,"Male","Asian",80,2
2021,2,"Female","Black",0,2
2021,2,"Female","Black",5,2
2021,2,"Female","Black",10,1
2021,2,"Female","Black",15,1
2021,2,"Female","Black",20,4
2021,2,"Female","Black",25,3
2021,2,"Female","Black",30,1
2021,2,"Female","Black",35,1
2021,2,"Female","Black",40,4
2021,2,"Female","Black",45,11
2021,2,"Female","Black",50,7
2021,2,"Female","Black",55,11
2021,2,"Female","Black",60,13
2021,2,"Female","Black",65,20
2021,2,"Female","Black",70,23
2021,2,"Female","Black",75,11
2021,2,"Female","Black",80,46
2021,2,"Male","Black",0,2
2021,2,"Male","Black",5,1
2021,2,"Male","Black",10,3
2021,2,"Male","Black",15,2
2021,2,"Male","Black",20,9
2021,2,"Male","Black",25,5
2021,2,"Male","Black",30,4
2021,2,"Male","Black",35,8
2021,2,"Male","Black",40,15
2021,2,"Male","Black",45,9
2021,2,"Male","Black",50,17
2021,2,"Male","Black",55,11
2021,2,"Male","Black",60,18
2021,2,"Male","Black",65,26
2021,2,"Male","Black",70,25
2021,2,"Male","Black",75,21
2021,2,"Male","Black",80,48
2021,2,"Female","Brown",0,24
2021,2,"Female","Brown",5,1
2021,2,"Female","Brown",10,4
2021,2,"Female","Brown",15,7
2021,2,"Female","Brown",20,11
2021,2,"Female","Brown",25,12
2021,2,"Female","Brown",30,16
2021,2,"Female","Brown",35,22
2021,2,"Female","Brown",40,28
2021,2,"Female","Brown",45,34
2021,2,"Female","Brown",50,48
2021,2,"Female","Brown",55,52
2021,2,"Female","Brown",60,64
2021,2,"Female","Brown",65,81
2021,2,"Female","Brown",70,110
2021,2,"Female","Brown",75,84
2021,2,"Female","Brown",80,248
2021,2,"Male","Brown",0,54
2021,2,"Male","Brown",5,3
2021,2,"Male","Brown",10,7
2021,2,"Male","Brown",15,34
2021,2,"Male","Brown",20,54
2021,2,"Male","Brown",25,62
2021,2,"Male","Brown",30,60
2021,2,"Male","Brown",35,59
2021,2,"Male","Brown",40,69
2021,2,"Male","Brown",45,62
2021,2,"Male","Brown",50,69
2021,2,"Male","Brown",55,95
2021,2,"Male","Brown",60,88
2021,2,"Male","Brown",65,122
2021,2,"Male","Brown",70,138
2021,2,"Male","Brown",75,137
2021,2,"Male","Brown",80,282
2021,2,"Female","Indigenous",0,2
2021,2,"Female","Indigenous",30,1
2021,2,"Female","Indigenous",35,1
2021,2,"Female","Indigenous",65,1
2021,2,"Female","Indigenous",80,2
2021,2,"Male","Indigenous",0,3
2021,2,"Male","Indigenous",15,1
2021,2,"Male","Indigenous",20,1
2021,2,"Male","Indigenous",45,2
2021,2,"Male","Indigenous",50,1
2021,2,"Male","Indigenous",75,1
2021,2,"Male","Indigenous",80,3
2021,2,"Female","White",0,5
2021,2,"Female","White",10,1
2021,2,"Female","White",25,4
2021,2,"Female","White",30,6
2021,2,"Female","White",35,3
2021,2,"Female","White",40,11
2021,2,"Female","White",45,11
2021,2,"Female","White",50,13
2021,2,"Female","White",55,9
2021,2,"Female","White",60,19
2021,2,"Female","White",65,33
2021,2,"Female","White",70,35
2021,2,"Female","White",75,42
2021,2,"Female","White",80,107
2021,2,"Male","White",0,8
2021,2,"Male","White",5,1
2021,2,"Male","White",10,4
2021,2,"Male","White",15,2
2021,2,"Male","White",20,9
2021,2,"Male","White",25,6
2021,2,"Male","White",30,12
2021,2,"Male","White",35,8
2021,2,"Male","White",40,12
2021,2,"Male","White",45,13
2021,2,"Male","White",50,10
2021,2,"Male","White",55,26
2021,2,"Male","White",60,35
2021,2,"Male","White",65,37
2021,2,"Male","White",70,39
2021,2,"Male","White",75,41
2021,2,"Male","White",80,112
2021,3,"Female","Asian",10,1
2021,3,"Female","Asian",50,1
2021,3,"Female","Asian",55,1
2021,3,"Female","Asian",65,1
2021,3,"Female","Asian",80,3
2021,3,"Male","Asian",55,2
2021,3,"Male","Asian",70,2
2021,3,"Male","Asian",75,1
2021,3,"Male","Asian",80,1
2021,3,"Female","Black",0,2
2021,3,"Female","Black",5,1
2021,3,"Female","Black",10,1
2021,3,"Female","Black",15,1
2021,3,"Female","Black",20,4
2021,3,"Female","Black",25,3
2021,3,"Female","Black",30,4
2021,3,"Female","Black",35,3
2021,3,"Female","Black",40,11
2021,3,"Female","Black",50,2
2021,3,"Female","Black",55,11
2021,3,"Female","Black",60,17
2021,3,"Female","Black",65,27
2021,3,"Female","Black",70,22
2021,3,"Female","Black",75,35
2021,3,"Female","Black",80,60
2021,3,"Male","Black",0,3
2021,3,"Male","Black",10,1
2021,3,"Male","Black",15,2
2021,3,"Male","Black",20,4
2021,3,"Male","Black",25,5
2021,3,"Male","Black",30,6
2021,3,"Male","Black",35,14
2021,3,"Male","Black",40,15
2021,3,"Male","Black",45,15
2021,3,"Male","Black",50,18
2021,3,"Male","Black",55,16
2021,3,"Male","Black",60,24
2021,3,"Male","Black",65,36
2021,3,"Male","Black",70,34
2021,3,"Male","Black",75,28
2021,3,"Male","Black",80,81
2021,3,"Female","Brown",0,42
2021,3,"Female","Brown",5,3
2021,3,"Female","Brown",10,6
2021,3,"Female","Brown",15,7
2021,3,"Female","Brown",20,10
2021,3,"Female","Brown",25,12
2021,3,"Female","Brown",30,17
2021,3,"Female","Brown",35,32
2021,3,"Female","Brown",40,36
2021,3,"Female","Brown",45,54
2021,3,"Female","Brown",50,82
2021,3,"Female","Brown",55,90
2021,3,"Female","Brown",60,120
2021,3,"Female","Brown",65,166
2021,3,"Female","Brown",70,161
2021,3,"Female","Brown",75,171
2021,3,"Female","Brown",80,372
2021,3,"Male","Brown",0,47
2021,3,"Male","Brown",5,6
2021,3,"Male","Brown",10,9
2021,3,"Male","Brown",15,23
2021,3,"Male","Brown",20,54
2021,3,"Male","Brown",25,50
2021,3,"Male","Brown",30,67
2021,3,"Male","Brown",35,81
2021,3,"Male","Brown",40,83
2021,3,"Male","Brown",45,85
2021,3,"Male","Brown",50,117
2021,3,"Male","Brown",55,115
2021,3,"Male","Brown",60,134
2021,3,"Male","Brown",65,205
2021,3,"Male","Brown",70,218
2021,3,"Male","Brown",75,204
2021,3,"Male","Brown",80,440
2021,3,"Female","Indigenous",0,4
2021,3,"Female","Indigenous",5,1
2021,3,"Female","Indigenous",10,1
2021,3,"Female","Indigenous",20,1
2021,3,"Female","Indigenous",30,1
2021,3,"Female","Indigenous",50,2
2021,3,"Female","Indigenous",75,1
2021,3,"Male","Indigenous",0,6
2021,3,"Male","Indigenous",10,1
2021,3,"Male","Indigenous",15,1
2021,3,"Male","Indigenous",20,1
2021,3,"Male","Indigenous",25,1
2021,3,"Male","Indigenous",55,1
2021,3,"Male","Indigenous",65,1
2021,3,"Male","Indigenous",70,1
2021,3,"Male","Indigenous",75,2
2021,3,"Male","Indigenous",80,2
2021,3,"Female","White",0,13
2021,3,"Female","White",20,1
2021,3,"Female","White",25,5
2021,3,"Female","White",30,9
2021,3,"Female","White",35,11
2021,3,"Female","White",40,13
2021,3,"Female","White",45,14
2021,3,"Female","White",50,20
2021,3,"Female","White",55,42
2021,3,"Female","White",60,43
2021,3,"Female","White",65,61
2021,3,"Female","White",70,45
2021,3,"Female","White",75,48
2021,3,"Female","White",80,166
2021,3,"Male","White",0,11
2021,3,"Male","White",5,1
2021,3,"Male","White",15,8
2021,3,"Male","White",20,5
2021,3,"Male","White",25,15
2021,3,"Male","White",30,7
2021,3,"Male","White",35,14
2021,3,"Male","White",40,27
2021,3,"Male","White",45,27
2021,3,"Male","White",50,39
2021,3,"Male","White",55,39
2021,3,"Male","White",60,49
2021,3,"Male","White",65,55
2021,3,"Male","White",70,68
2021,3,"Male","White",75,47
2021,3,"Male","White",80,176
2021,4,"Female","Asian",55,1
2021,4,"Female","Asian",75,1
2021,4,"Female","Asian",80,7
2021,4,"Male","Asian",15,1
2021,4,"Male","Asian",40,1
2021,4,"Male","Asian",45,1
2021,4,"Male","Asian",50,1
2021,4,"Male","Asian",70,1
2021,4,"Male","Asian",75,1
2021,4,"Male","Asian",80,1
2021,4,"Female","Black",0,1
2021,4,"Female","Black",10,1
2021,4,"Female","Black",15,2
2021,4,"Female","Black",20,2
2021,4,"Female","Black",25,1
2021,4,"Female","Black",30,2
2021,4,"Female","Black",35,4
2021,4,"Female","Black",40,4
2021,4,"Female","Black",45,9
2021,4,"Female","Black",50,13
2021,4,"Female","Black",55,20
2021,4,"Female","Black",60,18
2021,4,"Female","Black",65,21
2021,4,"Female","Black",70,19
2021,4,"Female","Black",75,19
2021,4,"Female","Black",80,52
2021,4,"Male","Black",0,1
2021,4,"Male","Black",15,3
2021,4,"Male","Black",20,9
2021,4,"Male","Black",25,7
2021,4,"Male","Black",30,7
2021,4,"Male","Black",35,20
2021,4,"Male","Black",40,13
2021,4,"Male","Black",45,15
2021,4,"Male","Black",50,20
2021,4,"Male","Black",55,22
2021,4,"Male","Black",60,41
2021,4,"Male","Black",65,29
2021,4,"Male","Black",70,30
2021,4,"Male","Black",75,34
2021,4,"Male","Black",80,70
2021,4,"Female","Brown",0,33
2021,4,"Female","Brown",5,2
2021,4,"Female","Brown",10,6
2021,4,"Female","Brown",15,12
2021,4,"Female","Brown",20,7
2021,4,"Female","Brown",25,15
2021,4,"Female","Brown",30,16
2021,4,"Female","Brown",35,37
2021,4,"Female","Brown",40,48
2021,4,"Female","Brown",45,43
2021,4,"Female","Brown",50,65
2021,4,"Female","Brown",55,69
2021,4,"Female","Brown",60,118
2021,4,"Female","Brown",65,148
2021,4,"Female","Brown",70,149
2021,4,"Female","Brown",75,153
2021,4,"Female","Brown",80,334
2021,4,"Male","Brown",0,54
2021,4,"Male","Brown",5,5
2021,4,"Male","Brown",10,8
2021,4,"Male","Brown",15,31
2021,4,"Male","Brown",20,43
2021,4,"Male","Brown",25,44
2021,4,"Male","Brown",30,52
2021,4,"Male","Brown",35,81
2021,4,"Male","Brown",40,73
2021,4,"Male","Brown",45,87
2021,4,"Male","Brown",50,101
2021,4,"Male","Brown",55,116
2021,4,"Male","Brown",60,162
2021,4,"Male","Brown",65,181
2021,4,"Male","Brown",70,188
2021,4,"Male","Brown",75,186
2021,4,"Male","Brown",80,330
2021,4,"Female","Indigenous",0,2
2021,4,"Female","Indigenous",5,1
2021,4,"Female","Indigenous",10,1
2021,4,"Female","Indigenous",15,1
2021,4,"Female","Indigenous",30,1
2021,4,"Female","Indigenous",80,3
2021,4,"Male","Indigenous",0,3
2021,4,"Male","Indigenous",20,2
2021,4,"Male","Indigenous",40,1
2021,4,"Male","Indigenous",60,1
2021,4,"Male","Indigenous",70,1
2021,4,"Male","Indigenous",75,2
2021,4,"Male","Indigenous",80,2
2021,4,"Female","White",0,11
2021,4,"Female","White",5,1
2021,4,"Female","White",10,3
2021,4,"Female","White",15,2
2021,4,"Female","White",20,1
2021,4,"Female","White",25,8
2021,4,"Female","White",30,7
2021,4,"Female","White",35,8
2021,4,"Female","White",40,10
2021,4,"Female","White",45,8
2021,4,"Female","White",50,16
2021,4,"Female","White",55,30
2021,4,"Female","White",60,39
2021,4,"Female","White",65,60
2021,4,"Female","White",70,45
2021,4,"Female","White",75,59
2021,4,"Female","White",80,158
2021,4,"Male","White",0,13
2021,4,"Male","White",10,2
2021,4,"Male","White",15,3
2021,4,"Male","White",20,9
2021,4,"Male","White",25,12
2021,4,"Male","White",30,11
2021,4,"Male","White",35,15
2021,4,"Male","White",40,20
2021,4,"Male","White",45,23
2021,4,"Male","White",50,25
2021,4,"Male","White",55,31
2021,4,"Male","White",60,45
2021,4,"Male","White",65,59
2021,4,"Male","White",70,70
2021,4,"Male","White",75,67
2021,4,"Male","White",80,128
2021,5,"Female","Asian",40,1
2021,5,"Female","Asian",70,2
2021,5,"Female","Asian",75,3
2021,5,"Female","Asian",80,4
2021,5,"Male","Asian",35,2
2021,5,"Male","Asian",50,2
2021,5,"Male","Asian",65,1
2021,5,"Male","Asian",70,1
2021,5,"Male","Asian",75,1
2021,5,"Male","Asian",80,1
2021,5,"Female","Black",0,2
2021,5,"Female","Black",5,1
2021,5,"Female","Black",15,1
2021,5,"Female","Black",20,3
2021,5,"Female","Black",25,1
2021,5,"Female","Black",30,4
2021,5,"Female","Black",35,4
2021,5,"Female","Black",40,8
2021,5,"Female","Black",45,11
2021,5,"Female","Black",50,15
2021,5,"Female","Black",55,8
2021,5,"Female","Black",60,19
2021,5,"Female","Black",65,16
2021,5,"Female","Black",70,15
2021,5,"Female","Black",75,13
2021,5,"Female","Black",80,52
2021,5,"Male","Black",0,4
2021,5,"Male","Black",5,1
2021,5,"Male","Black",10,1
2021,5,"Male","Black",15,2
2021,5,"Male","Black",20,10
2021,5,"Male","Black",25,9
2021,5,"Male","Black",30,8
2021,5,"Male","Black",35,11
2021,5,"Male","Black",40,15
2021,5,"Male","Black",45,13
2021,5,"Male","Black",50,21
2021,5,"Male","Black",55,24
2021,5,"Male","Black",60,36
2021,5,"Male","Black",65,27
2021,5,"Male","Black",70,29
2021,5,"Male","Black",75,25
2021,5,"Male","Black",80,59
2021,5,"Female","Brown",0,45
2021,5,"Female","Brown",5,3
2021,5,"Female","Brown",10,8
2021,5,"Female","Brown",15,10
2021,5,"Female","Brown",20,7
2021,5,"Female","Brown",25,14
2021,5,"Female","Brown",30,25
2021,5,"Female","Brown",35,29
2021,5,"Female","Brown",40,45
2021,5,"Female","Brown",45,56
2021,5,"Female","Brown",50,53
2021,5,"Female","Brown",55,81
2021,5,"Female","Brown",60,98
2021,5,"Female","Brown",65,121
2021,5,"Female","Brown",70,102
2021,5,"Female","Brown",75,92
2021,5,"Female","Brown",80,306
2021,5,"Male","Brown",0,56
2021,5,"Male","Brown",5,3
2021,5,"Male","Brown",10,7
2021,5,"Male","Brown",15,36
2021,5,"Male","Brown",20,38
2021,5,"Male","Brown",25,62
2021,5,"Male","Brown",30,63
2021,5,"Male","Brown",35,89
2021,5,"Male","Brown",40,92
2021,5,"Male","Brown",45,101
2021,5,"Male","Brown",50,109
2021,5,"Male","Brown",55,117
2021,5,"Male","Brown",60,139
2021,5,"Male","Brown",65,158
2021,5,"Male","Brown",70,171
2021,5,"Male","Brown",75,151
2021,5,"Male","Brown",80,376
2021,5,"Female","Indigenous",0,4
2021,5,"Female","Indigenous",30,2
2021,5,"Female","Indigenous",35,1
2021,5,"Female","Indigenous",40,1
2021,5,"Female","Indigenous",55,1
2021,5,"Female","Indigenous",65,1
2021,5,"Female","Indigenous",80,3
2021,5,"Male","Indigenous",0,1
2021,5,"Male","Indigenous",10,1
2021,5,"Male","Indigenous",15,1
2021,5,"Male","Indigenous",20,1
2021,5,"Male","Indigenous",40,1
2021,5,"Male","Indigenous",50,1
2021,5,"Male","Indigenous",55,1
2021,5,"Male","Indigenous",60,1
2021,5,"Male","Indigenous",80,1
2021,5,"Female","White",0,9
2021,5,"Female","White",5,1
2021,5,"Female","White",10,3
2021,5,"Female","White",15,1
2021,5,"Female","White",20,5
2021,5,"Female","White",25,5
2021,5,"Female","White",30,8
2021,5,"Female","White",35,5
2021,5,"Female","White",40,11
2021,5,"Female","White",45,16
2021,5,"Female","White",50,18
2021,5,"Female","White",55,24
2021,5,"Female","White",60,21
2021,5,"Female","White",65,38
2021,5,"Female","White",70,49
2021,5,"Female","White",75,44
2021,5,"Female","White",80,146
2021,5,"Male","White",0,9
2021,5,"Male","White",5,2
2021,5,"Male","White",15,6
2021,5,"Male","White",20,8
2021,5,"Male","White",25,8
2021,5,"Male","White",30,20
2021,5,"Male","White",35,18
2021,5,"Male","White",40,20
2021,5,"Male","White",45,14
2021,5,"Male","White",50,39
2021,5,"Male","White",55,35
2021,5,"Male","White",60,44
2021,5,"Male","White",65,46
2021,5,"Male","White",70,51
2021,5,"Male","White",75,45
2021,5,"Male","White",80,143
2021,6,"Female","Asian",25,1
2021,6,"Female","Asian",50,1
2021,6,"Female","Asian",65,1
2021,6,"Female","Asian",75,1
2021,6,"Female","Asian",80,3
2021,6,"Male","Asian",40,1
2021,6,"Male","Asian",45,1
2021,6,"Male","Asian",50,1
2021,6,"Male","Asian",60,1
2021,6,"Male","Asian",65,1
2021,6,"Male","Asian",70,2
2021,6,"Male","Asian",80,3
2021,6,"Female","Black",10,1
2021,6,"Female","Black",20,1
2021,6,"Female","Black",25,1
2021,6,"Female","Black",30,4
2021,6,"Female","Black",35,1
2021,6,"Female","Black",40,7
2021,6,"Female","Black",45,5
2021,6,"Female","Black",50,8
2021,6,"Female","Black",55,18
2021,6,"Female","Black",60,14
2021,6,"Female","Black",65,9
2021,6,"Female","Black",70,13
2021,6,"Female","Black",75,23
2021,6,"Female","Black",80,53
2021,6,"Male","Black",0,3
2021,6,"Male","Black",5,1
2021,6,"Male","Black",10,3
2021,6,"Male","Black",15,8
2021,6,"Male","Black",20,3
2021,6,"Male","Black",25,4
2021,6,"Male","Black",30,12
2021,6,"Male","Black",35,11
2021,6,"Male","Black",40,18
2021,6,"Male","Black",45,16
2021,6,"Male","Black",50,24
2021,6,"Male","Black",55,28
2021,6,"Male","Black",60,23
2021,6,"Male","Black",65,33
2021,6,"Male","Black",70,25
2021,6,"Male","Black",75,21
2021,6,"Male","Black",80,51
2021,6,"Female","Brown",0,34
2021,6,"Female","Brown",5,5
2021,6,"Female","Brown",10,4
2021,6,"Female","Brown",15,10
2021,6,"Female","Brown",20,12
2021,6,"Female","Brown",25,14
2021,6,"Female","Brown",30,19
2021,6,"Female","Brown",35,28
2021,6,"Female","Brown",40,50
2021,6,"Female","Brown",45,49
2021,6,"Female","Brown",50,75
2021,6,"Female","Brown",55,102
2021,6,"Female","Brown",60,94
2021,6,"Female","Brown",65,90
2021,6,"Female","Brown",70,103
2021,6,"Female","Brown",75,120
2021,6,"Female","Brown",80,278
2021,6,"Male","Brown",0,45
2021,6,"Male","Brown",5,3
2021,6,"Male","Brown",10,6
2021,6,"Male","Brown",15,31
2021,6,"Male","Brown",20,46
2021,6,"Male","Brown",25,68
2021,6,"Male","Brown",30,69
2021,6,"Male","Brown",35,76
2021,6,"Male","Brown",40,88
2021,6,"Male","Brown",45,97
2021,6,"Male","Brown",50,113
2021,6,"Male","Brown",55,139
2021,6,"Male","Brown",60,136
2021,6,"Male","Brown",65,155
2021,6,"Male","Brown",70,142
2021,6,"Male","Brown",75,147
2021,6,"Male","Brown",80,302
2021,6,"Female","Indigenous",0,2
2021,6,"Female","Indigenous",40,2
2021,6,"Female","Indigenous",65,1
2021,6,"Female","Indigenous",70,1
2021,6,"Female","Indigenous",80,3
2021,6,"Male","Indigenous",0,2
2021,6,"Male","Indigenous",55,1
2021,6,"Male","Indigenous",65,1
2021,6,"Male","Indigenous",70,1
2021,6,"Male","Indigenous",75,2
2021,6,"Male","Indigenous",80,2
2021,6,"Female","White",0,12
2021,6,"Female","White",5,1
2021,6,"Female","White",15,3
2021,6,"Female","White",20,3
2021,6,"Female","White",25,7
2021,6,"Female","White",30,8
2021,6,"Female","White",35,10
2021,6,"Female","White",40,12
2021,6,"Female","White",45,16
2021,6,"Female","White",50,19
2021,6,"Female","White",55,28
2021,6,"Female","White",60,30
2021,6,"Female","White",65,23
2021,6,"Female","White",70,35
2021,6,"Female","White",75,44
2021,6,"Female","White",80,147
2021,6,"Male","White",0,16
2021,6,"Male","White",5,1
2021,6,"Male","White",10,2
2021,6,"Male","White",15,6
2021,6,"Male","White",20,10
2021,6,"Male","White",25,11
2021,6,"Male","White",30,13
2021,6,"Male","White",35,21
2021,6,"Male","White",40,27
2021,6,"Male","White",45,17
2021,6,"Male","White",50,18
2021,6,"Male","White",55,41
2021,6,"Male","White",60,37
2021,6,"Male","White",65,52
2021,6,"Male","White",70,41
2021,6,"Male","White",75,53
2021,6,"Male","White",80,129
2021,7,"Female","Asian",40,1
2021,7,"Female","Asian",80,2
2021,7,"Male","Asian",15,1
2021,7,"Male","Asian",20,1
2021,7,"Male","Asian",30,1
2021,7,"Male","Asian",40,2
2021,7,"Male","Asian",55,1
2021,7,"Male","Asian",65,1
2021,7,"Male","Asian",75,1
2021,7,"Male","Asian",80,3
2021,7,"Female","Black",0,3
2021,7,"Female","Black",10,1
2021,7,"Female","Black",15,3
2021,7,"Female","Black",20,4
2021,7,"Female","Black",25,4
2021,7,"Female","Black",30,4
2021,7,"Female","Black",35,5
2021,7,"Female","Black",40,7
2021,7,"Female","Black",45,4
2021,7,"Female","Black",50,8
2021,7,"Female","Black",55,7
2021,7,"Female","Black",60,11
2021,7,"Female","Black",65,17
2021,7,"Female","Black",70,13
2021,7,"Female","Black",75,21
2021,7,"Female","Black",80,42
2021,7,"Male","Black",0,3
2021,7,"Male","Black",15,5
2021,7,"Male","Black",20,6
2021,7,"Male","Black",25,7
2021,7,"Male","Black",30,8
2021,7,"Male","Black",35,10
2021,7,"Male","Black",40,11
2021,7,"Male","Black",45,14
2021,7,"Male","Black",50,17
2021,7,"Male","Black",55,14
2021,7,"Male","Black",60,15
2021,7,"Male","Black",65,18
2021,7,"Male","Black",70,21
2021,7,"Male","Black",75,23
2021,7,"Male","Black",80,45
2021,7,"Female","Brown",0,37
2021,7,"Female","Brown",5,7
2021,7,"Female","Brown",10,4
2021,7,"Female","Brown",15,7
2021,7,"Female","Brown",20,16
2021,7,"Female","Brown",25,17
2021,7,"Female","Brown",30,18
2021,7,"Female","Brown",35,39
2021,7,"Female","Brown",40,31
2021,7,"Female","Brown",45,36
2021,7,"Female","Brown",50,43
2021,7,"Female","Brown",55,62
2021,7,"Female","Brown",60,57
2021,7,"Female","Brown",65,86
2021,7,"Female","Brown",70,81
2021,7,"Female","Brown",75,97
2021,7,"Female","Brown",80,286
2021,7,"Male","Brown",0,52
2021,7,"Male","Brown",5,6
2021,7,"Male","Brown",10,8
2021,7,"Male","Brown",15,28
2021,7,"Male","Brown",20,51
2021,7,"Male","Brown",25,57
2021,7,"Male","Brown",30,70
2021,7,"Male","Brown",35,74
2021,7,"Male","Brown",40,82
2021,7,"Male","Brown",45,76
2021,7,"Male","Brown",50,90
2021,7,"Male","Brown",55,109
2021,7,"Male","Brown",60,112
2021,7,"Male","Brown",65,126
2021,7,"Male","Brown",70,125
2021,7,"Male","Brown",75,131
2021,7,"Male","Brown",80,268
2021,7,"Female","Indigenous",0,1
2021,7,"Female","Indigenous",35,2
2021,7,"Female","Indigenous",80,3
2021,7,"Male","Indigenous",10,2
2021,7,"Male","Indigenous",15,1
2021,7,"Male","Indigenous",35,1
2021,7,"Male","Indigenous",40,2
2021,7,"Male","Indigenous",50,1
2021,7,"Male","Indigenous",70,1
2021,7,"Male","Indigenous",75,2
2021,7,"Male","Indigenous",80,2
2021,7,"Female","White",0,12
2021,7,"Female","White",5,2
2021,7,"Female","White",15,2
2021,7,"Female","White",20,6
2021,7,"Female","White",25,2
2021,7,"Female","White",30,8
2021,7,"Female","White",35,6
2021,7,"Female","White",40,6
2021,7,"Female","White",45,15
2021,7,"Female","White",50,12
2021,7,"Female","White",55,19
2021,7,"Female","White",60,28
2021,7,"Female","White",65,20
2021,7,"Female","White",70,33
2021,7,"Female","White",75,31
2021,7,"Female","White",80,149
2021,7,"Male","White",0,17
2021,7,"Male","White",5,2
2021,7,"Male","White",10,2
2021,7,"Male","White",15,7
2021,7,"Male","White",20,9
2021,7,"Male","White",25,11
2021,7,"Male","White",30,10
2021,7,"Male","White",35,15
2021,7,"Male","White",40,15
2021,7,"Male","White",45,22
2021,7,"Male","White",50,27
2021,7,"Male","White",55,21
2021,7,"Male","White",60,35
2021,7,"Male","White",65,38
2021,7,"Male","White",70,49
2021,7,"Male","White",75,44
2021,7,"Male","White",80,110
2021,8,"Female","Asian",35,2
2021,8,"Female","Asian",50,1
2021,8,"Female","Asian",65,2
2021,8,"Female","Asian",75,1
2021,8,"Female","Asian",80,2
2021,8,"Male","Asian",20,1
2021,8,"Male","Asian",70,1
2021,8,"Male","Asian",80,1
2021,8,"Female","Black",0,1
2021,8,"Female","Black",10,1
2021,8,"Female","Black",15,2
2021,8,"Female","Black",20,2
2021,8,"Female","Black",25,1
2021,8,"Female","Black",30,2
2021,8,"Female","Black",35,2
2021,8,"Female","Black",40,4
2021,8,"Female","Black",45,6
2021,8,"Female","Black",50,4
2021,8,"Female","Black",55,11
2021,8,"Female","Black",60,6
2021,8,"Female","Black",65,7
2021,8,"Female","Black",70,11
2021,8,"Female","Black",75,15
2021,8,"Female","Black",80,39
2021,8,"Male","Black",0,1
2021,8,"Male","Black",10,1
2021,8,"Male","Black",15,6
2021,8,"Male","Black",20,3
2021,8,"Male","Black",25,3
2021,8,"Male","Black",30,2
2021,8,"Male","Black",35,5
2021,8,"Male","Black",40,11
2021,8,"Male","Black",45,6
2021,8,"Male","Black",50,13
2021,8,"Male","Black",55,13
2021,8,"Male","Black",60,13
2021,8,"Male","Black",65,10
2021,8,"Male","Black",70,22
2021,8,"Male","Black",75,23
2021,8,"Male","Black",80,46
2021,8,"Female","Brown",0,34
2021,8,"Female","Brown",5,1
2021,8,"Female","Brown",10,5
2021,8,"Female","Brown",15,13
2021,8,"Female","Brown",20,5
2021,8,"Female","Brown",25,16
2021,8,"Female","Brown",30,13
2021,8,"Female","Brown",35,25
2021,8,"Female","Brown",40,33
2021,8,"Female","Brown",45,27
2021,8,"Female","Brown",50,43
2021,8,"Female","Brown",55,53
2021,8,"Female","Brown",60,75
2021,8,"Female","Brown",65,71
2021,8,"Female","Brown",70,95
2021,8,"Female","Brown",75,80
2021,8,"Female","Brown",80,245
2021,8,"Male","Brown",0,49
2021,8,"Male","Brown",5,4
2021,8,"Male","Brown",10,15
2021,8,"Male","Brown",15,31
2021,8,"Male","Brown",20,73
2021,8,"Male","Brown",25,40
2021,8,"Male","Brown",30,53
2021,8,"Male","Brown",35,57
2021,8,"Male","Brown",40,82
2021,8,"Male","Brown",45,76
2021,8,"Male","Brown",50,80
2021,8,"Male","Brown",55,85
2021,8,"Male","Brown",60,100
2021,8,"Male","Brown",65,131
2021,8,"Male","Brown",70,129
2021,8,"Male","Brown",75,121
2021,8,"Male","Brown",80,254
2021,8,"Female","Indigenous",0,4
2021,8,"Female","Indigenous",15,2
2021,8,"Female","Indigenous",30,1
2021,8,"Female","Indigenous",40,1
2021,8,"Female","Indigenous",60,1
2021,8,"Female","Indigenous",80,3
2021,8,"Male","Indigenous",0,1
2021,8,"Male","Indigenous",10,1
2021,8,"Male","Indigenous",15,1
2021,8,"Male","Indigenous",20,1
2021,8,"Male","Indigenous",30,2
2021,8,"Male","Indigenous",45,1
2021,8,"Male","Indigenous",55,2
2021,8,"Male","Indigenous",60,1
2021,8,"Male","Indigenous",65,1
2021,8,"Male","Indigenous",70,2
2021,8,"Male","Indigenous",80,1
2021,8,"Female","White",0,10
2021,8,"Female","White",5,1
2021,8,"Female","White",10,3
2021,8,"Female","White",15,2
2021,8,"Female","White",20,3
2021,8,"Female","White",25,2
2021,8,"Female","White",30,6
2021,8,"Female","White",35,7
2021,8,"Female","White",40,9
2021,8,"Female","White",45,6
2021,8,"Female","White",50,10
2021,8,"Female","White",55,16
2021,8,"Female","White",60,13
2021,8,"Female","White",65,24
2021,8,"Female","White",70,34
2021,8,"Female","White",75,29
2021,8,"Female","White",80,132
2021,8,"Male","White",0,19
2021,8,"Male","White",5,1
2021,8,"Male","White",10,2
2021,8,"Male","White",15,5
2021,8,"Male","White",20,10
2021,8,"Male","White",25,11
2021,8,"Male","White",30,8
2021,8,"Male","White",35,11
2021,8,"Male","White",40,17
2021,8,"Male","White",45,14
2021,8,"Male","White",50,13
2021,8,"Male","White",55,13
2021,8,"Male","White",60,21
2021,8,"Male","White",65,32
2021,8,"Male","White",70,33
2021,8,"Male","White",75,32
2021,8,"Male","White",80,100
2021,9,"Female","Asian",15,1
2021,9,"Female","Asian",20,1
2021,9,"Female","Asian",30,1
2021,9,"Female","Asian",45,1
2021,9,"Female","Asian",50,1
2021,9,"Female","Asian",75,1
2021,9,"Female","Asian",80,4
2021,9,"Male","Asian",0,1
2021,9,"Male","Asian",35,2
2021,9,"Male","Asian",40,1
2021,9,"Male","Asian",60,1
2021,9,"Male","Asian",65,1
2021,9,"Male","Asian",80,1
2021,9,"Female","Black",0,1
2021,9,"Female","Black",15,1
2021,9,"Female","Black",20,1
2021,9,"Female","Black",25,2
2021,9,"Female","Black",30,4
2021,9,"Female","Black",35,2
2021,9,"Female","Black",40,8
2021,9,"Female","Black",45,4
2021,9,"Female","Black",50,7
2021,9,"Female","Black",55,9
2021,9,"Female","Black",60,23
2021,9,"Female","Black",65,18
2021,9,"Female","Black",70,13
2021,9,"Female","Black",75,11
2021,9,"Female","Black",80,59
2021,9,"Male","Black",0,6
2021,9,"Male","Black",15,4
2021,9,"Male","Black",20,6
2021,9,"Male","Black",25,11
2021,9,"Male","Black",30,10
2021,9,"Male","Black",35,10
2021,9,"Male","Black",40,10
2021,9,"Male","Black",45,5
2021,9,"Male","Black",50,17
2021,9,"Male","Black",55,15
2021,9,"Male","Black",60,10
2021,9,"Male","Black",65,18
2021,9,"Male","Black",70,17
2021,9,"Male","Black",75,16
2021,9,"Male","Black",80,40
2021,9,"Female","Brown",0,32
2021,9,"Female","Brown",5,1
2021,9,"Female","Brown",10,7
2021,9,"Female","Brown",15,14
2021,9,"Female","Brown",20,12
2021,9,"Female","Brown",25,10
2021,9,"Female","Brown",30,13
2021,9,"Female","Brown",35,18
2021,9,"Female","Brown",40,32
2021,9,"Female","Brown",45,27
2021,9,"Female","Brown",50,43
2021,9,"Female","Brown",55,38
2021,9,"Female","Brown",60,54
2021,9,"Female","Brown",65,74
2021,9,"Female","Brown",70,81
2021,9,"Female","Brown",75,92
2021,9,"Female","Brown",80,244
2021,9,"Male","Brown",0,55
2021,9,"Male","Brown",5,1
2021,9,"Male","Brown",10,7
2021,9,"Male","Brown",15,32
2021,9,"Male","Brown",20,44
2021,9,"Male","Brown",25,46
2021,9,"Male","Brown",30,45
2021,9,"Male","Brown",35,54
2021,9,"Male","Brown",40,57
2021,9,"Male","Brown",45,65
2021,9,"Male","Brown",50,80
2021,9,"Male","Brown",55,57
2021,9,"Male","Brown",60,67
2021,9,"Male","Brown",65,92
2021,9,"Male","Brown",70,95
2021,9,"Male","Brown",75,112
2021,9,"Male","Brown",80,213
2021,9,"Female","Indigenous",0,3
2021,9,"Female","Indigenous",35,1
2021,9,"Female","Indigenous",65,1
2021,9,"Female","Indigenous",70,1
2021,9,"Female","Indigenous",80,5
2021,9,"Male","Indigenous",0,5
2021,9,"Male","Indigenous",15,1
2021,9,"Male","Indigenous",20,1
2021,9,"Male","Indigenous",65,2
2021,9,"Male","Indigenous",75,1
2021,9,"Male","Indigenous",80,2
2021,9,"Female","White",0,13
2021,9,"Female","White",10,2
2021,9,"Female","White",15,2
2021,9,"Female","White",20,3
2021,9,"Female","White",25,2
2021,9,"Female","White",30,3
2021,9,"Female","White",35,5
2021,9,"Female","White",40,7
2021,9,"Female","White",45,19
2021,9,"Female","White",50,10
2021,9,"Female","White",55,17
2021,9,"Female","White",60,15
2021,9,"Female","White",65,25
2021,9,"Female","White",70,32
2021,9,"Female","White",75,37
2021,9,"Female","White",80,119
2021,9,"Male","White",0,11
2021,9,"Male","White",10,2
2021,9,"Male","White",15,4
2021,9,"Male","White",20,9
2021,9,"Male","White",25,7
2021,9,"Male","White",30,8
2021,9,"Male","White",35,9
2021,9,"Male","White",40,12
2021,9,"Male","White",45,10
2021,9,"Male","White",50,17
2021,9,"Male","White",55,10
2021,9,"Male","White",60,18
2021,9,"Male","White",65,26
2021,9,"Male","White",70,42
2021,9,"Male","White",75,35
2021,9,"Male","White",80,96
2021,10,"Female","Asian",0,2
2021,10,"Female","Asian",30,1
2021,10,"Female","Asian",45,1
2021,10,"Female","Asian",65,1
2021,10,"Female","Asian",70,1
2021,10,"Female","Asian",80,4
2021,10,"Male","Asian",0,2
2021,10,"Male","Asian",30,1
2021,10,"Male","Asian",40,1
2021,10,"Male","Asian",45,1
2021,10,"Male","Asian",60,1
2021,10,"Male","Asian",70,1
2021,10,"Male","Asian",75,1
2021,10,"Female","Black",0,2
2021,10,"Female","Black",15,1
2021,10,"Female","Black",20,3
2021,10,"Female","Black",30,4
2021,10,"Female","Black",35,2
2021,10,"Female","Black",40,3
2021,10,"Female","Black",45,8
2021,10,"Female","Black",50,5
2021,10,"Female","Black",55,2
2021,10,"Female","Black",60,6
2021,10,"Female","Black",65,14
2021,10,"Female","Black",70,11
2021,10,"Female","Black",75,14
2021,10,"Female","Black",80,39
2021,10,"Male","Black",0,2
2021,10,"Male","Black",10,1
2021,10,"Male","Black",15,5
2021,10,"Male","Black",20,9
2021,10,"Male","Black",25,7
2021,10,"Male","Black",30,7
2021,10,"Male","Black",35,10
2021,10,"Male","Black",40,4
2021,10,"Male","Black",45,9
2021,10,"Male","Black",50,12
2021,10,"Male","Black",55,15
2021,10,"Male","Black",60,19
2021,10,"Male","Black",65,14
2021,10,"Male","Black",70,24
2021,10,"Male","Black",75,25
2021,10,"Male","Black",80,40
2021,10,"Female","Brown",0,46
2021,10,"Female","Brown",5,5
2021,10,"Female","Brown",10,8
2021,10,"Female","Brown",15,6
2021,10,"Female","Brown",20,11
2021,10,"Female","Brown",25,7
2021,10,"Female","Brown",30,15
2021,10,"Female","Brown",35,23
2021,10,"Female","Brown",40,34
2021,10,"Female","Brown",45,28
2021,10,"Female","Brown",50,36
2021,10,"Female","Brown",55,48
2021,10,"Female","Brown",60,63
2021,10,"Female","Brown",65,70
2021,10,"Female","Brown",70,88
2021,10,"Female","Brown",75,90
2021,10,"Female","Brown",80,247
2021,10,"Male","Brown",0,52
2021,10,"Male","Brown",5,6
2021,10,"Male","Brown",10,6
2021,10,"Male","Brown",15,28
2021,10,"Male","Brown",20,71
2021,10,"Male","Brown",25,45
2021,10,"Male","Brown",30,52
2021,10,"Male","Brown",35,66
2021,10,"Male","Brown",40,68
2021,10,"Male","Brown",45,67
2021,10,"Male","Brown",50,62
2021,10,"Male","Brown",55,77
2021,10,"Male","Brown",60,96
2021,10,"Male","Brown",65,96
2021,10,"Male","Brown",70,92
2021,10,"Male","Brown",75,109
2021,10,"Male","Brown",80,239
2021,10,"Female","Indigenous",0,2
2021,10,"Female","Indigenous",50,1
2021,10,"Female","Indigenous",60,1
2021,10,"Female","Indigenous",65,1
2021,10,"Female","Indigenous",75,1
2021,10,"Female","Indigenous",80,2
2021,10,"Male","Indigenous",0,4
2021,10,"Male","Indigenous",25,2
2021,10,"Male","Indigenous",30,2
2021,10,"Male","Indigenous",50,1
2021,10,"Male","Indigenous",60,1
2021,10,"Male","Indigenous",75,1
2021,10,"Male","Indigenous",80,4
2021,10,"Female","White",0,15
2021,10,"Female","White",5,3
2021,10,"Female","White",15,4
2021,10,"Female","White",20,1
2021,10,"Female","White",25,6
2021,10,"Female","White",30,8
2021,10,"Female","White",35,6
2021,10,"Female","White",40,10
2021,10,"Female","White",45,4
2021,10,"Female","White",50,10
2021,10,"Female","White",55,12
2021,10,"Female","White",60,14
2021,10,"Female","White",65,27
2021,10,"Female","White",70,22
2021,10,"Female","White",75,27
2021,10,"Female","White",80,129
2021,10,"Male","White",0,19
2021,10,"Male","White",5,4
2021,10,"Male","White",10,3
2021,10,"Male","White",15,7
2021,10,"Male","White",20,8
2021,10,"Male","White",25,8
2021,10,"Male","White",30,6
2021,10,"Male","White",35,4
2021,10,"Male","White",40,11
2021,10,"Male","White",45,8
2021,10,"Male","White",50,19
2021,10,"Male","White",55,16
2021,10,"Male","White",60,27
2021,10,"Male","White",65,24
2021,10,"Male","White",70,34
2021,10,"Male","White",75,42
2021,10,"Male","White",80,88
2021,11,"Female","Asian",0,1
2021,11,"Female","Asian",5,1
2021,11,"Female","Asian",50,1
2021,11,"Female","Asian",55,2
2021,11,"Female","Asian",60,1
2021,11,"Female","Asian",65,1
2021,11,"Female","Asian",70,2
2021,11,"Female","Asian",80,5
2021,11,"Male","Asian",15,1
2021,11,"Male","Asian",20,1
2021,11,"Male","Asian",50,2
2021,11,"Male","Asian",80,1
2021,11,"Female","Black",0,4
2021,11,"Female","Black",10,1
2021,11,"Female","Black",20,1
2021,11,"Female","Black",25,2
2021,11,"Female","Black",35,3
2021,11,"Female","Black",40,6
2021,11,"Female","Black",45,6
2021,11,"Female","Black",50,4
2021,11,"Female","Black",55,8
2021,11,"Female","Black",60,5
2021,11,"Female","Black",65,10
2021,11,"Female","Black",70,11
2021,11,"Female","Black",75,15
2021,11,"Female","Black",80,36
2021,11,"Male","Black",0,1
2021,11,"Male","Black",15,3
2021,11,"Male","Black",20,6
2021,11,"Male","Black",25,7
2021,11,"Male","Black",30,10
2021,11,"Male","Black",35,9
2021,11,"Male","Black",40,15
2021,11,"Male","Black",45,10
2021,11,"Male","Black",50,12
2021,11,"Male","Black",55,16
2021,11,"Male","Black",60,21
2021,11,"Male","Black",65,22
2021,11,"Male","Black",70,20
2021,11,"Male","Black",75,11
2021,11,"Male","Black",80,45
2021,11,"Female","Brown",0,50
2021,11,"Female","Brown",5,1
2021,11,"Female","Brown",10,4
2021,11,"Female","Brown",15,13
2021,11,"Female","Brown",20,12
2021,11,"Female","Brown",25,13
2021,11,"Female","Brown",30,18
2021,11,"Female","Brown",35,21
2021,11,"Female","Brown",40,17
2021,11,"Female","Brown",45,32
2021,11,"Female","Brown",50,37
2021,11,"Female","Brown",55,41
2021,11,"Female","Brown",60,57
2021,11,"Female","Brown",65,79
2021,11,"Female","Brown",70,79
2021,11,"Female","Brown",75,100
2021,11,"Female","Brown",80,279
2021,11,"Male","Brown",0,47
2021,11,"Male","Brown",5,7
2021,11,"Male","Brown",10,13
2021,11,"Male","Brown",15,39
2021,11,"Male","Brown",20,50
2021,11,"Male","Brown",25,51
2021,11,"Male","Brown",30,46
2021,11,"Male","Brown",35,59
2021,11,"Male","Brown",40,64
2021,11,"Male","Brown",45,75
2021,11,"Male","Brown",50,64
2021,11,"Male","Brown",55,81
2021,11,"Male","Brown",60,84
2021,11,"Male","Brown",65,97
2021,11,"Male","Brown",70,111
2021,11,"Male","Brown",75,128
2021,11,"Male","Brown",80,243
2021,11,"Female","Indigenous",0,3
2021,11,"Female","Indigenous",10,1
2021,11,"Female","Indigenous",15,1
2021,11,"Female","Indigenous",20,1
2021,11,"Female","Indigenous",75,2
2021,11,"Female","Indigenous",80,4
2021,11,"Male","Indigenous",0,5
2021,11,"Male","Indigenous",20,1
2021,11,"Male","Indigenous",25,1
2021,11,"Male","Indigenous",55,1
2021,11,"Male","Indigenous",60,1
2021,11,"Male","Indigenous",75,1
2021,11,"Male","Indigenous",80,2
2021,11,"Female","White",0,13
2021,11,"Female","White",10,1
2021,11,"Female","White",15,2
2021,11,"Female","White",20,4
2021,11,"Female","White",25,3
2021,11,"Female","White",30,9
2021,11,"Female","White",35,7
2021,11,"Female","White",40,9
2021,11,"Female","White",45,11
2021,11,"Female","White",50,8
2021,11,"Female","White",55,17
2021,11,"Female","White",60,18
2021,11,"Female","White",65,26
2021,11,"Female","White",70,33
2021,11,"Female","White",75,32
2021,11,"Female","White",80,132
2021,11,"Male","White",0,15
2021,11,"Male","White",10,3
2021,11,"Male","White",15,3
2021,11,"Male","White",20,8
2021,11,"Male","White",25,3
2021,11,"Male","White",30,11
2021,11,"Male","White",35,10
2021,11,"Male","White",40,12
2021,11,"Male","White",45,5
2021,11,"Male","White",50,13
2021,11,"Male","White",55,11
2021,11,"Male","White",60,14
2021,11,"Male","White",65,21
2021,11,"Male","White",70,25
2021,11,"Male","White",75,47
2021,11,"Male","White",80,94
2021,12,"Female","Asian",0,1
2021,12,"Female","Asian",30,2
2021,12,"Female","Asian",55,1
2021,12,"Female","Asian",60,1
2021,12,"Female","Asian",70,1
2021,12,"Female","Asian",75,2
2021,12,"Female","Asian",80,5
2021,12,"Male","Asian",40,1
2021,12,"Male","Asian",45,1
2021,12,"Male","Asian",55,1
2021,12,"Male","Asian",70,1
2021,12,"Male","Asian",75,2
2021,12,"Male","Asian",80,2
2021,12,"Female","Black",15,1
2021,12,"Female","Black",20,1
2021,12,"Female","Black",30,4
2021,12,"Female","Black",35,5
2021,12,"Female","Black",40,2
2021,12,"Female","Black",45,2
2021,12,"Female","Black",50,7
2021,12,"Female","Black",55,12
2021,12,"Female","Black",60,9
2021,12,"Female","Black",65,13
2021,12,"Female","Black",70,15
2021,12,"Female","Black",75,18
2021,12,"Female","Black",80,53
2021,12,"Male","Black",0,2
2021,12,"Male","Black",15,3
2021,12,"Male","Black",20,5
2021,12,"Male","Black",25,9
2021,12,"Male","Black",30,7
2021,12,"Male","Black",35,14
2021,12,"Male","Black",40,8
2021,12,"Male","Black",45,8
2021,12,"Male","Black",50,9
2021,12,"Male","Black",55,16
2021,12,"Male","Black",60,19
2021,12,"Male","Black",65,17
2021,12,"Male","Black",70,22
2021,12,"Male","Black",75,19
2021,12,"Male","Black",80,49
2021,12,"Female","Brown",0,43
2021,12,"Female","Brown",5,2
2021,12,"Female","Brown",10,3
2021,12,"Female","Brown",15,11
2021,12,"Female","Brown",20,13
2021,12,"Female","Brown",25,8
2021,12,"Female","Brown",30,19
2021,12,"Female","Brown",35,27
2021,12,"Female","Brown",40,27
2021,12,"Female","Brown",45,31
2021,12,"Female","Brown",50,50
2021,12,"Female","Brown",55,54
2021,12,"Female","Brown",60,65
2021,12,"Female","Brown",65,81
2021,12,"Female","Brown",70,84
2021,12,"Female","Brown",75,114
2021,12,"Female","Brown",80,282
2021,12,"Male","Brown",0,51
2021,12,"Male","Brown",5,6
2021,12,"Male","Brown",10,6
2021,12,"Male","Brown",15,36
2021,12,"Male","Brown",20,55
2021,12,"Male","Brown",25,58
2021,12,"Male","Brown",30,61
2021,12,"Male","Brown",35,80
2021,12,"Male","Brown",40,68
2021,12,"Male","Brown",45,57
2021,12,"Male","Brown",50,66
2021,12,"Male","Brown",55,96
2021,12,"Male","Brown",60,110
2021,12,"Male","Brown",65,100
2021,12,"Male","Brown",70,135
2021,12,"Male","Brown",75,130
2021,12,"Male","Brown",80,285
2021,12,"Female","Indigenous",0,3
2021,12,"Female","Indigenous",5,1
2021,12,"Female","Indigenous",10,1
2021,12,"Female","Indigenous",15,1
2021,12,"Female","Indigenous",30,1
2021,12,"Female","Indigenous",50,2
2021,12,"Female","Indigenous",55,1
2021,12,"Female","Indigenous",60,2
2021,12,"Female","Indigenous",75,1
2021,12,"Female","Indigenous",80,3
2021,12,"Male","Indigenous",0,1
2021,12,"Male","Indigenous",20,1
2021,12,"Male","Indigenous",25,2
2021,12,"Male","Indigenous",40,2
2021,12,"Male","Indigenous",45,3
2021,12,"Male","Indigenous",75,1
2021,12,"Female","White",0,13
2021,12,"Female","White",20,2
2021,12,"Female","White",25,1
2021,12,"Female","White",30,8
2021,12,"Female","White",35,5
2021,12,"Female","White",40,10
2021,12,"Female","White",45,6
2021,12,"Female","White",50,7
2021,12,"Female","White",55,15
2021,12,"Female","White",60,17
2021,12,"Female","White",65,20
2021,12,"Female","White",70,38
2021,12,"Female","White",75,39
2021,12,"Female","White",80,134
2021,12,"Male","White",0,14
2021,12,"Male","White",10,1
2021,12,"Male","White",15,4
2021,12,"Male","White",20,3
2021,12,"Male","White",25,7
2021,12,"Male","White",30,9
2021,12,"Male","White",35,11
2021,12,"Male","White",40,9
2021,12,"Male","White",45,15
2021,12,"Male","White",50,16
2021,12,"Male","White",55,15
2021,12,"Male","White",60,19
2021,12,"Male","White",65,34
2021,12,"Male","White",70,39
2021,12,"Male","White",75,42
2021,12,"Male","White",80,101
2022,1,"Female","Asian",15,1
2022,1,"Female","Asian",75,1
2022,1,"Female","Asian",80,9
2022,1,"Male","Asian",15,1
2022,1,"Male","Asian",30,1
2022,1,"Male","Asian",35,1
2022,1,"Male","Asian",65,2
2022,1,"Male","Asian",80,6
2022,1,"Female","Black",0,1
2022,1,"Female","Black",10,1
2022,1,"Female","Black",15,3
2022,1,"Female","Black",20,2
2022,1,"Female","Black",30,2
2022,1,"Female","Black",35,1
2022,1,"Female","Black",40,7
2022,1,"Female","Black",45,5
2022,1,"Female","Black",50,12
2022,1,"Female","Black",55,8
2022,1,"Female","Black",60,20
2022,1,"Female","Black",65,15
2022,1,"Female","Black",70,25
2022,1,"Female","Black",75,29
2022,1,"Female","Black",80,71
2022,1,"Male","Black",0,3
2022,1,"Male","Black",10,1
2022,1,"Male","Black",15,5
2022,1,"Male","Black",20,5
2022,1,"Male","Black",25,9
2022,1,"Male","Black",30,8
2022,1,"Male","Black",35,15
2022,1,"Male","Black",40,12
2022,1,"Male","Black",45,14
2022,1,"Male","Black",50,13
2022,1,"Male","Black",55,18
2022,1,"Male","Black",60,29
2022,1,"Male","Black",65,31
2022,1,"Male","Black",70,40
2022,1,"Male","Black",75,40
2022,1,"Male","Black",80,87
2022,1,"Female","Brown",0,45
2022,1,"Female","Brown",5,8
2022,1,"Female","Brown",10,8
2022,1,"Female","Brown",15,11
2022,1,"Female","Brown",20,25
2022,1,"Female","Brown",25,24
2022,1,"Female","Brown",30,19
2022,1,"Female","Brown",35,40
2022,1,"Female","Brown",40,36
2022,1,"Female","Brown",45,45
2022,1,"Female","Brown",50,51
2022,1,"Female","Brown",55,95
2022,1,"Female","Brown",60,89
2022,1,"Female","Brown",65,142
2022,1,"Female","Brown",70,137
2022,1,"Female","Brown",75,142
2022,1,"Female","Brown",80,527
2022,1,"Male","Brown",0,62
2022,1,"Male","Brown",5,6
2022,1,"Male","Brown",10,6
2022,1,"Male","Brown",15,32
2022,1,"Male","Brown",20,58
2022,1,"Male","Brown",25,66
2022,1,"Male","Brown",30,56
2022,1,"Male","Brown",35,59
2022,1,"Male","Brown",40,76
2022,1,"Male","Brown",45,70
2022,1,"Male","Brown",50,92
2022,1,"Male","Brown",55,97
2022,1,"Male","Brown",60,126
2022,1,"Male","Brown",65,174
2022,1,"Male","Brown",70,194
2022,1,"Male","Brown",75,189
2022,1,"Male","Brown",80,500
2022,1,"Female","Indigenous",0,2
2022,1,"Female","Indigenous",15,3
2022,1,"Female","Indigenous",25,1
2022,1,"Female","Indigenous",50,1
2022,1,"Female","Indigenous",55,2
2022,1,"Female","Indigenous",70,3
2022,1,"Female","Indigenous",75,3
2022,1,"Female","Indigenous",80,5
2022,1,"Male","Indigenous",0,6
2022,1,"Male","Indigenous",20,1
2022,1,"Male","Indigenous",25,3
2022,1,"Male","Indigenous",35,1
2022,1,"Male","Indigenous",45,2
2022,1,"Male","Indigenous",50,1
2022,1,"Male","Indigenous",60,1
2022,1,"Male","Indigenous",70,2
2022,1,"Male","Indigenous",75,5
2022,1,"Male","Indigenous",80,2
2022,1,"Female","White",0,10
2022,1,"Female","White",5,2
2022,1,"Female","White",10,1
2022,1,"Female","White",15,2
2022,1,"Female","White",20,1
2022,1,"Female","White",25,5
2022,1,"Female","White",30,3
2022,1,"Female","White",35,5
2022,1,"Female","White",40,10
2022,1,"Female","White",45,6
2022,1,"Female","White",50,17
2022,1,"Female","White",55,19
2022,1,"Female","White",60,34
2022,1,"Female","White",65,32
2022,1,"Female","White",70,46
2022,1,"Female","White",75,68
2022,1,"Female","White",80,245
2022,1,"Male","White",0,14
2022,1,"Male","White",10,2
2022,1,"Male","White",15,8
2022,1,"Male","White",20,6
2022,1,"Male","White",25,9
2022,1,"Male","White",30,11
2022,1,"Male","White",35,8
2022,1,"Male","White",40,10
2022,1,"Male","White",45,16
2022,1,"Male","White",50,19
2022,1,"Male","White",55,19
2022,1,"Male","White",60,19
2022,1,"Male","White",65,44
2022,1,"Male","White",70,40
2022,1,"Male","White",75,69
2022,1,"Male","White",80,165
2022,2,"Female","Asian",50,1
2022,2,"Female","Asian",55,1
2022,2,"Female","Asian",80,4
2022,2,"Male","Asian",25,1
2022,2,"Male","Asian",40,1
2022,2,"Male","Asian",55,1
2022,2,"Male","Asian",70,1
2022,2,"Male","Asian",75,1
2022,2,"Male","Asian",80,1
2022,2,"Female","Black",0,1
2022,2,"Female","Black",25,4
2022,2,"Female","Black",30,1
2022,2,"Female","Black",35,7
2022,2,"Female","Black",40,2
2022,2,"Female","Black",45,3
2022,2,"Female","Black",50,2
2022,2,"Female","Black",55,5
2022,2,"Female","Black",60,17
2022,2,"Female","Black",65,11
2022,2,"Female","Black",70,13
2022,2,"Female","Black",75,25
2022,2,"Female","Black",80,47
2022,2,"Male","Black",0,3
2022,2,"Male","Black",15,2
2022,2,"Male","Black",20,15
2022,2,"Male","Black",25,8
2022,2,"Male","Black",30,13
2022,2,"Male","Black",35,6
2022,2,"Male","Black",40,11
2022,2,"Male","Black",45,10
2022,2,"Male","Black",50,15
2022,2,"Male","Black",55,20
2022,2,"Male","Black",60,21
2022,2,"Male","Black",65,18
2022,2,"Male","Black",70,27
2022,2,"Male","Black",75,28
2022,2,"Male","Black",80,50
2022,2,"Female","Brown",0,34
2022,2,"Female","Brown",5,3
2022,2,"Female","Brown",10,4
2022,2,"Female","Brown",15,4
2022,2,"Female","Brown",20,12
2022,2,"Female","Brown",25,14
2022,2,"Female","Brown",30,16
2022,2,"Female","Brown",35,19
2022,2,"Female","Brown",40,30
2022,2,"Female","Brown",45,34
2022,2,"Female","Brown",50,33
2022,2,"Female","Brown",55,50
2022,2,"Female","Brown",60,67
2022,2,"Female","Brown",65,81
2022,2,"Female","Brown",70,92
2022,2,"Female","Brown",75,98
2022,2,"Female","Brown",80,284
2022,2,"Male","Brown",0,51
2022,2,"Male","Brown",5,7
2022,2,"Male","Brown",10,4
2022,2,"Male","Brown",15,30
2022,2,"Male","Brown",20,36
2022,2,"Male","Brown",25,34
2022,2,"Male","Brown",30,47
2022,2,"Male","Brown",35,65
2022,2,"Male","Brown",40,62
2022,2,"Male","Brown",45,61
2022,2,"Male","Brown",50,63
2022,2,"Male","Brown",55,66
2022,2,"Male","Brown",60,79
2022,2,"Male","Brown",65,108
2022,2,"Male","Brown",70,121
2022,2,"Male","Brown",75,112
2022,2,"Male","Brown",80,295
2022,2,"Female","Indigenous",0,2
2022,2,"Female","Indigenous",20,1
2022,2,"Female","Indigenous",50,2
2022,2,"Female","Indigenous",55,1
2022,2,"Female","Indigenous",60,1
2022,2,"Female","Indigenous",75,2
2022,2,"Female","Indigenous",80,4
2022,2,"Male","Indigenous",0,3
2022,2,"Male","Indigenous",15,1
2022,2,"Male","Indigenous",20,1
2022,2,"Male","Indigenous",45,1
2022,2,"Male","Indigenous",55,1
2022,2,"Male","Indigenous",70,2
2022,2,"Male","Indigenous",75,2
2022,2,"Male","Indigenous",80,4
2022,2,"Female","White",0,14
2022,2,"Female","White",5,2
2022,2,"Female","White",10,3
2022,2,"Female","White",15,1
2022,2,"Female","White",20,2
2022,2,"Female","White",25,3
2022,2,"Female","White",30,3
2022,2,"Female","White",35,4
2022,2,"Female","White",40,8
2022,2,"Female","White",45,7
2022,2,"Female","White",50,8
2022,2,"Female","White",55,13
2022,2,"Female","White",60,12
2022,2,"Female","White",65,30
2022,2,"Female","White",70,31
2022,2,"Female","White",75,41
2022,2,"Female","White",80,153
2022,2,"Male","White",0,19
2022,2,"Male","White",5,2
2022,2,"Male","White",10,3
2022,2,"Male","White",15,5
2022,2,"Male","White",20,11
2022,2,"Male","White",25,5
2022,2,"Male","White",30,14
2022,2,"Male","White",35,14
2022,2,"Male","White",40,8
2022,2,"Male","White",45,8
2022,2,"Male","White",50,12
2022,2,"Male","White",55,11
2022,2,"Male","White",60,24
2022,2,"Male","White",65,19
2022,2,"Male","White",70,34
2022,2,"Male","White",75,41
2022,2,"Male","White",80,123
2022,3,"Female","Asian",65,1
2022,3,"Female","Asian",80,4
2022,3,"Male","Asian",45,2
2022,3,"Male","Asian",60,1
2022,3,"Male","Asian",65,2
2022,3,"Male","Asian",70,1
2022,3,"Male","Asian",80,3
2022,3,"Female","Black",0,3
2022,3,"Female","Black",5,1
2022,3,"Female","Black",15,1
2022,3,"Female","Black",20,2
2022,3,"Female","Black",30,2
2022,3,"Female","Black",35,1
2022,3,"Female","Black",40,5
2022,3,"Female","Black",45,1
2022,3,"Female","Black",50,6
2022,3,"Female","Black",55,10
2022,3,"Female","Black",60,12
2022,3,"Female","Black",65,8
2022,3,"Female","Black",70,11
2022,3,"Female","Black",75,16
2022,3,"Female","Black",80,43
2022,3,"Male","Black",0,3
2022,3,"Male","Black",10,2
2022,3,"Male","Black",15,2
2022,3,"Male","Black",20,5
2022,3,"Male","Black",25,5
2022,3,"Male","Black",30,6
2022,3,"Male","Black",35,9
2022,3,"Male","Black",40,9
2022,3,"Male","Black",45,10
2022,3,"Male","Black",50,6
2022,3,"Male","Black",55,13
2022,3,"Male","Black",60,18
2022,3,"Male","Black",65,11
2022,3,"Male","Black",70,16
2022,3,"Male","Black",75,16
2022,3,"Male","Black",80,55
2022,3,"Female","Brown",0,58
2022,3,"Female","Brown",5,3
2022,3,"Female","Brown",10,3
2022,3,"Female","Brown",15,4
2022,3,"Female","Brown",20,10
2022,3,"Female","Brown",25,14
2022,3,"Female","Brown",30,11
2022,3,"Female","Brown",35,20
2022,3,"Female","Brown",40,36
2022,3,"Female","Brown",45,28
2022,3,"Female","Brown",50,36
2022,3,"Female","Brown",55,52
2022,3,"Female","Brown",60,58
2022,3,"Female","Brown",65,72
2022,3,"Female","Brown",70,85
2022,3,"Female","Brown",75,108
2022,3,"Female","Brown",80,282
2022,3,"Male","Brown",0,52
2022,3,"Male","Brown",5,2
2022,3,"Male","Brown",10,4
2022,3,"Male","Brown",15,23
2022,3,"Male","Brown",20,51
2022,3,"Male","Brown",25,44
2022,3,"Male","Brown",30,58
2022,3,"Male","Brown",35,61
2022,3,"Male","Brown",40,74
2022,3,"Male","Brown",45,53
2022,3,"Male","Brown",50,74
2022,3,"Male","Brown",55,93
2022,3,"Male","Brown",60,92
2022,3,"Male","Brown",65,96
2022,3,"Male","Brown",70,113
2022,3,"Male","Brown",75,157
2022,3,"Male","Brown",80,290
2022,3,"Female","Indigenous",0,3
2022,3,"Female","Indigenous",40,1
2022,3,"Female","Indigenous",70,1
2022,3,"Female","Indigenous",80,5
2022,3,"Male","Indigenous",0,3
2022,3,"Male","Indigenous",25,2
2022,3,"Male","Indigenous",50,1
2022,3,"Male","Indigenous",60,1
2022,3,"Male","Indigenous",75,1
2022,3,"Male","Indigenous",80,4
2022,3,"Female","White",0,13
2022,3,"Female","White",10,3
2022,3,"Female","White",15,2
2022,3,"Female","White",20,3
2022,3,"Female","White",25,3
2022,3,"Female","White",30,1
2022,3,"Female","White",35,8
2022,3,"Female","White",40,3
2022,3,"Female","White",45,5
2022,3,"Female","White",50,11
2022,3,"Female","White",55,17
2022,3,"Female","White",60,10
2022,3,"Female","White",65,24
2022,3,"Female","White",70,25
2022,3,"Female","White",75,37
2022,3,"Female","White",80,103
2022,3,"Male","White",0,13
2022,3,"Male","White",5,3
2022,3,"Male","White",15,8
2022,3,"Male","White",20,4
2022,3,"Male","White",25,6
2022,3,"Male","White",30,4
2022,3,"Male","White",35,7
2022,3,"Male","White",40,13
2022,3,"Male","White",45,13
2022,3,"Male","White",50,11
2022,3,"Male","White",55,9
2022,3,"Male","White",60,26
2022,3,"Male","White",65,26
2022,3,"Male","White",70,17
2022,3,"Male","White",75,39
2022,3,"Male","White",80,89
2022,4,"Female","Asian",65,1
2022,4,"Female","Asian",70,1
2022,4,"Female","Asian",80,3
2022,4,"Male","Asian",20,1
2022,4,"Male","Asian",30,1
2022,4,"Male","Asian",40,1
2022,4,"Male","Asian",50,1
2022,4,"Male","Asian",60,1
2022,4,"Male","Asian",70,1
2022,4,"Female","Black",5,1
2022,4,"Female","Black",20,1
2022,4,"Female","Black",25,4
2022,4,"Female","Black",30,6
2022,4,"Female","Black",35,3
2022,4,"Female","Black",40,9
2022,4,"Female","Black",45,10
2022,4,"Female","Black",50,9
2022,4,"Female","Black",55,6
2022,4,"Female","Black",60,8
2022,4,"Female","Black",65,16
2022,4,"Female","Black",70,13
2022,4,"Female","Black",75,16
2022,4,"Female","Black",80,38
2022,4,"Male","Black",0,3
2022,4,"Male","Black",10,1
2022,4,"Male","Black",15,3
2022,4,"Male","Black",20,4
2022,4,"Male","Black",25,5
2022,4,"Male","Black",30,5
2022,4,"Male","Black",35,8
2022,4,"Male","Black",40,11
2022,4,"Male","Black",45,5
2022,4,"Male","Black",50,11
2022,4,"Male","Black",55,17
2022,4,"Male","Black",60,13
2022,4,"Male","Black",65,16
2022,4,"Male","Black",70,23
2022,4,"Male","Black",75,20
2022,4,"Male","Black",80,48
2022,4,"Female","Brown",0,47
2022,4,"Female","Brown",5,5
2022,4,"Female","Brown",10,5
2022,4,"Female","Brown",15,7
2022,4,"Female","Brown",20,11
2022,4,"Female","Brown",25,11
2022,4,"Female","Brown",30,16
2022,4,"Female","Brown",35,27
2022,4,"Female","Brown",40,26
2022,4,"Female","Brown",45,30
2022,4,"Female","Brown",50,45
2022,4,"Female","Brown",55,61
2022,4,"Female","Brown",60,61
2022,4,"Female","Brown",65,69
2022,4,"Female","Brown",70,88
2022,4,"Female","Brown",75,104
2022,4,"Female","Brown",80,252
2022,4,"Male","Brown",0,62
2022,4,"Male","Brown",5,8
2022,4,"Male","Brown",10,12
2022,4,"Male","Brown",15,35
2022,4,"Male","Brown",20,52
2022,4,"Male","Brown",25,42
2022,4,"Male","Brown",30,53
2022,4,"Male","Brown",35,59
2022,4,"Male","Brown",40,56
2022,4,"Male","Brown",45,65
2022,4,"Male","Brown",50,77
2022,4,"Male","Brown",55,82
2022,4,"Male","Brown",60,94
2022,4,"Male","Brown",65,96
2022,4,"Male","Brown",70,94
2022,4,"Male","Brown",75,117
2022,4,"Male","Brown",80,250
2022,4,"Female","Indigenous",10,1
2022,4,"Female","Indigenous",20,1
2022,4,"Female","Indigenous",30,1
2022,4,"Female","Indigenous",45,1
2022,4,"Female","Indigenous",55,1
2022,4,"Female","Indigenous",70,1
2022,4,"Female","Indigenous",80,3
2022,4,"Male","Indigenous",0,5
2022,4,"Male","Indigenous",25,2
2022,4,"Male","Indigenous",30,1
2022,4,"Male","Indigenous",35,1
2022,4,"Male","Indigenous",45,1
2022,4,"Male","Indigenous",50,1
2022,4,"Male","Indigenous",65,1
2022,4,"Male","Indigenous",75,2
2022,4,"Male","Indigenous",80,3
2022,4,"Female","White",0,15
2022,4,"Female","White",5,1
2022,4,"Female","White",10,1
2022,4,"Female","White",15,1
2022,4,"Female","White",20,2
2022,4,"Female","White",25,4
2022,4,"Female","White",30,3
2022,4,"Female","White",35,3
2022,4,"Female","White",40,11
2022,4,"Female","White",45,8
2022,4,"Female","White",50,8
2022,4,"Female","White",55,14
2022,4,"Female","White",60,9
2022,4,"Female","White",65,17
2022,4,"Female","White",70,28
2022,4,"Female","White",75,29
2022,4,"Female","White",80,116
2022,4,"Male","White",0,12
2022,4,"Male","White",5,1
2022,4,"Male","White",15,2
2022,4,"Male","White",20,9
2022,4,"Male","White",25,2
2022,4,"Male","White",30,4
2022,4,"Male","White",35,11
2022,4,"Male","White",40,10
2022,4,"Male","White",45,9
2022,4,"Male","White",50,8
2022,4,"Male","White",55,15
2022,4,"Male","White",60,16
2022,4,"Male","White",65,25
2022,4,"Male","White",70,26
2022,4,"Male","White",75,38
2022,4,"Male","White",80,101
2022,5,"Female","Asian",55,1
2022,5,"Female","Asian",70,1
2022,5,"Female","Asian",80,2
2022,5,"Male","Asian",25,1
2022,5,"Male","Asian",35,1
2022,5,"Male","Asian",50,1
2022,5,"Male","Asian",80,2
2022,5,"Female","Black",0,4
2022,5,"Female","Black",15,1
2022,5,"Female","Black",20,3
2022,5,"Female","Black",25,3
2022,5,"Female","Black",30,1
2022,5,"Female","Black",35,3
2022,5,"Female","Black",40,3
2022,5,"Female","Black",45,6
2022,5,"Female","Black",50,6
2022,5,"Female","Black",55,10
2022,5,"Female","Black",60,13
2022,5,"Female","Black",65,15
2022,5,"Female","Black",70,16
2022,5,"Female","Black",75,21
2022,5,"Female","Black",80,47
2022,5,"Male","Black",10,1
2022,5,"Male","Black",15,1
2022,5,"Male","Black",20,4
2022,5,"Male","Black",25,8
2022,5,"Male","Black",30,6
2022,5,"Male","Black",35,13
2022,5,"Male","Black",40,18
2022,5,"Male","Black",45,10
2022,5,"Male","Black",50,19
2022,5,"Male","Black",55,16
2022,5,"Male","Black",60,20
2022,5,"Male","Black",65,14
2022,5,"Male","Black",70,26
2022,5,"Male","Black",75,12
2022,5,"Male","Black",80,50
2022,5,"Female","Brown",0,45
2022,5,"Female","Brown",5,4
2022,5,"Female","Brown",10,8
2022,5,"Female","Brown",15,10
2022,5,"Female","Brown",20,15
2022,5,"Female","Brown",25,18
2022,5,"Female","Brown",30,22
2022,5,"Female","Brown",35,20
2022,5,"Female","Brown",40,29
2022,5,"Female","Brown",45,47
2022,5,"Female","Brown",50,43
2022,5,"Female","Brown",55,74
2022,5,"Female","Brown",60,63
2022,5,"Female","Brown",65,79
2022,5,"Female","Brown",70,95
2022,5,"Female","Brown",75,87
2022,5,"Female","Brown",80,275
2022,5,"Male","Brown",0,70
2022,5,"Male","Brown",5,7
2022,5,"Male","Brown",10,5
2022,5,"Male","Brown",15,29
2022,5,"Male","Brown",20,42
2022,5,"Male","Brown",25,61
2022,5,"Male","Brown",30,53
2022,5,"Male","Brown",35,67
2022,5,"Male","Brown",40,59
2022,5,"Male","Brown",45,71
2022,5,"Male","Brown",50,74
2022,5,"Male","Brown",55,97
2022,5,"Male","Brown",60,84
2022,5,"Male","Brown",65,100
2022,5,"Male","Brown",70,110
2022,5,"Male","Brown",75,131
2022,5,"Male","Brown",80,288
2022,5,"Female","Indigenous",0,1
2022,5,"Female","Indigenous",40,3
2022,5,"Female","Indigenous",45,1
2022,5,"Female","Indigenous",60,1
2022,5,"Female","Indigenous",80,1
2022,5,"Male","Indigenous",0,4
2022,5,"Male","Indigenous",30,1
2022,5,"Male","Indigenous",40,1
2022,5,"Male","Indigenous",50,1
2022,5,"Male","Indigenous",70,2
2022,5,"Male","Indigenous",80,2
2022,5,"Female","White",0,12
2022,5,"Female","White",5,2
2022,5,"Female","White",15,4
2022,5,"Female","White",20,4
2022,5,"Female","White",25,3
2022,5,"Female","White",30,2
2022,5,"Female","White",35,5
2022,5,"Female","White",40,7
2022,5,"Female","White",45,9
2022,5,"Female","White",50,14
2022,5,"Female","White",55,24
2022,5,"Female","White",60,21
2022,5,"Female","White",65,25
2022,5,"Female","White",70,35
2022,5,"Female","White",75,37
2022,5,"Female","White",80,129
2022,5,"Male","White",0,22
2022,5,"Male","White",10,1
2022,5,"Male","White",15,4
2022,5,"Male","White",20,6
2022,5,"Male","White",25,3
2022,5,"Male","White",30,6
2022,5,"Male","White",35,9
2022,5,"Male","White",40,8
2022,5,"Male","White",45,10
2022,5,"Male","White",50,6
2022,5,"Male","White",55,9
2022,5,"Male","White",60,24
2022,5,"Male","White",65,30
2022,5,"Male","White",70,36
2022,5,"Male","White",75,34
2022,5,"Male","White",80,112
2022,6,"Female","Asian",45,1
2022,6,"Female","Asian",75,1
2022,6,"Female","Asian",80,2
2022,6,"Male","Asian",20,1
2022,6,"Male","Asian",25,1
2022,6,"Male","Asian",65,1
2022,6,"Male","Asian",75,1
2022,6,"Male","Asian",80,3
2022,6,"Female","Black",0,2
2022,6,"Female","Black",10,1
2022,6,"Female","Black",15,1
2022,6,"Female","Black",20,2
2022,6,"Female","Black",25,1
2022,6,"Female","Black",30,6
2022,6,"Female","Black",35,1
2022,6,"Female","Black",40,2
2022,6,"Female","Black",45,8
2022,6,"Female","Black",50,6
2022,6,"Female","Black",55,9
2022,6,"Female","Black",60,10
2022,6,"Female","Black",65,10
2022,6,"Female","Black",70,15
2022,6,"Female","Black",75,12
2022,6,"Female","Black",80,39
2022,6,"Male","Black",0,3
2022,6,"Male","Black",10,1
2022,6,"Male","Black",15,1
2022,6,"Male","Black",25,2
2022,6,"Male","Black",30,13
2022,6,"Male","Black",35,11
2022,6,"Male","Black",40,9
2022,6,"Male","Black",45,13
2022,6,"Male","Black",50,10
2022,6,"Male","Black",55,15
2022,6,"Male","Black",60,23
2022,6,"Male","Black",65,23
2022,6,"Male","Black",70,14
2022,6,"Male","Black",75,10
2022,6,"Male","Black",80,44
2022,6,"Female","Brown",0,52
2022,6,"Female","Brown",5,5
2022,6,"Female","Brown",10,6
2022,6,"Female","Brown",15,9
2022,6,"Female","Brown",20,13
2022,6,"Female","Brown",25,18
2022,6,"Female","Brown",30,15
2022,6,"Female","Brown",35,21
2022,6,"Female","Brown",40,32
2022,6,"Female","Brown",45,43
2022,6,"Female","Brown",50,35
2022,6,"Female","Brown",55,47
2022,6,"Female","Brown",60,59
2022,6,"Female","Brown",65,82
2022,6,"Female","Brown",70,91
2022,6,"Female","Brown",75,94
2022,6,"Female","Brown",80,289
2022,6,"Male","Brown",0,52
2022,6,"Male","Brown",5,9
2022,6,"Male","Brown",10,3
2022,6,"Male","Brown",15,33
2022,6,"Male","Brown",20,42
2022,6,"Male","Brown",25,56
2022,6,"Male","Brown",30,65
2022,6,"Male","Brown",35,53
2022,6,"Male","Brown",40,63
2022,6,"Male","Brown",45,67
2022,6,"Male","Brown",50,67
2022,6,"Male","Brown",55,82
2022,6,"Male","Brown",60,89
2022,6,"Male","Brown",65,116
2022,6,"Male","Brown",70,123
2022,6,"Male","Brown",75,118
2022,6,"Male","Brown",80,260
2022,6,"Female","Indigenous",0,1
2022,6,"Female","Indigenous",25,1
2022,6,"Female","Indigenous",75,1
2022,6,"Female","Indigenous",80,2
2022,6,"Male","Indigenous",0,3
2022,6,"Male","Indigenous",15,1
2022,6,"Male","Indigenous",30,1
2022,6,"Male","Indigenous",50,2
2022,6,"Male","Indigenous",65,2
2022,6,"Male","Indigenous",70,1
2022,6,"Male","Indigenous",80,1
2022,6,"Female","White",0,13
2022,6,"Female","White",15,2
2022,6,"Female","White",20,1
2022,6,"Female","White",35,3
2022,6,"Female","White",40,10
2022,6,"Female","White",45,3
2022,6,"Female","White",50,6
2022,6,"Female","White",55,9
2022,6,"Female","White",60,15
2022,6,"Female","White",65,25
2022,6,"Female","White",70,29
2022,6,"Female","White",75,44
2022,6,"Female","White",80,111
2022,6,"Male","White",0,14
2022,6,"Male","White",5,2
2022,6,"Male","White",10,3
2022,6,"Male","White",15,4
2022,6,"Male","White",20,2
2022,6,"Male","White",25,5
2022,6,"Male","White",30,8
2022,6,"Male","White",35,6
2022,6,"Male","White",40,6
2022,6,"Male","White",45,13
2022,6,"Male","White",50,13
2022,6,"Male","White",55,11
2022,6,"Male","White",60,22
2022,6,"Male","White",65,34
2022,6,"Male","White",70,29
2022,6,"Male","White",75,27
2022,6,"Male","White",80,91
2022,7,"Female","Asian",15,1
2022,7,"Female","Asian",45,1
2022,7,"Female","Asian",65,2
2022,7,"Female","Asian",80,1
2022,7,"Male","Asian",20,1
2022,7,"Female","Black",0,1
2022,7,"Female","Black",10,1
2022,7,"Female","Black",20,2
2022,7,"Female","Black",25,2
2022,7,"Female","Black",30,3
2022,7,"Female","Black",35,9
2022,7,"Female","Black",40,7
2022,7,"Female","Black",45,4
2022,7,"Female","Black",50,4
2022,7,"Female","Black",55,5
2022,7,"Female","Black",60,15
2022,7,"Female","Black",65,9
2022,7,"Female","Black",70,14
2022,7,"Female","Black",75,19
2022,7,"Female","Black",80,65
2022,7,"Male","Black",0,2
2022,7,"Male","Black",5,1
2022,7,"Male","Black",15,2
2022,7,"Male","Black",20,8
2022,7,"Male","Black",25,5
2022,7,"Male","Black",30,10
2022,7,"Male","Black",35,15
2022,7,"Male","Black",40,10
2022,7,"Male","Black",45,11
2022,7,"Male","Black",50,11
2022,7,"Male","Black",55,12
2022,7,"Male","Black",60,17
2022,7,"Male","Black",65,23
2022,7,"Male","Black",70,19
2022,7,"Male","Black",75,23
2022,7,"Male","Black",80,39
2022,7,"Female","Brown",0,52
2022,7,"Female","Brown",5,5
2022,7,"Female","Brown",10,4
2022,7,"Female","Brown",15,7
2022,7,"Female","Brown",20,10
2022,7,"Female","Brown",25,13
2022,7,"Female","Brown",30,19
2022,7,"Female","Brown",35,30
2022,7,"Female","Brown",40,38
2022,7,"Female","Brown",45,32
2022,7,"Female","Brown",50,41
2022,7,"Female","Brown",55,47
2022,7,"Female","Brown",60,58
2022,7,"Female","Brown",65,96
2022,7,"Female","Brown",70,93
2022,7,"Female","Brown",75,105
2022,7,"Female","Brown",80,285
2022,7,"Male","Brown",0,39
2022,7,"Male","Brown",5,6
2022,7,"Male","Brown",10,10
2022,7,"Male","Brown",15,37
2022,7,"Male","Brown",20,50
2022,7,"Male","Brown",25,44
2022,7,"Male","Brown",30,55
2022,7,"Male","Brown",35,60
2022,7,"Male","Brown",40,67
2022,7,"Male","Brown",45,47
2022,7,"Male","Brown",50,73
2022,7,"Male","Brown",55,99
2022,7,"Male","Brown",60,122
2022,7,"Male","Brown",65,104
2022,7,"Male","Brown",70,131
2022,7,"Male","Brown",75,123
2022,7,"Male","Brown",80,305
2022,7,"Female","Indigenous",0,1
2022,7,"Female","Indigenous",10,1
2022,7,"Female","Indigenous",35,2
2022,7,"Female","Indigenous",80,2
2022,7,"Male","Indigenous",0,3
2022,7,"Male","Indigenous",10,1
2022,7,"Male","Indigenous",40,1
2022,7,"Male","Indigenous",45,2
2022,7,"Male","Indigenous",55,1
2022,7,"Male","Indigenous",60,1
2022,7,"Male","Indigenous",70,1
2022,7,"Male","Indigenous",75,3
2022,7,"Male","Indigenous",80,1
2022,7,"Female","White",0,9
2022,7,"Female","White",10,3
2022,7,"Female","White",15,3
2022,7,"Female","White",20,3
2022,7,"Female","White",30,1
2022,7,"Female","White",35,3
2022,7,"Female","White",40,7
2022,7,"Female","White",45,5
2022,7,"Female","White",50,8
2022,7,"Female","White",55,16
2022,7,"Female","White",60,17
2022,7,"Female","White",65,26
2022,7,"Female","White",70,33
2022,7,"Female","White",75,35
2022,7,"Female","White",80,138
2022,7,"Male","White",0,8
2022,7,"Male","White",5,2
2022,7,"Male","White",15,6
2022,7,"Male","White",20,9
2022,7,"Male","White",25,5
2022,7,"Male","White",30,9
2022,7,"Male","White",35,18
2022,7,"Male","White",40,9
2022,7,"Male","White",45,10
2022,7,"Male","White",50,12
2022,7,"Male","White",55,18
2022,7,"Male","White",60,23
2022,7,"Male","White",65,26
2022,7,"Male","White",70,39
2022,7,"Male","White",75,37
2022,7,"Male","White",80,85
